model,feature_set,params,mean_pr_auc,std_pr_auc,mean_precision,std_precision,mean_recall,std_recall,mean_f1,std_f1,mean_balanced_accuracy,std_balanced_accuracy,mean_roc_auc,std_roc_auc,mean_brier,std_brier,mean_log_loss,std_log_loss
xgboost,extended_geographic,"{""model__colsample_bytree"": 0.8, ""model__learning_rate"": 0.03, ""model__max_depth"": 3, ""model__min_child_weight"": 1, ""model__n_estimators"": 600, ""model__reg_lambda"": 1.0, ""model__subsample"": 0.8, ""sample_weight_mode"": ""none""}",0.545490367239461,0.0313099700792739,0.5915611922774702,0.03994028146001894,0.32536819680048845,0.08291833088360379,0.41474495164876035,0.07512812222240388,0.6091231227084973,0.02839493599808518,0.7207692061996076,0.016456478905034117,0.1910001686415665,0.011035325223607447,0.5636770992059079,0.026508989546523448
xgboost,extended_geographic,"{""model__colsample_bytree"": 1.0, ""model__learning_rate"": 0.03, ""model__max_depth"": 3, ""model__min_child_weight"": 5, ""model__n_estimators"": 600, ""model__reg_lambda"": 1.0, ""model__subsample"": 0.8, ""sample_weight_mode"": ""balanced""}",0.5453192856667539,0.03150366369266993,0.4969147566750074,0.03654367771816187,0.6186215461601361,0.03823972307547669,0.5496724261941701,0.01980745591021022,0.6589244884741875,0.01997420040562718,0.7179578335506918,0.016087791837314982,0.20962380655394597,0.006608590352994742,0.6069590776944578,0.014810569959949888
xgboost,extended_geographic,"{""model__colsample_bytree"": 1.0, ""model__learning_rate"": 0.03, ""model__max_depth"": 3, ""model__min_child_weight"": 1, ""model__n_estimators"": 600, ""model__reg_lambda"": 1.0, ""model__subsample"": 0.8, ""sample_weight_mode"": ""none""}",0.5448377704234798,0.02984624514004018,0.5943124381523607,0.03774137170692611,0.3294407828852022,0.0808060355541541,0.41893870100348873,0.0702446487273681,0.6109541557017029,0.02775366166770612,0.7199186115850713,0.01667225310427618,0.19118550229498252,0.011074562836573553,0.564231656474383,0.026809587418161057
xgboost,extended_geographic,"{""model__colsample_bytree"": 1.0, ""model__learning_rate"": 0.03, ""model__max_depth"": 3, ""model__min_child_weight"": 5, ""model__n_estimators"": 600, ""model__reg_lambda"": 1.0, ""model__subsample"": 0.8, ""sample_weight_mode"": ""none""}",0.5446494116450562,0.029561453741757695,0.5831973145908784,0.053163226838478295,0.32947431383206693,0.08683963398489512,0.41550811041278424,0.07754500491201076,0.6086689560139951,0.029390411904564408,0.7177834972647945,0.017594640460604258,0.19166248459130109,0.011180097226724478,0.5655300462352401,0.0267458168631942
xgboost,extended_geographic,"{""model__colsample_bytree"": 0.8, ""model__learning_rate"": 0.03, ""model__max_depth"": 3, ""model__min_child_weight"": 5, ""model__n_estimators"": 600, ""model__reg_lambda"": 1.0, ""model__subsample"": 0.8, ""sample_weight_mode"": ""none""}",0.5445819590018177,0.029415265617770078,0.5807106171868558,0.04706285458025069,0.32429131498877617,0.08204998359819764,0.41105106188306023,0.07375046077842733,0.6062803945825743,0.027319878321056475,0.7182215362147765,0.018319145342430686,0.19153471424690327,0.011340250959127898,0.5651278593529071,0.027159107641310676
xgboost,extended_geographic,"{""model__colsample_bytree"": 0.8, ""model__learning_rate"": 0.08, ""model__max_depth"": 3, ""model__min_child_weight"": 1, ""model__n_estimators"": 300, ""model__reg_lambda"": 1.0, ""model__subsample"": 0.8, ""sample_weight_mode"": ""none""}",0.5443092831162231,0.02768062492348078,0.5840445407562391,0.04925583231946678,0.34648018835368444,0.07845574657455413,0.43057686635709375,0.06610850567127131,0.614331279231925,0.027452707953207423,0.7184985818301858,0.016699115865130156,0.19154967530454417,0.011631743672441595,0.5652484985934778,0.02827183397694191
xgboost,extended_geographic,"{""model__colsample_bytree"": 1.0, ""model__learning_rate"": 0.03, ""model__max_depth"": 3, ""model__min_child_weight"": 1, ""model__n_estimators"": 600, ""model__reg_lambda"": 5.0, ""model__subsample"": 0.8, ""sample_weight_mode"": ""balanced""}",0.5438178810407708,0.035519907973422714,0.49685027344149013,0.03683294450649275,0.6209100928292229,0.03512539453973212,0.550504661415547,0.017107134522806627,0.6594906986245839,0.01382271296014947,0.7183499287064941,0.01401825516740481,0.20954208580954264,0.0058552330335459426,0.6068092704078735,0.01317947660812464
xgboost,extended_geographic,"{""model__colsample_bytree"": 1.0, ""model__learning_rate"": 0.03, ""model__max_depth"": 3, ""model__min_child_weight"": 1, ""model__n_estimators"": 600, ""model__reg_lambda"": 1.0, ""model__subsample"": 0.8, ""sample_weight_mode"": ""balanced""}",0.5437628699551078,0.033334156290091656,0.4964047471662358,0.03558737805697846,0.6121002448869753,0.03766164102101316,0.5467974102558858,0.01880267149148816,0.6569093900064352,0.01759217790825458,0.718680061751839,0.014909039681599252,0.20920647998353478,0.006066692067062032,0.6061059448000121,0.013685895755426038
xgboost,extended_geographic,"{""model__colsample_bytree"": 0.8, ""model__learning_rate"": 0.03, ""model__max_depth"": 3, ""model__min_child_weight"": 5, ""model__n_estimators"": 600, ""model__reg_lambda"": 5.0, ""model__subsample"": 0.8, ""sample_weight_mode"": ""none""}",0.5437569698066205,0.03239918695087765,0.5889102879525254,0.03263204040954508,0.3232057453465801,0.08364996077301107,0.4115632076026854,0.07314084746722221,0.6073649389170946,0.026967047982731362,0.7189868318391976,0.016528116794109367,0.19137309797369617,0.010794574433442972,0.5647452693608219,0.02562431416396044
xgboost,extended_geographic,"{""model__colsample_bytree"": 0.8, ""model__learning_rate"": 0.08, ""model__max_depth"": 3, ""model__min_child_weight"": 1, ""model__n_estimators"": 600, ""model__reg_lambda"": 1.0, ""model__subsample"": 0.8, ""sample_weight_mode"": ""none""}",0.543752740532198,0.02512967927737882,0.5785008454262698,0.04128927620740882,0.3640623501710308,0.07243576577734552,0.44262799084027404,0.05456421591873094,0.6181385660895272,0.02279213607726672,0.7149495616826709,0.01977897730660115,0.19290290762871623,0.012591914184555216,0.5698234049759494,0.03178377071341993
xgboost,extended_geographic,"{""model__colsample_bytree"": 1.0, ""model__learning_rate"": 0.03, ""model__max_depth"": 3, ""model__min_child_weight"": 1, ""model__n_estimators"": 600, ""model__reg_lambda"": 5.0, ""model__subsample"": 0.8, ""sample_weight_mode"": ""none""}",0.5436075382154759,0.034194971284062035,0.5812098785259499,0.06007293212305023,0.3290539641620782,0.0845951297496765,0.4154076412818851,0.07687364755823428,0.6083731860287098,0.030665377433059,0.7192779975743099,0.014843897719557976,0.19126908231414658,0.010600331136279758,0.5644652331373929,0.02536649823194427
xgboost,extended_geographic,"{""model__colsample_bytree"": 0.8, ""model__learning_rate"": 0.08, ""model__max_depth"": 3, ""model__min_child_weight"": 1, ""model__n_estimators"": 300, ""model__reg_lambda"": 5.0, ""model__subsample"": 0.8, ""sample_weight_mode"": ""none""}",0.5434116202194604,0.03225387228563748,0.5846787963357942,0.045076386760642385,0.33981392975907565,0.08192750049287195,0.4250564575449955,0.07171229503470881,0.6123200483941224,0.027722635934779118,0.7186561774619994,0.016368186535979,0.19156959335033327,0.011415802137108159,0.5650585368243427,0.02769191050013777
xgboost,extended_geographic,"{""model__colsample_bytree"": 0.8, ""model__learning_rate"": 0.03, ""model__max_depth"": 3, ""model__min_child_weight"": 1, ""model__n_estimators"": 600, ""model__reg_lambda"": 5.0, ""model__subsample"": 0.8, ""sample_weight_mode"": ""none""}",0.5434058273529794,0.03329820824851333,0.5947284651820735,0.03869696971784491,0.3275210482682391,0.08299306386587438,0.41667225903231236,0.0712990217666395,0.6100745819316511,0.027354040651567716,0.7195300073193112,0.015499099435988753,0.19125019243978988,0.01080435552896488,0.5643816310861889,0.02582629287620525
xgboost,extended_geographic,"{""model__colsample_bytree"": 1.0, ""model__learning_rate"": 0.08, ""model__max_depth"": 3, ""model__min_child_weight"": 5, ""model__n_estimators"": 300, ""model__reg_lambda"": 5.0, ""model__subsample"": 0.8, ""sample_weight_mode"": ""none""}",0.5433797845410073,0.03081975473372894,0.5816660637913976,0.04922003943783913,0.33844659904182745,0.07137839725231877,0.4238101328265387,0.06072026483276878,0.6108059616483523,0.023388718816241143,0.7183311135654104,0.01837915299961536,0.19170493447550607,0.011587286226070142,0.5652473227922606,0.028095943165977275
xgboost,extended_geographic,"{""model__colsample_bytree"": 1.0, ""model__learning_rate"": 0.03, ""model__max_depth"": 3, ""model__min_child_weight"": 5, ""model__n_estimators"": 600, ""model__reg_lambda"": 5.0, ""model__subsample"": 0.8, ""sample_weight_mode"": ""none""}",0.5433101794907356,0.03295665875410901,0.5733818887852257,0.06253520581108327,0.3257196743917527,0.08519093024378757,0.41047977723964973,0.0774282015736049,0.6054605676152424,0.030281449994365883,0.7179377259510515,0.016283803829419595,0.1916540147546079,0.010756093411300956,0.5654541849135359,0.025592360759630527
xgboost,extended_geographic,"{""model__colsample_bytree"": 0.8, ""model__learning_rate"": 0.03, ""model__max_depth"": 3, ""model__min_child_weight"": 1, ""model__n_estimators"": 600, ""model__reg_lambda"": 1.0, ""model__subsample"": 0.8, ""sample_weight_mode"": ""balanced""}",0.5429840851065804,0.032802827050693796,0.49787470105751863,0.037757537325394476,0.6165300207117062,0.04017977301195411,0.5495194314586499,0.023066707185752208,0.658995054916136,0.018599798737063303,0.7195494473759418,0.015007610748277205,0.20901958591230702,0.005924404391864652,0.6057525015290303,0.013444639113330405
xgboost,extended_geographic,"{""model__colsample_bytree"": 0.8, ""model__learning_rate"": 0.08, ""model__max_depth"": 3, ""model__min_child_weight"": 1, ""model__n_estimators"": 600, ""model__reg_lambda"": 5.0, ""model__subsample"": 0.8, ""sample_weight_mode"": ""none""}",0.542875371321922,0.02836777611285007,0.5818154405880446,0.031544737567343294,0.36556885767513336,0.0735643130941558,0.44515778200016687,0.056328525851633324,0.6196937292264294,0.025179340441418507,0.7155918326238166,0.019687633985523038,0.19284062356460344,0.01234859221937948,0.5688055112008371,0.03097182361142252
xgboost,extended_geographic,"{""model__colsample_bytree"": 1.0, ""model__learning_rate"": 0.08, ""model__max_depth"": 3, ""model__min_child_weight"": 5, ""model__n_estimators"": 300, ""model__reg_lambda"": 1.0, ""model__subsample"": 0.8, ""sample_weight_mode"": ""none""}",0.5427828943480484,0.03007440921947852,0.5764273135654541,0.04721549677532427,0.3403496788336909,0.07586197499840981,0.4232385151555139,0.06337736128225523,0.6100665595358576,0.023660481125893574,0.7161910498585782,0.019005835108435367,0.19217698626143723,0.012105281267069008,0.5666759846369512,0.029318263165425407
xgboost,airport_aware,"{""model__colsample_bytree"": 1.0, ""model__learning_rate"": 0.03, ""model__max_depth"": 3, ""model__min_child_weight"": 1, ""model__n_estimators"": 600, ""model__reg_lambda"": 5.0, ""model__subsample"": 0.8, ""sample_weight_mode"": ""none""}",0.5425814663284954,0.035038729396461396,0.5835216908344663,0.07052920350965543,0.3242464590633972,0.08581629479846511,0.41244785702740366,0.08218221510486015,0.60775097342681,0.03312517685223605,0.718204846297759,0.015694829495150164,0.19152472111281613,0.010535625684305917,0.5649491335283541,0.02504688739016134
xgboost,airport_aware,"{""model__colsample_bytree"": 1.0, ""model__learning_rate"": 0.03, ""model__max_depth"": 3, ""model__min_child_weight"": 1, ""model__n_estimators"": 600, ""model__reg_lambda"": 1.0, ""model__subsample"": 0.8, ""sample_weight_mode"": ""none""}",0.5424700057794704,0.03355569574773762,0.5889437744300516,0.05631336949073722,0.32196316782197565,0.08878165057136057,0.4109553514406471,0.081743792870839,0.6078909566397035,0.03229783201039321,0.7184705322808135,0.018163873815830463,0.1916213297210303,0.01128681013203958,0.5650303111183447,0.027094065251883626
xgboost,extended_geographic,"{""model__colsample_bytree"": 1.0, ""model__learning_rate"": 0.08, ""model__max_depth"": 3, ""model__min_child_weight"": 5, ""model__n_estimators"": 300, ""model__reg_lambda"": 5.0, ""model__subsample"": 0.8, ""sample_weight_mode"": ""balanced""}",0.5424230951425684,0.03064099961607484,0.5004383969417615,0.0341391215455448,0.6191916816168855,0.035860791355303304,0.5523396715145288,0.019932755752672,0.661039184900442,0.018659754822217878,0.7177396665820751,0.01677189515637683,0.2094061179237044,0.0073543603163351,0.6066260743894181,0.016819992246488176
xgboost,airport_aware,"{""model__colsample_bytree"": 0.8, ""model__learning_rate"": 0.03, ""model__max_depth"": 3, ""model__min_child_weight"": 1, ""model__n_estimators"": 600, ""model__reg_lambda"": 1.0, ""model__subsample"": 0.8, ""sample_weight_mode"": ""none""}",0.5423514146395938,0.03285310418164293,0.5724488387039034,0.07899654096596857,0.3172007621663693,0.0929911921953551,0.4035522450165572,0.09225566418564565,0.6035077556040805,0.03681932489724839,0.7184482310566523,0.01679693246340597,0.19161504763217513,0.010857509332521944,0.5650214003576031,0.02582972759753409
xgboost,extended_geographic,"{""model__colsample_bytree"": 0.8, ""model__learning_rate"": 0.03, ""model__max_depth"": 3, ""model__min_child_weight"": 1, ""model__n_estimators"": 600, ""model__reg_lambda"": 5.0, ""model__subsample"": 0.8, ""sample_weight_mode"": ""balanced""}",0.5421920067041612,0.035016427553930356,0.5015048092729627,0.037501665926127366,0.6236534073707657,0.03868930398340314,0.5545793769265208,0.022403160590375955,0.6631104435856635,0.01903576109931433,0.7186037782892756,0.013500163579501156,0.20949603310516512,0.00563953915761546,0.6067749193044844,0.012811281514313733
xgboost,extended_geographic,"{""model__colsample_bytree"": 0.8, ""model__learning_rate"": 0.08, ""model__max_depth"": 3, ""model__min_child_weight"": 5, ""model__n_estimators"": 300, ""model__reg_lambda"": 5.0, ""model__subsample"": 0.8, ""sample_weight_mode"": ""none""}",0.5421391334329885,0.030504412616919743,0.582624522531072,0.04649207048773233,0.3423604821179539,0.07493325913415115,0.4265003728625919,0.06126439807735179,0.6121016542570417,0.023139547418104495,0.7182160573172116,0.01926802996981413,0.1917343821357193,0.011836957405857686,0.5654630922565073,0.028619692429987516
xgboost,airport_aware,"{""model__colsample_bytree"": 1.0, ""model__learning_rate"": 0.08, ""model__max_depth"": 3, ""model__min_child_weight"": 5, ""model__n_estimators"": 300, ""model__reg_lambda"": 5.0, ""model__subsample"": 0.8, ""sample_weight_mode"": ""none""}",0.5420788958576253,0.03522491293550234,0.571246969952562,0.06334741514194073,0.3311551481591407,0.08627959842505997,0.4151226595192535,0.08119319871667362,0.6072237948207814,0.033238622792317124,0.7166743812065135,0.019604698293149685,0.1919750551445417,0.011608400233026221,0.5659489288584185,0.027708084346351556
xgboost,extended_geographic,"{""model__colsample_bytree"": 0.8, ""model__learning_rate"": 0.03, ""model__max_depth"": 3, ""model__min_child_weight"": 5, ""model__n_estimators"": 600, ""model__reg_lambda"": 1.0, ""model__subsample"": 0.8, ""sample_weight_mode"": ""balanced""}",0.5420499057257084,0.031225554532750846,0.5009136007961363,0.03944819636996087,0.622802635135592,0.0450341037362934,0.5537130784545281,0.026001809346221556,0.6625519616750813,0.023784103155079176,0.7176248120353532,0.016381668648164024,0.20982187470026892,0.006827541105569731,0.6075857812234303,0.015289785725783024
xgboost,extended_geographic,"{""model__colsample_bytree"": 1.0, ""model__learning_rate"": 0.03, ""model__max_depth"": 3, ""model__min_child_weight"": 1, ""model__n_estimators"": 300, ""model__reg_lambda"": 1.0, ""model__subsample"": 0.8, ""sample_weight_mode"": ""none""}",0.5420326394965131,0.03325153841332295,0.5942930613488555,0.05050029769955329,0.2940560476963706,0.07935908875179352,0.38836706251434905,0.07655913084800824,0.5993413323178187,0.0280752676556469,0.7183070522491098,0.013815562386222262,0.1918847653530066,0.010118014702455946,0.5664652859587004,0.02362157282624256
xgboost,extended_geographic,"{""model__colsample_bytree"": 1.0, ""model__learning_rate"": 0.03, ""model__max_depth"": 3, ""model__min_child_weight"": 5, ""model__n_estimators"": 600, ""model__reg_lambda"": 5.0, ""model__subsample"": 0.8, ""sample_weight_mode"": ""balanced""}",0.5420162868003241,0.03427572722222476,0.49709692412612433,0.03965209412584231,0.6213702013219826,0.03459394882852437,0.550876007525868,0.021606705783312807,0.6597141603021196,0.016997265955886517,0.7176678892476785,0.014330356041998775,0.20985467573409383,0.006034828166416865,0.6076644213574224,0.013513023268355543
xgboost,extended_geographic,"{""model__colsample_bytree"": 0.8, ""model__learning_rate"": 0.08, ""model__max_depth"": 3, ""model__min_child_weight"": 1, ""model__n_estimators"": 600, ""model__reg_lambda"": 1.0, ""model__subsample"": 0.8, ""sample_weight_mode"": ""balanced""}",0.5419361060385686,0.0246831174578982,0.4979674689438167,0.036319230908999016,0.6051247611408541,0.041335474452109035,0.5446954415746071,0.018035004302027605,0.6559937421152033,0.01615683695004785,0.7138260439501677,0.02089160863824142,0.20925146333848915,0.008493593258691702,0.6066947028010116,0.02073859909336659
xgboost,extended_geographic,"{""model__colsample_bytree"": 1.0, ""model__learning_rate"": 0.03, ""model__max_depth"": 3, ""model__min_child_weight"": 5, ""model__n_estimators"": 300, ""model__reg_lambda"": 1.0, ""model__subsample"": 0.8, ""sample_weight_mode"": ""balanced""}",0.5417904766737098,0.03525057882558231,0.5052885133234577,0.04330843714971351,0.6168010429340285,0.035630997009938624,0.5537975947405046,0.02235268531835675,0.6631051595048534,0.020034671859038403,0.7179935114258131,0.013610850488163443,0.2107913409231117,0.0052848515270512075,0.6104229765237941,0.011428711484632993
xgboost,extended_geographic,"{""model__colsample_bytree"": 0.8, ""model__learning_rate"": 0.03, ""model__max_depth"": 6, ""model__min_child_weight"": 1, ""model__n_estimators"": 300, ""model__reg_lambda"": 5.0, ""model__subsample"": 0.8, ""sample_weight_mode"": ""none""}",0.5417704267253606,0.03477664387895291,0.5835576004077876,0.05118002731715803,0.3554922433839977,0.07625330160683269,0.43806031796482914,0.06496528808083259,0.6173231816286945,0.027145437273332212,0.7184829708309437,0.016613573573024388,0.19155733482552278,0.010914481624692506,0.5648806218993805,0.026458690961100075
xgboost,extended_geographic,"{""model__colsample_bytree"": 0.8, ""model__learning_rate"": 0.03, ""model__max_depth"": 3, ""model__min_child_weight"": 5, ""model__n_estimators"": 600, ""model__reg_lambda"": 5.0, ""model__subsample"": 0.8, ""sample_weight_mode"": ""balanced""}",0.5417382002756516,0.03354810351826706,0.499994156030492,0.04039210512488223,0.6221054066717606,0.03749871926798283,0.5530121309394768,0.02462067779204364,0.6616363535024199,0.020565804654560167,0.7183008269867326,0.01526059646511974,0.20969837349067605,0.006154879933575284,0.6073733500099904,0.013762263270252437
xgboost,extended_geographic,"{""model__colsample_bytree"": 1.0, ""model__learning_rate"": 0.08, ""model__max_depth"": 3, ""model__min_child_weight"": 5, ""model__n_estimators"": 300, ""model__reg_lambda"": 1.0, ""model__subsample"": 0.8, ""sample_weight_mode"": ""balanced""}",0.5417284130739428,0.03024555324581574,0.4955506253345954,0.04038392103067782,0.6098869374051177,0.03789306312508229,0.5454277256861855,0.025337308187293857,0.6558534134146168,0.01926609893072166,0.717115092712355,0.017258629310119997,0.20940467427610604,0.0073614489325111625,0.6065208163931455,0.01701445960812522
xgboost,extended_geographic,"{""model__colsample_bytree"": 1.0, ""model__learning_rate"": 0.03, ""model__max_depth"": 3, ""model__min_child_weight"": 5, ""model__n_estimators"": 300, ""model__reg_lambda"": 1.0, ""model__subsample"": 0.8, ""sample_weight_mode"": ""none""}",0.5413731888416843,0.033268842156313684,0.5898032387281551,0.05191961421716587,0.2901179618936709,0.07278361152268645,0.38384182584110776,0.06871952197228194,0.5965459568191702,0.023712347491346746,0.7172278636596683,0.014946867725417782,0.19202864326521546,0.01020543355664613,0.5669223938159991,0.023701234269958828
xgboost,airport_aware,"{""model__colsample_bytree"": 0.8, ""model__learning_rate"": 0.03, ""model__max_depth"": 3, ""model__min_child_weight"": 1, ""model__n_estimators"": 600, ""model__reg_lambda"": 5.0, ""model__subsample"": 0.8, ""sample_weight_mode"": ""none""}",0.5412991275071619,0.03500211994808655,0.5795658824433451,0.06306886484145248,0.32034699215445844,0.0868554246564378,0.40784211998309916,0.08150736831583007,0.6054186770538811,0.03276023861846357,0.7178504544842695,0.016010896526014347,0.19164218142934264,0.010721777054011507,0.5652580352874359,0.025285878518917913
xgboost,airport_aware,"{""model__colsample_bytree"": 0.8, ""model__learning_rate"": 0.03, ""model__max_depth"": 3, ""model__min_child_weight"": 5, ""model__n_estimators"": 600, ""model__reg_lambda"": 1.0, ""model__subsample"": 0.8, ""sample_weight_mode"": ""none""}",0.541259545272215,0.03423595710844663,0.5640869994438866,0.07158632968451686,0.3140426096280732,0.09389512222980671,0.39843383928960263,0.09243664553951918,0.6004567234529223,0.03550774310367087,0.7158642070053286,0.01745884158603835,0.19206113402821992,0.010956555498997779,0.566264512439699,0.025864915569655096
xgboost,extended_geographic,"{""model__colsample_bytree"": 1.0, ""model__learning_rate"": 0.08, ""model__max_depth"": 3, ""model__min_child_weight"": 1, ""model__n_estimators"": 300, ""model__reg_lambda"": 5.0, ""model__subsample"": 0.8, ""sample_weight_mode"": ""none""}",0.5412203568572375,0.03400131731976668,0.5877687469235336,0.04905880327897272,0.33887264695827923,0.07331828188860548,0.42568722169393414,0.06256521708335282,0.6124744267896276,0.024348225111666236,0.7171958093645252,0.015604425779227143,0.19182277632653344,0.01092815240572057,0.5656906944156791,0.02642926275914028
xgboost,extended_geographic,"{""model__colsample_bytree"": 0.8, ""model__learning_rate"": 0.03, ""model__max_depth"": 3, ""model__min_child_weight"": 1, ""model__n_estimators"": 300, ""model__reg_lambda"": 1.0, ""model__subsample"": 0.8, ""sample_weight_mode"": ""none""}",0.5412169637466784,0.033471673355616426,0.5918785032700388,0.05167792508598814,0.28948104753090353,0.08006709870807645,0.3839978874065236,0.0791522405794231,0.5975437476063515,0.029531244069416186,0.7194249248081909,0.014445130158368284,0.19177136978159032,0.010209451018112907,0.566153343945075,0.023711958005897996
xgboost,extended_geographic,"{""model__colsample_bytree"": 0.8, ""model__learning_rate"": 0.08, ""model__max_depth"": 3, ""model__min_child_weight"": 5, ""model__n_estimators"": 300, ""model__reg_lambda"": 1.0, ""model__subsample"": 1.0, ""sample_weight_mode"": ""none""}",0.5412146768756374,0.03291320860529029,0.5777676937411043,0.057140425951371185,0.3337229658584614,0.08995868762492187,0.4174840497856338,0.08003485018998213,0.6089874815413293,0.031024202283059233,0.7144300294829444,0.01574593730449934,0.1924779228460391,0.010586008106924893,0.5673779117123395,0.025190621048099313
xgboost,extended_geographic,"{""model__colsample_bytree"": 0.8, ""model__learning_rate"": 0.03, ""model__max_depth"": 6, ""model__min_child_weight"": 1, ""model__n_estimators"": 300, ""model__reg_lambda"": 1.0, ""model__subsample"": 0.8, ""sample_weight_mode"": ""none""}",0.5411933840347818,0.02967954914546662,0.5822372212804006,0.04076993725710068,0.35374741903534557,0.07643416263473393,0.4361124809003563,0.06318124538655853,0.6163562785066339,0.026447803726416304,0.7175770416157857,0.01570060451596991,0.1918073909548404,0.011460912202660458,0.5656687355220515,0.028111840178049987
xgboost,airport_aware,"{""model__colsample_bytree"": 0.8, ""model__learning_rate"": 0.03, ""model__max_depth"": 3, ""model__min_child_weight"": 5, ""model__n_estimators"": 600, ""model__reg_lambda"": 5.0, ""model__subsample"": 0.8, ""sample_weight_mode"": ""none""}",0.5411433051509761,0.036179162591141414,0.5595412971010341,0.07467548089605242,0.30932115815815125,0.0936327139323298,0.3936626411044679,0.09258481843464002,0.5981157815818263,0.03655549841066128,0.7167390130352487,0.01656528365946795,0.19189345712341704,0.010735639334274181,0.5659041696647569,0.02523381261083548
xgboost,extended_geographic,"{""model__colsample_bytree"": 0.8, ""model__learning_rate"": 0.08, ""model__max_depth"": 3, ""model__min_child_weight"": 1, ""model__n_estimators"": 600, ""model__reg_lambda"": 5.0, ""model__subsample"": 1.0, ""sample_weight_mode"": ""none""}",0.5410298121640026,0.0313429422714968,0.5708654560310948,0.054277171069592865,0.3504385872034826,0.0713139925134835,0.43044869926745993,0.059352262855555116,0.6121989328779882,0.02357177333932782,0.7157209420904657,0.015603942735994244,0.19264318564216898,0.010628322559564567,0.5676548138815474,0.026684244674838497
xgboost,extended_geographic,"{""model__colsample_bytree"": 1.0, ""model__learning_rate"": 0.08, ""model__max_depth"": 3, ""model__min_child_weight"": 5, ""model__n_estimators"": 300, ""model__reg_lambda"": 5.0, ""model__subsample"": 1.0, ""sample_weight_mode"": ""none""}",0.5409608512208696,0.0320057713724758,0.5730700344290487,0.06391495644648519,0.32451723799208687,0.08376821432950383,0.4091032628914217,0.07571775771608133,0.6047363616987814,0.028821835144495704,0.7150668440419553,0.01564607851036196,0.19224609769149165,0.01053349537124218,0.5669502383053449,0.025075834749701032
xgboost,airport_aware,"{""model__colsample_bytree"": 1.0, ""model__learning_rate"": 0.08, ""model__max_depth"": 3, ""model__min_child_weight"": 1, ""model__n_estimators"": 300, ""model__reg_lambda"": 1.0, ""model__subsample"": 0.8, ""sample_weight_mode"": ""none""}",0.5409597277781636,0.03201625207119094,0.5863724001378814,0.04574616944170792,0.3405939343138282,0.08369240522501555,0.426297650772013,0.07372077490203179,0.6132343894396804,0.03028454509545658,0.7172168059278186,0.0182240431878532,0.19203928712060975,0.01149904876674944,0.5661859157835017,0.0279888809435967
xgboost,extended_geographic,"{""model__colsample_bytree"": 0.8, ""model__learning_rate"": 0.08, ""model__max_depth"": 3, ""model__min_child_weight"": 5, ""model__n_estimators"": 300, ""model__reg_lambda"": 1.0, ""model__subsample"": 0.8, ""sample_weight_mode"": ""none""}",0.5409183297562186,0.029541426837620812,0.5760622743770625,0.043573812715157895,0.3435198252125427,0.07535253589222207,0.4259893904393427,0.062463410648817795,0.6111617313719918,0.02416584771575902,0.7167543892233756,0.017676615045922082,0.1921680569103889,0.011886233954782603,0.5664884347948373,0.028829930581760265
xgboost,airport_aware,"{""model__colsample_bytree"": 1.0, ""model__learning_rate"": 0.03, ""model__max_depth"": 3, ""model__min_child_weight"": 5, ""model__n_estimators"": 600, ""model__reg_lambda"": 1.0, ""model__subsample"": 0.8, ""sample_weight_mode"": ""none""}",0.540844676416263,0.033633547051332265,0.5770068777321152,0.05240972323551373,0.3224851411192108,0.08468116134138115,0.4085323998762374,0.07708868976315231,0.6050619949995375,0.028838150966332424,0.7162837013180036,0.018727060374049462,0.1920275198835099,0.0111358257118163,0.5661753704798081,0.026553867611374272
xgboost,extended_geographic,"{""model__colsample_bytree"": 1.0, ""model__learning_rate"": 0.08, ""model__max_depth"": 3, ""model__min_child_weight"": 1, ""model__n_estimators"": 300, ""model__reg_lambda"": 1.0, ""model__subsample"": 0.8, ""sample_weight_mode"": ""balanced""}",0.5408434079743901,0.030185661518006272,0.49654077307130146,0.03068897987473666,0.6150282280080441,0.04180586434818164,0.5483353724606358,0.021460136388838442,0.6578174910629069,0.0210916481902309,0.7166274425394193,0.016763817518218205,0.20919024827129928,0.006965966652184062,0.6060145236256462,0.01616855885457068
xgboost,airport_aware,"{""model__colsample_bytree"": 0.8, ""model__learning_rate"": 0.08, ""model__max_depth"": 3, ""model__min_child_weight"": 5, ""model__n_estimators"": 300, ""model__reg_lambda"": 5.0, ""model__subsample"": 0.8, ""sample_weight_mode"": ""none""}",0.5407887503813569,0.03220988664781365,0.5819743442014025,0.03688267026718597,0.3324516856282419,0.07792835796699568,0.4189525200545483,0.06810529789424037,0.609344337892697,0.02747384366167909,0.7155521457731892,0.01890595747328713,0.1921747805984134,0.011677577628095367,0.5664295830264792,0.027714871440683405
xgboost,airport_aware,"{""model__colsample_bytree"": 0.8, ""model__learning_rate"": 0.03, ""model__max_depth"": 3, ""model__min_child_weight"": 5, ""model__n_estimators"": 600, ""model__reg_lambda"": 5.0, ""model__subsample"": 0.8, ""sample_weight_mode"": ""balanced""}",0.5407526095858517,0.035328706166682274,0.4950950016167413,0.03816230618525701,0.6186848783174547,0.0371756798018473,0.548420221786197,0.018019708311593108,0.6576241974492074,0.016003674011117092,0.7164630482302348,0.016535535891716795,0.21061612418584766,0.006291936090061066,0.6093719740307877,0.014016824918971002
xgboost,airport_aware,"{""model__colsample_bytree"": 1.0, ""model__learning_rate"": 0.03, ""model__max_depth"": 3, ""model__min_child_weight"": 1, ""model__n_estimators"": 600, ""model__reg_lambda"": 5.0, ""model__subsample"": 0.8, ""sample_weight_mode"": ""balanced""}",0.5407092591126667,0.037287796172394215,0.49524874781645645,0.04095401549103011,0.6208484997906139,0.03676644028006877,0.5494262885706886,0.022130928034451488,0.6584028604998805,0.017831332955415776,0.717193502825534,0.014802950121380758,0.21002917211202496,0.00592504173090967,0.6079295537575283,0.013331895782256218
xgboost,extended_geographic,"{""model__colsample_bytree"": 0.8, ""model__learning_rate"": 0.08, ""model__max_depth"": 3, ""model__min_child_weight"": 1, ""model__n_estimators"": 300, ""model__reg_lambda"": 1.0, ""model__subsample"": 0.8, ""sample_weight_mode"": ""balanced""}",0.540620788353538,0.027150703420178886,0.49393894091888857,0.03007961127119999,0.6119624531648337,0.04171836560390503,0.5452850647252017,0.01599619220311035,0.655571283891196,0.013427508975331334,0.7173469932398306,0.016139101093981843,0.20914014440770456,0.006413751941426997,0.6058441305829291,0.015062570820572569
xgboost,airport_aware,"{""model__colsample_bytree"": 0.8, ""model__learning_rate"": 0.08, ""model__max_depth"": 3, ""model__min_child_weight"": 5, ""model__n_estimators"": 300, ""model__reg_lambda"": 5.0, ""model__subsample"": 0.8, ""sample_weight_mode"": ""balanced""}",0.5406062764726791,0.031773876407762185,0.4926705359698431,0.0350367414141352,0.6144450724466013,0.03847813979364365,0.5454905821439102,0.019665022645206618,0.6549285269011829,0.019180887853478396,0.716214176895207,0.018665741111838316,0.21016010693272663,0.00734810280703864,0.6080971322395513,0.016656835171332277
xgboost,extended_geographic,"{""model__colsample_bytree"": 1.0, ""model__learning_rate"": 0.03, ""model__max_depth"": 3, ""model__min_child_weight"": 1, ""model__n_estimators"": 300, ""model__reg_lambda"": 1.0, ""model__subsample"": 0.8, ""sample_weight_mode"": ""balanced""}",0.5406058927527332,0.035647801730799136,0.5035387371492767,0.04171065878601116,0.6138117055454684,0.029638869888323125,0.551560565772033,0.017224290307219663,0.661237951756797,0.015396597446032402,0.7184130901805352,0.01348819939712799,0.21064065438132226,0.00510685091670674,0.6101305181163129,0.011108110113956949
xgboost,airport_aware,"{""model__colsample_bytree"": 1.0, ""model__learning_rate"": 0.03, ""model__max_depth"": 3, ""model__min_child_weight"": 5, ""model__n_estimators"": 600, ""model__reg_lambda"": 1.0, ""model__subsample"": 0.8, ""sample_weight_mode"": ""balanced""}",0.5406011195628891,0.03541858371046934,0.49622607745952896,0.03879944039698939,0.6201044913274729,0.04121552623455749,0.5496587508822017,0.021380820376688994,0.6589052737603225,0.019271385602874575,0.7161669861657152,0.0175565072215162,0.2102676807349873,0.006726713175618627,0.6084228952010879,0.015184178877377604
xgboost,airport_aware,"{""model__colsample_bytree"": 1.0, ""model__learning_rate"": 0.08, ""model__max_depth"": 3, ""model__min_child_weight"": 1, ""model__n_estimators"": 600, ""model__reg_lambda"": 5.0, ""model__subsample"": 0.8, ""sample_weight_mode"": ""none""}",0.5405655487531928,0.030998560664693062,0.5723240353379541,0.040783789330607445,0.35549628932239663,0.07049759840628042,0.4345670106884632,0.053931941083652755,0.6139029680509042,0.02294800260802098,0.7135409309439915,0.021771656220263936,0.19338166058432577,0.012736806565884374,0.5700082476017254,0.03154443695058722
xgboost,airport_aware,"{""model__colsample_bytree"": 1.0, ""model__learning_rate"": 0.08, ""model__max_depth"": 3, ""model__min_child_weight"": 5, ""model__n_estimators"": 300, ""model__reg_lambda"": 1.0, ""model__subsample"": 0.8, ""sample_weight_mode"": ""balanced""}",0.5405279108888792,0.03225115136441908,0.496092552045302,0.04073898001676401,0.6146281061925154,0.04092195152792311,0.5475634949452688,0.025811739802356456,0.6572529288544049,0.024316105875939888,0.715500689406691,0.019762809132716795,0.21021227069832596,0.007589966163015398,0.6080811897539504,0.017628317882208498
xgboost,extended_geographic,"{""model__colsample_bytree"": 1.0, ""model__learning_rate"": 0.03, ""model__max_depth"": 3, ""model__min_child_weight"": 1, ""model__n_estimators"": 600, ""model__reg_lambda"": 1.0, ""model__subsample"": 1.0, ""sample_weight_mode"": ""none""}",0.5405026034407705,0.03605360607155727,0.5855687601412949,0.05147135669152294,0.31957742889478014,0.07658784979652933,0.4088327268431458,0.06821333207959818,0.6057301800813721,0.026280731768791296,0.7152314344121692,0.013627456874387767,0.19225282846278074,0.009913709559421337,0.5668200694080064,0.023457485669901045
xgboost,airport_aware,"{""model__colsample_bytree"": 1.0, ""model__learning_rate"": 0.08, ""model__max_depth"": 3, ""model__min_child_weight"": 1, ""model__n_estimators"": 300, ""model__reg_lambda"": 5.0, ""model__subsample"": 0.8, ""sample_weight_mode"": ""balanced""}",0.5404386200687408,0.03660493640233516,0.49997969940888903,0.03819832323020726,0.6230512506945183,0.03535750383801444,0.5535782843394383,0.023681701970803434,0.6617320088517574,0.021209312451934085,0.7171431339688976,0.01772995816173519,0.20958833888948253,0.007099917715734462,0.6066874764589071,0.016438755909730367
xgboost,airport_aware,"{""model__colsample_bytree"": 1.0, ""model__learning_rate"": 0.03, ""model__max_depth"": 3, ""model__min_child_weight"": 5, ""model__n_estimators"": 600, ""model__reg_lambda"": 5.0, ""model__subsample"": 0.8, ""sample_weight_mode"": ""none""}",0.5404248214589239,0.03671647698788542,0.5716331203197023,0.07422019058561179,0.3194843935594979,0.09647122597521081,0.404659069441805,0.0939388218677259,0.6040095887095295,0.03726057074600157,0.7169756669923273,0.01721081880438002,0.19187938111580086,0.01069750394657956,0.5658200010921558,0.025280030053680416
xgboost,airport_aware,"{""model__colsample_bytree"": 1.0, ""model__learning_rate"": 0.03, ""model__max_depth"": 3, ""model__min_child_weight"": 1, ""model__n_estimators"": 600, ""model__reg_lambda"": 1.0, ""model__subsample"": 0.8, ""sample_weight_mode"": ""balanced""}",0.540387251744608,0.03689737197502866,0.49836299764606273,0.04289537333288401,0.6133355718436982,0.03560374479189318,0.5483543519401894,0.02358355792542945,0.65820161624832,0.018035748469070478,0.716457038695469,0.015733058738418116,0.2098450849643439,0.006052327874019478,0.6074443379322041,0.013783637110478007
xgboost,extended_geographic,"{""model__colsample_bytree"": 0.8, ""model__learning_rate"": 0.08, ""model__max_depth"": 3, ""model__min_child_weight"": 1, ""model__n_estimators"": 300, ""model__reg_lambda"": 5.0, ""model__subsample"": 1.0, ""sample_weight_mode"": ""none""}",0.5403290024599406,0.03832924325011013,0.5703840398407422,0.07716835755567808,0.32375146303129404,0.08801209460570364,0.4088120226349119,0.08545616844792564,0.6048160160325626,0.03485925757426062,0.7166661619055192,0.011910579524490266,0.19195994740396033,0.009599461962738904,0.5659035831055117,0.023231942239054785
xgboost,extended_geographic,"{""model__colsample_bytree"": 1.0, ""model__learning_rate"": 0.08, ""model__max_depth"": 3, ""model__min_child_weight"": 1, ""model__n_estimators"": 300, ""model__reg_lambda"": 1.0, ""model__subsample"": 0.8, ""sample_weight_mode"": ""none""}",0.5402447793108244,0.030911022087288367,0.5824299822003015,0.049513845304868284,0.3440408581059332,0.07975120207114705,0.42819639203116655,0.06916975242404604,0.6132495506019149,0.02783101003841072,0.7168404639457799,0.01596929696241291,0.19217929931924332,0.011229014353017621,0.5667400088036417,0.02747106901692962
xgboost,extended_geographic,"{""model__colsample_bytree"": 0.8, ""model__learning_rate"": 0.08, ""model__max_depth"": 3, ""model__min_child_weight"": 5, ""model__n_estimators"": 300, ""model__reg_lambda"": 1.0, ""model__subsample"": 0.8, ""sample_weight_mode"": ""balanced""}",0.5402372440979843,0.029268058622392755,0.49635480191940456,0.03217415143087253,0.6150683124125781,0.04126215241518923,0.5480595820436858,0.01942507384688265,0.6577950157789758,0.018168176119903345,0.7169840296478931,0.017886947560473217,0.2097247152349381,0.007462151110318515,0.6071988366242292,0.017570712859070338
xgboost,airport_aware,"{""model__colsample_bytree"": 0.8, ""model__learning_rate"": 0.08, ""model__max_depth"": 3, ""model__min_child_weight"": 5, ""model__n_estimators"": 600, ""model__reg_lambda"": 5.0, ""model__subsample"": 0.8, ""sample_weight_mode"": ""none""}",0.5402178958803142,0.029120726829926006,0.5730698227876394,0.03183632056962651,0.35811701222984266,0.08127077552009099,0.43628336412075414,0.06305193105141992,0.6152749191216468,0.028599495616860305,0.7122366331610621,0.02276524034004786,0.1936721120697686,0.012851283793658503,0.5704832252247213,0.031705973261009546
xgboost,extended_geographic,"{""model__colsample_bytree"": 0.8, ""model__learning_rate"": 0.03, ""model__max_depth"": 3, ""model__min_child_weight"": 5, ""model__n_estimators"": 300, ""model__reg_lambda"": 1.0, ""model__subsample"": 0.8, ""sample_weight_mode"": ""none""}",0.540121637242561,0.03309776277095791,0.5910129910975683,0.04856711972031788,0.2885344918279896,0.07549610437891047,0.38265455922394614,0.07215353738054298,0.596503711773255,0.025374148009368387,0.7171760989936549,0.015053922924162013,0.1921740531250395,0.010275894815898167,0.5672082062699972,0.023776827955411056
xgboost,extended_geographic,"{""model__colsample_bytree"": 1.0, ""model__learning_rate"": 0.03, ""model__max_depth"": 3, ""model__min_child_weight"": 5, ""model__n_estimators"": 600, ""model__reg_lambda"": 5.0, ""model__subsample"": 1.0, ""sample_weight_mode"": ""none""}",0.5401190029724476,0.034527677627901154,0.5728154850671319,0.06038884157455953,0.31185139874814505,0.08379000253098451,0.39907949412260996,0.07851800549966748,0.601010670818144,0.03050722768666002,0.7144245134274324,0.013272102622075274,0.19236851823389906,0.00997080778028158,0.5674472820864285,0.02331941348161004
xgboost,extended_geographic,"{""model__colsample_bytree"": 1.0, ""model__learning_rate"": 0.08, ""model__max_depth"": 3, ""model__min_child_weight"": 1, ""model__n_estimators"": 600, ""model__reg_lambda"": 1.0, ""model__subsample"": 0.8, ""sample_weight_mode"": ""balanced""}",0.5400862343770496,0.027666139730273268,0.48995535644814847,0.031315229360438596,0.6071157903872366,0.05002639935220396,0.5409972181947634,0.0249707727509973,0.6517467115092508,0.020924990572986298,0.713014588693986,0.020368473726276242,0.20976698196764548,0.00822415599778446,0.6079491970361615,0.01983231536032507
xgboost,extended_geographic,"{""model__colsample_bytree"": 0.8, ""model__learning_rate"": 0.08, ""model__max_depth"": 3, ""model__min_child_weight"": 5, ""model__n_estimators"": 300, ""model__reg_lambda"": 5.0, ""model__subsample"": 0.8, ""sample_weight_mode"": ""balanced""}",0.5399956954540192,0.031082366028929866,0.49525455974402216,0.03357315764841785,0.6182516511234704,0.04286840448959898,0.548781343954289,0.023946531741639427,0.6577658304934991,0.02405302306252543,0.7183168241774276,0.018011872354127642,0.20937226255014285,0.007572998163167837,0.6063788516334373,0.01734847145011215
xgboost,extended_geographic,"{""model__colsample_bytree"": 1.0, ""model__learning_rate"": 0.08, ""model__max_depth"": 3, ""model__min_child_weight"": 5, ""model__n_estimators"": 600, ""model__reg_lambda"": 5.0, ""model__subsample"": 0.8, ""sample_weight_mode"": ""balanced""}",0.5399240084506103,0.02811643658021465,0.49230188802418484,0.034714020064951785,0.6100639016001825,0.04471989066125761,0.5435982842827289,0.02483955523709871,0.6538750069694224,0.021296839303384045,0.7137570321587395,0.021553925463352577,0.21018226892307829,0.008928886707444902,0.6086185440576829,0.021203245173982074
xgboost,airport_aware,"{""model__colsample_bytree"": 1.0, ""model__learning_rate"": 0.08, ""model__max_depth"": 3, ""model__min_child_weight"": 1, ""model__n_estimators"": 300, ""model__reg_lambda"": 5.0, ""model__subsample"": 0.8, ""sample_weight_mode"": ""none""}",0.5399205272799085,0.0339362119232851,0.5784781437463656,0.05496596016288793,0.33598602902135966,0.08261302155192018,0.42113699152025336,0.0761693342153927,0.6102591193795116,0.03127264334057049,0.7163925490594656,0.016819685402064025,0.19202451030720885,0.010984348122590231,0.5659466428669978,0.026393088193352825
xgboost,extended_geographic,"{""model__colsample_bytree"": 0.8, ""model__learning_rate"": 0.08, ""model__max_depth"": 3, ""model__min_child_weight"": 5, ""model__n_estimators"": 600, ""model__reg_lambda"": 5.0, ""model__subsample"": 0.8, ""sample_weight_mode"": ""none""}",0.5399042563543865,0.027994691529684073,0.5727153538101428,0.049179827996718405,0.35691564446883806,0.07067890781766552,0.4361934052733839,0.057619088127822,0.6146801259118211,0.024987746381197183,0.7134738775393095,0.02267122503481069,0.19343254953600977,0.012777490973223105,0.5702248223837565,0.03186556468991615
xgboost,airport_aware,"{""model__colsample_bytree"": 0.8, ""model__learning_rate"": 0.03, ""model__max_depth"": 3, ""model__min_child_weight"": 5, ""model__n_estimators"": 600, ""model__reg_lambda"": 1.0, ""model__subsample"": 0.8, ""sample_weight_mode"": ""balanced""}",0.5397849185316166,0.03228361199197329,0.4945894037154043,0.03933638977331104,0.6159709241217237,0.03900182749075434,0.5471062301934211,0.02188352168157913,0.6568029185179851,0.01900961985315736,0.7154979349336931,0.01683801689180914,0.2105620631477234,0.006297889087408221,0.6090364317506003,0.014136799622441595
xgboost,airport_aware,"{""model__colsample_bytree"": 0.8, ""model__learning_rate"": 0.03, ""model__max_depth"": 3, ""model__min_child_weight"": 1, ""model__n_estimators"": 600, ""model__reg_lambda"": 5.0, ""model__subsample"": 0.8, ""sample_weight_mode"": ""balanced""}",0.5397467716826196,0.03676488022404599,0.4987461180648385,0.03944234216311537,0.6199924831255567,0.03632415599068149,0.5512900483555119,0.02095103689615537,0.6600749393642141,0.01772070855816242,0.7168141728744629,0.015269824077741677,0.21030908160421385,0.0059482864387135435,0.6087022725741855,0.013320491579301699
xgboost,extended_geographic,"{""model__colsample_bytree"": 1.0, ""model__learning_rate"": 0.08, ""model__max_depth"": 3, ""model__min_child_weight"": 5, ""model__n_estimators"": 600, ""model__reg_lambda"": 5.0, ""model__subsample"": 0.8, ""sample_weight_mode"": ""none""}",0.5397464712835103,0.02587909591202614,0.5665305965920344,0.05445352627031777,0.3564676295792169,0.07196129964783907,0.43321721324213663,0.05571002868975102,0.6125474427890707,0.02269270328060452,0.7128439030556364,0.022771904524435012,0.1936774606412363,0.013040102231405948,0.5707624220558462,0.03248137006565468
xgboost,airport_aware,"{""model__colsample_bytree"": 1.0, ""model__learning_rate"": 0.08, ""model__max_depth"": 3, ""model__min_child_weight"": 5, ""model__n_estimators"": 300, ""model__reg_lambda"": 5.0, ""model__subsample"": 0.8, ""sample_weight_mode"": ""balanced""}",0.5397334667868965,0.034606102002829216,0.49906553270245413,0.03977158961995466,0.6191852295398057,0.048295154751850776,0.5512117289976246,0.028938677028023583,0.6603321047728199,0.025405430963271358,0.7157978692787186,0.018940912586007067,0.21018518477754408,0.007677187714510254,0.6081943107513471,0.01757994139408462
xgboost,airport_aware,"{""model__colsample_bytree"": 0.8, ""model__learning_rate"": 0.08, ""model__max_depth"": 3, ""model__min_child_weight"": 1, ""model__n_estimators"": 300, ""model__reg_lambda"": 1.0, ""model__subsample"": 0.8, ""sample_weight_mode"": ""none""}",0.5396368852588749,0.03238856616128768,0.5765921705668393,0.04894315704925268,0.3300352490792783,0.08021503731571816,0.4161013991592982,0.07397580013533886,0.6078089804600939,0.03038261861813696,0.7174630658677528,0.01859461536335667,0.19201371987755783,0.011684100265741043,0.5661475664702502,0.028112775094162015
xgboost,airport_aware,"{""model__colsample_bytree"": 1.0, ""model__learning_rate"": 0.08, ""model__max_depth"": 3, ""model__min_child_weight"": 5, ""model__n_estimators"": 300, ""model__reg_lambda"": 1.0, ""model__subsample"": 0.8, ""sample_weight_mode"": ""none""}",0.5395841277326687,0.030680726692222725,0.5718458337952793,0.059046569614890625,0.3327291034313026,0.0811289518150578,0.41622436331770424,0.07294339756233544,0.6072342229693879,0.028590719528583643,0.7156012659812053,0.020010482591826823,0.19241744314726378,0.011878160302329344,0.5668066585141996,0.028702801377469167
xgboost,airport_aware,"{""model__colsample_bytree"": 0.8, ""model__learning_rate"": 0.03, ""model__max_depth"": 6, ""model__min_child_weight"": 5, ""model__n_estimators"": 300, ""model__reg_lambda"": 5.0, ""model__subsample"": 0.8, ""sample_weight_mode"": ""none""}",0.5395828345807265,0.035819851212053555,0.5782436884790346,0.0414727043670628,0.3397787182559761,0.08031925251528528,0.4238227166783145,0.06867747748330351,0.610975904834488,0.029274674548695638,0.7182855321073636,0.018812519042063516,0.19164720548482178,0.011302522065314279,0.5649338402853037,0.02725374910076114
xgboost,airport_aware,"{""model__colsample_bytree"": 1.0, ""model__learning_rate"": 0.08, ""model__max_depth"": 3, ""model__min_child_weight"": 5, ""model__n_estimators"": 600, ""model__reg_lambda"": 5.0, ""model__subsample"": 0.8, ""sample_weight_mode"": ""none""}",0.5394955279727747,0.031447622029876554,0.5639715425057643,0.05128329557248629,0.35142612556431485,0.07667160017008696,0.4290028505980962,0.06283445101076701,0.610935879920369,0.027241629451103193,0.7117026618999034,0.023402348615554253,0.19383367569376903,0.01291802387610873,0.571192341311285,0.031879395408818824
xgboost,airport_aware,"{""model__colsample_bytree"": 1.0, ""model__learning_rate"": 0.08, ""model__max_depth"": 3, ""model__min_child_weight"": 1, ""model__n_estimators"": 600, ""model__reg_lambda"": 1.0, ""model__subsample"": 0.8, ""sample_weight_mode"": ""none""}",0.5394769879248866,0.03057150640900087,0.5803508567641333,0.03846166743118533,0.3620879190293433,0.06071834167404323,0.4426510370194152,0.04382910301517188,0.6179661279363942,0.020455385986012757,0.7131055623708054,0.02249674454377018,0.19381857334849464,0.013007962031122393,0.5718764061408992,0.0325101621632809
xgboost,airport_aware,"{""model__colsample_bytree"": 0.8, ""model__learning_rate"": 0.03, ""model__max_depth"": 6, ""model__min_child_weight"": 1, ""model__n_estimators"": 300, ""model__reg_lambda"": 1.0, ""model__subsample"": 0.8, ""sample_weight_mode"": ""none""}",0.5394502844203325,0.03241530760997132,0.5847582922961846,0.039664813850807445,0.35118634159098555,0.07976641338334982,0.4347113268659661,0.06674100844759498,0.6162256277753402,0.028948351932445937,0.7170609590831845,0.017219391955138864,0.19208802499318084,0.011321027926743412,0.5659577956812406,0.027349750091450804
xgboost,airport_aware,"{""model__colsample_bytree"": 1.0, ""model__learning_rate"": 0.08, ""model__max_depth"": 3, ""model__min_child_weight"": 5, ""model__n_estimators"": 300, ""model__reg_lambda"": 1.0, ""model__subsample"": 1.0, ""sample_weight_mode"": ""none""}",0.5393279880914196,0.03630012077633933,0.5640405459598705,0.057604564066340604,0.31997371959330845,0.0845299399866587,0.4041769256549287,0.08030688811651439,0.6018936809000254,0.03132180884476134,0.7135888438504587,0.018319693647648398,0.19273906798028015,0.01104106122927482,0.5677995145409015,0.02608184952191
xgboost,extended_geographic,"{""model__colsample_bytree"": 1.0, ""model__learning_rate"": 0.03, ""model__max_depth"": 3, ""model__min_child_weight"": 1, ""model__n_estimators"": 600, ""model__reg_lambda"": 5.0, ""model__subsample"": 1.0, ""sample_weight_mode"": ""none""}",0.5393086918256075,0.036655765278036885,0.5771773182815821,0.07197310262935756,0.308469190336001,0.07783581261216167,0.39825999823560354,0.07664203308334873,0.6010336158883034,0.030200486876470815,0.7149737673919698,0.014345156500446135,0.1922508093679415,0.009854867850454216,0.5669223075688373,0.02340383681405248
xgboost,extended_geographic,"{""model__colsample_bytree"": 0.8, ""model__learning_rate"": 0.03, ""model__max_depth"": 6, ""model__min_child_weight"": 1, ""model__n_estimators"": 300, ""model__reg_lambda"": 1.0, ""model__subsample"": 1.0, ""sample_weight_mode"": ""none""}",0.5391630062693418,0.03485533957020835,0.5772723370397188,0.049195679068824265,0.3413590688848134,0.07423118997358388,0.42521943365806525,0.06313456405995292,0.611098542866805,0.026668358693721427,0.7147877113506835,0.012173478257813649,0.19242698850593237,0.010093665472826129,0.5673364101742377,0.02452619389739714
xgboost,airport_aware,"{""model__colsample_bytree"": 0.8, ""model__learning_rate"": 0.08, ""model__max_depth"": 3, ""model__min_child_weight"": 1, ""model__n_estimators"": 600, ""model__reg_lambda"": 5.0, ""model__subsample"": 0.8, ""sample_weight_mode"": ""balanced""}",0.5391449152450318,0.028979683158632162,0.49456957192598416,0.03265042395362792,0.6131961708556705,0.05149507320062814,0.5459315382243006,0.022914132887882962,0.6562258445902203,0.0219085602109238,0.7133022579058974,0.018109293653092953,0.21031362448975827,0.006895506955149625,0.6083021500795156,0.016807809492672354
xgboost,extended_geographic,"{""model__colsample_bytree"": 1.0, ""model__learning_rate"": 0.08, ""model__max_depth"": 3, ""model__min_child_weight"": 1, ""model__n_estimators"": 300, ""model__reg_lambda"": 5.0, ""model__subsample"": 0.8, ""sample_weight_mode"": ""balanced""}",0.5391331545479747,0.035137616452533216,0.4960018768577997,0.03895407754858705,0.6150862049751147,0.03474807248974696,0.5478593793597462,0.022459973539215843,0.6574142375543324,0.01649013815453943,0.7156857735172265,0.015092058348489007,0.20994161434808306,0.006353970184931504,0.6077202091746716,0.01459291112436198
xgboost,airport_aware,"{""model__colsample_bytree"": 0.8, ""model__learning_rate"": 0.08, ""model__max_depth"": 3, ""model__min_child_weight"": 1, ""model__n_estimators"": 300, ""model__reg_lambda"": 5.0, ""model__subsample"": 0.8, ""sample_weight_mode"": ""balanced""}",0.5391177434326091,0.031473700473026986,0.49231624847926125,0.03571301545102089,0.619099275449566,0.03715668748761621,0.5472047910911004,0.02123439250400015,0.6563223609886542,0.020120653324981874,0.7173163742038536,0.015403733641251083,0.20974097130026337,0.006121042145256562,0.6071604459935385,0.014160623126540388
xgboost,airport_aware,"{""model__colsample_bytree"": 0.8, ""model__learning_rate"": 0.03, ""model__max_depth"": 3, ""model__min_child_weight"": 1, ""model__n_estimators"": 600, ""model__reg_lambda"": 1.0, ""model__subsample"": 0.8, ""sample_weight_mode"": ""balanced""}",0.5391121839649181,0.03414706049980018,0.49642533493523333,0.038660988165934024,0.6147315227543679,0.03794859245269985,0.547703313890496,0.01957444512428201,0.6575825381281214,0.016203586765432414,0.7171022079341849,0.015617616884645205,0.20990739040146145,0.0059583988759824855,0.607783598409345,0.01347435863454675
xgboost,extended_geographic,"{""model__colsample_bytree"": 1.0, ""model__learning_rate"": 0.08, ""model__max_depth"": 3, ""model__min_child_weight"": 5, ""model__n_estimators"": 600, ""model__reg_lambda"": 1.0, ""model__subsample"": 0.8, ""sample_weight_mode"": ""balanced""}",0.5391058642897107,0.024572598697463918,0.48796027241937867,0.035211611740681735,0.6009440692615732,0.042447052570525785,0.5370720927660445,0.02039274009804678,0.6487713266232232,0.016979380379122087,0.7107615246215017,0.01972996183324942,0.21088558000914034,0.008894754220133397,0.6102204850628541,0.02154695199981434
xgboost,extended_geographic,"{""model__colsample_bytree"": 0.8, ""model__learning_rate"": 0.08, ""model__max_depth"": 3, ""model__min_child_weight"": 5, ""model__n_estimators"": 300, ""model__reg_lambda"": 5.0, ""model__subsample"": 1.0, ""sample_weight_mode"": ""none""}",0.5390970209066274,0.03207783456073129,0.5723795091854282,0.05724609311049077,0.3244038922901511,0.08591676668264019,0.4089968676750576,0.07847846726404045,0.6047759855321031,0.030004004387793243,0.7145174306901716,0.013658094916713676,0.1924432694481597,0.01017390052823424,0.5674122330926218,0.024184410024016965
xgboost,extended_geographic,"{""model__colsample_bytree"": 1.0, ""model__learning_rate"": 0.03, ""model__max_depth"": 6, ""model__min_child_weight"": 1, ""model__n_estimators"": 300, ""model__reg_lambda"": 5.0, ""model__subsample"": 0.8, ""sample_weight_mode"": ""none""}",0.5390375251293023,0.03638396636945067,0.5732543348127098,0.06151034348830767,0.3550705086492965,0.07591178094785082,0.43486188311526464,0.06605235957711397,0.6147015680415844,0.02791201847354263,0.7170358082827794,0.01722432340640465,0.1919864522057149,0.010783261881572215,0.565996105471633,0.0262028678296541
xgboost,airport_aware,"{""model__colsample_bytree"": 1.0, ""model__learning_rate"": 0.03, ""model__max_depth"": 3, ""model__min_child_weight"": 5, ""model__n_estimators"": 600, ""model__reg_lambda"": 5.0, ""model__subsample"": 1.0, ""sample_weight_mode"": ""balanced""}",0.5390350623032762,0.03857968228691684,0.49779270825649824,0.03928987947907318,0.6218869208095593,0.037699336425878555,0.5513975066673897,0.021276264966728013,0.6602836017760516,0.0202336187287639,0.7139030154803263,0.01452339170883601,0.21153865906059002,0.005928062760709646,0.6115348134434238,0.013171319264213796
xgboost,extended_geographic,"{""model__colsample_bytree"": 1.0, ""model__learning_rate"": 0.08, ""model__max_depth"": 3, ""model__min_child_weight"": 5, ""model__n_estimators"": 600, ""model__reg_lambda"": 1.0, ""model__subsample"": 0.8, ""sample_weight_mode"": ""none""}",0.539023472873048,0.023546105857627557,0.5717570702393552,0.03784301033168222,0.3668327433582951,0.07285173489953818,0.44291211578316536,0.055024274268831976,0.6174728942351286,0.025345236495493566,0.7116171332421578,0.02335235956797857,0.19409064280203797,0.013405189094016425,0.5723285754403868,0.033788930402624776
xgboost,airport_aware,"{""model__colsample_bytree"": 0.8, ""model__learning_rate"": 0.08, ""model__max_depth"": 3, ""model__min_child_weight"": 5, ""model__n_estimators"": 300, ""model__reg_lambda"": 1.0, ""model__subsample"": 0.8, ""sample_weight_mode"": ""none""}",0.5390199129735513,0.032144721025213936,0.5775088120542604,0.04232344966043041,0.33684774393288,0.07484891883205878,0.4215102498000295,0.06383427977144557,0.6095730878616686,0.025970220989803002,0.7151949641897348,0.020005402833316126,0.1925976206757653,0.012009326431207916,0.5672143212248766,0.028696467762742702
xgboost,extended_geographic,"{""model__colsample_bytree"": 1.0, ""model__learning_rate"": 0.08, ""model__max_depth"": 3, ""model__min_child_weight"": 1, ""model__n_estimators"": 600, ""model__reg_lambda"": 5.0, ""model__subsample"": 0.8, ""sample_weight_mode"": ""none""}",0.5389952596603982,0.029699468044093045,0.5777287935627496,0.055438512610581726,0.37018590913717997,0.0668584426509484,0.44744870381865703,0.05069041216374541,0.6201065307597023,0.021969370005435966,0.7143724843393818,0.01990066658054468,0.19326448391187073,0.012207178504369847,0.5698350065316897,0.030862032012633857
xgboost,extended_geographic,"{""model__colsample_bytree"": 1.0, ""model__learning_rate"": 0.08, ""model__max_depth"": 3, ""model__min_child_weight"": 5, ""model__n_estimators"": 300, ""model__reg_lambda"": 1.0, ""model__subsample"": 1.0, ""sample_weight_mode"": ""none""}",0.5389800301378269,0.030254324804028516,0.571920787339676,0.053580461925144644,0.33380249427772185,0.0844560254780964,0.41633708838493694,0.07311198093647765,0.6073950955266882,0.02825293045475274,0.7127155239975825,0.015318866560382678,0.19289645243008813,0.01059926399053961,0.5685168033264582,0.025330304927556106
xgboost,airport_aware,"{""model__colsample_bytree"": 1.0, ""model__learning_rate"": 0.03, ""model__max_depth"": 3, ""model__min_child_weight"": 5, ""model__n_estimators"": 300, ""model__reg_lambda"": 1.0, ""model__subsample"": 0.8, ""sample_weight_mode"": ""none""}",0.5389351176494908,0.03628815414026235,0.5875144430151625,0.051550641735447024,0.28318907319163805,0.07157506947854836,0.37750262772726595,0.06965632489966007,0.5940216485450123,0.024271392160331758,0.7164568720126943,0.016245506697867212,0.1923612502159486,0.010301393205711452,0.5675493517080479,0.02365923997645264
xgboost,extended_geographic,"{""model__colsample_bytree"": 0.8, ""model__learning_rate"": 0.08, ""model__max_depth"": 3, ""model__min_child_weight"": 1, ""model__n_estimators"": 300, ""model__reg_lambda"": 5.0, ""model__subsample"": 0.8, ""sample_weight_mode"": ""balanced""}",0.5389260957691695,0.03239669173354956,0.49645845411683676,0.035790247315768596,0.6142780959540942,0.04197109982361994,0.5479130235843137,0.02538781737426702,0.6575877065958369,0.024260098749178397,0.7162097955946298,0.01608294406452197,0.209723627568205,0.006491493433646447,0.6072869048535436,0.015024825233177384
xgboost,extended_geographic,"{""model__colsample_bytree"": 0.8, ""model__learning_rate"": 0.03, ""model__max_depth"": 3, ""model__min_child_weight"": 5, ""model__n_estimators"": 600, ""model__reg_lambda"": 5.0, ""model__subsample"": 1.0, ""sample_weight_mode"": ""balanced""}",0.5389153243368137,0.0345075453252285,0.49662208481174,0.03797726658146063,0.6225123819589957,0.03181750700523915,0.5509494726149285,0.016274411670432636,0.6597518750560001,0.01455878961149815,0.7139759985697939,0.012483278849049161,0.21152861649561389,0.005406320022560527,0.6115620590741295,0.012129281909638625
xgboost,extended_geographic,"{""model__colsample_bytree"": 1.0, ""model__learning_rate"": 0.08, ""model__max_depth"": 3, ""model__min_child_weight"": 5, ""model__n_estimators"": 600, ""model__reg_lambda"": 1.0, ""model__subsample"": 1.0, ""sample_weight_mode"": ""none""}",0.5388792900706638,0.02956927280497093,0.5734254708642951,0.040327300132358704,0.3617076647616703,0.07349562660929992,0.43877622754430623,0.052561199761782994,0.6159130677420155,0.021206609157764483,0.7101319579325364,0.019380585752207895,0.1944220283993348,0.012268751015395424,0.5725925841202906,0.030297748251584086
xgboost,extended_geographic,"{""model__colsample_bytree"": 1.0, ""model__learning_rate"": 0.03, ""model__max_depth"": 3, ""model__min_child_weight"": 5, ""model__n_estimators"": 300, ""model__reg_lambda"": 5.0, ""model__subsample"": 0.8, ""sample_weight_mode"": ""none""}",0.5388311075883663,0.03621555775489439,0.5823103955541027,0.06567465180568782,0.2851898320529386,0.07901464142517081,0.3780818042858447,0.07923159826956502,0.5942541529306724,0.02880387560624992,0.7166295794762474,0.01432845405862499,0.19227446724008201,0.009953810674007236,0.5674617170879512,0.02309840484968762
xgboost,airport_aware,"{""model__colsample_bytree"": 0.8, ""model__learning_rate"": 0.08, ""model__max_depth"": 3, ""model__min_child_weight"": 1, ""model__n_estimators"": 300, ""model__reg_lambda"": 5.0, ""model__subsample"": 0.8, ""sample_weight_mode"": ""none""}",0.5388056945126397,0.03247080361638955,0.5710242535242536,0.06654728500234001,0.32748480888299514,0.0895128531989911,0.41199903213345335,0.08603936941881976,0.6062356399093389,0.03482140366815128,0.7165233365083961,0.015918656460533604,0.19209236292220624,0.010883568923519505,0.5661328883040329,0.026169286774367185
xgboost,extended_geographic,"{""model__colsample_bytree"": 0.8, ""model__learning_rate"": 0.08, ""model__max_depth"": 3, ""model__min_child_weight"": 5, ""model__n_estimators"": 600, ""model__reg_lambda"": 5.0, ""model__subsample"": 0.8, ""sample_weight_mode"": ""balanced""}",0.538797071598738,0.024768169996192985,0.4928095718183573,0.035570908651084934,0.6048407616319533,0.049897879564855016,0.5416976506639427,0.027060195916442046,0.6530527183303121,0.021210315300951247,0.7126074657084669,0.02232772006524289,0.21035121184752031,0.00901577640899662,0.6088009828194881,0.02135351749967423
xgboost,airport_aware,"{""model__colsample_bytree"": 1.0, ""model__learning_rate"": 0.08, ""model__max_depth"": 3, ""model__min_child_weight"": 1, ""model__n_estimators"": 600, ""model__reg_lambda"": 5.0, ""model__subsample"": 0.8, ""sample_weight_mode"": ""balanced""}",0.5387886750274754,0.03324477477650695,0.49392729259934487,0.036261346679362455,0.608775727997809,0.05124424750997576,0.5438871116967752,0.027278357012945946,0.6544490738353973,0.02393646506823054,0.7117125322000322,0.022567260186372718,0.21056903906595115,0.00853623220096678,0.6088309621015153,0.02065562682684032
xgboost,airport_aware,"{""model__colsample_bytree"": 1.0, ""model__learning_rate"": 0.03, ""model__max_depth"": 3, ""model__min_child_weight"": 5, ""model__n_estimators"": 600, ""model__reg_lambda"": 5.0, ""model__subsample"": 0.8, ""sample_weight_mode"": ""balanced""}",0.5387792793959875,0.037169461617982756,0.4986497645269223,0.03858563358968458,0.6254341847688509,0.03894642998722745,0.5534023999196936,0.021804594885169615,0.6616249894619803,0.019705104440425978,0.7159052740452794,0.016130432972747095,0.21047707646441333,0.006321579085408056,0.6090620413879073,0.014114607374464502
xgboost,airport_aware,"{""model__colsample_bytree"": 1.0, ""model__learning_rate"": 0.08, ""model__max_depth"": 3, ""model__min_child_weight"": 1, ""model__n_estimators"": 300, ""model__reg_lambda"": 1.0, ""model__subsample"": 0.8, ""sample_weight_mode"": ""balanced""}",0.5387636148155025,0.035525386252437105,0.4913951029274485,0.03432429100453513,0.6067281444770141,0.03561461256469563,0.5417907274889836,0.019495749017918274,0.6525609628189317,0.017050239167156957,0.714054640661106,0.018455746465504557,0.20994431504046412,0.007005163972981969,0.6076128259556702,0.01640006330962295
xgboost,airport_aware,"{""model__colsample_bytree"": 1.0, ""model__learning_rate"": 0.03, ""model__max_depth"": 3, ""model__min_child_weight"": 5, ""model__n_estimators"": 600, ""model__reg_lambda"": 5.0, ""model__subsample"": 1.0, ""sample_weight_mode"": ""none""}",0.5387555260337538,0.037952848484332426,0.5781399836020623,0.06708962145420082,0.3021463901401509,0.08283703856955714,0.39252434227070865,0.08279737123393122,0.5993346034063354,0.03163977393821324,0.714152670099957,0.015677255294309748,0.1924789831150638,0.010307612365318781,0.5676002243631739,0.023809504079085806
xgboost,airport_aware,"{""model__colsample_bytree"": 0.8, ""model__learning_rate"": 0.03, ""model__max_depth"": 6, ""model__min_child_weight"": 5, ""model__n_estimators"": 300, ""model__reg_lambda"": 1.0, ""model__subsample"": 0.8, ""sample_weight_mode"": ""none""}",0.5387528690799348,0.03363296766135494,0.5775459887118373,0.05500611363231588,0.341382288165364,0.07986706293923759,0.42488144684489687,0.06905482308786506,0.6113986129486879,0.02938994676969656,0.7162469494132219,0.019141574538749824,0.1921830076494427,0.011511117753896894,0.5664105888024255,0.02794579704959846
xgboost,airport_aware,"{""model__colsample_bytree"": 0.8, ""model__learning_rate"": 0.08, ""model__max_depth"": 3, ""model__min_child_weight"": 1, ""model__n_estimators"": 300, ""model__reg_lambda"": 1.0, ""model__subsample"": 0.8, ""sample_weight_mode"": ""balanced""}",0.538676608899996,0.03380405764726513,0.49203533274790967,0.031118624927120846,0.6138831427555855,0.04273394455610787,0.5449215303496393,0.019281006366383437,0.6549095275303614,0.019592956527069025,0.7164980590619006,0.017218345069047326,0.2095964044114408,0.006412533541260435,0.6067075415186566,0.015157347692844955
xgboost,extended_geographic,"{""model__colsample_bytree"": 0.8, ""model__learning_rate"": 0.03, ""model__max_depth"": 6, ""model__min_child_weight"": 5, ""model__n_estimators"": 300, ""model__reg_lambda"": 5.0, ""model__subsample"": 0.8, ""sample_weight_mode"": ""none""}",0.5386728848700642,0.03288436382729841,0.580629874885109,0.045516702925349026,0.35194559134227954,0.0711085603918421,0.4345374968646628,0.058098578132393136,0.6152309591950476,0.024334717901553976,0.7184106855382664,0.01893931070461731,0.19170393784725814,0.011346701034920028,0.5652038339085423,0.02764382280329713
xgboost,extended_geographic,"{""model__colsample_bytree"": 0.8, ""model__learning_rate"": 0.08, ""model__max_depth"": 3, ""model__min_child_weight"": 1, ""model__n_estimators"": 300, ""model__reg_lambda"": 5.0, ""model__subsample"": 1.0, ""sample_weight_mode"": ""balanced""}",0.5386694647483262,0.03769968678264189,0.49284166462751655,0.03946483720422658,0.6162402359216338,0.03534852390178279,0.5462096373200211,0.021166569229641108,0.6558322855711747,0.013298033526739621,0.7157784102012917,0.013538694178871056,0.21047447284444037,0.005769018740722032,0.6089086778621442,0.013421097860618476
xgboost,extended_geographic,"{""model__colsample_bytree"": 0.8, ""model__learning_rate"": 0.08, ""model__max_depth"": 3, ""model__min_child_weight"": 5, ""model__n_estimators"": 600, ""model__reg_lambda"": 1.0, ""model__subsample"": 0.8, ""sample_weight_mode"": ""none""}",0.5386599929654375,0.024354158692067626,0.5695997461994586,0.03741123617176043,0.3641286324423543,0.05847932090547517,0.4412781179306343,0.04255953847944555,0.6159425295347667,0.01771000807707561,0.7117311902580244,0.02075218014945564,0.19406545533942848,0.012929858173908041,0.5719450220178726,0.03248353115785833
xgboost,extended_geographic,"{""model__colsample_bytree"": 1.0, ""model__learning_rate"": 0.08, ""model__max_depth"": 3, ""model__min_child_weight"": 1, ""model__n_estimators"": 300, ""model__reg_lambda"": 5.0, ""model__subsample"": 1.0, ""sample_weight_mode"": ""none""}",0.5386454337839621,0.034364961594646234,0.5741672448647052,0.06651090529870914,0.3205207653982674,0.07926707921981475,0.40747304140320867,0.07427027705363162,0.6041993201123222,0.03068255186823663,0.7154394882657633,0.012958764834802081,0.19228901726378841,0.010022000074992248,0.5668228697675398,0.024083509242283585
xgboost,airport_aware,"{""model__colsample_bytree"": 0.8, ""model__learning_rate"": 0.08, ""model__max_depth"": 3, ""model__min_child_weight"": 5, ""model__n_estimators"": 300, ""model__reg_lambda"": 5.0, ""model__subsample"": 1.0, ""sample_weight_mode"": ""balanced""}",0.538627650415576,0.03828265007365058,0.5001919604058104,0.04490800215232095,0.6177790364111007,0.04004358729843634,0.5511038398699558,0.027293567710786476,0.6605897200224755,0.023503987962978777,0.7144381086088792,0.019735934401481994,0.21098104070324702,0.006950067705278671,0.6102038953928852,0.01578019166628618
xgboost,airport_aware,"{""model__colsample_bytree"": 1.0, ""model__learning_rate"": 0.03, ""model__max_depth"": 3, ""model__min_child_weight"": 5, ""model__n_estimators"": 300, ""model__reg_lambda"": 1.0, ""model__subsample"": 0.8, ""sample_weight_mode"": ""balanced""}",0.5386009236332141,0.038817762021424784,0.5060210450928248,0.04000442237744391,0.6180452158222292,0.035179279709526966,0.5548307687806343,0.019270871686255905,0.6639199135592404,0.020069526012912262,0.7165065688152368,0.01504494395104068,0.2112901346287297,0.005456132316011766,0.6115438305497254,0.011886093425097631
xgboost,extended_geographic,"{""model__colsample_bytree"": 1.0, ""model__learning_rate"": 0.03, ""model__max_depth"": 6, ""model__min_child_weight"": 1, ""model__n_estimators"": 300, ""model__reg_lambda"": 1.0, ""model__subsample"": 0.8, ""sample_weight_mode"": ""none""}",0.5385981560822991,0.031019930379538062,0.573182160336669,0.048006969374657614,0.36007021923119564,0.07261822720896555,0.43839448719118634,0.057729211660623655,0.6158988222145382,0.02425462880264541,0.7151504210352269,0.01697158938637486,0.1926945521077495,0.011474104994643153,0.5679239600868804,0.02771267571772621
xgboost,extended_geographic,"{""model__colsample_bytree"": 0.8, ""model__learning_rate"": 0.03, ""model__max_depth"": 3, ""model__min_child_weight"": 1, ""model__n_estimators"": 300, ""model__reg_lambda"": 1.0, ""model__subsample"": 0.8, ""sample_weight_mode"": ""balanced""}",0.5385011974452513,0.03631689458591749,0.504228709441547,0.042088316327264695,0.6141085260820237,0.03294454245992087,0.5520863749007632,0.018457060734334542,0.661761487218997,0.014593132767414392,0.7189092135640575,0.012274509912907555,0.21073977548342593,0.0046747127517712565,0.6104284362502381,0.01014306485676107
xgboost,extended_geographic,"{""model__colsample_bytree"": 1.0, ""model__learning_rate"": 0.03, ""model__max_depth"": 6, ""model__min_child_weight"": 5, ""model__n_estimators"": 300, ""model__reg_lambda"": 1.0, ""model__subsample"": 0.8, ""sample_weight_mode"": ""none""}",0.5384890137667903,0.03221551349419645,0.5739047087090976,0.051171490839505195,0.35724511204475473,0.07098346385835827,0.43657694384058765,0.05746541842040093,0.6152350670935888,0.023999156771941903,0.7143854722816626,0.01857310361129733,0.1927613516718695,0.011325657626894624,0.5681749268390471,0.027893922797821952
xgboost,extended_geographic,"{""model__colsample_bytree"": 0.8, ""model__learning_rate"": 0.03, ""model__max_depth"": 3, ""model__min_child_weight"": 5, ""model__n_estimators"": 600, ""model__reg_lambda"": 5.0, ""model__subsample"": 1.0, ""sample_weight_mode"": ""none""}",0.538486313537107,0.034112035160356886,0.5704936534813437,0.06633930528449021,0.3118817817859318,0.0824809099890931,0.3986526888903982,0.07790723977769097,0.6005035712061317,0.03002872565720197,0.7134807249475972,0.01293942778995243,0.1925954618299956,0.009902845999256336,0.5678180132646908,0.02323097358149276
xgboost,airport_aware,"{""model__colsample_bytree"": 0.8, ""model__learning_rate"": 0.08, ""model__max_depth"": 3, ""model__min_child_weight"": 5, ""model__n_estimators"": 300, ""model__reg_lambda"": 5.0, ""model__subsample"": 1.0, ""sample_weight_mode"": ""none""}",0.538462574645651,0.03858000461550878,0.5634386550226209,0.0718524196390163,0.31173544414634935,0.08352723327625536,0.39726802053071547,0.08285008154587492,0.5992157338835993,0.03176474225001191,0.7138445207182567,0.01845177314522964,0.19255935454232115,0.01056357243099263,0.5674492839110851,0.02485085762278664
xgboost,extended_geographic,"{""model__colsample_bytree"": 0.8, ""model__learning_rate"": 0.03, ""model__max_depth"": 6, ""model__min_child_weight"": 5, ""model__n_estimators"": 300, ""model__reg_lambda"": 1.0, ""model__subsample"": 0.8, ""sample_weight_mode"": ""balanced""}",0.5384272427248821,0.03354445132765582,0.5006426491585036,0.03823430196136996,0.6024572455062244,0.04701622673240556,0.5452508034906387,0.02433838952909271,0.6569272865060809,0.02326424748393881,0.7152918742936903,0.018126045644368306,0.20838026525040218,0.006794183063150314,0.6041701754113102,0.015815541091437995
xgboost,airport_aware,"{""model__colsample_bytree"": 1.0, ""model__learning_rate"": 0.03, ""model__max_depth"": 3, ""model__min_child_weight"": 1, ""model__n_estimators"": 300, ""model__reg_lambda"": 1.0, ""model__subsample"": 0.8, ""sample_weight_mode"": ""none""}",0.5384186161428721,0.035348141005234875,0.588493200637572,0.061007069291867076,0.28001794336676344,0.07577294194879258,0.3751725596683434,0.07766184510850431,0.5938479713775939,0.028233560775450136,0.7173514630665276,0.015537582001141961,0.19221500859075516,0.010256181625134359,0.5670342729023163,0.023754375973395928
xgboost,airport_aware,"{""model__colsample_bytree"": 0.8, ""model__learning_rate"": 0.08, ""model__max_depth"": 3, ""model__min_child_weight"": 5, ""model__n_estimators"": 600, ""model__reg_lambda"": 5.0, ""model__subsample"": 0.8, ""sample_weight_mode"": ""balanced""}",0.5384151564139154,0.030505346699284508,0.4944552972567459,0.03954832516753992,0.6163865453130455,0.053224668281622804,0.5471090904876773,0.029731933105376945,0.6567729446918862,0.025614426889659037,0.7116785369614153,0.02169430067150793,0.21112373247272515,0.008132626556269071,0.6103265615950357,0.01937315424772262
xgboost,extended_geographic,"{""model__colsample_bytree"": 0.8, ""model__learning_rate"": 0.03, ""model__max_depth"": 3, ""model__min_child_weight"": 5, ""model__n_estimators"": 600, ""model__reg_lambda"": 1.0, ""model__subsample"": 1.0, ""sample_weight_mode"": ""none""}",0.5383738518473056,0.033699411608924076,0.5726946643509754,0.06151135858544836,0.3164753861940918,0.08338598617749489,0.40237481771831984,0.0767107250530996,0.6020570046600907,0.028182234784235576,0.7133059360635189,0.013250241758085505,0.192690573924803,0.009952605950853744,0.5678829890962893,0.023490155753215426
xgboost,extended_geographic,"{""model__colsample_bytree"": 0.8, ""model__learning_rate"": 0.08, ""model__max_depth"": 3, ""model__min_child_weight"": 5, ""model__n_estimators"": 600, ""model__reg_lambda"": 1.0, ""model__subsample"": 1.0, ""sample_weight_mode"": ""none""}",0.5383632611504655,0.0298896121529346,0.570784502496454,0.0400078125406391,0.3594811979425209,0.06668798524632726,0.4366746005393146,0.045426341805208555,0.6141142506660188,0.018062278547805788,0.7096540665429769,0.02019411437398499,0.19435823606253938,0.012105092767560449,0.5724497006313509,0.03008692853594442
xgboost,airport_aware,"{""model__colsample_bytree"": 0.8, ""model__learning_rate"": 0.08, ""model__max_depth"": 3, ""model__min_child_weight"": 5, ""model__n_estimators"": 300, ""model__reg_lambda"": 1.0, ""model__subsample"": 1.0, ""sample_weight_mode"": ""balanced""}",0.5383625455796427,0.03653463156308714,0.4932109278270512,0.040726144201499,0.6102746398116816,0.03568790522828952,0.5440382668471612,0.02304068895607404,0.6545401699659213,0.019852638002194358,0.7125762505460489,0.01706696925878115,0.2113079300630782,0.006259163919578799,0.6106722682429381,0.014549022678046723
xgboost,airport_aware,"{""model__colsample_bytree"": 1.0, ""model__learning_rate"": 0.08, ""model__max_depth"": 3, ""model__min_child_weight"": 5, ""model__n_estimators"": 300, ""model__reg_lambda"": 5.0, ""model__subsample"": 1.0, ""sample_weight_mode"": ""none""}",0.5383549046341143,0.03558329444345148,0.5683202433433827,0.06805810285562885,0.31459387175670794,0.07517059185998679,0.4018127334932916,0.0745904706119185,0.6010787567749565,0.02949433335129712,0.7136254271050521,0.016741772105952086,0.19257591183462952,0.010632924140959236,0.5676918895221679,0.024997651064690273
xgboost,extended_geographic,"{""model__colsample_bytree"": 1.0, ""model__learning_rate"": 0.08, ""model__max_depth"": 3, ""model__min_child_weight"": 1, ""model__n_estimators"": 300, ""model__reg_lambda"": 5.0, ""model__subsample"": 1.0, ""sample_weight_mode"": ""balanced""}",0.5383487396866788,0.033867553806145215,0.49242998538527927,0.03806706693979698,0.6241874742711391,0.03404232728900445,0.5492679257055355,0.022122125280511443,0.657612877005362,0.016914641129787352,0.7147534756268529,0.014193522441169644,0.21094501069354585,0.005872861770172342,0.6099239542441336,0.013543194153115432
xgboost,extended_geographic,"{""model__colsample_bytree"": 1.0, ""model__learning_rate"": 0.03, ""model__max_depth"": 3, ""model__min_child_weight"": 1, ""model__n_estimators"": 300, ""model__reg_lambda"": 5.0, ""model__subsample"": 0.8, ""sample_weight_mode"": ""none""}",0.5383026052647681,0.03680385391158921,0.5836339341861692,0.06061081911856055,0.29030691992929164,0.07808198367036069,0.38313016977614034,0.07658412470392663,0.596152891365152,0.028612966035720708,0.7172643382102228,0.012797679260291598,0.1921795000656455,0.009782304558431302,0.5672011504128265,0.022627388803943854
xgboost,airport_aware,"{""model__colsample_bytree"": 0.8, ""model__learning_rate"": 0.08, ""model__max_depth"": 3, ""model__min_child_weight"": 1, ""model__n_estimators"": 600, ""model__reg_lambda"": 5.0, ""model__subsample"": 0.8, ""sample_weight_mode"": ""none""}",0.5382976902715273,0.030744424009580607,0.5676099404611411,0.05677510351319373,0.35318899605398274,0.08544433130068707,0.43127799626885627,0.07422699422299171,0.6129444787449243,0.03161498723510786,0.7139601183323403,0.019425554663145744,0.19344445439762764,0.011746508359233066,0.5698240204935743,0.029260341194248314
xgboost,extended_geographic,"{""model__colsample_bytree"": 1.0, ""model__learning_rate"": 0.03, ""model__max_depth"": 3, ""model__min_child_weight"": 5, ""model__n_estimators"": 600, ""model__reg_lambda"": 5.0, ""model__subsample"": 1.0, ""sample_weight_mode"": ""balanced""}",0.5382831068765095,0.034708708126007584,0.5012540828164628,0.03802413403605205,0.6253134017017425,0.03378172869077642,0.5550059722409258,0.019334553958269766,0.6632236264762666,0.018073156010954546,0.713616606635713,0.012120317452500478,0.2114183415263115,0.005687400754254224,0.6113000646884222,0.01270766765974054
xgboost,extended_geographic,"{""model__colsample_bytree"": 1.0, ""model__learning_rate"": 0.03, ""model__max_depth"": 3, ""model__min_child_weight"": 1, ""model__n_estimators"": 300, ""model__reg_lambda"": 5.0, ""model__subsample"": 0.8, ""sample_weight_mode"": ""balanced""}",0.5382632600822811,0.037132790346050215,0.5039112544480463,0.04552108549124568,0.61441728189666,0.025029539526959927,0.5521256994402886,0.022057240328312674,0.661617710609973,0.015451815609625528,0.7171894594181527,0.011947172003711287,0.21108674392224244,0.004818426878149497,0.6111415006866403,0.010422780198718578
xgboost,extended_geographic,"{""model__colsample_bytree"": 0.8, ""model__learning_rate"": 0.03, ""model__max_depth"": 6, ""model__min_child_weight"": 5, ""model__n_estimators"": 300, ""model__reg_lambda"": 1.0, ""model__subsample"": 0.8, ""sample_weight_mode"": ""none""}",0.538251735548573,0.02915900170234901,0.5779452623607868,0.04593386440462563,0.35046417024819043,0.07089473564588256,0.4327147188897289,0.05886266399322131,0.6141452111754399,0.024147826141085738,0.7157593805690373,0.01931360978225626,0.19241499072707885,0.011694124747957382,0.5672821371562989,0.02883872807163885
xgboost,extended_geographic,"{""model__colsample_bytree"": 0.8, ""model__learning_rate"": 0.03, ""model__max_depth"": 3, ""model__min_child_weight"": 1, ""model__n_estimators"": 600, ""model__reg_lambda"": 5.0, ""model__subsample"": 1.0, ""sample_weight_mode"": ""none""}",0.5381944771260577,0.03669071568793302,0.5784120440480864,0.06285102450175621,0.31511879410551014,0.08075407039244921,0.40393907940486995,0.0765452134819866,0.6035167931336888,0.031442208965219896,0.7146259997431206,0.012220330437106871,0.192395862731785,0.009756420141506978,0.5671534747404283,0.023173286313895727
xgboost,airport_aware,"{""model__colsample_bytree"": 0.8, ""model__learning_rate"": 0.03, ""model__max_depth"": 6, ""model__min_child_weight"": 1, ""model__n_estimators"": 300, ""model__reg_lambda"": 5.0, ""model__subsample"": 0.8, ""sample_weight_mode"": ""none""}",0.5381598199097696,0.03793051190911055,0.566951350413151,0.056622053695396725,0.34054745455261887,0.08444231739076845,0.42100890813470004,0.07365597523674938,0.6086429130018499,0.03055887852993949,0.7180515315822069,0.017892112679796037,0.19178880630900869,0.010912689657198112,0.5651237699882807,0.026276833663927357
xgboost,extended_geographic,"{""model__colsample_bytree"": 1.0, ""model__learning_rate"": 0.08, ""model__max_depth"": 3, ""model__min_child_weight"": 1, ""model__n_estimators"": 600, ""model__reg_lambda"": 5.0, ""model__subsample"": 0.8, ""sample_weight_mode"": ""balanced""}",0.5381462963369543,0.030162729251372377,0.4938014033572603,0.03613595836257096,0.6097791334666576,0.048761783953473505,0.544072026359868,0.023643054848758234,0.6547538677009934,0.020387145229174772,0.7126738344425223,0.02154862821728195,0.21029243831707908,0.008962008866125033,0.6085079893846003,0.021520461959169256
xgboost,extended_geographic,"{""model__colsample_bytree"": 1.0, ""model__learning_rate"": 0.03, ""model__max_depth"": 3, ""model__min_child_weight"": 1, ""model__n_estimators"": 600, ""model__reg_lambda"": 5.0, ""model__subsample"": 1.0, ""sample_weight_mode"": ""balanced""}",0.5381381630768617,0.03798105196693614,0.49998082053304155,0.042749748571878285,0.6189473976645143,0.03060242088018962,0.5515009035150086,0.02044376701461893,0.6606264405521389,0.01595685713899844,0.7146019117178705,0.012719903811398453,0.21122187115203786,0.005421743554502423,0.6108225884652505,0.012227407866581089
xgboost,extended_geographic,"{""model__colsample_bytree"": 1.0, ""model__learning_rate"": 0.08, ""model__max_depth"": 3, ""model__min_child_weight"": 5, ""model__n_estimators"": 300, ""model__reg_lambda"": 5.0, ""model__subsample"": 1.0, ""sample_weight_mode"": ""balanced""}",0.5381323660765827,0.03437562620024964,0.4919468178815952,0.035703580519186144,0.6203094162336926,0.03404206902701765,0.5473013358926778,0.01611957169251724,0.6561131008560233,0.015842751237969875,0.7138372710468672,0.014200168502133816,0.21090924415140008,0.006535040748433347,0.6099239546308519,0.014881517588833465
xgboost,extended_geographic,"{""model__colsample_bytree"": 1.0, ""model__learning_rate"": 0.08, ""model__max_depth"": 3, ""model__min_child_weight"": 1, ""model__n_estimators"": 300, ""model__reg_lambda"": 1.0, ""model__subsample"": 1.0, ""sample_weight_mode"": ""none""}",0.5381094220524165,0.033682887514007165,0.5895733481706293,0.03921252176936557,0.3381888227433788,0.07594804847298259,0.42533034010657883,0.06376241902357078,0.612729385372836,0.02520390366520712,0.7150540125718716,0.014987502074891017,0.19251594191787663,0.010363498036791425,0.5673156849779277,0.02498992364081992
xgboost,extended_geographic,"{""model__colsample_bytree"": 0.8, ""model__learning_rate"": 0.08, ""model__max_depth"": 3, ""model__min_child_weight"": 1, ""model__n_estimators"": 600, ""model__reg_lambda"": 5.0, ""model__subsample"": 0.8, ""sample_weight_mode"": ""balanced""}",0.5380672859045067,0.027598172296578106,0.49656459638473793,0.030428464216832027,0.6083399502423761,0.046452263895711464,0.5455571968806672,0.02263544052138548,0.6561419869134205,0.022217441594728285,0.7123512427719542,0.020660547903338523,0.21003334221284115,0.008382235864725316,0.6081518203874747,0.02027905228709929
xgboost,extended_geographic,"{""model__colsample_bytree"": 0.8, ""model__learning_rate"": 0.03, ""model__max_depth"": 3, ""model__min_child_weight"": 5, ""model__n_estimators"": 600, ""model__reg_lambda"": 1.0, ""model__subsample"": 1.0, ""sample_weight_mode"": ""balanced""}",0.5380482806757781,0.033925334551435635,0.4944212800509183,0.03603034862980361,0.6155727801960224,0.03282804731164186,0.5470480821105422,0.017307211935177785,0.6567313704977163,0.012299961592018464,0.7140603203739568,0.013198705168642882,0.21117011217286233,0.005404659106343266,0.6105925101498707,0.012230421208961175
xgboost,extended_geographic,"{""model__colsample_bytree"": 0.8, ""model__learning_rate"": 0.03, ""model__max_depth"": 6, ""model__min_child_weight"": 5, ""model__n_estimators"": 300, ""model__reg_lambda"": 1.0, ""model__subsample"": 1.0, ""sample_weight_mode"": ""none""}",0.5380470823856225,0.03343037116319937,0.583261572342281,0.05637696333385836,0.3486428831012254,0.06937581891032513,0.43346045172086906,0.061609158043312386,0.6152331300720402,0.026680521188040807,0.7159100122879335,0.01498369764795414,0.1922583492502585,0.01066970742551392,0.5671359551182332,0.026034052094994077
xgboost,extended_geographic,"{""model__colsample_bytree"": 0.8, ""model__learning_rate"": 0.03, ""model__max_depth"": 6, ""model__min_child_weight"": 1, ""model__n_estimators"": 300, ""model__reg_lambda"": 1.0, ""model__subsample"": 1.0, ""sample_weight_mode"": ""balanced""}",0.5379979726119564,0.037060083810014015,0.5051306068844948,0.0331577275511707,0.6088898291483684,0.0468127199955088,0.5506378010834958,0.02023404491164568,0.6612927003459598,0.021477972862559876,0.7121468936895219,0.014096056340345818,0.20883860886995192,0.005370592315126253,0.605242873352269,0.012701920149084245
xgboost,extended_geographic,"{""model__colsample_bytree"": 0.8, ""model__learning_rate"": 0.03, ""model__max_depth"": 3, ""model__min_child_weight"": 1, ""model__n_estimators"": 600, ""model__reg_lambda"": 5.0, ""model__subsample"": 1.0, ""sample_weight_mode"": ""balanced""}",0.5379878137925338,0.0362151150388159,0.5004850817914355,0.03705523950064377,0.6180603290996289,0.03682800397774319,0.5513825630264663,0.014380811269642566,0.6609097603208565,0.015259363120971554,0.7151980492846712,0.01297216598642873,0.21114872098048224,0.005466463715755391,0.6107252992265982,0.012457358024150754
xgboost,airport_aware,"{""model__colsample_bytree"": 0.8, ""model__learning_rate"": 0.03, ""model__max_depth"": 3, ""model__min_child_weight"": 1, ""model__n_estimators"": 600, ""model__reg_lambda"": 1.0, ""model__subsample"": 1.0, ""sample_weight_mode"": ""balanced""}",0.537945399385528,0.03740134870344058,0.49568192530270994,0.04075899944680424,0.6091079746347993,0.034225283713728294,0.5449679428644214,0.020342922077571803,0.6555429747888838,0.01800472835141443,0.7152457272015822,0.014714828314552479,0.21083682271675105,0.005877591124704046,0.6100658343490346,0.013356949179317597
xgboost,extended_geographic,"{""model__colsample_bytree"": 0.8, ""model__learning_rate"": 0.03, ""model__max_depth"": 3, ""model__min_child_weight"": 5, ""model__n_estimators"": 300, ""model__reg_lambda"": 5.0, ""model__subsample"": 0.8, ""sample_weight_mode"": ""none""}",0.5378991459385835,0.03497725488627988,0.5828999810149014,0.05974507542140727,0.2806324242119077,0.08108797464805612,0.3740827947061046,0.08213913497047408,0.5930905507070776,0.030280314808941118,0.7172267142388199,0.014228384548401113,0.19230077500902354,0.010017380837084627,0.5675676946529951,0.023168296290411318
xgboost,extended_geographic,"{""model__colsample_bytree"": 0.8, ""model__learning_rate"": 0.03, ""model__max_depth"": 6, ""model__min_child_weight"": 1, ""model__n_estimators"": 300, ""model__reg_lambda"": 5.0, ""model__subsample"": 1.0, ""sample_weight_mode"": ""none""}",0.5378878724398252,0.032574721762821106,0.5740553233872425,0.06493297065556955,0.343178975713644,0.07784887113836547,0.4260969707651471,0.07071232536115916,0.6114074831478511,0.031233571380564595,0.7156887679925481,0.014857151467914931,0.19219786572758324,0.010600326744901975,0.5663918299677541,0.02579684707602055
xgboost,extended_geographic,"{""model__colsample_bytree"": 0.8, ""model__learning_rate"": 0.03, ""model__max_depth"": 3, ""model__min_child_weight"": 5, ""model__n_estimators"": 300, ""model__reg_lambda"": 1.0, ""model__subsample"": 0.8, ""sample_weight_mode"": ""balanced""}",0.5378404168030981,0.03530916850818659,0.5025882837688742,0.040568286847359754,0.6133976232214017,0.03349384516567948,0.5510320325783695,0.0210284390206451,0.6607619444050514,0.016377048987250595,0.7174595086582467,0.013276184230004963,0.21120783728323617,0.005011909009501048,0.6114911199082901,0.010840864333084501
xgboost,extended_geographic,"{""model__colsample_bytree"": 0.8, ""model__learning_rate"": 0.03, ""model__max_depth"": 6, ""model__min_child_weight"": 1, ""model__n_estimators"": 600, ""model__reg_lambda"": 5.0, ""model__subsample"": 1.0, ""sample_weight_mode"": ""none""}",0.5377396961511494,0.02892068703726556,0.5642678656617528,0.05886288861167176,0.3552323026224939,0.0713609102832207,0.4324643735274639,0.059614092056910456,0.6121877245113585,0.02691985564866363,0.713083164241023,0.017192106310731526,0.1935063787821909,0.011615464315195894,0.5701344238646623,0.02904920220499214
xgboost,extended_geographic,"{""model__colsample_bytree"": 1.0, ""model__learning_rate"": 0.08, ""model__max_depth"": 3, ""model__min_child_weight"": 1, ""model__n_estimators"": 600, ""model__reg_lambda"": 1.0, ""model__subsample"": 0.8, ""sample_weight_mode"": ""none""}",0.5377181793113355,0.028514757019923856,0.5642169864539633,0.04657089123972033,0.36558095127827184,0.07283739939510508,0.4399715663522331,0.0565593783150232,0.6152984556214294,0.02516260770956349,0.7128542828258286,0.017641965533621292,0.19415140049776253,0.011943921516428825,0.5727238267110482,0.03044097695254889
xgboost,extended_geographic,"{""model__colsample_bytree"": 0.8, ""model__learning_rate"": 0.08, ""model__max_depth"": 3, ""model__min_child_weight"": 5, ""model__n_estimators"": 300, ""model__reg_lambda"": 1.0, ""model__subsample"": 1.0, ""sample_weight_mode"": ""balanced""}",0.537706997105281,0.03129458180914042,0.4970656508077599,0.03622798797059542,0.6201519545347048,0.03824769200004377,0.5503576692451403,0.01893385798266458,0.6594341383198499,0.017420218299991158,0.7150195907917604,0.015299014939060007,0.21063838151286793,0.0062838387052868835,0.6093887216838431,0.014498346441875745
xgboost,extended_geographic,"{""model__colsample_bytree"": 1.0, ""model__learning_rate"": 0.08, ""model__max_depth"": 3, ""model__min_child_weight"": 5, ""model__n_estimators"": 600, ""model__reg_lambda"": 5.0, ""model__subsample"": 1.0, ""sample_weight_mode"": ""none""}",0.5377062275698419,0.02504673956674765,0.5827722552754011,0.04567149874924812,0.3552912345633534,0.06470042518347019,0.4372769428301373,0.04718113526471415,0.6161094214790681,0.018502520747521227,0.7130454723139752,0.019185157318230273,0.19338199352647065,0.011902655862954614,0.5697757245167229,0.02954807436210703
xgboost,extended_geographic,"{""model__colsample_bytree"": 0.8, ""model__learning_rate"": 0.08, ""model__max_depth"": 3, ""model__min_child_weight"": 1, ""model__n_estimators"": 300, ""model__reg_lambda"": 1.0, ""model__subsample"": 1.0, ""sample_weight_mode"": ""balanced""}",0.5376504972382603,0.0348507186454915,0.49147100125033766,0.03807399820315506,0.6188756166718931,0.03775399573983609,0.5464507718267504,0.021859277273555473,0.6556798067548045,0.01367631305054552,0.7145724341700198,0.013020869684981064,0.21069755896443604,0.0055442520886218065,0.6096671446107479,0.012822601507697755
xgboost,extended_geographic,"{""model__colsample_bytree"": 1.0, ""model__learning_rate"": 0.08, ""model__max_depth"": 3, ""model__min_child_weight"": 1, ""model__n_estimators"": 300, ""model__reg_lambda"": 1.0, ""model__subsample"": 1.0, ""sample_weight_mode"": ""balanced""}",0.5376126005765363,0.033698249592138727,0.49927549527810167,0.030890633800203827,0.6172136014089109,0.03596291386478115,0.5509221168152547,0.01824949939639289,0.6600937035468458,0.018310301385068294,0.7133337741059429,0.013850126286588705,0.21091506556125889,0.005739168271904954,0.610102149430856,0.01334790894976952
xgboost,extended_geographic,"{""model__colsample_bytree"": 0.8, ""model__learning_rate"": 0.03, ""model__max_depth"": 6, ""model__min_child_weight"": 1, ""model__n_estimators"": 600, ""model__reg_lambda"": 5.0, ""model__subsample"": 0.8, ""sample_weight_mode"": ""none""}",0.5375530253117808,0.030983521342921216,0.57940602827034,0.03873897036660093,0.3835997460622572,0.06963445353411121,0.45805102555312416,0.05087844354389867,0.6250641911605147,0.024293843959870078,0.7126335489950111,0.019811086783090973,0.19383125147295469,0.012224332790549809,0.5715998828284903,0.030781801809589455
xgboost,extended_geographic,"{""model__colsample_bytree"": 1.0, ""model__learning_rate"": 0.03, ""model__max_depth"": 3, ""model__min_child_weight"": 1, ""model__n_estimators"": 300, ""model__reg_lambda"": 1.0, ""model__subsample"": 1.0, ""sample_weight_mode"": ""none""}",0.5375022785908117,0.03590137203131918,0.5957515797511899,0.05199000518545786,0.2844896989736617,0.062327820834693036,0.38207829023159906,0.0630383988643584,0.5963826080816197,0.02312382855317918,0.714272980371,0.011425188509075498,0.19271828169252503,0.009665620131218449,0.568599521895241,0.022116722957776773
xgboost,airport_aware,"{""model__colsample_bytree"": 0.8, ""model__learning_rate"": 0.03, ""model__max_depth"": 3, ""model__min_child_weight"": 1, ""model__n_estimators"": 300, ""model__reg_lambda"": 1.0, ""model__subsample"": 0.8, ""sample_weight_mode"": ""none""}",0.5373895897351267,0.03606407984124896,0.5871696375568526,0.06055332394461008,0.282464366081402,0.07261485103428174,0.37721478639283695,0.07353878160386053,0.5941323083636617,0.02623708967493733,0.7170821304072831,0.014647720127502583,0.1923612956665471,0.010208410428385124,0.5674554140861361,0.023551759617302395
xgboost,airport_aware,"{""model__colsample_bytree"": 0.8, ""model__learning_rate"": 0.03, ""model__max_depth"": 6, ""model__min_child_weight"": 5, ""model__n_estimators"": 300, ""model__reg_lambda"": 5.0, ""model__subsample"": 0.8, ""sample_weight_mode"": ""balanced""}",0.5373577146013867,0.03616582880262784,0.5005050994479953,0.037969910919722724,0.6131587090292229,0.046162874715147975,0.5495026020112115,0.02363550745221869,0.6597689186501864,0.02370791108262509,0.7176138575780833,0.016970654737420068,0.20841161832585006,0.006217409419041884,0.6041863869729418,0.0141806976632436
xgboost,airport_aware,"{""model__colsample_bytree"": 0.8, ""model__learning_rate"": 0.08, ""model__max_depth"": 3, ""model__min_child_weight"": 5, ""model__n_estimators"": 600, ""model__reg_lambda"": 5.0, ""model__subsample"": 1.0, ""sample_weight_mode"": ""balanced""}",0.5373410257207919,0.032904584335760156,0.48921200264131925,0.036406098506451025,0.6120351738350106,0.04610727651361501,0.5424561977285396,0.027062655191083192,0.6526709592959732,0.022920870144716297,0.7122695766934207,0.019690268444374295,0.2110918267802418,0.007683443843718347,0.6099152401398241,0.018464150378938927
xgboost,extended_geographic,"{""model__colsample_bytree"": 0.8, ""model__learning_rate"": 0.08, ""model__max_depth"": 3, ""model__min_child_weight"": 5, ""model__n_estimators"": 600, ""model__reg_lambda"": 1.0, ""model__subsample"": 0.8, ""sample_weight_mode"": ""balanced""}",0.5373180126789301,0.024795431021744915,0.49084693589119455,0.032405720485931155,0.6002831387454606,0.04865625335972059,0.5384659864051394,0.02069803105379568,0.6505658874675941,0.019165502950446046,0.710194454916157,0.021351563910585094,0.21094336451284662,0.009074848193437452,0.6103961812885236,0.02207881463012907
xgboost,airport_aware,"{""model__colsample_bytree"": 1.0, ""model__learning_rate"": 0.03, ""model__max_depth"": 3, ""model__min_child_weight"": 1, ""model__n_estimators"": 300, ""model__reg_lambda"": 1.0, ""model__subsample"": 0.8, ""sample_weight_mode"": ""balanced""}",0.5373140307913196,0.03741746809414992,0.5037775794804147,0.04332552888969066,0.6121275952985633,0.03696929502558197,0.5507437759974252,0.019160158875559566,0.6608215228274675,0.018355393885076624,0.7174445936328443,0.013754624934821958,0.21096303643301142,0.0051529711383808945,0.6108174479931672,0.011308009354323953
xgboost,airport_aware,"{""model__colsample_bytree"": 0.8, ""model__learning_rate"": 0.03, ""model__max_depth"": 3, ""model__min_child_weight"": 5, ""model__n_estimators"": 600, ""model__reg_lambda"": 5.0, ""model__subsample"": 1.0, ""sample_weight_mode"": ""balanced""}",0.5373121885997992,0.03854764175359942,0.4984773949052742,0.039805260115237724,0.6212078965877377,0.036092525101458786,0.5513178103747679,0.0166606331362688,0.6604036769571262,0.016449992507483416,0.7144425429324585,0.015513335944653844,0.21132685347744246,0.0059912975415298345,0.6111310579286079,0.013373217221840965
xgboost,airport_aware,"{""model__colsample_bytree"": 0.8, ""model__learning_rate"": 0.03, ""model__max_depth"": 3, ""model__min_child_weight"": 5, ""model__n_estimators"": 600, ""model__reg_lambda"": 1.0, ""model__subsample"": 1.0, ""sample_weight_mode"": ""none""}",0.53729152184278,0.03454757789211647,0.5633868722126584,0.05865292045783636,0.30367269563185284,0.08299954883935734,0.3903493920617079,0.081557062355794,0.5965729577973222,0.03033332466985496,0.7135932658806285,0.016170706600585668,0.19271981556220233,0.010609188358917648,0.5680314971313439,0.02468748480781009
xgboost,airport_aware,"{""model__colsample_bytree"": 1.0, ""model__learning_rate"": 0.03, ""model__max_depth"": 3, ""model__min_child_weight"": 1, ""model__n_estimators"": 300, ""model__reg_lambda"": 5.0, ""model__subsample"": 0.8, ""sample_weight_mode"": ""none""}",0.5372898027257997,0.03758509145553865,0.5837309152115753,0.06762663477555986,0.28219508275372596,0.07529340241190137,0.3764537897106101,0.07769046594767628,0.5937783420778449,0.028568309229277396,0.7169049423445685,0.014456514844691883,0.19239719430914773,0.009956034568894637,0.5676640070854456,0.022882579009811797
xgboost,extended_geographic,"{""model__colsample_bytree"": 0.8, ""model__learning_rate"": 0.08, ""model__max_depth"": 6, ""model__min_child_weight"": 5, ""model__n_estimators"": 300, ""model__reg_lambda"": 5.0, ""model__subsample"": 1.0, ""sample_weight_mode"": ""none""}",0.5372808636731128,0.024078273084499405,0.5645038733634669,0.035436858191650204,0.3748572461254864,0.06559015887542202,0.44674086816866243,0.04434211495462904,0.617858586621057,0.018814811974702885,0.7096594587709735,0.023237488102053283,0.19479468889312415,0.01333866599959945,0.5742276855928123,0.034357286867224765
xgboost,extended_geographic,"{""model__colsample_bytree"": 0.8, ""model__learning_rate"": 0.03, ""model__max_depth"": 3, ""model__min_child_weight"": 1, ""model__n_estimators"": 600, ""model__reg_lambda"": 1.0, ""model__subsample"": 1.0, ""sample_weight_mode"": ""balanced""}",0.5372674512588305,0.03517895132176963,0.4955991426525486,0.03478509002011772,0.6139064187565407,0.03509233134152876,0.5470228554685734,0.01580480698299314,0.6570304836705368,0.01432554519212927,0.7150690666022401,0.012937120010009602,0.2109643033739208,0.005249696540839531,0.6101588005340626,0.011893720142617293
xgboost,extended_geographic,"{""model__colsample_bytree"": 1.0, ""model__learning_rate"": 0.03, ""model__max_depth"": 3, ""model__min_child_weight"": 5, ""model__n_estimators"": 600, ""model__reg_lambda"": 1.0, ""model__subsample"": 1.0, ""sample_weight_mode"": ""none""}",0.5372507337530188,0.03230363914326029,0.5719629487695627,0.05847736516980533,0.3160682826720402,0.08977121409713988,0.4011113197549741,0.08182889720897771,0.6018923675746848,0.030464502617936897,0.712827731786484,0.01396174896200849,0.1927763742760252,0.010123358502661797,0.5682113230244435,0.023858575741438803
xgboost,extended_geographic,"{""model__colsample_bytree"": 0.8, ""model__learning_rate"": 0.08, ""model__max_depth"": 3, ""model__min_child_weight"": 5, ""model__n_estimators"": 600, ""model__reg_lambda"": 5.0, ""model__subsample"": 1.0, ""sample_weight_mode"": ""none""}",0.5371921716508571,0.02740284936452283,0.576851475134174,0.04379501172666835,0.35031081143206944,0.06734213194677266,0.43221850890669344,0.0533856283982301,0.6135297461559025,0.02177279539102761,0.7123763090136771,0.017216723735676894,0.19355972219093487,0.011398029755381631,0.5700699824308482,0.028094985805838215
xgboost,airport_aware,"{""model__colsample_bytree"": 0.8, ""model__learning_rate"": 0.03, ""model__max_depth"": 3, ""model__min_child_weight"": 5, ""model__n_estimators"": 300, ""model__reg_lambda"": 1.0, ""model__subsample"": 0.8, ""sample_weight_mode"": ""none""}",0.5371005118135163,0.03698269316516633,0.5889802495036817,0.06502996810460973,0.28021418044249957,0.07819512418268074,0.374997672316028,0.0802706700905733,0.5939192860062359,0.028786015216726947,0.7151884225053514,0.014493617562281494,0.19267500980539293,0.010185270371654448,0.5682930561638945,0.023241947467486132
xgboost,airport_aware,"{""model__colsample_bytree"": 1.0, ""model__learning_rate"": 0.03, ""model__max_depth"": 6, ""model__min_child_weight"": 5, ""model__n_estimators"": 300, ""model__reg_lambda"": 5.0, ""model__subsample"": 0.8, ""sample_weight_mode"": ""none""}",0.5370876049336155,0.03625714863955403,0.5730848473778338,0.059515113150604655,0.341800373833778,0.0868747509641863,0.42359128528148443,0.07703575638805199,0.610666370877317,0.03232697829278618,0.7165097702644069,0.01797894984405797,0.19218479831349403,0.011156726037425612,0.566214650397385,0.026814892848117007
xgboost,extended_geographic,"{""model__colsample_bytree"": 0.8, ""model__learning_rate"": 0.03, ""model__max_depth"": 3, ""model__min_child_weight"": 5, ""model__n_estimators"": 300, ""model__reg_lambda"": 5.0, ""model__subsample"": 0.8, ""sample_weight_mode"": ""balanced""}",0.5370762750583211,0.036799310648678085,0.5105524504698689,0.04400179611288326,0.6211930550762045,0.03013510911433809,0.5588503524543752,0.021519589272037544,0.6673463152760247,0.018436838603218927,0.7172545498462178,0.012906584087498547,0.21139084338431893,0.004661761751446561,0.6119793805258135,0.00997754864094892
xgboost,airport_aware,"{""model__colsample_bytree"": 1.0, ""model__learning_rate"": 0.08, ""model__max_depth"": 3, ""model__min_child_weight"": 5, ""model__n_estimators"": 600, ""model__reg_lambda"": 1.0, ""model__subsample"": 0.8, ""sample_weight_mode"": ""none""}",0.537072449823407,0.02785601712432238,0.5685871415292129,0.03862420182916825,0.35106302275643597,0.0848278477108971,0.4289514639768049,0.06794356570165117,0.6118542168548851,0.028079870094391984,0.7106920289465661,0.02457354378831638,0.1945149065561405,0.013243970623648576,0.5726235233324415,0.0334129369459688
xgboost,extended_geographic,"{""model__colsample_bytree"": 1.0, ""model__learning_rate"": 0.08, ""model__max_depth"": 6, ""model__min_child_weight"": 1, ""model__n_estimators"": 300, ""model__reg_lambda"": 5.0, ""model__subsample"": 1.0, ""sample_weight_mode"": ""none""}",0.5370326579570248,0.02489935121176604,0.5713441633129148,0.041004177667375026,0.3680125578250396,0.0677426823968609,0.4440537788687037,0.05106522113357634,0.617724995012745,0.022789530454979987,0.7083663425315285,0.0184964021529051,0.1953442764151379,0.012639610446353698,0.5761324506081833,0.031617990714214596
xgboost,airport_aware,"{""model__colsample_bytree"": 0.8, ""model__learning_rate"": 0.03, ""model__max_depth"": 6, ""model__min_child_weight"": 1, ""model__n_estimators"": 300, ""model__reg_lambda"": 1.0, ""model__subsample"": 0.8, ""sample_weight_mode"": ""balanced""}",0.5370265430033914,0.03449239358704879,0.5034103732254706,0.0348833905746045,0.6122829071044402,0.046382105921584836,0.5507497641505525,0.018199567416919946,0.6613561967758732,0.02045951878469484,0.7156801588125286,0.014125968658796626,0.20764070848417412,0.005379795794338583,0.6021374038882237,0.012696394565847622
xgboost,airport_aware,"{""model__colsample_bytree"": 1.0, ""model__learning_rate"": 0.03, ""model__max_depth"": 3, ""model__min_child_weight"": 5, ""model__n_estimators"": 300, ""model__reg_lambda"": 5.0, ""model__subsample"": 0.8, ""sample_weight_mode"": ""none""}",0.5369952634897008,0.038741157329213495,0.5849208918286024,0.06306880460600957,0.2781161726026858,0.07325865234708526,0.3727180826634866,0.07483601177784766,0.5923128218048176,0.0266753822816848,0.7162549888715606,0.015138497816475655,0.1924854957847443,0.010139791884550336,0.5678534173703068,0.023271923846529825
xgboost,extended_geographic,"{""model__colsample_bytree"": 0.8, ""model__learning_rate"": 0.03, ""model__max_depth"": 6, ""model__min_child_weight"": 5, ""model__n_estimators"": 300, ""model__reg_lambda"": 5.0, ""model__subsample"": 1.0, ""sample_weight_mode"": ""balanced""}",0.5369538049422361,0.03489891156918335,0.5035599552455426,0.03201471368002812,0.6148973198478495,0.04785576152826862,0.5520618038810422,0.018670681582559377,0.662013685174486,0.022819501829764065,0.715370382247091,0.01520266636220233,0.20938223150159319,0.005526139492776195,0.6063568553923043,0.012842681278292542
xgboost,airport_aware,"{""model__colsample_bytree"": 0.8, ""model__learning_rate"": 0.03, ""model__max_depth"": 3, ""model__min_child_weight"": 5, ""model__n_estimators"": 600, ""model__reg_lambda"": 1.0, ""model__subsample"": 1.0, ""sample_weight_mode"": ""balanced""}",0.5369321918312753,0.03751789481473242,0.49901675670210066,0.04062797502635243,0.6125201692126183,0.03624424685702097,0.54838437310072,0.020991455574737014,0.6585846671850023,0.01558338594925464,0.7133821588798712,0.016594779681949105,0.21142297509123015,0.0062511875023523455,0.6111852699410256,0.01412230356489538
xgboost,airport_aware,"{""model__colsample_bytree"": 0.8, ""model__learning_rate"": 0.03, ""model__max_depth"": 3, ""model__min_child_weight"": 5, ""model__n_estimators"": 600, ""model__reg_lambda"": 5.0, ""model__subsample"": 1.0, ""sample_weight_mode"": ""none""}",0.5369142114433216,0.03745635105112562,0.5704229915302604,0.06433940704944933,0.3016740727613737,0.08325146943691543,0.3901955766747715,0.08228362161407356,0.5975404911957886,0.031179985413069267,0.7137331524485127,0.015941937973398646,0.19262351285955712,0.010419447206225795,0.5678451172297698,0.02402772731659833
xgboost,extended_geographic,"{""model__colsample_bytree"": 0.8, ""model__learning_rate"": 0.03, ""model__max_depth"": 6, ""model__min_child_weight"": 1, ""model__n_estimators"": 300, ""model__reg_lambda"": 5.0, ""model__subsample"": 1.0, ""sample_weight_mode"": ""balanced""}",0.5368673118316523,0.03447208355185793,0.4990030042860926,0.03433867180499791,0.6090788439043936,0.04360365415626629,0.5471070267179072,0.020254438207389196,0.657961628683916,0.019350432072229303,0.7145513009458645,0.013032906554011252,0.20906220970106357,0.005027524586909181,0.605494095917685,0.011733013209820006
xgboost,extended_geographic,"{""model__colsample_bytree"": 1.0, ""model__learning_rate"": 0.08, ""model__max_depth"": 3, ""model__min_child_weight"": 1, ""model__n_estimators"": 600, ""model__reg_lambda"": 1.0, ""model__subsample"": 1.0, ""sample_weight_mode"": ""balanced""}",0.5368670882627132,0.03445989945916445,0.4912693762827439,0.033806982499968045,0.6059333129806724,0.03834556467465243,0.5416090432200926,0.024073299760791648,0.6523336427385772,0.0202225481734106,0.7094267619268889,0.017743007262572146,0.21128592390388262,0.00717972973443695,0.6110700639640442,0.017800348301552107
xgboost,airport_aware,"{""model__colsample_bytree"": 0.8, ""model__learning_rate"": 0.03, ""model__max_depth"": 6, ""model__min_child_weight"": 1, ""model__n_estimators"": 300, ""model__reg_lambda"": 5.0, ""model__subsample"": 1.0, ""sample_weight_mode"": ""none""}",0.5368594666959223,0.03641471078283367,0.5784254621354072,0.04604826329789079,0.3430936052928072,0.0763207507824162,0.42675778599766884,0.06521860782074748,0.6120238961499835,0.026980107960265603,0.716045614141966,0.013831290955214553,0.1921313579406743,0.010136401965745516,0.5660953204238856,0.02438363007372838
xgboost,airport_aware,"{""model__colsample_bytree"": 0.8, ""model__learning_rate"": 0.03, ""model__max_depth"": 6, ""model__min_child_weight"": 1, ""model__n_estimators"": 300, ""model__reg_lambda"": 5.0, ""model__subsample"": 0.8, ""sample_weight_mode"": ""balanced""}",0.536847407417326,0.03643896323173684,0.4999987010869318,0.03594933593622435,0.6139868739014194,0.04155927797079197,0.549629921389608,0.020316682558316312,0.6594751637976471,0.022349692901975454,0.7168116077338735,0.015966937829857752,0.20820650574798877,0.00605724045264345,0.6034948564287907,0.013691423383333916
xgboost,airport_aware,"{""model__colsample_bytree"": 1.0, ""model__learning_rate"": 0.03, ""model__max_depth"": 6, ""model__min_child_weight"": 1, ""model__n_estimators"": 300, ""model__reg_lambda"": 5.0, ""model__subsample"": 0.8, ""sample_weight_mode"": ""none""}",0.5368372860065324,0.036277649059737335,0.5718755611141831,0.0554322519854014,0.34688949915690614,0.0742645379021017,0.42781680051645965,0.06216928202912229,0.6114492712861481,0.02640175429510953,0.716519059356538,0.018084862981545546,0.19232647371757494,0.010928519511311366,0.5664880758300346,0.026215962597345276
xgboost,airport_aware,"{""model__colsample_bytree"": 0.8, ""model__learning_rate"": 0.03, ""model__max_depth"": 3, ""model__min_child_weight"": 1, ""model__n_estimators"": 600, ""model__reg_lambda"": 1.0, ""model__subsample"": 1.0, ""sample_weight_mode"": ""none""}",0.5367952542422589,0.03550762714868803,0.574937655187272,0.06682312515850901,0.3037635492536909,0.08147954695693951,0.39340454404915737,0.08080335128406156,0.5992392277222971,0.03126935283605008,0.7144056328216056,0.014635746106356567,0.192565318939532,0.010263490249965115,0.567404914117398,0.02414577041837284
xgboost,extended_geographic,"{""model__colsample_bytree"": 1.0, ""model__learning_rate"": 0.03, ""model__max_depth"": 3, ""model__min_child_weight"": 5, ""model__n_estimators"": 300, ""model__reg_lambda"": 5.0, ""model__subsample"": 0.8, ""sample_weight_mode"": ""balanced""}",0.5367828963919912,0.03882052781635201,0.4994843800311154,0.03924941246063914,0.6113612084201969,0.030080436794662355,0.5482463339195223,0.01636162505107281,0.6584136994277973,0.011170635180715179,0.7158765459026994,0.011734303849536516,0.21151285265372302,0.0047114903491055115,0.6120903969944146,0.010178108652541191
xgboost,extended_geographic,"{""model__colsample_bytree"": 0.8, ""model__learning_rate"": 0.08, ""model__max_depth"": 3, ""model__min_child_weight"": 1, ""model__n_estimators"": 300, ""model__reg_lambda"": 1.0, ""model__subsample"": 1.0, ""sample_weight_mode"": ""none""}",0.5367102423490163,0.0325389556026481,0.5803005244047866,0.04555850809511967,0.3316410262698362,0.08182921306840527,0.4179031755853292,0.07306734418069431,0.6090832968751998,0.030087279426216335,0.7136264894348213,0.01238788993053565,0.1927783773004835,0.009992182242038797,0.5680638721893198,0.02388420384539477
xgboost,airport_aware,"{""model__colsample_bytree"": 1.0, ""model__learning_rate"": 0.08, ""model__max_depth"": 3, ""model__min_child_weight"": 5, ""model__n_estimators"": 600, ""model__reg_lambda"": 1.0, ""model__subsample"": 0.8, ""sample_weight_mode"": ""balanced""}",0.5367009793221402,0.031451109563588195,0.48769011809953844,0.03913197591805153,0.6018782057795858,0.04739765021961568,0.5374548872422928,0.029236316595764256,0.6492958322591977,0.021577318655595083,0.7092844552714348,0.02268599173943289,0.21176091535845948,0.008983466204147977,0.6118371059226655,0.022037916190238323
xgboost,extended_geographic,"{""model__colsample_bytree"": 1.0, ""model__learning_rate"": 0.03, ""model__max_depth"": 3, ""model__min_child_weight"": 5, ""model__n_estimators"": 600, ""model__reg_lambda"": 1.0, ""model__subsample"": 1.0, ""sample_weight_mode"": ""balanced""}",0.5366789776973626,0.034092912693975116,0.4984517602162276,0.04146780319837659,0.6177940783981516,0.034950825879683386,0.5500616058522512,0.019861739889878414,0.659478373248304,0.01655582648684605,0.7132178071485067,0.013107617044306658,0.21138015739365076,0.005647979552973715,0.6111331823643054,0.012725772808260124
xgboost,airport_aware,"{""model__colsample_bytree"": 0.8, ""model__learning_rate"": 0.03, ""model__max_depth"": 6, ""model__min_child_weight"": 1, ""model__n_estimators"": 600, ""model__reg_lambda"": 5.0, ""model__subsample"": 1.0, ""sample_weight_mode"": ""none""}",0.5366759256276254,0.032174205113740764,0.5694488048264694,0.05137309994993349,0.35321917861625185,0.0842348847236783,0.432066205155757,0.07228721102144513,0.6134634224460361,0.03240471940082944,0.7135746187730216,0.016971546283770855,0.19314999238691472,0.011300214664691248,0.569097182618095,0.02805062096457302
xgboost,airport_aware,"{""model__colsample_bytree"": 0.8, ""model__learning_rate"": 0.03, ""model__max_depth"": 3, ""model__min_child_weight"": 5, ""model__n_estimators"": 300, ""model__reg_lambda"": 5.0, ""model__subsample"": 0.8, ""sample_weight_mode"": ""none""}",0.5366530918989625,0.038818525588206455,0.5814076376763859,0.07038570718673662,0.2727692454133831,0.07187274564569304,0.36736569866089297,0.07508878157878868,0.5900533840186518,0.027106656279823966,0.7156682584478655,0.014361574455909656,0.19270837010996406,0.010085197320782469,0.5683912735686276,0.023092572718938175
xgboost,extended_geographic,"{""model__colsample_bytree"": 1.0, ""model__learning_rate"": 0.03, ""model__max_depth"": 6, ""model__min_child_weight"": 1, ""model__n_estimators"": 600, ""model__reg_lambda"": 5.0, ""model__subsample"": 0.8, ""sample_weight_mode"": ""none""}",0.5366398923719157,0.03143679468315769,0.5726502513453814,0.03874479283067767,0.38516008365803317,0.06374852204473229,0.4574601788855552,0.0459147272834303,0.6237220193550425,0.02271597999500502,0.7104224803902166,0.02136564372528793,0.19471832611781975,0.012505165073352965,0.5741540212866844,0.03179548756235228
xgboost,extended_geographic,"{""model__colsample_bytree"": 0.8, ""model__learning_rate"": 0.03, ""model__max_depth"": 6, ""model__min_child_weight"": 1, ""model__n_estimators"": 600, ""model__reg_lambda"": 5.0, ""model__subsample"": 1.0, ""sample_weight_mode"": ""balanced""}",0.5365803096953573,0.030068111645795145,0.49207081345040676,0.030744829610972284,0.591755380364536,0.0415539847490894,0.5362064868527378,0.021846793894059486,0.649449290492882,0.019106471028031917,0.7113547272555082,0.014101572300371783,0.2096005533302471,0.005619904233314579,0.6067116765280621,0.013747170383919143
xgboost,extended_geographic,"{""model__colsample_bytree"": 0.8, ""model__learning_rate"": 0.03, ""model__max_depth"": 3, ""model__min_child_weight"": 1, ""model__n_estimators"": 300, ""model__reg_lambda"": 5.0, ""model__subsample"": 0.8, ""sample_weight_mode"": ""balanced""}",0.5365799992589138,0.037701258808818416,0.5029292663401278,0.041697793348645096,0.6182623496144668,0.027868846039835554,0.5531436088512056,0.01864012414550445,0.662279640443264,0.01387617799983146,0.7168905119998225,0.011683507530211289,0.21130042054587625,0.0044899594303219525,0.6116937585497844,0.009732312085276845
xgboost,extended_geographic,"{""model__colsample_bytree"": 0.8, ""model__learning_rate"": 0.03, ""model__max_depth"": 3, ""model__min_child_weight"": 1, ""model__n_estimators"": 600, ""model__reg_lambda"": 1.0, ""model__subsample"": 1.0, ""sample_weight_mode"": ""none""}",0.536541901132767,0.036342935643853005,0.5767131327372135,0.051866973483905766,0.3144448562125782,0.07970772911363104,0.40257270304167736,0.07343100348288267,0.6025999341345861,0.02866058466261667,0.7142080417997143,0.012560636592993673,0.19264142857882666,0.009876896199283584,0.567675251353909,0.02336581678138061
xgboost,airport_aware,"{""model__colsample_bytree"": 1.0, ""model__learning_rate"": 0.08, ""model__max_depth"": 3, ""model__min_child_weight"": 5, ""model__n_estimators"": 300, ""model__reg_lambda"": 1.0, ""model__subsample"": 1.0, ""sample_weight_mode"": ""balanced""}",0.5365166756870646,0.038614328705757824,0.48582214449055694,0.03690532020572393,0.6184611755472513,0.044535225828216764,0.5426517581730257,0.02362020436672045,0.6520668387706223,0.01901777894078515,0.7124949873625368,0.017398307090468145,0.21145838408655865,0.006820465061951993,0.6109487383662509,0.015704234615054234
xgboost,airport_aware,"{""model__colsample_bytree"": 0.8, ""model__learning_rate"": 0.03, ""model__max_depth"": 3, ""model__min_child_weight"": 1, ""model__n_estimators"": 300, ""model__reg_lambda"": 5.0, ""model__subsample"": 0.8, ""sample_weight_mode"": ""none""}",0.536497102907693,0.03852702454002808,0.5887575707470056,0.0595938870883836,0.2783326375328818,0.06568338556000904,0.3745616088634189,0.06736071054908047,0.5930681453817919,0.024337937179081927,0.7162269293520652,0.01406946434244601,0.1925292379697227,0.010024117291243374,0.5679568390885235,0.022998701514870826
xgboost,extended_geographic,"{""model__colsample_bytree"": 1.0, ""model__learning_rate"": 0.03, ""model__max_depth"": 3, ""model__min_child_weight"": 1, ""model__n_estimators"": 600, ""model__reg_lambda"": 1.0, ""model__subsample"": 1.0, ""sample_weight_mode"": ""balanced""}",0.5364661472098188,0.0363296628290193,0.4928840991772936,0.03555780493109433,0.6120046764646969,0.03067463261563094,0.544831185665419,0.01853210173998777,0.6548194556077368,0.013132266760839709,0.7141498042561939,0.0129987043975201,0.21111630239439383,0.005477877364930184,0.6106032144267726,0.012415020452515387
xgboost,airport_aware,"{""model__colsample_bytree"": 0.8, ""model__learning_rate"": 0.08, ""model__max_depth"": 3, ""model__min_child_weight"": 5, ""model__n_estimators"": 300, ""model__reg_lambda"": 1.0, ""model__subsample"": 1.0, ""sample_weight_mode"": ""none""}",0.5364399084945708,0.0347681910005362,0.5689731431348292,0.05823982596398426,0.3223022069118161,0.08517975992318921,0.4073350033521736,0.08075372148601143,0.6038126869873074,0.03237802624011238,0.7123237325282161,0.01772201908290435,0.19312323630677525,0.010969536500437301,0.5688493258604392,0.0258865430859675
xgboost,extended_geographic,"{""model__colsample_bytree"": 1.0, ""model__learning_rate"": 0.08, ""model__max_depth"": 3, ""model__min_child_weight"": 5, ""model__n_estimators"": 300, ""model__reg_lambda"": 1.0, ""model__subsample"": 1.0, ""sample_weight_mode"": ""balanced""}",0.5364343557136427,0.03116752668940602,0.4942749488730149,0.03843932257261061,0.6209399352397849,0.032876996398533136,0.5489684107213337,0.019302909289586785,0.6578743824752069,0.016273702631787505,0.7132708793652685,0.014474318240533602,0.21123784732163378,0.00637186491211163,0.61049290893011,0.014605409238178154
xgboost,airport_aware,"{""model__colsample_bytree"": 0.8, ""model__learning_rate"": 0.08, ""model__max_depth"": 3, ""model__min_child_weight"": 5, ""model__n_estimators"": 300, ""model__reg_lambda"": 1.0, ""model__subsample"": 0.8, ""sample_weight_mode"": ""balanced""}",0.5364237243573919,0.03220275647625773,0.4907958376450128,0.03893157091071816,0.615339649442945,0.040565028068237065,0.5444592311832411,0.021840259845713635,0.6541952510362841,0.020770780409418106,0.7140144413745368,0.01812567833683654,0.21066030201789307,0.007173635782530525,0.6091316343866244,0.01671872419956269
xgboost,extended_geographic,"{""model__colsample_bytree"": 0.8, ""model__learning_rate"": 0.03, ""model__max_depth"": 3, ""model__min_child_weight"": 1, ""model__n_estimators"": 300, ""model__reg_lambda"": 5.0, ""model__subsample"": 0.8, ""sample_weight_mode"": ""none""}",0.536422782426737,0.035607752691246115,0.5821982424692556,0.0546930326405472,0.28502416458821717,0.07442103251710658,0.37862369981058486,0.07393324834059566,0.5942348089689012,0.0276405215575051,0.7170277035362405,0.0130770388716739,0.1923353367141354,0.009985003247057693,0.5675537679288095,0.023132230603327014
xgboost,extended_geographic,"{""model__colsample_bytree"": 0.8, ""model__learning_rate"": 0.03, ""model__max_depth"": 6, ""model__min_child_weight"": 1, ""model__n_estimators"": 600, ""model__reg_lambda"": 1.0, ""model__subsample"": 0.8, ""sample_weight_mode"": ""none""}",0.5364125914019241,0.02586057822581077,0.5770390239557366,0.03347582830389643,0.3793963214896909,0.057018225125541305,0.4549384212305907,0.039459027162061185,0.6227728048779357,0.01788924443645186,0.7099474486748336,0.01919326864903454,0.19503295976856855,0.012794721708593115,0.5754675526023016,0.03303473349703991
xgboost,airport_aware,"{""model__colsample_bytree"": 1.0, ""model__learning_rate"": 0.08, ""model__max_depth"": 3, ""model__min_child_weight"": 5, ""model__n_estimators"": 600, ""model__reg_lambda"": 5.0, ""model__subsample"": 1.0, ""sample_weight_mode"": ""none""}",0.5363743042544996,0.03298644288650848,0.5698077285369877,0.049466891655880134,0.34431577291223847,0.06962720753828593,0.42576536709793666,0.05835462056801657,0.6100725267271142,0.023957442269488906,0.712693403698772,0.02098495776174654,0.19350870661733122,0.012026209715602004,0.5696409948327484,0.029240311851441627
xgboost,airport_aware,"{""model__colsample_bytree"": 0.8, ""model__learning_rate"": 0.03, ""model__max_depth"": 6, ""model__min_child_weight"": 5, ""model__n_estimators"": 600, ""model__reg_lambda"": 5.0, ""model__subsample"": 0.8, ""sample_weight_mode"": ""none""}",0.5363679202512316,0.029479755957200596,0.5767078909267717,0.03646060229631193,0.3594152587274126,0.07183016948586192,0.43884044797513877,0.05452384500570848,0.6162596742509673,0.0240039703715373,0.7126312300165847,0.02275324962697272,0.19379205271784344,0.012724559221623995,0.570751367083227,0.031776220621852896
xgboost,airport_aware,"{""model__colsample_bytree"": 0.8, ""model__learning_rate"": 0.08, ""model__max_depth"": 6, ""model__min_child_weight"": 1, ""model__n_estimators"": 300, ""model__reg_lambda"": 5.0, ""model__subsample"": 1.0, ""sample_weight_mode"": ""none""}",0.536282702753566,0.02818813992913081,0.5655328176868288,0.0420032527160974,0.3563171751544779,0.07132757937508036,0.43382674984616887,0.057786370896161246,0.6128706054921107,0.026024412049402777,0.7114344423092602,0.018412690258393302,0.19432737959019297,0.012134336830453642,0.5725076915372461,0.03011662309526208
xgboost,extended_geographic,"{""model__colsample_bytree"": 0.8, ""model__learning_rate"": 0.03, ""model__max_depth"": 6, ""model__min_child_weight"": 5, ""model__n_estimators"": 300, ""model__reg_lambda"": 5.0, ""model__subsample"": 1.0, ""sample_weight_mode"": ""none""}",0.5362534992090499,0.03298703660250394,0.5798514140651475,0.04502374422858322,0.3464223833898976,0.07500908547458009,0.4300684586786413,0.06385818660053615,0.6134971287278393,0.027412899010208814,0.7161872414399013,0.01634269635824553,0.19214282486927528,0.0108284294513027,0.5663708775869681,0.026123103317399195
xgboost,airport_aware,"{""model__colsample_bytree"": 0.8, ""model__learning_rate"": 0.08, ""model__max_depth"": 3, ""model__min_child_weight"": 1, ""model__n_estimators"": 300, ""model__reg_lambda"": 5.0, ""model__subsample"": 1.0, ""sample_weight_mode"": ""none""}",0.5362450911163015,0.037338570232425566,0.569768863329483,0.07195359609328744,0.310907407284906,0.07406256318798378,0.39912920492685083,0.07383993269691651,0.600220142113877,0.02963127303832576,0.7139490612622266,0.018105876276874967,0.19272918211840254,0.010668245206536066,0.567676907072907,0.025326082810070632
xgboost,extended_geographic,"{""model__colsample_bytree"": 0.8, ""model__learning_rate"": 0.03, ""model__max_depth"": 6, ""model__min_child_weight"": 5, ""model__n_estimators"": 600, ""model__reg_lambda"": 5.0, ""model__subsample"": 0.8, ""sample_weight_mode"": ""none""}",0.5362372291485995,0.028180634735350527,0.5763318393217671,0.04376514671411392,0.3756617536449126,0.06665488373864184,0.4518533287161392,0.05201468942506492,0.6217794823058387,0.024972265032004407,0.7119874272846887,0.021525515353904286,0.19395185499037876,0.012508932821532747,0.571558804822853,0.03155910315229995
xgboost,airport_aware,"{""model__colsample_bytree"": 0.8, ""model__learning_rate"": 0.08, ""model__max_depth"": 3, ""model__min_child_weight"": 1, ""model__n_estimators"": 600, ""model__reg_lambda"": 1.0, ""model__subsample"": 0.8, ""sample_weight_mode"": ""none""}",0.5362266201373296,0.029731260105087996,0.5743734158821356,0.03826385289596756,0.35941137089000774,0.07423616437895371,0.43848892054393496,0.059176217857679514,0.6159097469569588,0.02747930980505303,0.7127610154233928,0.022156119137519817,0.19397034505412553,0.012913082491528846,0.5720032485900673,0.032372237874139384
xgboost,airport_aware,"{""model__colsample_bytree"": 0.8, ""model__learning_rate"": 0.08, ""model__max_depth"": 3, ""model__min_child_weight"": 1, ""model__n_estimators"": 300, ""model__reg_lambda"": 5.0, ""model__subsample"": 1.0, ""sample_weight_mode"": ""balanced""}",0.5361365836327722,0.04041087730518239,0.4930433171738725,0.040813235414611675,0.6153349346425045,0.03555720996440679,0.5459619668802113,0.022875454082055553,0.6557153552875454,0.01849104341157451,0.713708497636748,0.01607848922062941,0.21098782637132177,0.0063332330095778235,0.6100479096683774,0.014763223123231865
xgboost,airport_aware,"{""model__colsample_bytree"": 0.8, ""model__learning_rate"": 0.03, ""model__max_depth"": 6, ""model__min_child_weight"": 5, ""model__n_estimators"": 300, ""model__reg_lambda"": 1.0, ""model__subsample"": 1.0, ""sample_weight_mode"": ""balanced""}",0.5361237787421644,0.037427329494504516,0.5034915640433729,0.0337008634795227,0.6146086768288571,0.05256081338949145,0.5518590292062393,0.023497646083431318,0.6620630921716867,0.022377632539592688,0.7155454735762274,0.016655030829357625,0.20900274255840207,0.005387592005857178,0.6057043626436215,0.012889475511552775
xgboost,extended_geographic,"{""model__colsample_bytree"": 1.0, ""model__learning_rate"": 0.03, ""model__max_depth"": 6, ""model__min_child_weight"": 5, ""model__n_estimators"": 300, ""model__reg_lambda"": 5.0, ""model__subsample"": 0.8, ""sample_weight_mode"": ""none""}",0.5361083318206354,0.03381936380499789,0.5768389531651728,0.054799432315427964,0.34939203170915245,0.07615791799616801,0.43104911272352214,0.06455872078013973,0.6135334481242671,0.026138488595697115,0.7163222473505749,0.018017218456261218,0.19229512293667175,0.011146612634125542,0.5667569165236126,0.02710461988438941
xgboost,extended_geographic,"{""model__colsample_bytree"": 0.8, ""model__learning_rate"": 0.03, ""model__max_depth"": 6, ""model__min_child_weight"": 1, ""model__n_estimators"": 300, ""model__reg_lambda"": 5.0, ""model__subsample"": 0.8, ""sample_weight_mode"": ""balanced""}",0.5360941724344592,0.03582856655840956,0.49871216893421166,0.03120088468699929,0.6083443787070058,0.04484390869033705,0.5467550330341002,0.020494645697818593,0.6575747787511081,0.018661154525244184,0.7162692692675993,0.015144784236783544,0.20823148217334922,0.005835703420435199,0.6036975512927113,0.013457807760031408
xgboost,extended_geographic,"{""model__colsample_bytree"": 0.8, ""model__learning_rate"": 0.08, ""model__max_depth"": 3, ""model__min_child_weight"": 5, ""model__n_estimators"": 300, ""model__reg_lambda"": 5.0, ""model__subsample"": 1.0, ""sample_weight_mode"": ""balanced""}",0.5360701558048275,0.03339710809818792,0.4927930961388796,0.03846601335244462,0.6198818442439934,0.034079838375214735,0.547652601783386,0.019879652654865434,0.6566901702360248,0.017371608020000658,0.7138802628530849,0.013317528949704172,0.2112006487961297,0.005749811485421609,0.6107107167113771,0.013063905600145946
xgboost,airport_aware,"{""model__colsample_bytree"": 0.8, ""model__learning_rate"": 0.08, ""model__max_depth"": 3, ""model__min_child_weight"": 5, ""model__n_estimators"": 600, ""model__reg_lambda"": 5.0, ""model__subsample"": 1.0, ""sample_weight_mode"": ""none""}",0.5360490616350654,0.03452497816122469,0.5608135443087517,0.055728155764976556,0.3402574877118332,0.07145774947014398,0.41975489201176436,0.06050855377120068,0.6065306291922031,0.024095424112225036,0.7131553292521154,0.020498721819315214,0.19339269790128005,0.011746760347415279,0.5692837177603474,0.028704645019926832
xgboost,airport_aware,"{""model__colsample_bytree"": 0.8, ""model__learning_rate"": 0.03, ""model__max_depth"": 3, ""model__min_child_weight"": 5, ""model__n_estimators"": 300, ""model__reg_lambda"": 1.0, ""model__subsample"": 0.8, ""sample_weight_mode"": ""balanced""}",0.5360232075888753,0.03582839792087154,0.5035495280257859,0.038569658058323936,0.6103570343267242,0.03531665753347348,0.5501502102900157,0.015746415875753175,0.6603851270998252,0.018058800106875477,0.7154424741902669,0.014535591280731798,0.2116664503512286,0.005238168050774145,0.6123474166110703,0.011421406712940495
xgboost,extended_geographic,"{""model__colsample_bytree"": 1.0, ""model__learning_rate"": 0.03, ""model__max_depth"": 3, ""model__min_child_weight"": 1, ""model__n_estimators"": 300, ""model__reg_lambda"": 5.0, ""model__subsample"": 1.0, ""sample_weight_mode"": ""none""}",0.5360054017448411,0.03633846745712839,0.5917929742776198,0.055076601182750234,0.27747173858661534,0.06056647811412172,0.37514035454047007,0.06226609326854054,0.5933904014076246,0.02379284524510621,0.714286417253804,0.012820806335555048,0.1928524840024422,0.009621922829217623,0.5690003319225669,0.021969919045033308
xgboost,extended_geographic,"{""model__colsample_bytree"": 1.0, ""model__learning_rate"": 0.03, ""model__max_depth"": 3, ""model__min_child_weight"": 5, ""model__n_estimators"": 300, ""model__reg_lambda"": 1.0, ""model__subsample"": 1.0, ""sample_weight_mode"": ""none""}",0.5359971307158756,0.03457812368462232,0.5937521418683447,0.0479940189842132,0.2787824628315613,0.06687662404438735,0.3756291599280509,0.06674984626688531,0.5939158874753231,0.023584113714914447,0.7131807839830848,0.010959532027256963,0.19295591644368387,0.00958015205759905,0.5692929094905077,0.02172272197533193
xgboost,extended_geographic,"{""model__colsample_bytree"": 1.0, ""model__learning_rate"": 0.03, ""model__max_depth"": 6, ""model__min_child_weight"": 1, ""model__n_estimators"": 300, ""model__reg_lambda"": 1.0, ""model__subsample"": 1.0, ""sample_weight_mode"": ""balanced""}",0.5359691610095162,0.03547685006876898,0.4989674038982261,0.029518989642043053,0.6009286712663696,0.045026999000533446,0.5438061402720138,0.01849629043213312,0.6558911322409482,0.018673521545529845,0.7101879588001314,0.012596658297653066,0.20958331590186483,0.005277551154664875,0.6073817105969973,0.012507176267484758
xgboost,airport_aware,"{""model__colsample_bytree"": 0.8, ""model__learning_rate"": 0.08, ""model__max_depth"": 3, ""model__min_child_weight"": 1, ""model__n_estimators"": 600, ""model__reg_lambda"": 1.0, ""model__subsample"": 1.0, ""sample_weight_mode"": ""none""}",0.535955743100181,0.03708921750889784,0.5728589015912797,0.05474445749279456,0.35126749675058433,0.06017386677932235,0.4319887026005782,0.0468022147261647,0.6124753829006632,0.017651858442176763,0.7122283764212527,0.019694303463869516,0.19406971301377757,0.011787781196951605,0.5714822245599391,0.02952049448441012
xgboost,extended_geographic,"{""model__colsample_bytree"": 1.0, ""model__learning_rate"": 0.03, ""model__max_depth"": 6, ""model__min_child_weight"": 1, ""model__n_estimators"": 300, ""model__reg_lambda"": 5.0, ""model__subsample"": 0.8, ""sample_weight_mode"": ""balanced""}",0.5359365919191938,0.036902886332218436,0.4968852488402457,0.03452378136292571,0.6041473513331849,0.048998008761701455,0.5440219802041965,0.027437975391533483,0.6553578028626377,0.024272243439743647,0.7160767231346785,0.016508788658376437,0.2081439260889483,0.006229971191311268,0.6034441566106794,0.014085482756888208
xgboost,airport_aware,"{""model__colsample_bytree"": 1.0, ""model__learning_rate"": 0.08, ""model__max_depth"": 3, ""model__min_child_weight"": 1, ""model__n_estimators"": 300, ""model__reg_lambda"": 5.0, ""model__subsample"": 1.0, ""sample_weight_mode"": ""none""}",0.5359350879485955,0.03716272046957737,0.568279024672721,0.07312468127047729,0.3123563916385176,0.08104865394223884,0.3988901870262567,0.07849377459741019,0.6002485850493683,0.030820842317118163,0.7143623760848813,0.01548487852922331,0.19269203776249086,0.01006093657724748,0.5676378884033053,0.02406973903920188
xgboost,airport_aware,"{""model__colsample_bytree"": 1.0, ""model__learning_rate"": 0.03, ""model__max_depth"": 6, ""model__min_child_weight"": 5, ""model__n_estimators"": 300, ""model__reg_lambda"": 1.0, ""model__subsample"": 0.8, ""sample_weight_mode"": ""none""}",0.5359144554318114,0.03419338506275444,0.5619293834133683,0.06767246393139134,0.33994260378387314,0.08598407460469937,0.41978730341537485,0.07979333968642255,0.6077017276832521,0.0338732727344053,0.7142622898670584,0.018865592135786795,0.19273813974512902,0.0114093365502221,0.5678737906930242,0.02772469160163048
xgboost,extended_geographic,"{""model__colsample_bytree"": 0.8, ""model__learning_rate"": 0.03, ""model__max_depth"": 6, ""model__min_child_weight"": 5, ""model__n_estimators"": 300, ""model__reg_lambda"": 5.0, ""model__subsample"": 0.8, ""sample_weight_mode"": ""balanced""}",0.5359143318514955,0.0348633386351479,0.49872428654711565,0.033275544153989374,0.6079442568914771,0.042403308893315575,0.5465767872023487,0.02026196632370333,0.6573686106675962,0.02152801114432117,0.7166223256569462,0.01655670378625534,0.20860811759619774,0.0061143271173350324,0.6047703486104521,0.014189252890228755
xgboost,airport_aware,"{""model__colsample_bytree"": 0.8, ""model__learning_rate"": 0.08, ""model__max_depth"": 3, ""model__min_child_weight"": 5, ""model__n_estimators"": 600, ""model__reg_lambda"": 1.0, ""model__subsample"": 0.8, ""sample_weight_mode"": ""none""}",0.5359074602873315,0.029677389247184133,0.5633475559883244,0.039635351533614104,0.35273628070980206,0.07274859415568366,0.43022988880230784,0.05772844684478715,0.6111708348493105,0.025652603621252486,0.7107161529712425,0.024409012650329763,0.19441790712785795,0.013112290788669646,0.5720490671622166,0.032790109214544935
xgboost,airport_aware,"{""model__colsample_bytree"": 0.8, ""model__learning_rate"": 0.03, ""model__max_depth"": 6, ""model__min_child_weight"": 5, ""model__n_estimators"": 300, ""model__reg_lambda"": 1.0, ""model__subsample"": 1.0, ""sample_weight_mode"": ""none""}",0.5358837644157299,0.03563610262101654,0.5730751810850513,0.04692596054209395,0.33635525542004735,0.07740214587831254,0.41973698456664443,0.06761384011234849,0.6085184343100554,0.026557286042104215,0.7152378722735516,0.015222432142424908,0.19237168241456049,0.010525666681832847,0.5669418170037435,0.025551567116255794
xgboost,airport_aware,"{""model__colsample_bytree"": 1.0, ""model__learning_rate"": 0.08, ""model__max_depth"": 3, ""model__min_child_weight"": 5, ""model__n_estimators"": 300, ""model__reg_lambda"": 5.0, ""model__subsample"": 1.0, ""sample_weight_mode"": ""balanced""}",0.5358751569588842,0.039999107999918765,0.49351160740193273,0.039757730886870846,0.6218937132624095,0.03856936711154274,0.548716585622503,0.02170114827783858,0.6577840230837133,0.014291779462409828,0.7144923706526876,0.015831846748559905,0.21111731279324716,0.006090664671957317,0.6104818342077262,0.013977482730726794
xgboost,extended_geographic,"{""model__colsample_bytree"": 1.0, ""model__learning_rate"": 0.08, ""model__max_depth"": 3, ""model__min_child_weight"": 1, ""model__n_estimators"": 600, ""model__reg_lambda"": 1.0, ""model__subsample"": 1.0, ""sample_weight_mode"": ""none""}",0.5358673379497063,0.03278311191349439,0.5764160528468218,0.042636152805225244,0.3581733783130204,0.07539211432775576,0.43739833637007,0.05826378854747832,0.6158500176431587,0.02427834338300622,0.7103581188851896,0.01869400540330751,0.19441771659667947,0.01146227541778287,0.5726515096316821,0.028714424905002183
xgboost,airport_aware,"{""model__colsample_bytree"": 1.0, ""model__learning_rate"": 0.08, ""model__max_depth"": 3, ""model__min_child_weight"": 1, ""model__n_estimators"": 300, ""model__reg_lambda"": 1.0, ""model__subsample"": 1.0, ""sample_weight_mode"": ""none""}",0.5358438352700609,0.03627492080220984,0.5678325930262638,0.06624762733590582,0.3167508261073254,0.0747085389902304,0.403736646536334,0.07294114519620142,0.601730474117742,0.030462371824831122,0.7138219166598201,0.01628297643253841,0.19290489925854357,0.010605691165938744,0.5680458423580534,0.025099911563226725
xgboost,airport_aware,"{""model__colsample_bytree"": 1.0, ""model__learning_rate"": 0.03, ""model__max_depth"": 6, ""model__min_child_weight"": 1, ""model__n_estimators"": 300, ""model__reg_lambda"": 5.0, ""model__subsample"": 1.0, ""sample_weight_mode"": ""none""}",0.5358435392532941,0.035456135277668714,0.5763633803982124,0.06500194406612288,0.338632647939488,0.07448553178731422,0.42335077071560523,0.06861341989653123,0.6104559773192709,0.02929262248762885,0.7141821325322747,0.01468858012492639,0.19269497337570968,0.010551909502519682,0.5677091150675538,0.025221161073838066
xgboost,extended_geographic,"{""model__colsample_bytree"": 0.8, ""model__learning_rate"": 0.03, ""model__max_depth"": 6, ""model__min_child_weight"": 1, ""model__n_estimators"": 600, ""model__reg_lambda"": 1.0, ""model__subsample"": 1.0, ""sample_weight_mode"": ""balanced""}",0.5358219606892548,0.03659295874069133,0.505265120504748,0.03425048379184488,0.5871064785118596,0.040354857016660445,0.5417722019775324,0.019746921280616964,0.655589194923518,0.01806381741634325,0.7064145231858956,0.01815318604801745,0.20985585917674668,0.007254857956087282,0.6087135748506786,0.018496710522041878
xgboost,airport_aware,"{""model__colsample_bytree"": 0.8, ""model__learning_rate"": 0.03, ""model__max_depth"": 6, ""model__min_child_weight"": 1, ""model__n_estimators"": 300, ""model__reg_lambda"": 1.0, ""model__subsample"": 1.0, ""sample_weight_mode"": ""none""}",0.5357838075155644,0.03577151694591299,0.5766012601260126,0.058630907459590396,0.3370862726943202,0.07976176171947116,0.42137634664955204,0.07045640018525974,0.6099123108704331,0.03065134060348067,0.7139561449280072,0.013332673835399806,0.19286385086410535,0.01041788172301987,0.5680013230450809,0.025206631311024637
xgboost,extended_geographic,"{""model__colsample_bytree"": 0.8, ""model__learning_rate"": 0.03, ""model__max_depth"": 3, ""model__min_child_weight"": 5, ""model__n_estimators"": 300, ""model__reg_lambda"": 1.0, ""model__subsample"": 1.0, ""sample_weight_mode"": ""none""}",0.5357639240398273,0.0351938457933166,0.5882305875807494,0.05516511944726447,0.27463346754036777,0.0653431603199815,0.3708099810817202,0.06664020720664213,0.5915688062252888,0.023272848068918266,0.7131943105230295,0.01122409094908961,0.19314081508449585,0.00950982895277651,0.5695816735053031,0.021665016356992167
xgboost,extended_geographic,"{""model__colsample_bytree"": 0.8, ""model__learning_rate"": 0.08, ""model__max_depth"": 3, ""model__min_child_weight"": 1, ""model__n_estimators"": 600, ""model__reg_lambda"": 1.0, ""model__subsample"": 1.0, ""sample_weight_mode"": ""none""}",0.5357470921210077,0.032156776747665525,0.5671997957124506,0.05439108641157695,0.3566409447079947,0.08412420722844777,0.43286812108993955,0.06849117991101827,0.6132580499611668,0.027564918483122237,0.7113277206275774,0.016984454702156527,0.19418479716926665,0.010907228541917793,0.5720921112206471,0.027033336503761333
xgboost,extended_geographic,"{""model__colsample_bytree"": 1.0, ""model__learning_rate"": 0.03, ""model__max_depth"": 6, ""model__min_child_weight"": 5, ""model__n_estimators"": 300, ""model__reg_lambda"": 1.0, ""model__subsample"": 0.8, ""sample_weight_mode"": ""balanced""}",0.5357235897067758,0.03392784421739935,0.4991080748693717,0.03354057763959757,0.6034692820851522,0.04737384389640794,0.5448569583353952,0.022540487842074124,0.6565296191640343,0.021829578670019667,0.7139245070411281,0.018125695210085113,0.20868047167041043,0.006870848136868068,0.6047707945635702,0.015913876988669695
xgboost,airport_aware,"{""model__colsample_bytree"": 1.0, ""model__learning_rate"": 0.03, ""model__max_depth"": 3, ""model__min_child_weight"": 1, ""model__n_estimators"": 300, ""model__reg_lambda"": 5.0, ""model__subsample"": 0.8, ""sample_weight_mode"": ""balanced""}",0.5356916338622975,0.03905745786138538,0.5041066736999384,0.04049490767416871,0.6193020514130272,0.029362062241511257,0.5543185331961121,0.019022062417023686,0.6630791098552893,0.017759288718659543,0.716661075451743,0.013377846192663861,0.21142474799363162,0.005134863633568453,0.6118820301776359,0.011138382013303243
xgboost,airport_aware,"{""model__colsample_bytree"": 1.0, ""model__learning_rate"": 0.03, ""model__max_depth"": 3, ""model__min_child_weight"": 5, ""model__n_estimators"": 600, ""model__reg_lambda"": 1.0, ""model__subsample"": 1.0, ""sample_weight_mode"": ""balanced""}",0.5356830100784263,0.0393632589436675,0.4977269404743846,0.03932853306964425,0.6227415241617331,0.03792046352390245,0.5517089230181831,0.021541052966424407,0.660434494552901,0.0197254870036009,0.7124954050686464,0.014943845265998236,0.21175650137918187,0.005985774628719278,0.6119594443984359,0.013546937600177805
xgboost,airport_aware,"{""model__colsample_bytree"": 0.8, ""model__learning_rate"": 0.08, ""model__max_depth"": 3, ""model__min_child_weight"": 1, ""model__n_estimators"": 300, ""model__reg_lambda"": 1.0, ""model__subsample"": 1.0, ""sample_weight_mode"": ""none""}",0.5356701996544769,0.0389292797148144,0.5642370179902289,0.06028565579067841,0.3136216478164477,0.07412438142249886,0.40016471698655476,0.07214235381474873,0.5998460604995826,0.029014256120542762,0.7134895183074459,0.016188941675868686,0.19291447640160736,0.010616530713167673,0.56800469789545,0.025484684866831364
xgboost,airport_aware,"{""model__colsample_bytree"": 1.0, ""model__learning_rate"": 0.08, ""model__max_depth"": 3, ""model__min_child_weight"": 5, ""model__n_estimators"": 600, ""model__reg_lambda"": 5.0, ""model__subsample"": 0.8, ""sample_weight_mode"": ""balanced""}",0.5356486477271682,0.03165911003688701,0.494923698270369,0.04046121798893689,0.6061548486073758,0.04706985591080028,0.5433604194336942,0.027378375161265855,0.6543461070348237,0.022082581605843747,0.7105020781027815,0.023896339317861573,0.2112466084280829,0.00953018487763066,0.6107944916159166,0.022671318556565713
xgboost,extended_geographic,"{""model__colsample_bytree"": 1.0, ""model__learning_rate"": 0.08, ""model__max_depth"": 3, ""model__min_child_weight"": 5, ""model__n_estimators"": 600, ""model__reg_lambda"": 5.0, ""model__subsample"": 1.0, ""sample_weight_mode"": ""balanced""}",0.5356398738854968,0.030317517944652258,0.48837990454510594,0.032765262554876086,0.6163039824255161,0.03757989226705173,0.543807166112954,0.02054024887840378,0.6531601495529681,0.018794022373592466,0.7116786756019873,0.017450706868088844,0.21107465840294273,0.007386355552996355,0.6100539538546957,0.017275828188641925
xgboost,airport_aware,"{""model__colsample_bytree"": 1.0, ""model__learning_rate"": 0.03, ""model__max_depth"": 3, ""model__min_child_weight"": 5, ""model__n_estimators"": 600, ""model__reg_lambda"": 1.0, ""model__subsample"": 1.0, ""sample_weight_mode"": ""none""}",0.5356210148194581,0.03758237915111442,0.5669463870703394,0.06573174439952935,0.30144497360081435,0.08384541984832955,0.3892624951634252,0.08284334922030791,0.5967980355113414,0.031679519566042466,0.7124228734834455,0.015570474770910303,0.19299768877221352,0.01043934173393195,0.568777036620511,0.024129103009535326
xgboost,airport_aware,"{""model__colsample_bytree"": 0.8, ""model__learning_rate"": 0.03, ""model__max_depth"": 6, ""model__min_child_weight"": 1, ""model__n_estimators"": 600, ""model__reg_lambda"": 5.0, ""model__subsample"": 0.8, ""sample_weight_mode"": ""balanced""}",0.5355790362260942,0.029568975503223505,0.4960986681807545,0.03517131592508946,0.5984674783305465,0.04512563186103697,0.5412738837260592,0.027250730877602342,0.6532724428055607,0.027923804494443684,0.711958503768386,0.020017258957008247,0.20883809103473566,0.007718596343877011,0.6049386637106492,0.018287690968945645
xgboost,airport_aware,"{""model__colsample_bytree"": 1.0, ""model__learning_rate"": 0.08, ""model__max_depth"": 3, ""model__min_child_weight"": 1, ""model__n_estimators"": 600, ""model__reg_lambda"": 1.0, ""model__subsample"": 0.8, ""sample_weight_mode"": ""balanced""}",0.5355315720129001,0.034318136474840825,0.4910586169283525,0.03709887815571561,0.6059353922510891,0.046043160826357885,0.5411208249223638,0.026640924201777015,0.6522824306779557,0.021221475672743812,0.7092111857114348,0.021330503466390132,0.21102605174556827,0.008275364856652435,0.6106701142772076,0.020222180259401843
xgboost,extended_geographic,"{""model__colsample_bytree"": 0.8, ""model__learning_rate"": 0.03, ""model__max_depth"": 6, ""model__min_child_weight"": 5, ""model__n_estimators"": 300, ""model__reg_lambda"": 1.0, ""model__subsample"": 1.0, ""sample_weight_mode"": ""balanced""}",0.5354869057227651,0.032834125456311036,0.5019318642872211,0.03098855804935998,0.6123655267123741,0.05104368466993414,0.5498463054031028,0.01760580146182428,0.660482205415455,0.021254373614241304,0.7137212243706637,0.01462934591777093,0.20940604089499498,0.005086125212441133,0.6066788657983885,0.012304777786212437
xgboost,airport_aware,"{""model__colsample_bytree"": 0.8, ""model__learning_rate"": 0.03, ""model__max_depth"": 6, ""model__min_child_weight"": 1, ""model__n_estimators"": 600, ""model__reg_lambda"": 5.0, ""model__subsample"": 0.8, ""sample_weight_mode"": ""none""}",0.5354538654992071,0.0337079795129126,0.5690995634898074,0.04387684270956982,0.3784765491650396,0.07142286797798819,0.45135068173106807,0.05456114446828536,0.6209299513602764,0.02731812468858805,0.7132363833268516,0.020906904345004355,0.19381899396585106,0.012372826720101787,0.5708404982019587,0.030875223433501714
xgboost,extended_geographic,"{""model__colsample_bytree"": 0.8, ""model__learning_rate"": 0.03, ""model__max_depth"": 6, ""model__min_child_weight"": 1, ""model__n_estimators"": 300, ""model__reg_lambda"": 1.0, ""model__subsample"": 0.8, ""sample_weight_mode"": ""balanced""}",0.5354075074654248,0.03429247548588079,0.5014951885337313,0.03374107701210827,0.6008333891799019,0.04401840796851046,0.5454345770929747,0.023983743959478665,0.6572313046093612,0.02166990206361018,0.7146001624627095,0.016266215031308717,0.20771262351142092,0.005955061090989682,0.6024511860300426,0.01406298638104799
xgboost,extended_geographic,"{""model__colsample_bytree"": 0.8, ""model__learning_rate"": 0.03, ""model__max_depth"": 6, ""model__min_child_weight"": 1, ""model__n_estimators"": 600, ""model__reg_lambda"": 5.0, ""model__subsample"": 0.8, ""sample_weight_mode"": ""balanced""}",0.5354042010486879,0.030008680533400327,0.5017919714431034,0.03541618765677053,0.5901437044519973,0.0431578179955898,0.5409790850212424,0.023130296420791348,0.6542438220016755,0.021189562462854028,0.7113842691995822,0.019465040338467996,0.2083832592193156,0.008117953056742622,0.6041913683777123,0.019581528963892307
xgboost,extended_geographic,"{""model__colsample_bytree"": 0.8, ""model__learning_rate"": 0.08, ""model__max_depth"": 6, ""model__min_child_weight"": 1, ""model__n_estimators"": 300, ""model__reg_lambda"": 5.0, ""model__subsample"": 1.0, ""sample_weight_mode"": ""none""}",0.5353581318163716,0.024872986796839316,0.5676071752715383,0.043057313930024155,0.3691045529141518,0.07249295568897667,0.4433477999720221,0.054561314492533285,0.6173298068380089,0.023819114824818192,0.708194726570895,0.017868383248343903,0.1952505043124608,0.012276388160933346,0.5755047605116048,0.030919799933617965
xgboost,airport_aware,"{""model__colsample_bytree"": 0.8, ""model__learning_rate"": 0.03, ""model__max_depth"": 3, ""model__min_child_weight"": 1, ""model__n_estimators"": 600, ""model__reg_lambda"": 5.0, ""model__subsample"": 1.0, ""sample_weight_mode"": ""balanced""}",0.5353570130043009,0.03878796988950457,0.49676862596257354,0.041441952704379593,0.6190584508926417,0.03486687894654362,0.5495425148842671,0.020735441581201337,0.6588002369395797,0.017608733621665835,0.7142866230831681,0.014224982660660865,0.21139653106029047,0.005689311400496201,0.6113329631653885,0.012835359550254907
xgboost,airport_aware,"{""model__colsample_bytree"": 1.0, ""model__learning_rate"": 0.03, ""model__max_depth"": 6, ""model__min_child_weight"": 1, ""model__n_estimators"": 300, ""model__reg_lambda"": 1.0, ""model__subsample"": 0.8, ""sample_weight_mode"": ""none""}",0.5353119189266555,0.03209543997943401,0.5744649545706005,0.05077682900792719,0.34703077893983303,0.08177967340125197,0.42788889572200706,0.06759243457686731,0.6122584984939685,0.028906142585604963,0.7151537702136332,0.01681796974056361,0.19289598545096645,0.01123808276425104,0.5683008648209625,0.026860964275247187
xgboost,airport_aware,"{""model__colsample_bytree"": 0.8, ""model__learning_rate"": 0.03, ""model__max_depth"": 6, ""model__min_child_weight"": 1, ""model__n_estimators"": 300, ""model__reg_lambda"": 5.0, ""model__subsample"": 1.0, ""sample_weight_mode"": ""balanced""}",0.5353092395249859,0.038954327710062284,0.5001648931171091,0.03801549380899718,0.6079989139461861,0.044975343818277606,0.5470277097379581,0.02063051169103102,0.6583240002845788,0.0186381222888832,0.7138910141500514,0.013204521945427542,0.20923414890858688,0.004792314348452271,0.6059875563514578,0.011333830369240688
xgboost,extended_geographic,"{""model__colsample_bytree"": 1.0, ""model__learning_rate"": 0.03, ""model__max_depth"": 6, ""model__min_child_weight"": 1, ""model__n_estimators"": 300, ""model__reg_lambda"": 5.0, ""model__subsample"": 1.0, ""sample_weight_mode"": ""none""}",0.5352846321598552,0.032932683340265785,0.5764784196884395,0.05505001291193894,0.34765501625412215,0.07608531043714627,0.42995973292863077,0.06598152639327637,0.6130477583203623,0.027587695643301702,0.7136385325271781,0.014350263504869126,0.1928124892396839,0.010815143026590781,0.5680976018492266,0.02627199742886911
xgboost,extended_geographic,"{""model__colsample_bytree"": 0.8, ""model__learning_rate"": 0.03, ""model__max_depth"": 3, ""model__min_child_weight"": 1, ""model__n_estimators"": 300, ""model__reg_lambda"": 5.0, ""model__subsample"": 1.0, ""sample_weight_mode"": ""none""}",0.53526581469141,0.0363608991902765,0.593249717145799,0.05530267598361079,0.27449458161183893,0.05865957827723665,0.37299396116653083,0.061260849829940636,0.5927744683258854,0.02400258738466857,0.7137538586574486,0.010533144306728227,0.19301726067529817,0.009522927382844245,0.5692506588513604,0.02177135699951499
xgboost,airport_aware,"{""model__colsample_bytree"": 0.8, ""model__learning_rate"": 0.03, ""model__max_depth"": 3, ""model__min_child_weight"": 1, ""model__n_estimators"": 300, ""model__reg_lambda"": 1.0, ""model__subsample"": 0.8, ""sample_weight_mode"": ""balanced""}",0.5351890350593304,0.036175246330600895,0.5050470494086681,0.03989153518831455,0.6090043870200152,0.03203853786351787,0.5506556007579022,0.018551367509051894,0.6608989018392305,0.018200786912981447,0.7162923284067301,0.013988902248537901,0.2113727454251674,0.005202501673357056,0.6117416156298612,0.011410349305604372
xgboost,extended_geographic,"{""model__colsample_bytree"": 1.0, ""model__learning_rate"": 0.03, ""model__max_depth"": 6, ""model__min_child_weight"": 5, ""model__n_estimators"": 300, ""model__reg_lambda"": 5.0, ""model__subsample"": 1.0, ""sample_weight_mode"": ""balanced""}",0.5351674177413506,0.0305988479498826,0.498389645211487,0.030266102430348482,0.6135474489217694,0.05265128238342902,0.5484475042628835,0.022227180513244738,0.6588218775514957,0.02280845848576103,0.7133717003970272,0.016713123035431293,0.20992393372577006,0.005765871764627024,0.6078892338188461,0.013177485954310456
xgboost,airport_aware,"{""model__colsample_bytree"": 1.0, ""model__learning_rate"": 0.08, ""model__max_depth"": 3, ""model__min_child_weight"": 1, ""model__n_estimators"": 300, ""model__reg_lambda"": 1.0, ""model__subsample"": 1.0, ""sample_weight_mode"": ""balanced""}",0.5351607608408389,0.03685093918545883,0.4885108097613259,0.03401310284640548,0.6162676009031659,0.044948682557471586,0.5432506452159604,0.016499252641567954,0.6529951470893283,0.018865372394638397,0.7139233554465673,0.016740999458544688,0.210911167202595,0.006320228396003135,0.6101536614039376,0.014569923993778558
xgboost,extended_geographic,"{""model__colsample_bytree"": 0.8, ""model__learning_rate"": 0.03, ""model__max_depth"": 3, ""model__min_child_weight"": 1, ""model__n_estimators"": 300, ""model__reg_lambda"": 1.0, ""model__subsample"": 1.0, ""sample_weight_mode"": ""none""}",0.5351407451549337,0.03502458281861895,0.5875813405576839,0.05555667165976379,0.27916349649757677,0.06247203557440461,0.376015797600196,0.06572972190155721,0.5933927951619729,0.024698573546448128,0.7135401226794628,0.01164122544489266,0.19295998975227036,0.009811623762889563,0.5690440964185133,0.022567933681826885
xgboost,airport_aware,"{""model__colsample_bytree"": 1.0, ""model__learning_rate"": 0.03, ""model__max_depth"": 3, ""model__min_child_weight"": 1, ""model__n_estimators"": 600, ""model__reg_lambda"": 5.0, ""model__subsample"": 1.0, ""sample_weight_mode"": ""none""}",0.535138920180714,0.03893360146698503,0.577620579938005,0.07883784533162887,0.30133561549886606,0.08128599856977592,0.3926806817794461,0.08420880513930822,0.5993406251952119,0.0344502050278174,0.7136680355940185,0.014951322804585703,0.1927867572063358,0.009873936059552836,0.5681700259035738,0.023059298005612478
xgboost,airport_aware,"{""model__colsample_bytree"": 0.8, ""model__learning_rate"": 0.08, ""model__max_depth"": 3, ""model__min_child_weight"": 5, ""model__n_estimators"": 600, ""model__reg_lambda"": 1.0, ""model__subsample"": 1.0, ""sample_weight_mode"": ""balanced""}",0.5351347190137569,0.03295772874470304,0.48660964038199755,0.03421797100747511,0.6076095594556211,0.051851485534649557,0.5389333181013948,0.02624719985407805,0.6502205309016345,0.02221612059429068,0.7091407249201074,0.020393909651465633,0.21178889868601578,0.007445664972176392,0.6118929867571008,0.01799037022932603
xgboost,airport_aware,"{""model__colsample_bytree"": 0.8, ""model__learning_rate"": 0.08, ""model__max_depth"": 3, ""model__min_child_weight"": 1, ""model__n_estimators"": 300, ""model__reg_lambda"": 1.0, ""model__subsample"": 1.0, ""sample_weight_mode"": ""balanced""}",0.5351346197398011,0.035220586006668615,0.4877733124486093,0.03320204395876227,0.6143633510920518,0.042355015821804454,0.5423683384052369,0.019065863787323674,0.6523456350443515,0.018540822073107085,0.7136237844543236,0.015528850509742054,0.21098773088572925,0.006333932241801902,0.6101505768830551,0.015064153220492718
xgboost,extended_geographic,"{""model__colsample_bytree"": 0.8, ""model__learning_rate"": 0.08, ""model__max_depth"": 3, ""model__min_child_weight"": 5, ""model__n_estimators"": 600, ""model__reg_lambda"": 1.0, ""model__subsample"": 1.0, ""sample_weight_mode"": ""balanced""}",0.5351106091192869,0.028366301290117163,0.49441179452391876,0.02979988162295221,0.6118686097349118,0.046579275936859614,0.5453612788166481,0.017341518494998126,0.6558001961583314,0.02212704575281417,0.7108589867543825,0.01895333351640807,0.21117016273034867,0.007657573613804141,0.6107708256801216,0.018344041903697105
xgboost,airport_aware,"{""model__colsample_bytree"": 0.8, ""model__learning_rate"": 0.03, ""model__max_depth"": 6, ""model__min_child_weight"": 5, ""model__n_estimators"": 300, ""model__reg_lambda"": 1.0, ""model__subsample"": 0.8, ""sample_weight_mode"": ""balanced""}",0.5350343585783022,0.0339782883518384,0.4987206176765233,0.0382061306455463,0.6089188746861355,0.04898886964323378,0.5464238298722603,0.021809637879386,0.6575885258678065,0.022181631350163808,0.7149900169284329,0.017887429777719028,0.20882579576962454,0.006527618153907791,0.6050265377255749,0.015111825554646865
xgboost,extended_geographic,"{""model__colsample_bytree"": 0.8, ""model__learning_rate"": 0.08, ""model__max_depth"": 3, ""model__min_child_weight"": 5, ""model__n_estimators"": 600, ""model__reg_lambda"": 5.0, ""model__subsample"": 1.0, ""sample_weight_mode"": ""balanced""}",0.5350281229584624,0.030040823124321644,0.4916311414636917,0.030989886339682266,0.6110251734843214,0.041799440741499744,0.5437472151024221,0.021730981853073,0.6539977385353315,0.021629716830747166,0.7116642957434526,0.01657208245008176,0.21122592471619472,0.007027006772469887,0.6106729691346698,0.01698730804329996
xgboost,extended_geographic,"{""model__colsample_bytree"": 0.8, ""model__learning_rate"": 0.08, ""model__max_depth"": 3, ""model__min_child_weight"": 1, ""model__n_estimators"": 600, ""model__reg_lambda"": 1.0, ""model__subsample"": 1.0, ""sample_weight_mode"": ""balanced""}",0.5349783704293052,0.03347575326385221,0.4929027911441903,0.03400880579252699,0.6065360102841446,0.03851380052523774,0.5425304393985197,0.019446674497352323,0.6533294703110887,0.017569481080631135,0.7101656354530601,0.016666806411455896,0.2112601695040995,0.0071538465059316205,0.6109602422638507,0.017273476282614435
xgboost,airport_aware,"{""model__colsample_bytree"": 1.0, ""model__learning_rate"": 0.03, ""model__max_depth"": 6, ""model__min_child_weight"": 1, ""model__n_estimators"": 600, ""model__reg_lambda"": 5.0, ""model__subsample"": 0.8, ""sample_weight_mode"": ""none""}",0.5349566422124667,0.031454199332342815,0.5684256885212969,0.04531689087205697,0.37353309100144566,0.0708072460583533,0.4473523424512503,0.05387488935487943,0.618973002399767,0.026270734190495932,0.7117881528049891,0.022507776729155545,0.19436927965179138,0.012710693082725719,0.5727407006116557,0.03172857772931743
xgboost,extended_geographic,"{""model__colsample_bytree"": 0.8, ""model__learning_rate"": 0.08, ""model__max_depth"": 3, ""model__min_child_weight"": 1, ""model__n_estimators"": 600, ""model__reg_lambda"": 5.0, ""model__subsample"": 1.0, ""sample_weight_mode"": ""balanced""}",0.5348955995844118,0.03182471345614727,0.49193319398340674,0.030772239345402602,0.6092912473758944,0.03687898766817326,0.5433959285817347,0.021196652627071853,0.653739776311588,0.017347794347125807,0.7130922900037822,0.016491000856607468,0.21053732919731302,0.00712764280386207,0.6089476073934299,0.0171387741321664
xgboost,airport_aware,"{""model__colsample_bytree"": 0.8, ""model__learning_rate"": 0.03, ""model__max_depth"": 3, ""model__min_child_weight"": 1, ""model__n_estimators"": 600, ""model__reg_lambda"": 5.0, ""model__subsample"": 1.0, ""sample_weight_mode"": ""none""}",0.5348796772704333,0.03788132230094626,0.5775283641672949,0.07145622380735704,0.30462791069301665,0.08096553264019136,0.3950661746133623,0.08190152262015545,0.6001920499825483,0.03208896492149159,0.7144604291263341,0.014678192120602108,0.19266184999232014,0.010049934467194198,0.5676310316432674,0.023582489890227085
xgboost,airport_aware,"{""model__colsample_bytree"": 1.0, ""model__learning_rate"": 0.08, ""model__max_depth"": 3, ""model__min_child_weight"": 5, ""model__n_estimators"": 600, ""model__reg_lambda"": 1.0, ""model__subsample"": 1.0, ""sample_weight_mode"": ""none""}",0.534822450503414,0.03438782933433784,0.5626799788075455,0.0521887331902309,0.34447777740838303,0.07936876781954759,0.42287548314629825,0.06601603254704082,0.6083821372820923,0.02744246926408482,0.7100868853873861,0.022387001149478718,0.19437122696346,0.012575994546445509,0.5719848656512279,0.031077964273738806
xgboost,extended_geographic,"{""model__colsample_bytree"": 1.0, ""model__learning_rate"": 0.03, ""model__max_depth"": 6, ""model__min_child_weight"": 1, ""model__n_estimators"": 300, ""model__reg_lambda"": 1.0, ""model__subsample"": 1.0, ""sample_weight_mode"": ""none""}",0.5348132527469766,0.03435527091991628,0.5670589147460616,0.053268038491671235,0.34166919228971016,0.08174587423637253,0.42226415570554543,0.07133466926206547,0.6089835926762237,0.03016307014460804,0.7098292882141896,0.012313471965432863,0.1938073071391763,0.010353894211801839,0.5714215229282159,0.025188837029527948
xgboost,extended_geographic,"{""model__colsample_bytree"": 1.0, ""model__learning_rate"": 0.08, ""model__max_depth"": 3, ""model__min_child_weight"": 1, ""model__n_estimators"": 600, ""model__reg_lambda"": 5.0, ""model__subsample"": 1.0, ""sample_weight_mode"": ""balanced""}",0.5348069139520325,0.03177659628362219,0.4924241950914455,0.03540350541127154,0.6150302516204942,0.03473930327915988,0.5458318142130698,0.02174559244553679,0.6554230826690073,0.016705351442063074,0.7119987245787209,0.017663407223989326,0.21118998559858823,0.006941079916089935,0.6105231988686851,0.016503498294671633
xgboost,airport_aware,"{""model__colsample_bytree"": 0.8, ""model__learning_rate"": 0.03, ""model__max_depth"": 6, ""model__min_child_weight"": 5, ""model__n_estimators"": 600, ""model__reg_lambda"": 1.0, ""model__subsample"": 0.8, ""sample_weight_mode"": ""none""}",0.5347773281830019,0.029133954682091474,0.5737580297102898,0.043189055424262685,0.3712949559235035,0.06696612671372207,0.44731790328876614,0.04975763878972333,0.6193396505133446,0.023855243762277645,0.7107189555271853,0.023100368969796486,0.19460105198923094,0.012964878641305105,0.573298928512301,0.033014815460085806
xgboost,airport_aware,"{""model__colsample_bytree"": 1.0, ""model__learning_rate"": 0.03, ""model__max_depth"": 3, ""model__min_child_weight"": 1, ""model__n_estimators"": 600, ""model__reg_lambda"": 1.0, ""model__subsample"": 1.0, ""sample_weight_mode"": ""none""}",0.5347494372257058,0.03659104114109814,0.573761548564427,0.06395135128047177,0.2975101637179458,0.07265110556682482,0.3882626862415509,0.07294910018363523,0.5965452098591119,0.027110795701288957,0.7136972383626751,0.01486672070677763,0.19281735120123172,0.010092807302301464,0.5680373522679794,0.023718175124620124
xgboost,airport_aware,"{""model__colsample_bytree"": 0.8, ""model__learning_rate"": 0.08, ""model__max_depth"": 6, ""model__min_child_weight"": 1, ""model__n_estimators"": 300, ""model__reg_lambda"": 5.0, ""model__subsample"": 0.8, ""sample_weight_mode"": ""none""}",0.5347128402243616,0.03214961714456207,0.5684725835779102,0.047763866139900114,0.3816363109692217,0.06719684008232495,0.4539314888959621,0.05346178015410184,0.6216112221615703,0.02678410301370506,0.7091470974829488,0.023247342156111402,0.19587750751077468,0.013628304015118635,0.5773342107180539,0.0346929657796107
xgboost,extended_geographic,"{""model__colsample_bytree"": 1.0, ""model__learning_rate"": 0.03, ""model__max_depth"": 6, ""model__min_child_weight"": 1, ""model__n_estimators"": 300, ""model__reg_lambda"": 1.0, ""model__subsample"": 0.8, ""sample_weight_mode"": ""balanced""}",0.5346751158409143,0.03657667855555171,0.5025351967595396,0.03407361366465687,0.6005010992766703,0.04384114988521751,0.5455995669442608,0.019267650551544623,0.6577063453166161,0.019355604080835666,0.7144274932034232,0.017096876381785798,0.2077985938959642,0.0061878833375443015,0.6027289721575378,0.01453108410641247
xgboost,extended_geographic,"{""model__colsample_bytree"": 1.0, ""model__learning_rate"": 0.08, ""model__max_depth"": 3, ""model__min_child_weight"": 1, ""model__n_estimators"": 600, ""model__reg_lambda"": 5.0, ""model__subsample"": 1.0, ""sample_weight_mode"": ""none""}",0.5346740898139417,0.03088131363593427,0.5673467976634986,0.05843742709648498,0.3432080781958789,0.07859091316748179,0.42345694761780084,0.06811124547634302,0.6091805979484378,0.027522754998524072,0.7125900067788461,0.015852532261619996,0.19355436514796426,0.011071750012883574,0.5698707703234378,0.027368176004162446
xgboost,airport_aware,"{""model__colsample_bytree"": 1.0, ""model__learning_rate"": 0.08, ""model__max_depth"": 3, ""model__min_child_weight"": 5, ""model__n_estimators"": 600, ""model__reg_lambda"": 5.0, ""model__subsample"": 1.0, ""sample_weight_mode"": ""balanced""}",0.5346379318291679,0.033507499903456604,0.4856646559109386,0.032757100918016466,0.6121525226572304,0.04376523140215473,0.5402885844675944,0.021686907450697988,0.650580817812101,0.01928021417871592,0.7117655951456313,0.017837918686675013,0.2112640080179104,0.007093158339280837,0.6103647221895214,0.017295144354245045
xgboost,airport_aware,"{""model__colsample_bytree"": 1.0, ""model__learning_rate"": 0.03, ""model__max_depth"": 3, ""model__min_child_weight"": 5, ""model__n_estimators"": 300, ""model__reg_lambda"": 5.0, ""model__subsample"": 1.0, ""sample_weight_mode"": ""none""}",0.5346058421602262,0.03967895785273509,0.5874610158319419,0.06874658220965923,0.2562901047120639,0.05470897603082401,0.35457222238745123,0.06126779330330806,0.5854516831805279,0.021904180875715582,0.7140345865120373,0.01355016892027749,0.19324810592982933,0.009581419557987022,0.5698220264851948,0.021723962615662215
xgboost,airport_aware,"{""model__colsample_bytree"": 0.8, ""model__learning_rate"": 0.08, ""model__max_depth"": 3, ""model__min_child_weight"": 1, ""model__n_estimators"": 600, ""model__reg_lambda"": 5.0, ""model__subsample"": 1.0, ""sample_weight_mode"": ""none""}",0.5345767573422053,0.036523378024958746,0.576813931352361,0.047087790042882736,0.34244365960350154,0.064118311170901,0.42647149954267594,0.05178362241334148,0.6111670058136109,0.02204085114462868,0.7126661426164764,0.018495026332082044,0.193636677676071,0.011252973038645506,0.5697665862450696,0.02734965059488125
xgboost,extended_geographic,"{""model__colsample_bytree"": 1.0, ""model__learning_rate"": 0.03, ""model__max_depth"": 6, ""model__min_child_weight"": 1, ""model__n_estimators"": 600, ""model__reg_lambda"": 5.0, ""model__subsample"": 1.0, ""sample_weight_mode"": ""none""}",0.5345326884191788,0.02927262179446191,0.5671627860205368,0.04935205126399854,0.3596632009017825,0.07525186959782268,0.4361723126995033,0.061079785513942025,0.6141740057982302,0.025356654268385764,0.710162928943814,0.01559774862859305,0.19433982795108234,0.01166382072336459,0.5725390870195891,0.028899731474912732
xgboost,airport_aware,"{""model__colsample_bytree"": 1.0, ""model__learning_rate"": 0.03, ""model__max_depth"": 3, ""model__min_child_weight"": 1, ""model__n_estimators"": 600, ""model__reg_lambda"": 1.0, ""model__subsample"": 1.0, ""sample_weight_mode"": ""balanced""}",0.5345326565131818,0.03882145994547173,0.4940939434406063,0.03836971912226872,0.6142376967415155,0.03818578921885802,0.545933525370591,0.017721570474527087,0.6560379096518194,0.015336082166117048,0.7123229830566797,0.014639366806995185,0.21161292066498733,0.005884154196798702,0.6116906026690547,0.013298460779968714
xgboost,airport_aware,"{""model__colsample_bytree"": 0.8, ""model__learning_rate"": 0.03, ""model__max_depth"": 6, ""model__min_child_weight"": 5, ""model__n_estimators"": 300, ""model__reg_lambda"": 5.0, ""model__subsample"": 1.0, ""sample_weight_mode"": ""none""}",0.5345282706781919,0.03629460268746731,0.5803524285856786,0.04931407727834896,0.34074476188502306,0.08451844653915223,0.42542461931589076,0.07571667768060336,0.6122285347316483,0.033166064440023256,0.7168593318595132,0.014934349702869843,0.1920407842903578,0.010275953499344221,0.5659861012897942,0.02465475542206066
xgboost,airport_aware,"{""model__colsample_bytree"": 1.0, ""model__learning_rate"": 0.03, ""model__max_depth"": 6, ""model__min_child_weight"": 5, ""model__n_estimators"": 300, ""model__reg_lambda"": 1.0, ""model__subsample"": 0.8, ""sample_weight_mode"": ""balanced""}",0.534525953140227,0.036072211735322296,0.49855224986513,0.03907569781115319,0.6102387596706039,0.05403651540979916,0.5470596729241821,0.029117740081056838,0.6580202035364586,0.027913115173779854,0.7133918639882658,0.01909321283001262,0.20919314126829472,0.006879795215819746,0.6058881852579122,0.01606546019456203
xgboost,airport_aware,"{""model__colsample_bytree"": 1.0, ""model__learning_rate"": 0.08, ""model__max_depth"": 3, ""model__min_child_weight"": 1, ""model__n_estimators"": 600, ""model__reg_lambda"": 5.0, ""model__subsample"": 1.0, ""sample_weight_mode"": ""none""}",0.5345233501578701,0.033064212841268446,0.5737004115815082,0.05175402520176504,0.3411946566319812,0.06191808917523954,0.42505433504646895,0.05283174897678363,0.6101413605701995,0.02232418460399862,0.7130258627013352,0.016936512872373095,0.1935291729510183,0.011042290215358765,0.5697035595936161,0.027074417192209724
xgboost,extended_geographic,"{""model__colsample_bytree"": 1.0, ""model__learning_rate"": 0.03, ""model__max_depth"": 6, ""model__min_child_weight"": 1, ""model__n_estimators"": 300, ""model__reg_lambda"": 5.0, ""model__subsample"": 1.0, ""sample_weight_mode"": ""balanced""}",0.5345175106382367,0.033193979118601905,0.5019149416286965,0.03050016299926977,0.612660962184217,0.04907633919787931,0.5499690939205225,0.015622453168656476,0.6605409650053385,0.018437350146261973,0.7128249956819905,0.012730595573367554,0.20950054539700785,0.005282076731602852,0.6068158509877911,0.01235061729300637
xgboost,airport_aware,"{""model__colsample_bytree"": 0.8, ""model__learning_rate"": 0.03, ""model__max_depth"": 6, ""model__min_child_weight"": 1, ""model__n_estimators"": 600, ""model__reg_lambda"": 5.0, ""model__subsample"": 1.0, ""sample_weight_mode"": ""balanced""}",0.5345151302194635,0.0354181590674161,0.49382331597076823,0.03258829250726685,0.597017978917436,0.048676189403312996,0.5389445355363135,0.02222990353770615,0.6519205971498131,0.021042495683329308,0.7104446520256833,0.014290291530197551,0.20968748617640895,0.005819576653373348,0.6068014524982036,0.01443045846670551
xgboost,airport_aware,"{""model__colsample_bytree"": 0.8, ""model__learning_rate"": 0.08, ""model__max_depth"": 3, ""model__min_child_weight"": 1, ""model__n_estimators"": 600, ""model__reg_lambda"": 1.0, ""model__subsample"": 0.8, ""sample_weight_mode"": ""balanced""}",0.5345126259183247,0.033684891866998114,0.48551061325698913,0.031536876454345046,0.6066355535785365,0.05015046610368393,0.5377606698585959,0.02093487226496939,0.6490573942928572,0.01757337570290756,0.7114156235389509,0.01902148975180775,0.21053537362271926,0.006731796518158648,0.609203137465122,0.01657820794956051
xgboost,airport_aware,"{""model__colsample_bytree"": 0.8, ""model__learning_rate"": 0.03, ""model__max_depth"": 3, ""model__min_child_weight"": 1, ""model__n_estimators"": 300, ""model__reg_lambda"": 1.0, ""model__subsample"": 1.0, ""sample_weight_mode"": ""none""}",0.5345012037196554,0.03650620848004343,0.5888124013560401,0.05482420846650306,0.26607699277560176,0.05996356145004178,0.3631011481525549,0.060192808244118635,0.5886773960998586,0.02104457975773966,0.7141151594404599,0.013210890441464751,0.19311531801860266,0.00997424090396109,0.5693262151412842,0.02281218643419099
xgboost,extended_geographic,"{""model__colsample_bytree"": 1.0, ""model__learning_rate"": 0.08, ""model__max_depth"": 3, ""model__min_child_weight"": 5, ""model__n_estimators"": 600, ""model__reg_lambda"": 1.0, ""model__subsample"": 1.0, ""sample_weight_mode"": ""balanced""}",0.534493054321734,0.02762765940900155,0.49156850676205516,0.02993139381457564,0.6187619451641309,0.03811294823164827,0.546876566986646,0.020251219139314127,0.6559450623369074,0.021679526709899047,0.709579030656683,0.0192830961893497,0.21176330117947476,0.007965457649572651,0.611613495997461,0.019272535731514162
xgboost,extended_geographic,"{""model__colsample_bytree"": 0.8, ""model__learning_rate"": 0.03, ""model__max_depth"": 6, ""model__min_child_weight"": 5, ""model__n_estimators"": 600, ""model__reg_lambda"": 1.0, ""model__subsample"": 0.8, ""sample_weight_mode"": ""none""}",0.5344862613516532,0.026991557078970423,0.5786629223985624,0.0357636383941287,0.3795975451317338,0.05570742228152402,0.4560002284057081,0.040705772812826904,0.6234890449208077,0.018788199380250833,0.7092707384752199,0.022281567195599254,0.19503084192938694,0.013046294334390628,0.5751448285596019,0.03373778045393171
xgboost,extended_geographic,"{""model__colsample_bytree"": 1.0, ""model__learning_rate"": 0.03, ""model__max_depth"": 6, ""model__min_child_weight"": 5, ""model__n_estimators"": 600, ""model__reg_lambda"": 1.0, ""model__subsample"": 0.8, ""sample_weight_mode"": ""none""}",0.5344804290834909,0.0266383138217519,0.5706848504383395,0.03431141296636166,0.3795533293720991,0.0534912493596166,0.45303544561418885,0.03445021135311204,0.6209457944142046,0.015818235069003747,0.706096362248102,0.02214581103597302,0.19586492767360827,0.012906347297121099,0.5775253871593485,0.033407342911575176
xgboost,extended_geographic,"{""model__colsample_bytree"": 0.8, ""model__learning_rate"": 0.03, ""model__max_depth"": 3, ""model__min_child_weight"": 5, ""model__n_estimators"": 300, ""model__reg_lambda"": 1.0, ""model__subsample"": 1.0, ""sample_weight_mode"": ""balanced""}",0.5344567764735928,0.03634257258901243,0.5002493245575517,0.04373990725749711,0.6094079995767737,0.030535011408408776,0.5474783679921901,0.015088858269021753,0.6581704549092074,0.010569371051708024,0.713351512380909,0.010083084440213002,0.21236407910278915,0.0039604076732714655,0.6140742915672088,0.008611556456934118
xgboost,airport_aware,"{""model__colsample_bytree"": 0.8, ""model__learning_rate"": 0.03, ""model__max_depth"": 3, ""model__min_child_weight"": 5, ""model__n_estimators"": 300, ""model__reg_lambda"": 5.0, ""model__subsample"": 0.8, ""sample_weight_mode"": ""balanced""}",0.5344392165111113,0.03896352269951745,0.5025081870870698,0.03848763093523184,0.6146977621920972,0.030337688945465242,0.5514111429766181,0.015294069211780458,0.660977016926785,0.01583590033365324,0.7150407954812583,0.014379629185996771,0.21207576875419942,0.005167177613278834,0.6133794943924948,0.01123300775555435
xgboost,airport_aware,"{""model__colsample_bytree"": 1.0, ""model__learning_rate"": 0.03, ""model__max_depth"": 3, ""model__min_child_weight"": 5, ""model__n_estimators"": 300, ""model__reg_lambda"": 5.0, ""model__subsample"": 0.8, ""sample_weight_mode"": ""balanced""}",0.5344284120387122,0.0407026569980688,0.505077340128727,0.042708256857219254,0.6160346275834281,0.03199459104517643,0.5534217589875915,0.020820064265087413,0.6626356493881163,0.01976291472077822,0.7154392063051145,0.013583545854254765,0.2117042494191732,0.004979570889768744,0.6125850625491431,0.010815010167790224
xgboost,extended_geographic,"{""model__colsample_bytree"": 0.8, ""model__learning_rate"": 0.03, ""model__max_depth"": 6, ""model__min_child_weight"": 1, ""model__n_estimators"": 600, ""model__reg_lambda"": 1.0, ""model__subsample"": 1.0, ""sample_weight_mode"": ""none""}",0.5343332560050719,0.033468983700452516,0.5686302313119616,0.039365908756676386,0.3619833434460216,0.0701109396671286,0.4386896760488311,0.05403804876933762,0.615250803392813,0.023060933599994563,0.708400946887549,0.016288720515324578,0.19530304388027042,0.011154588471471721,0.5765374883749304,0.028709947769992028
xgboost,extended_geographic,"{""model__colsample_bytree"": 1.0, ""model__learning_rate"": 0.03, ""model__max_depth"": 6, ""model__min_child_weight"": 1, ""model__n_estimators"": 600, ""model__reg_lambda"": 5.0, ""model__subsample"": 1.0, ""sample_weight_mode"": ""balanced""}",0.534295916953642,0.02763312110653199,0.4946481777303289,0.023911370844833656,0.5986204940904524,0.04421953880182938,0.540500529538387,0.01685723753827624,0.6526486339825708,0.020203599919931214,0.709786898220608,0.015924715873684835,0.20983845394960415,0.006907979671866713,0.607571127070871,0.01663943494757595
xgboost,extended_geographic,"{""model__colsample_bytree"": 1.0, ""model__learning_rate"": 0.03, ""model__max_depth"": 6, ""model__min_child_weight"": 5, ""model__n_estimators"": 300, ""model__reg_lambda"": 1.0, ""model__subsample"": 1.0, ""sample_weight_mode"": ""none""}",0.5342830693913351,0.02977500986624584,0.5737368780163024,0.03824276293047253,0.34506248529124395,0.07027975777617457,0.4274829023826966,0.0577522424293412,0.61135985294604,0.02458622796772564,0.7124853729159754,0.016203487272457677,0.19324240499805193,0.011096491758162772,0.569635206940967,0.027089551860402863
xgboost,airport_aware,"{""model__colsample_bytree"": 0.8, ""model__learning_rate"": 0.03, ""model__max_depth"": 3, ""model__min_child_weight"": 1, ""model__n_estimators"": 300, ""model__reg_lambda"": 5.0, ""model__subsample"": 0.8, ""sample_weight_mode"": ""balanced""}",0.5342698900137156,0.0393722422703686,0.49934665075524054,0.039837643840495485,0.6112372776680738,0.028202924752873056,0.548285850186374,0.019405852477751718,0.6582607282684215,0.013812433958535876,0.715454606394091,0.013488302227687895,0.21184399553370223,0.0049911429030864134,0.6128784328187133,0.01083877860266679
xgboost,extended_geographic,"{""model__colsample_bytree"": 1.0, ""model__learning_rate"": 0.03, ""model__max_depth"": 6, ""model__min_child_weight"": 5, ""model__n_estimators"": 300, ""model__reg_lambda"": 5.0, ""model__subsample"": 0.8, ""sample_weight_mode"": ""balanced""}",0.5342341506258421,0.03445017804189786,0.5007164158975512,0.03670462553833869,0.6070973296755936,0.04095797773439779,0.5474006519846719,0.022060605427420818,0.6581540085978482,0.02065240814071859,0.7152025793658819,0.017279984605864773,0.2088681880889521,0.0065687433244049735,0.6053882432223794,0.01483248555530767
xgboost,airport_aware,"{""model__colsample_bytree"": 0.8, ""model__learning_rate"": 0.03, ""model__max_depth"": 6, ""model__min_child_weight"": 5, ""model__n_estimators"": 300, ""model__reg_lambda"": 5.0, ""model__subsample"": 1.0, ""sample_weight_mode"": ""balanced""}",0.5341143993462205,0.03708406460861547,0.5067515675503469,0.03719939795327995,0.6200974555809899,0.0440329537780222,0.5560529330633863,0.020062507259394128,0.6653015264730181,0.020336878202174984,0.7160200470172813,0.016038194369038934,0.20932851367154842,0.005696407522710218,0.6065216815717405,0.01326528166540334
xgboost,airport_aware,"{""model__colsample_bytree"": 1.0, ""model__learning_rate"": 0.03, ""model__max_depth"": 6, ""model__min_child_weight"": 5, ""model__n_estimators"": 300, ""model__reg_lambda"": 5.0, ""model__subsample"": 0.8, ""sample_weight_mode"": ""balanced""}",0.5340850917577884,0.03844541206025382,0.49813811712099315,0.04106769875727629,0.6140031856703038,0.04431577447684585,0.5484329770422672,0.025838038873911787,0.6585497773033377,0.023132711420660677,0.7153220320431251,0.017818954405129907,0.20901529129859336,0.006416534218210845,0.6055442260415164,0.014711854193738194
xgboost,extended_geographic,"{""model__colsample_bytree"": 1.0, ""model__learning_rate"": 0.03, ""model__max_depth"": 3, ""model__min_child_weight"": 5, ""model__n_estimators"": 300, ""model__reg_lambda"": 5.0, ""model__subsample"": 1.0, ""sample_weight_mode"": ""none""}",0.5340290218749678,0.036380447235002625,0.5825360131139834,0.05903310209230511,0.26716762027445345,0.050519399533811155,0.3642394567883084,0.05259339507569046,0.5880801803562397,0.019841131087250885,0.713039547490897,0.011251744228903121,0.19322761153953,0.00943577520670545,0.5699855904444057,0.021403747114718197
xgboost,extended_geographic,"{""model__colsample_bytree"": 0.8, ""model__learning_rate"": 0.03, ""model__max_depth"": 3, ""model__min_child_weight"": 5, ""model__n_estimators"": 300, ""model__reg_lambda"": 5.0, ""model__subsample"": 1.0, ""sample_weight_mode"": ""none""}",0.5340170521530284,0.035938578957618594,0.5845203752297123,0.05939485774235755,0.26858122045402716,0.05931008292619464,0.3653180177067159,0.06209824709045058,0.5890262212252573,0.022444071296636437,0.7134219613469334,0.01164197207398505,0.19321855321779044,0.009477557164852652,0.5697811043637421,0.021588650130565077
xgboost,extended_geographic,"{""model__colsample_bytree"": 0.8, ""model__learning_rate"": 0.03, ""model__max_depth"": 3, ""model__min_child_weight"": 1, ""model__n_estimators"": 300, ""model__reg_lambda"": 5.0, ""model__subsample"": 1.0, ""sample_weight_mode"": ""balanced""}",0.5339937869806198,0.0379063398727328,0.5012629525728756,0.04497374830768012,0.6121689349149866,0.030696226504955917,0.5492745845853636,0.01841832777506861,0.6594553370408955,0.012765774110332652,0.714063140316209,0.010876696200225735,0.2123681057207624,0.004282703033408004,0.614184263574127,0.009383015805966179
xgboost,airport_aware,"{""model__colsample_bytree"": 0.8, ""model__learning_rate"": 0.03, ""model__max_depth"": 3, ""model__min_child_weight"": 1, ""model__n_estimators"": 300, ""model__reg_lambda"": 1.0, ""model__subsample"": 1.0, ""sample_weight_mode"": ""balanced""}",0.5338998991195895,0.038761549490581686,0.5078682747036167,0.04332179277485775,0.6164567876624749,0.03403614152672148,0.5552064803916398,0.021132171501658466,0.6644293269300323,0.01866333224562941,0.7147111133523443,0.012806056751123533,0.21212151232922247,0.00482912109898809,0.6136050495436537,0.010569939425945973
xgboost,extended_geographic,"{""model__colsample_bytree"": 1.0, ""model__learning_rate"": 0.03, ""model__max_depth"": 6, ""model__min_child_weight"": 5, ""model__n_estimators"": 600, ""model__reg_lambda"": 5.0, ""model__subsample"": 0.8, ""sample_weight_mode"": ""none""}",0.5338950517349836,0.0271861761559193,0.5812243630437317,0.045737308706825464,0.3791873221728381,0.05985802068689611,0.4558939873589257,0.043904193593019517,0.6240339349813863,0.020264430487881294,0.7104977626003022,0.022147857025081256,0.19459998826317232,0.012758477280142526,0.5735829219461817,0.03228544832266904
xgboost,airport_aware,"{""model__colsample_bytree"": 1.0, ""model__learning_rate"": 0.03, ""model__max_depth"": 3, ""model__min_child_weight"": 1, ""model__n_estimators"": 600, ""model__reg_lambda"": 5.0, ""model__subsample"": 1.0, ""sample_weight_mode"": ""balanced""}",0.5338796464477386,0.040478555279801674,0.49709560619353416,0.0409203596320176,0.6178464996994565,0.03395144585771803,0.5492678952498256,0.01982719551835952,0.6586613054055543,0.018541430317556236,0.7128151109990306,0.012839020786747165,0.2117828734533067,0.00560691354816554,0.6122033397266431,0.012646529427012049
xgboost,extended_geographic,"{""model__colsample_bytree"": 1.0, ""model__learning_rate"": 0.03, ""model__max_depth"": 3, ""model__min_child_weight"": 5, ""model__n_estimators"": 300, ""model__reg_lambda"": 1.0, ""model__subsample"": 1.0, ""sample_weight_mode"": ""balanced""}",0.5338360364230834,0.036184483891234416,0.5000712338519233,0.04080800750023232,0.61003297866146,0.03386131013893168,0.5478116174042731,0.01563010837633355,0.6584370683684211,0.011651121118529232,0.7127387207453257,0.010540693804651141,0.2123714553350846,0.004248247805196561,0.6140825298088454,0.009165820404108085
xgboost,extended_geographic,"{""model__colsample_bytree"": 1.0, ""model__learning_rate"": 0.03, ""model__max_depth"": 6, ""model__min_child_weight"": 1, ""model__n_estimators"": 600, ""model__reg_lambda"": 1.0, ""model__subsample"": 1.0, ""sample_weight_mode"": ""none""}",0.5337963342953123,0.0316618373210434,0.5671602660347468,0.049941054538911185,0.3611701765683456,0.07394465196498085,0.43697474739711717,0.05730047776555857,0.6144342987118284,0.02521162249730938,0.7049418677481861,0.015841766545958855,0.19633773059032,0.011291614403801062,0.5801981714916992,0.02940398760376766
xgboost,airport_aware,"{""model__colsample_bytree"": 0.8, ""model__learning_rate"": 0.03, ""model__max_depth"": 6, ""model__min_child_weight"": 5, ""model__n_estimators"": 600, ""model__reg_lambda"": 5.0, ""model__subsample"": 0.8, ""sample_weight_mode"": ""balanced""}",0.5337961988335208,0.030364063334338703,0.4973423610379683,0.042298020250261435,0.599157541419135,0.045000905900272996,0.5419107592654293,0.027853110537885653,0.6541605320140489,0.022908468095792528,0.7121976494260055,0.020910295867055444,0.20929105853873206,0.007735941637772603,0.6060952925804006,0.018498650753752392
xgboost,extended_geographic,"{""model__colsample_bytree"": 0.8, ""model__learning_rate"": 0.08, ""model__max_depth"": 6, ""model__min_child_weight"": 1, ""model__n_estimators"": 300, ""model__reg_lambda"": 5.0, ""model__subsample"": 1.0, ""sample_weight_mode"": ""balanced""}",0.5337772318715269,0.02739628328678658,0.49472168995960575,0.030015801872839094,0.5867116817963381,0.03482602089092349,0.5358845833610915,0.020093530857366773,0.6496516297176927,0.019212896238942036,0.7077793746004843,0.01748391572357391,0.21003867726971975,0.007614684380593621,0.6087888192081735,0.018871066316123206
xgboost,airport_aware,"{""model__colsample_bytree"": 0.8, ""model__learning_rate"": 0.03, ""model__max_depth"": 6, ""model__min_child_weight"": 1, ""model__n_estimators"": 600, ""model__reg_lambda"": 1.0, ""model__subsample"": 0.8, ""sample_weight_mode"": ""none""}",0.5337566185097694,0.029325018177259923,0.5797553187434417,0.03138310395194682,0.37783760934775207,0.07253131617348119,0.45398566371839094,0.054482134022530736,0.6234067507693688,0.02715949847115306,0.7115147200140464,0.020483175737515093,0.1947565999810149,0.012645835449853786,0.5740287194371936,0.03209910630041944
xgboost,extended_geographic,"{""model__colsample_bytree"": 0.8, ""model__learning_rate"": 0.03, ""model__max_depth"": 6, ""model__min_child_weight"": 5, ""model__n_estimators"": 600, ""model__reg_lambda"": 1.0, ""model__subsample"": 0.8, ""sample_weight_mode"": ""balanced""}",0.5336994267012962,0.02910732335348564,0.49903164182722504,0.03591110534794815,0.5836950240864308,0.04220249649319681,0.5367063026636182,0.02374364611676862,0.6511924599392471,0.01970534767423858,0.7081253114380066,0.02044152410637642,0.20973765997065202,0.008321532331567115,0.6077869311364753,0.020766468782002223
xgboost,extended_geographic,"{""model__colsample_bytree"": 1.0, ""model__learning_rate"": 0.03, ""model__max_depth"": 6, ""model__min_child_weight"": 1, ""model__n_estimators"": 600, ""model__reg_lambda"": 1.0, ""model__subsample"": 0.8, ""sample_weight_mode"": ""none""}",0.5335656895584704,0.02838175525760394,0.5664866536925726,0.031382912592934985,0.37480706325803015,0.050246267031032264,0.4485657707129551,0.03231040310612343,0.6183160466622285,0.015221892372730006,0.7076862404568891,0.02026687867155559,0.19603534080852347,0.012737562583054564,0.5784997027437138,0.03249914628134586
xgboost,airport_aware,"{""model__colsample_bytree"": 0.8, ""model__learning_rate"": 0.08, ""model__max_depth"": 3, ""model__min_child_weight"": 1, ""model__n_estimators"": 600, ""model__reg_lambda"": 5.0, ""model__subsample"": 1.0, ""sample_weight_mode"": ""balanced""}",0.533544102639542,0.035480437198081076,0.48774917833742365,0.03560533618041504,0.6117224003301459,0.03770872260084864,0.5414771788505093,0.02114952072516314,0.6516473121970826,0.015311978612659576,0.7122203259571898,0.017747193080804823,0.21096048044999188,0.006849536883565912,0.6097044685350531,0.016588054704471736
xgboost,extended_geographic,"{""model__colsample_bytree"": 1.0, ""model__learning_rate"": 0.03, ""model__max_depth"": 3, ""model__min_child_weight"": 5, ""model__n_estimators"": 300, ""model__reg_lambda"": 5.0, ""model__subsample"": 1.0, ""sample_weight_mode"": ""balanced""}",0.5335358378600745,0.03757506543359314,0.503578099184897,0.04162400712078895,0.6119534816789839,0.029783620156654585,0.5508645788373999,0.01817448170598894,0.6608336743252641,0.01692057633172371,0.7129084904258395,0.010085321654259374,0.21258074858604487,0.0044347188638342895,0.6146812515186132,0.00955831861469812
xgboost,extended_geographic,"{""model__colsample_bytree"": 1.0, ""model__learning_rate"": 0.03, ""model__max_depth"": 6, ""model__min_child_weight"": 1, ""model__n_estimators"": 600, ""model__reg_lambda"": 5.0, ""model__subsample"": 0.8, ""sample_weight_mode"": ""balanced""}",0.5335317528276635,0.030141906646732372,0.4996953470291755,0.03516931480500749,0.5886376552869892,0.03741124687296998,0.5394134373936141,0.023521953589430777,0.6527314054774368,0.02195728849329253,0.709609674806847,0.02060260907332117,0.20907160886796214,0.008344208082698801,0.6059831511863045,0.019882847201824146
xgboost,airport_aware,"{""model__colsample_bytree"": 0.8, ""model__learning_rate"": 0.03, ""model__max_depth"": 3, ""model__min_child_weight"": 5, ""model__n_estimators"": 300, ""model__reg_lambda"": 5.0, ""model__subsample"": 1.0, ""sample_weight_mode"": ""none""}",0.5334473287293975,0.038482022539137725,0.5880671063070794,0.06318330172251256,0.262278094757538,0.06605575172641467,0.3591959378998873,0.0698315434096442,0.5875731999135392,0.025343907759578434,0.7138312455729672,0.013280325957790941,0.1933914312371911,0.009754283846085465,0.5700883809895105,0.02203648048393149
xgboost,airport_aware,"{""model__colsample_bytree"": 1.0, ""model__learning_rate"": 0.08, ""model__max_depth"": 3, ""model__min_child_weight"": 1, ""model__n_estimators"": 600, ""model__reg_lambda"": 1.0, ""model__subsample"": 1.0, ""sample_weight_mode"": ""none""}",0.5334139279117465,0.03604975090300304,0.5622703133969253,0.04603372926815531,0.3436726909661319,0.06545491210428643,0.4235461640727867,0.053341151022599814,0.6079371096387878,0.023094041700901128,0.7115920889269466,0.019911869386326452,0.19432580617478798,0.011852986859834429,0.5722185643749522,0.029318904243761976
xgboost,extended_geographic,"{""model__colsample_bytree"": 0.8, ""model__learning_rate"": 0.03, ""model__max_depth"": 6, ""model__min_child_weight"": 5, ""model__n_estimators"": 600, ""model__reg_lambda"": 5.0, ""model__subsample"": 1.0, ""sample_weight_mode"": ""balanced""}",0.5334030672428913,0.029159621468245384,0.4948257782980886,0.031025513227406498,0.6079706953714545,0.048223200003947087,0.5443708846984799,0.024747129074176182,0.6552120472993718,0.025171902618024412,0.7110149771147025,0.017681722182231636,0.2102012684487915,0.006546828637224417,0.6082726036674891,0.01574420846823076
xgboost,extended_geographic,"{""model__colsample_bytree"": 0.8, ""model__learning_rate"": 0.03, ""model__max_depth"": 6, ""model__min_child_weight"": 5, ""model__n_estimators"": 600, ""model__reg_lambda"": 5.0, ""model__subsample"": 0.8, ""sample_weight_mode"": ""balanced""}",0.5333856332977984,0.029968552888222633,0.49668189460926404,0.035438199100655834,0.5888434071562445,0.03717059565822329,0.5376418882267389,0.022377259369766988,0.6508911530858329,0.019515588068583303,0.7108150833684761,0.02020278959508972,0.20935567720595394,0.008004278048154196,0.6064032876431351,0.019397610818549797
xgboost,airport_aware,"{""model__colsample_bytree"": 1.0, ""model__learning_rate"": 0.03, ""model__max_depth"": 6, ""model__min_child_weight"": 1, ""model__n_estimators"": 300, ""model__reg_lambda"": 1.0, ""model__subsample"": 0.8, ""sample_weight_mode"": ""balanced""}",0.5333686670135787,0.033104266499837824,0.5072559663730863,0.03937888787594977,0.6061879968039464,0.04611556515308326,0.5505190040503873,0.02237580425692842,0.6617952089707073,0.022739311572430736,0.7142216513797288,0.01723678114110747,0.20802504637186875,0.006162590803153717,0.6031027407775816,0.014679454003667729
xgboost,airport_aware,"{""model__colsample_bytree"": 1.0, ""model__learning_rate"": 0.03, ""model__max_depth"": 6, ""model__min_child_weight"": 1, ""model__n_estimators"": 300, ""model__reg_lambda"": 5.0, ""model__subsample"": 0.8, ""sample_weight_mode"": ""balanced""}",0.5333568969759683,0.036701569012600785,0.5020131788517859,0.04043499805135353,0.6094256779855662,0.047715921058593805,0.5488865138501869,0.027072563642781704,0.6597432056489037,0.02453137009258212,0.7160236969747993,0.017170021769852786,0.20835732635300067,0.006149884641042292,0.603953392970905,0.013893603568126156
xgboost,extended_geographic,"{""model__colsample_bytree"": 0.8, ""model__learning_rate"": 0.08, ""model__max_depth"": 6, ""model__min_child_weight"": 5, ""model__n_estimators"": 300, ""model__reg_lambda"": 5.0, ""model__subsample"": 1.0, ""sample_weight_mode"": ""balanced""}",0.5333490493444978,0.028369941952893475,0.4973227630925547,0.031138147149880037,0.5939230049579793,0.040661521278614256,0.54019574800126,0.0207860999356416,0.6527716422165308,0.02039614596158636,0.7074413521660884,0.019978372552386152,0.2109262930728936,0.007915237690395555,0.6105099141106305,0.01938903952129145
xgboost,airport_aware,"{""model__colsample_bytree"": 1.0, ""model__learning_rate"": 0.08, ""model__max_depth"": 3, ""model__min_child_weight"": 1, ""model__n_estimators"": 300, ""model__reg_lambda"": 5.0, ""model__subsample"": 1.0, ""sample_weight_mode"": ""balanced""}",0.533338343081888,0.03846368591198154,0.49416380763951545,0.040169299401029486,0.6218794551962159,0.037287562031038675,0.549041128547369,0.020248720545012595,0.6579467642234573,0.018503013779838724,0.713010053280508,0.01589002328390375,0.21136161231166678,0.006314602232534415,0.6110617745312152,0.014490624987063232
xgboost,airport_aware,"{""model__colsample_bytree"": 0.8, ""model__learning_rate"": 0.08, ""model__max_depth"": 3, ""model__min_child_weight"": 1, ""model__n_estimators"": 600, ""model__reg_lambda"": 1.0, ""model__subsample"": 1.0, ""sample_weight_mode"": ""balanced""}",0.5333294418689001,0.037807849535490254,0.4857154355131398,0.03686791994135274,0.6098661404511989,0.047280424341563494,0.5393284550935082,0.026737383479948217,0.6501260972699437,0.021577653861561887,0.710083581760831,0.01974366886155537,0.21147021994896525,0.007819953005097625,0.6115031829674422,0.01939647385602093
xgboost,extended_geographic,"{""model__colsample_bytree"": 0.8, ""model__learning_rate"": 0.08, ""model__max_depth"": 6, ""model__min_child_weight"": 1, ""model__n_estimators"": 300, ""model__reg_lambda"": 1.0, ""model__subsample"": 1.0, ""sample_weight_mode"": ""balanced""}",0.533311070072268,0.03208834546763911,0.5051842295693033,0.03750612182308764,0.5864954601597747,0.0344816700001469,0.5416863269064829,0.02335281218300762,0.6550416852705517,0.023063519379686735,0.70533228477487,0.021057394898176325,0.21032251204437258,0.009451473688834406,0.6113398562239023,0.02438518194792204
xgboost,airport_aware,"{""model__colsample_bytree"": 1.0, ""model__learning_rate"": 0.08, ""model__max_depth"": 3, ""model__min_child_weight"": 1, ""model__n_estimators"": 600, ""model__reg_lambda"": 1.0, ""model__subsample"": 1.0, ""sample_weight_mode"": ""balanced""}",0.5333095358502413,0.035396517646296144,0.4863741641893686,0.03481623937623841,0.6093066185168707,0.0473328462174584,0.5394695501807725,0.02420981081933443,0.6501362926936652,0.023719671160273403,0.7108401769014957,0.020854105992823172,0.21110355339786957,0.008097421976964484,0.610799766875399,0.019594368891848127
xgboost,extended_geographic,"{""model__colsample_bytree"": 1.0, ""model__learning_rate"": 0.03, ""model__max_depth"": 6, ""model__min_child_weight"": 1, ""model__n_estimators"": 600, ""model__reg_lambda"": 1.0, ""model__subsample"": 1.0, ""sample_weight_mode"": ""balanced""}",0.5332886754803278,0.0315603947304648,0.49429438858919106,0.03206270563051051,0.5843614678937855,0.046909085197994305,0.5340428205276604,0.021226012617573054,0.6486658625739475,0.02083523508599586,0.7047631627569724,0.017025215905626633,0.2107113949557427,0.007740971503022986,0.611599751781945,0.019683452230486096
xgboost,airport_aware,"{""model__colsample_bytree"": 0.8, ""model__learning_rate"": 0.03, ""model__max_depth"": 6, ""model__min_child_weight"": 5, ""model__n_estimators"": 600, ""model__reg_lambda"": 1.0, ""model__subsample"": 1.0, ""sample_weight_mode"": ""none""}",0.5332699154261749,0.03137017415944718,0.5675529107853867,0.043397419713554784,0.3540589987953038,0.07792069357424067,0.43220033191324464,0.06403080820441318,0.6127100965484942,0.029034659597041722,0.7111272867140711,0.019237571805191,0.19435702198423194,0.011724480115685486,0.5723121097279356,0.029514077076746473
xgboost,airport_aware,"{""model__colsample_bytree"": 1.0, ""model__learning_rate"": 0.03, ""model__max_depth"": 3, ""model__min_child_weight"": 1, ""model__n_estimators"": 300, ""model__reg_lambda"": 1.0, ""model__subsample"": 1.0, ""sample_weight_mode"": ""none""}",0.5332665475890153,0.039359524696283905,0.6025557800357999,0.052783538153027755,0.2705437317259524,0.040500004016466216,0.3717852385706669,0.04232465246417097,0.5925466905326131,0.014483879630603597,0.7136701062603915,0.013057368886566995,0.1932656572724545,0.009452435930864195,0.569709691150587,0.02156265592580672
xgboost,extended_geographic,"{""model__colsample_bytree"": 1.0, ""model__learning_rate"": 0.03, ""model__max_depth"": 6, ""model__min_child_weight"": 5, ""model__n_estimators"": 300, ""model__reg_lambda"": 5.0, ""model__subsample"": 1.0, ""sample_weight_mode"": ""none""}",0.5332278561518746,0.030299995679755554,0.5792507956970395,0.04459472527774139,0.34441088299542255,0.07706046187812057,0.427974257906026,0.06503312963933136,0.6127343853806091,0.027699276126428467,0.713789944332109,0.015151683144719685,0.19280962497355872,0.011003677280743307,0.5681926272652166,0.02633133747369831
xgboost,airport_aware,"{""model__colsample_bytree"": 1.0, ""model__learning_rate"": 0.03, ""model__max_depth"": 6, ""model__min_child_weight"": 1, ""model__n_estimators"": 600, ""model__reg_lambda"": 5.0, ""model__subsample"": 1.0, ""sample_weight_mode"": ""none""}",0.5332232861580877,0.031071851823329066,0.5681160348146166,0.06300329919694062,0.3521630937584582,0.08371249905168905,0.4304888033777937,0.07266804642976896,0.6126547407859636,0.030901376048746272,0.7103121741372993,0.01676416837749757,0.19427871523791365,0.011546651760758857,0.5721499107904531,0.0286226549307514
xgboost,airport_aware,"{""model__colsample_bytree"": 1.0, ""model__learning_rate"": 0.08, ""model__max_depth"": 6, ""model__min_child_weight"": 1, ""model__n_estimators"": 300, ""model__reg_lambda"": 5.0, ""model__subsample"": 0.8, ""sample_weight_mode"": ""none""}",0.533188382086548,0.032961739937940715,0.5719563313295412,0.03732793965908548,0.38601288112366366,0.05629468151332793,0.45811348952784076,0.038074938627872514,0.6235447188692489,0.02032902084246151,0.707269623362043,0.02612913705163962,0.19653687216053228,0.014761233958547325,0.5798265293373758,0.037884912124627385
xgboost,extended_geographic,"{""model__colsample_bytree"": 0.8, ""model__learning_rate"": 0.08, ""model__max_depth"": 6, ""model__min_child_weight"": 5, ""model__n_estimators"": 300, ""model__reg_lambda"": 5.0, ""model__subsample"": 0.8, ""sample_weight_mode"": ""none""}",0.5331852561800401,0.024043355158879526,0.5732971166942151,0.0401036538805395,0.3736345278314009,0.051892521041316406,0.44924779221210065,0.032137081392772236,0.6194688204992832,0.014782882997797306,0.705818688351697,0.026477701218605022,0.19640150654050653,0.014749758269503071,0.5794598167312651,0.038449137275773704
xgboost,airport_aware,"{""model__colsample_bytree"": 1.0, ""model__learning_rate"": 0.03, ""model__max_depth"": 3, ""model__min_child_weight"": 1, ""model__n_estimators"": 300, ""model__reg_lambda"": 5.0, ""model__subsample"": 1.0, ""sample_weight_mode"": ""none""}",0.5331305154744523,0.039618555713135085,0.5970752504414785,0.06116735994173705,0.2689666002965419,0.04770792854035592,0.36904218717262827,0.051448192215230525,0.5913411590482948,0.01904004846516198,0.7140383260447949,0.012996558289359934,0.19317404543180056,0.009424254520319999,0.569605162467642,0.021364381781859777
xgboost,extended_geographic,"{""model__colsample_bytree"": 0.8, ""model__learning_rate"": 0.03, ""model__max_depth"": 6, ""model__min_child_weight"": 5, ""model__n_estimators"": 600, ""model__reg_lambda"": 5.0, ""model__subsample"": 1.0, ""sample_weight_mode"": ""none""}",0.5330949879231739,0.026161535385351715,0.5721535710666146,0.03797288654058611,0.3634152220624619,0.06070569048242473,0.44145181364330544,0.04541626321876229,0.6165763137224559,0.019328218308592885,0.7111905741011142,0.01886933724075652,0.1940176303218549,0.011910792481903042,0.5714718415685335,0.029538834052331184
xgboost,extended_geographic,"{""model__colsample_bytree"": 1.0, ""model__learning_rate"": 0.03, ""model__max_depth"": 3, ""model__min_child_weight"": 1, ""model__n_estimators"": 300, ""model__reg_lambda"": 5.0, ""model__subsample"": 1.0, ""sample_weight_mode"": ""balanced""}",0.5330879914761464,0.039573245126685794,0.4984143080302954,0.04635010058867657,0.6117265469814798,0.030991093787048864,0.5474015932419926,0.021343637881600652,0.6576025624546512,0.013667051041420943,0.7135276124084986,0.011004317903900971,0.21246778014064344,0.004333522942060482,0.614370435516191,0.009430942524591942
xgboost,airport_aware,"{""model__colsample_bytree"": 0.8, ""model__learning_rate"": 0.03, ""model__max_depth"": 6, ""model__min_child_weight"": 5, ""model__n_estimators"": 600, ""model__reg_lambda"": 5.0, ""model__subsample"": 1.0, ""sample_weight_mode"": ""balanced""}",0.5330523510267031,0.030214184658601397,0.5008920056266032,0.03914880316896704,0.6139927304729399,0.05759291923735467,0.5499901859279879,0.03129037245540862,0.660449975634191,0.027694566995047982,0.7129580137941974,0.019426608499278134,0.20987091785838757,0.006862029229002702,0.6075584077872922,0.016483895161072005
xgboost,extended_geographic,"{""model__colsample_bytree"": 0.8, ""model__learning_rate"": 0.03, ""model__max_depth"": 3, ""model__min_child_weight"": 5, ""model__n_estimators"": 300, ""model__reg_lambda"": 5.0, ""model__subsample"": 1.0, ""sample_weight_mode"": ""balanced""}",0.533011131192842,0.03674746129518783,0.49592721077114926,0.0412962781006522,0.6083222433613497,0.030375586298046937,0.5445901964599256,0.014641934430378133,0.6553541476736828,0.012323943894049765,0.7126920621715849,0.01068304088084269,0.2128456886781378,0.004468745011513044,0.6152668387892569,0.009649821009443636
xgboost,airport_aware,"{""model__colsample_bytree"": 1.0, ""model__learning_rate"": 0.03, ""model__max_depth"": 3, ""model__min_child_weight"": 5, ""model__n_estimators"": 300, ""model__reg_lambda"": 5.0, ""model__subsample"": 1.0, ""sample_weight_mode"": ""balanced""}",0.5329856310613102,0.04041671145180431,0.5038446709193686,0.04058516318409635,0.6162832859604691,0.03125437713137721,0.5528400749708787,0.018648416925242137,0.6621637115114049,0.0184138038998768,0.7132868380170776,0.012091668002389477,0.2126070072711257,0.004766035102423312,0.6147415261583523,0.01031631691384256
xgboost,extended_geographic,"{""model__colsample_bytree"": 0.8, ""model__learning_rate"": 0.08, ""model__max_depth"": 6, ""model__min_child_weight"": 1, ""model__n_estimators"": 300, ""model__reg_lambda"": 5.0, ""model__subsample"": 0.8, ""sample_weight_mode"": ""none""}",0.5329779117277854,0.027705011633074376,0.564319808940638,0.036543207780704766,0.39286291004441415,0.056835932682174725,0.4605384471801566,0.038153817070552674,0.6237913968269557,0.019271672169377724,0.7052686107624717,0.023375705508176536,0.19686271674861855,0.01386152146771097,0.5806220656107731,0.03621910815751124
xgboost,airport_aware,"{""model__colsample_bytree"": 0.8, ""model__learning_rate"": 0.03, ""model__max_depth"": 3, ""model__min_child_weight"": 1, ""model__n_estimators"": 300, ""model__reg_lambda"": 5.0, ""model__subsample"": 1.0, ""sample_weight_mode"": ""none""}",0.5329261120541741,0.038570282832627305,0.5947077255515276,0.061328531097691125,0.26776768495241,0.052208624999222075,0.36685235304754393,0.0544870632720829,0.590367906188006,0.020255970423385977,0.7134701246668731,0.012457956419228743,0.1933544506733871,0.009630688768234053,0.569889729415831,0.02193490099822997
xgboost,extended_geographic,"{""model__colsample_bytree"": 0.8, ""model__learning_rate"": 0.03, ""model__max_depth"": 6, ""model__min_child_weight"": 5, ""model__n_estimators"": 600, ""model__reg_lambda"": 1.0, ""model__subsample"": 1.0, ""sample_weight_mode"": ""none""}",0.532911857111561,0.02954269918207582,0.5653477290500609,0.03904852449411537,0.3666706235792714,0.058910571464962674,0.44189501653980356,0.04336682953141726,0.6158394383550158,0.018860588554433122,0.7083972155294698,0.019322420983496055,0.19498033838041234,0.011638614168907433,0.5748845667898698,0.02964699850480974
xgboost,extended_geographic,"{""model__colsample_bytree"": 1.0, ""model__learning_rate"": 0.03, ""model__max_depth"": 3, ""model__min_child_weight"": 1, ""model__n_estimators"": 300, ""model__reg_lambda"": 1.0, ""model__subsample"": 1.0, ""sample_weight_mode"": ""balanced""}",0.5329059004972704,0.037893687403321365,0.49962079392319786,0.044435415025149645,0.6081735565275542,0.03164957145296811,0.546790851640725,0.0200816620111192,0.6575448681432177,0.010614622731320985,0.7132514687226885,0.010056977114940963,0.21231842533596695,0.004188846981912867,0.6139657388975761,0.009101547851253167
xgboost,airport_aware,"{""model__colsample_bytree"": 0.8, ""model__learning_rate"": 0.03, ""model__max_depth"": 6, ""model__min_child_weight"": 1, ""model__n_estimators"": 300, ""model__reg_lambda"": 1.0, ""model__subsample"": 1.0, ""sample_weight_mode"": ""balanced""}",0.5328705574883676,0.03557350191812148,0.4985698861441816,0.03379701998024237,0.5964278160817444,0.04326863575028544,0.5415543593598832,0.01813756690824641,0.6544733753958,0.01576737378222767,0.7097980863697375,0.013980660990373778,0.2096632200299875,0.005158847866242068,0.6070303101235752,0.01265307315100716
xgboost,airport_aware,"{""model__colsample_bytree"": 0.8, ""model__learning_rate"": 0.03, ""model__max_depth"": 6, ""model__min_child_weight"": 5, ""model__n_estimators"": 600, ""model__reg_lambda"": 5.0, ""model__subsample"": 1.0, ""sample_weight_mode"": ""none""}",0.5328542645961398,0.030218320070796358,0.5632985759802451,0.04821021951553499,0.3496720299398393,0.0799183817910385,0.4275080256506835,0.06662641408324971,0.6105248748256853,0.029177506051936242,0.7132092465957159,0.018333212723591272,0.19363313760353804,0.011332271613408164,0.569931542191218,0.02800990876365947
xgboost,airport_aware,"{""model__colsample_bytree"": 1.0, ""model__learning_rate"": 0.03, ""model__max_depth"": 6, ""model__min_child_weight"": 5, ""model__n_estimators"": 300, ""model__reg_lambda"": 1.0, ""model__subsample"": 1.0, ""sample_weight_mode"": ""balanced""}",0.5328541219185035,0.03559871770153143,0.5012427305001996,0.030978455415470927,0.6136433888724969,0.05431754603712347,0.5500497778467895,0.021678185386610767,0.6605394889606633,0.021524056458377336,0.7124351286619576,0.015325168735111831,0.20998744108383388,0.0053960333105310945,0.6079689477973873,0.013275255718132453
xgboost,airport_aware,"{""model__colsample_bytree"": 1.0, ""model__learning_rate"": 0.08, ""model__max_depth"": 3, ""model__min_child_weight"": 1, ""model__n_estimators"": 600, ""model__reg_lambda"": 5.0, ""model__subsample"": 1.0, ""sample_weight_mode"": ""balanced""}",0.5328210246410354,0.03641570283442735,0.48794662098992186,0.03392087021497775,0.6117713306661576,0.03674420901820435,0.5415542008342005,0.018173459418906215,0.651711860501645,0.018984791591005027,0.7119098929624716,0.018103277948280566,0.21124336030074095,0.007031474585103482,0.6106909855406294,0.01697155304144822
xgboost,extended_geographic,"{""model__colsample_bytree"": 0.8, ""model__learning_rate"": 0.08, ""model__max_depth"": 6, ""model__min_child_weight"": 1, ""model__n_estimators"": 300, ""model__reg_lambda"": 1.0, ""model__subsample"": 1.0, ""sample_weight_mode"": ""none""}",0.5327859001892141,0.030382436136195148,0.5696001677771898,0.037452528991988095,0.37517016316140095,0.0613220937680213,0.44903394649267814,0.04330546693672521,0.6196043438609583,0.020706964995898188,0.7037223842890785,0.01849894326077205,0.19744309650850544,0.012585289450221675,0.5841746376053204,0.03287701244325661
xgboost,airport_aware,"{""model__colsample_bytree"": 1.0, ""model__learning_rate"": 0.03, ""model__max_depth"": 3, ""model__min_child_weight"": 5, ""model__n_estimators"": 300, ""model__reg_lambda"": 1.0, ""model__subsample"": 1.0, ""sample_weight_mode"": ""none""}",0.5327648806483973,0.038876783950081796,0.593652753154059,0.06073173941525741,0.26387824337397464,0.05631176225714171,0.36297220196705304,0.06159754723515719,0.589115380680099,0.02177088151643123,0.7130323663710306,0.013051405875511724,0.19332653633985436,0.009791064650838665,0.570017441645164,0.02202481214635982
xgboost,airport_aware,"{""model__colsample_bytree"": 0.8, ""model__learning_rate"": 0.03, ""model__max_depth"": 3, ""model__min_child_weight"": 5, ""model__n_estimators"": 300, ""model__reg_lambda"": 1.0, ""model__subsample"": 1.0, ""sample_weight_mode"": ""none""}",0.5327479970749012,0.03683351074715308,0.5877350375217862,0.056776643860529594,0.26522958165289784,0.05162346545375184,0.36333508496497213,0.05496773047405963,0.5883258688126373,0.019677660251803387,0.7129681368999349,0.013382671082939241,0.1933990223812184,0.009820140366654169,0.5702749452374021,0.022198227251582804
xgboost,airport_aware,"{""model__colsample_bytree"": 0.8, ""model__learning_rate"": 0.03, ""model__max_depth"": 3, ""model__min_child_weight"": 1, ""model__n_estimators"": 300, ""model__reg_lambda"": 5.0, ""model__subsample"": 1.0, ""sample_weight_mode"": ""balanced""}",0.5326715401658891,0.04039370391532983,0.5044093356188454,0.043642996535745084,0.6177299632703279,0.029098885682299045,0.5536536665259807,0.01917376989746393,0.6628191429452113,0.013780939895928686,0.7144682161080078,0.01243261656446226,0.21239239095729184,0.0046916042427799344,0.6142766482084078,0.010278970848831502
xgboost,airport_aware,"{""model__colsample_bytree"": 0.8, ""model__learning_rate"": 0.03, ""model__max_depth"": 3, ""model__min_child_weight"": 5, ""model__n_estimators"": 300, ""model__reg_lambda"": 1.0, ""model__subsample"": 1.0, ""sample_weight_mode"": ""balanced""}",0.5326537264249228,0.03901493388957314,0.5032569068457194,0.0414266833722429,0.6154296916220439,0.03679991231956781,0.5518065336962897,0.016788622772973816,0.661538065727987,0.01585712965490303,0.7130241021544053,0.013413237432048112,0.21264273585948743,0.004796169009319546,0.61472043616656,0.010497574799518176
xgboost,airport_aware,"{""model__colsample_bytree"": 0.8, ""model__learning_rate"": 0.08, ""model__max_depth"": 3, ""model__min_child_weight"": 5, ""model__n_estimators"": 600, ""model__reg_lambda"": 1.0, ""model__subsample"": 0.8, ""sample_weight_mode"": ""balanced""}",0.5326289861468952,0.026327669801268976,0.48600285689134426,0.03368227842197002,0.6061834642782824,0.05062946830164246,0.5380881606460444,0.026188536171678458,0.6493291395068368,0.01983856013197964,0.7088314172443134,0.02034328823985474,0.21195152112511223,0.007870267120541135,0.6122491200882373,0.019155927122317982
xgboost,extended_geographic,"{""model__colsample_bytree"": 0.8, ""model__learning_rate"": 0.03, ""model__max_depth"": 3, ""model__min_child_weight"": 1, ""model__n_estimators"": 300, ""model__reg_lambda"": 1.0, ""model__subsample"": 1.0, ""sample_weight_mode"": ""balanced""}",0.5326015083489547,0.038156842262586046,0.4987537257082483,0.045818163865555324,0.608703492072827,0.024995027320507814,0.5464787789176803,0.018897409843846982,0.6571071441303756,0.011680514216448622,0.7128147136029235,0.00950777210143693,0.2124945488174242,0.004213049981685601,0.6142609557754563,0.009281257599142863
xgboost,airport_aware,"{""model__colsample_bytree"": 1.0, ""model__learning_rate"": 0.03, ""model__max_depth"": 6, ""model__min_child_weight"": 5, ""model__n_estimators"": 300, ""model__reg_lambda"": 1.0, ""model__subsample"": 1.0, ""sample_weight_mode"": ""none""}",0.5325312900849343,0.03276480093768097,0.5765819566029838,0.05065264108996769,0.33769475343689404,0.08190332279165186,0.4215567675882352,0.07185148210651558,0.6100778538038452,0.0300971138664634,0.7121355852110541,0.015467074830655545,0.1933172879641946,0.010839408305902316,0.5697815283361767,0.0258555580150098
xgboost,airport_aware,"{""model__colsample_bytree"": 1.0, ""model__learning_rate"": 0.03, ""model__max_depth"": 6, ""model__min_child_weight"": 1, ""model__n_estimators"": 600, ""model__reg_lambda"": 5.0, ""model__subsample"": 0.8, ""sample_weight_mode"": ""balanced""}",0.5325056023414312,0.029671628673425616,0.4959899237935714,0.03709342538294743,0.5895391115468284,0.045220845260909734,0.5374650915260728,0.028250555305196958,0.6511442697062061,0.025341102878711344,0.7101201472773193,0.022141236671279,0.2091308054938809,0.008273257682497098,0.6058605366358873,0.0196879909486396
xgboost,airport_aware,"{""model__colsample_bytree"": 1.0, ""model__learning_rate"": 0.03, ""model__max_depth"": 6, ""model__min_child_weight"": 5, ""model__n_estimators"": 600, ""model__reg_lambda"": 5.0, ""model__subsample"": 0.8, ""sample_weight_mode"": ""none""}",0.5324027022440745,0.029076539134195063,0.5704480866289345,0.04737136977922564,0.3624623013171768,0.07921929953977827,0.4393804519986233,0.06389361950476773,0.616247961407786,0.029940155033192643,0.7101608852127613,0.023060736353260846,0.1947424145101195,0.01286166197668601,0.5732563775500051,0.03214409838268092
xgboost,extended_geographic,"{""model__colsample_bytree"": 1.0, ""model__learning_rate"": 0.08, ""model__max_depth"": 6, ""model__min_child_weight"": 1, ""model__n_estimators"": 300, ""model__reg_lambda"": 5.0, ""model__subsample"": 0.8, ""sample_weight_mode"": ""none""}",0.5323796896532211,0.032263287390360974,0.5558349675596637,0.03662922339134156,0.3842253114967912,0.05889098217411049,0.45215142716986884,0.04393498229973918,0.618776474070122,0.023695271325878616,0.7035749036372623,0.02463815598362817,0.1976175836967566,0.014271249962186627,0.5834694141925235,0.037019093307144604
xgboost,extended_geographic,"{""model__colsample_bytree"": 1.0, ""model__learning_rate"": 0.03, ""model__max_depth"": 6, ""model__min_child_weight"": 5, ""model__n_estimators"": 600, ""model__reg_lambda"": 1.0, ""model__subsample"": 0.8, ""sample_weight_mode"": ""balanced""}",0.5323127344724201,0.025504433999044306,0.49676012184081764,0.04064691940477812,0.5818364571637311,0.041049403185368635,0.5343447502306102,0.023700921075297112,0.6491477211757127,0.020200839350928895,0.7076958555454358,0.021435600551903064,0.21017568469467535,0.009050971014651273,0.608962012315808,0.02234124760609416
xgboost,airport_aware,"{""model__colsample_bytree"": 1.0, ""model__learning_rate"": 0.03, ""model__max_depth"": 3, ""model__min_child_weight"": 5, ""model__n_estimators"": 300, ""model__reg_lambda"": 1.0, ""model__subsample"": 1.0, ""sample_weight_mode"": ""balanced""}",0.5322748964464502,0.04009285005174722,0.5044242412769998,0.04238030632077231,0.6193013543028151,0.03659811730362293,0.5542332475102917,0.0209056257193383,0.6633226077347234,0.018732367281230556,0.7131223369145825,0.01198581980154224,0.21253165193926837,0.004487210492438467,0.6145056327811291,0.00980099780735334
xgboost,airport_aware,"{""model__colsample_bytree"": 0.8, ""model__learning_rate"": 0.03, ""model__max_depth"": 3, ""model__min_child_weight"": 5, ""model__n_estimators"": 300, ""model__reg_lambda"": 5.0, ""model__subsample"": 1.0, ""sample_weight_mode"": ""balanced""}",0.5320226023088489,0.0394369593153823,0.5029587350547414,0.04200514151252398,0.6145860118537577,0.033195845471132364,0.5513865403813047,0.017647727088494783,0.6610956029385364,0.0164664198309354,0.7136702698485295,0.013108807628894374,0.21262542252401923,0.004866518494865765,0.6148213631808095,0.010518188270864265
xgboost,airport_aware,"{""model__colsample_bytree"": 0.8, ""model__learning_rate"": 0.08, ""model__max_depth"": 6, ""model__min_child_weight"": 1, ""model__n_estimators"": 300, ""model__reg_lambda"": 1.0, ""model__subsample"": 0.8, ""sample_weight_mode"": ""balanced""}",0.5319974490098417,0.02955533189767273,0.4980721565647916,0.03424044689953712,0.5731438427608243,0.044023971593771805,0.5316560151100608,0.02477527334186286,0.6482654964093008,0.020045618473070837,0.7022527643791522,0.02174502739230324,0.21107860615546664,0.008872329498141691,0.6122482917663256,0.023467020392951315
xgboost,airport_aware,"{""model__colsample_bytree"": 1.0, ""model__learning_rate"": 0.08, ""model__max_depth"": 3, ""model__min_child_weight"": 5, ""model__n_estimators"": 600, ""model__reg_lambda"": 1.0, ""model__subsample"": 1.0, ""sample_weight_mode"": ""balanced""}",0.5319199076027128,0.03253283897144724,0.48217491219354824,0.034502818143449056,0.6068422604215807,0.0508798422501174,0.5357818505457181,0.0244826010938937,0.6470846266746992,0.020583711995122343,0.7084242872511617,0.020232005841444477,0.21228268931135613,0.007680637210840893,0.612801551085244,0.018532994133205524
xgboost,airport_aware,"{""model__colsample_bytree"": 1.0, ""model__learning_rate"": 0.03, ""model__max_depth"": 6, ""model__min_child_weight"": 5, ""model__n_estimators"": 600, ""model__reg_lambda"": 1.0, ""model__subsample"": 0.8, ""sample_weight_mode"": ""none""}",0.5317209819029519,0.029367283735592373,0.5700763870000694,0.037024931336362484,0.3709105877751821,0.06579970056605144,0.44628083449012834,0.04928040716124218,0.6184247261224488,0.024557236402043076,0.7079297200229986,0.023126873331664338,0.1955872780760522,0.012928244057822908,0.5760693311150582,0.03298639404859833
xgboost,extended_geographic,"{""model__colsample_bytree"": 1.0, ""model__learning_rate"": 0.03, ""model__max_depth"": 6, ""model__min_child_weight"": 5, ""model__n_estimators"": 300, ""model__reg_lambda"": 1.0, ""model__subsample"": 1.0, ""sample_weight_mode"": ""balanced""}",0.5317169110710536,0.033984423326731246,0.5018372874411174,0.0317006389375194,0.6120509291202249,0.05833447934307096,0.5496053286878316,0.02410809757810397,0.6604465643733909,0.02337785008971168,0.7107283232906418,0.015914052112282865,0.21016006019520983,0.005229356082853582,0.6085308263754877,0.012678158171005614
xgboost,airport_aware,"{""model__colsample_bytree"": 0.8, ""model__learning_rate"": 0.08, ""model__max_depth"": 3, ""model__min_child_weight"": 5, ""model__n_estimators"": 600, ""model__reg_lambda"": 1.0, ""model__subsample"": 1.0, ""sample_weight_mode"": ""none""}",0.5316134466206102,0.03197369173274184,0.5594286833189465,0.04735572737449743,0.3424891276705174,0.0761911082610236,0.42116807317032795,0.0643556508917793,0.6071171028022875,0.02763087348815829,0.7089830630324286,0.020830055517687535,0.19481407554821412,0.012355847673214532,0.573292570971125,0.03044717855627301
xgboost,extended_geographic,"{""model__colsample_bytree"": 1.0, ""model__learning_rate"": 0.03, ""model__max_depth"": 6, ""model__min_child_weight"": 5, ""model__n_estimators"": 600, ""model__reg_lambda"": 5.0, ""model__subsample"": 0.8, ""sample_weight_mode"": ""balanced""}",0.5315346174149056,0.028072243075211493,0.4945313535123336,0.036387346529713364,0.5906794819988466,0.03959044372205407,0.537123325511418,0.02460384914054595,0.6502347374773341,0.021399555773636114,0.7084593878853855,0.02031918128058983,0.20999705213908199,0.008228789362970211,0.6081142846029823,0.01962581051424264
xgboost,airport_aware,"{""model__colsample_bytree"": 0.8, ""model__learning_rate"": 0.03, ""model__max_depth"": 6, ""model__min_child_weight"": 5, ""model__n_estimators"": 600, ""model__reg_lambda"": 1.0, ""model__subsample"": 0.8, ""sample_weight_mode"": ""balanced""}",0.5314161894035683,0.02756695441916324,0.4930939444646046,0.033966089464604075,0.5961537739610976,0.047079070439180824,0.5383317999279029,0.02491197200197883,0.65116975018446,0.023781738568259353,0.7092054758260151,0.020741415275240326,0.21018827226969367,0.007922532072951573,0.6084255880400982,0.01941821197579631
xgboost,airport_aware,"{""model__colsample_bytree"": 1.0, ""model__learning_rate"": 0.03, ""model__max_depth"": 6, ""model__min_child_weight"": 5, ""model__n_estimators"": 600, ""model__reg_lambda"": 5.0, ""model__subsample"": 0.8, ""sample_weight_mode"": ""balanced""}",0.5314133865665334,0.031060337573625668,0.4935391910191873,0.04238336458149667,0.5932747498723379,0.04369693451606757,0.5372801808183636,0.028022693493338118,0.6504237109465717,0.022741127476413298,0.709198015260065,0.022436254375320687,0.2100672893571966,0.008534661017600514,0.6079166621322536,0.020559122759647316
xgboost,airport_aware,"{""model__colsample_bytree"": 0.8, ""model__learning_rate"": 0.03, ""model__max_depth"": 6, ""model__min_child_weight"": 5, ""model__n_estimators"": 600, ""model__reg_lambda"": 1.0, ""model__subsample"": 1.0, ""sample_weight_mode"": ""balanced""}",0.531411130494056,0.031220940946298698,0.49717384198341924,0.035215659772262396,0.6033941996049738,0.04982222585748577,0.5437805604850279,0.027031392046458422,0.6554840242049149,0.02225265362606367,0.7092945605198894,0.01969293752852902,0.21048491667254834,0.0068776821424543855,0.6092547461619439,0.01697785821163417
xgboost,airport_aware,"{""model__colsample_bytree"": 0.8, ""model__learning_rate"": 0.08, ""model__max_depth"": 6, ""model__min_child_weight"": 5, ""model__n_estimators"": 300, ""model__reg_lambda"": 5.0, ""model__subsample"": 0.8, ""sample_weight_mode"": ""none""}",0.5313906276325259,0.026105229872013476,0.5657634974883745,0.03636075545680261,0.37656097415134787,0.06501364595410729,0.449240245366788,0.04836525886582856,0.6189614535162542,0.02442252874334267,0.7045521669352073,0.026640135990322392,0.19694490969262674,0.014587325433492102,0.5795918140094357,0.03714453156262447
xgboost,extended_geographic,"{""model__colsample_bytree"": 1.0, ""model__learning_rate"": 0.08, ""model__max_depth"": 6, ""model__min_child_weight"": 5, ""model__n_estimators"": 300, ""model__reg_lambda"": 1.0, ""model__subsample"": 0.8, ""sample_weight_mode"": ""none""}",0.5312669379317807,0.02750313683184105,0.5569475765913546,0.031199081142059118,0.38076347015622586,0.05478947914619656,0.4496580956657817,0.036728621923291044,0.6175254393783438,0.01693831991059844,0.7005625591380463,0.026000247335646688,0.19858341120592948,0.01467114321759661,0.5866957265794215,0.03948708710427911
xgboost,airport_aware,"{""model__colsample_bytree"": 1.0, ""model__learning_rate"": 0.03, ""model__max_depth"": 6, ""model__min_child_weight"": 1, ""model__n_estimators"": 300, ""model__reg_lambda"": 5.0, ""model__subsample"": 1.0, ""sample_weight_mode"": ""balanced""}",0.5312365325094277,0.03598473459598795,0.5020020049491948,0.02902853992474549,0.6118562443659069,0.05216554741975847,0.5496733935470863,0.017044516835267996,0.660563417434634,0.02035381090316838,0.7115356506399065,0.012147628614198755,0.20996392685618806,0.004305107372408219,0.607876028884197,0.010461885563059714
xgboost,airport_aware,"{""model__colsample_bytree"": 1.0, ""model__learning_rate"": 0.03, ""model__max_depth"": 6, ""model__min_child_weight"": 1, ""model__n_estimators"": 300, ""model__reg_lambda"": 1.0, ""model__subsample"": 1.0, ""sample_weight_mode"": ""none""}",0.531010454405263,0.03646355754323874,0.5761342826178717,0.059538976307346135,0.3367096374026937,0.08120180224746026,0.42058125778562977,0.07209984167508064,0.6095665821110761,0.029674310895162107,0.7099449286101386,0.011085069445789093,0.1939796733963694,0.009974894135922582,0.5710023157225897,0.024187495324073965
xgboost,extended_geographic,"{""model__colsample_bytree"": 1.0, ""model__learning_rate"": 0.03, ""model__max_depth"": 6, ""model__min_child_weight"": 5, ""model__n_estimators"": 600, ""model__reg_lambda"": 5.0, ""model__subsample"": 1.0, ""sample_weight_mode"": ""none""}",0.5310078994759635,0.02440998980732466,0.5647803146144252,0.04543919308571884,0.358459613575325,0.06866387860737362,0.4346155870186205,0.05163505813818384,0.61294703116479,0.021631012489880162,0.7092295016636739,0.017365805296025407,0.19477860719173296,0.011753025247938712,0.5735515739435623,0.029104527959890908
xgboost,airport_aware,"{""model__colsample_bytree"": 1.0, ""model__learning_rate"": 0.03, ""model__max_depth"": 6, ""model__min_child_weight"": 5, ""model__n_estimators"": 600, ""model__reg_lambda"": 1.0, ""model__subsample"": 1.0, ""sample_weight_mode"": ""balanced""}",0.5309548339948441,0.02944148583669877,0.49349450283580226,0.035035617420456126,0.5997252406469628,0.05039671850496713,0.5399438948164794,0.02615491404749554,0.652174972188015,0.022771171380985857,0.7084819979192306,0.01848684451915019,0.2109750336216571,0.006967237906232416,0.6107887585698096,0.0175417902268675
xgboost,extended_geographic,"{""model__colsample_bytree"": 1.0, ""model__learning_rate"": 0.03, ""model__max_depth"": 6, ""model__min_child_weight"": 5, ""model__n_estimators"": 600, ""model__reg_lambda"": 5.0, ""model__subsample"": 1.0, ""sample_weight_mode"": ""balanced""}",0.5308812220196927,0.026150185110770947,0.4935350740588297,0.028582485468477723,0.5975968322949099,0.05159078646961922,0.5391062911367195,0.021816655073211195,0.6516726116803048,0.021712491869569688,0.7077399634661259,0.018892002945709096,0.21122626060270927,0.006544801937223004,0.6109143760830249,0.01562435610065903
xgboost,extended_geographic,"{""model__colsample_bytree"": 1.0, ""model__learning_rate"": 0.08, ""model__max_depth"": 6, ""model__min_child_weight"": 5, ""model__n_estimators"": 300, ""model__reg_lambda"": 5.0, ""model__subsample"": 0.8, ""sample_weight_mode"": ""none""}",0.5307548082023579,0.02892913076105533,0.5529758330600971,0.0380917937474391,0.3771022916196028,0.05276163536308475,0.4461810617819092,0.03845179598486705,0.6154951422359951,0.01875732378439944,0.7036590872156328,0.02410236055729437,0.19716477810800231,0.013765207766109623,0.5812560613903116,0.035866971056316185
xgboost,extended_geographic,"{""model__colsample_bytree"": 1.0, ""model__learning_rate"": 0.08, ""model__max_depth"": 6, ""model__min_child_weight"": 1, ""model__n_estimators"": 300, ""model__reg_lambda"": 1.0, ""model__subsample"": 0.8, ""sample_weight_mode"": ""none""}",0.5307083670257502,0.02894703675181627,0.5566749763375436,0.03831437720982937,0.38577371197241594,0.04524338655515594,0.4536737083994023,0.029878660936497128,0.6189076183330419,0.017701971589023813,0.7022233904739592,0.02627057430999947,0.19910125158333644,0.015402815921650584,0.5894174799698643,0.04127263882241364
xgboost,extended_geographic,"{""model__colsample_bytree"": 1.0, ""model__learning_rate"": 0.08, ""model__max_depth"": 6, ""model__min_child_weight"": 1, ""model__n_estimators"": 300, ""model__reg_lambda"": 1.0, ""model__subsample"": 1.0, ""sample_weight_mode"": ""balanced""}",0.5306783594444588,0.02606684589037295,0.5012050492873905,0.030334131828999765,0.573283101835809,0.04723827958045594,0.5336119752247503,0.025051550646745652,0.6494501127240183,0.026738266941269268,0.7009689336267856,0.018304844618494888,0.21184651727622725,0.009053285545781579,0.6164252868334285,0.023895796832172793
xgboost,extended_geographic,"{""model__colsample_bytree"": 0.8, ""model__learning_rate"": 0.08, ""model__max_depth"": 6, ""model__min_child_weight"": 5, ""model__n_estimators"": 300, ""model__reg_lambda"": 5.0, ""model__subsample"": 0.8, ""sample_weight_mode"": ""balanced""}",0.5306440176347531,0.025701950127071174,0.4920904175700568,0.033772388036062945,0.5842513981116809,0.04251325218933628,0.5330220760525037,0.024698287672148954,0.647175341921532,0.024083711705890604,0.7047815566770843,0.02361804337432299,0.21128650633198293,0.009881636383518562,0.6116172658396175,0.024594948252948504
xgboost,airport_aware,"{""model__colsample_bytree"": 1.0, ""model__learning_rate"": 0.08, ""model__max_depth"": 6, ""model__min_child_weight"": 5, ""model__n_estimators"": 300, ""model__reg_lambda"": 5.0, ""model__subsample"": 0.8, ""sample_weight_mode"": ""none""}",0.5306067817815306,0.02958290311773546,0.5721015723854797,0.032517048071986895,0.38541684803822507,0.05885589692534212,0.4577407999569096,0.04024489141265973,0.6234399791334037,0.020715227921008134,0.7047924460618846,0.024339297725183458,0.19686526229499762,0.013842597379231304,0.5802210383216394,0.03540128803369108
xgboost,airport_aware,"{""model__colsample_bytree"": 1.0, ""model__learning_rate"": 0.03, ""model__max_depth"": 3, ""model__min_child_weight"": 1, ""model__n_estimators"": 300, ""model__reg_lambda"": 1.0, ""model__subsample"": 1.0, ""sample_weight_mode"": ""balanced""}",0.5305209106390867,0.04029308950209102,0.5012401672186331,0.04616629912562678,0.6154073844971674,0.028246180213327497,0.5507478256544271,0.02178128835422047,0.6604014327398812,0.014025871099205658,0.7124693952522855,0.011471430026159506,0.21263358610374725,0.004541857968416156,0.6147027829661891,0.0099747198441014
xgboost,extended_geographic,"{""model__colsample_bytree"": 0.8, ""model__learning_rate"": 0.03, ""model__max_depth"": 6, ""model__min_child_weight"": 5, ""model__n_estimators"": 600, ""model__reg_lambda"": 1.0, ""model__subsample"": 1.0, ""sample_weight_mode"": ""balanced""}",0.5303955288450716,0.028134835046820638,0.4942512237290485,0.02901419934758223,0.5969226255406195,0.04346803916338902,0.5397404411916051,0.023239472582750585,0.6519649504915022,0.022650510947576457,0.7076475165681919,0.018322560683842564,0.21082771562696237,0.006528463813070218,0.6104046004640237,0.016235548777348445
xgboost,airport_aware,"{""model__colsample_bytree"": 1.0, ""model__learning_rate"": 0.08, ""model__max_depth"": 6, ""model__min_child_weight"": 1, ""model__n_estimators"": 300, ""model__reg_lambda"": 5.0, ""model__subsample"": 1.0, ""sample_weight_mode"": ""balanced""}",0.5303479711508688,0.029994402377836044,0.49151455354762363,0.03855865789417328,0.5916002824297054,0.04660794018207432,0.5353619576772775,0.026562622226132787,0.6491342293850672,0.02221143647714995,0.7060667275404586,0.016819257488325686,0.211081069516107,0.007060573368911947,0.6108143644385492,0.017964183736166234
xgboost,airport_aware,"{""model__colsample_bytree"": 0.8, ""model__learning_rate"": 0.03, ""model__max_depth"": 6, ""model__min_child_weight"": 1, ""model__n_estimators"": 600, ""model__reg_lambda"": 1.0, ""model__subsample"": 0.8, ""sample_weight_mode"": ""balanced""}",0.5303090106163757,0.029727749475681884,0.5013282537374606,0.033175701834017995,0.5892710549588075,0.043165249912528965,0.5404742425405651,0.022416587169449192,0.6541843607990107,0.021321309045022843,0.7088435715564192,0.017787370067537115,0.20868623987374607,0.0071615652024201466,0.6050797029356687,0.018150366122571805
xgboost,airport_aware,"{""model__colsample_bytree"": 1.0, ""model__learning_rate"": 0.03, ""model__max_depth"": 6, ""model__min_child_weight"": 1, ""model__n_estimators"": 600, ""model__reg_lambda"": 1.0, ""model__subsample"": 0.8, ""sample_weight_mode"": ""none""}",0.530279842103864,0.028698939375408253,0.571341612564372,0.043581089126941266,0.36685774295766327,0.07182912587029826,0.4430748210459522,0.05583730958951618,0.6175521193201149,0.025009217608959,0.7083443806026055,0.02066093005170715,0.19597457383635972,0.012874233200582173,0.5778004786891245,0.03245592923486902
xgboost,airport_aware,"{""model__colsample_bytree"": 1.0, ""model__learning_rate"": 0.08, ""model__max_depth"": 6, ""model__min_child_weight"": 1, ""model__n_estimators"": 300, ""model__reg_lambda"": 5.0, ""model__subsample"": 1.0, ""sample_weight_mode"": ""none""}",0.5302761428026674,0.029093003685899742,0.5665024876654037,0.0415843259735246,0.357641675176804,0.07665787657039264,0.4341877582110298,0.059300570345356594,0.6133657837925517,0.026517688218244934,0.7081058130751009,0.018989720364020895,0.19573815763887956,0.012303898154045513,0.5765685890415597,0.030985827629339144
xgboost,airport_aware,"{""model__colsample_bytree"": 1.0, ""model__learning_rate"": 0.03, ""model__max_depth"": 6, ""model__min_child_weight"": 5, ""model__n_estimators"": 300, ""model__reg_lambda"": 5.0, ""model__subsample"": 1.0, ""sample_weight_mode"": ""none""}",0.5302522452186398,0.03187168823851335,0.5771448715702795,0.055572828565034656,0.34065510200809157,0.08270577752450697,0.4241824952021938,0.07390554623730919,0.6112575849917311,0.03085364288515753,0.7132180037882538,0.01480811415330895,0.1929987950613283,0.010850213059751623,0.568459652828911,0.025779832237676926
xgboost,airport_aware,"{""model__colsample_bytree"": 0.8, ""model__learning_rate"": 0.08, ""model__max_depth"": 6, ""model__min_child_weight"": 5, ""model__n_estimators"": 300, ""model__reg_lambda"": 5.0, ""model__subsample"": 1.0, ""sample_weight_mode"": ""balanced""}",0.5302437299852648,0.031471165116660385,0.4961934447047101,0.03102480122046314,0.6042730339318917,0.045019826615858675,0.543717166521167,0.023065065015576855,0.6550525730340764,0.02185274075585851,0.7086563338128976,0.019966525770811868,0.21114266562673917,0.006887453534275137,0.6105745073022149,0.016775560884296117
xgboost,extended_geographic,"{""model__colsample_bytree"": 0.8, ""model__learning_rate"": 0.08, ""model__max_depth"": 6, ""model__min_child_weight"": 1, ""model__n_estimators"": 300, ""model__reg_lambda"": 5.0, ""model__subsample"": 0.8, ""sample_weight_mode"": ""balanced""}",0.5302406448194855,0.022141112835959865,0.5003728301092374,0.03062835829903498,0.584906363137979,0.03632003110599493,0.5383106422988884,0.02018126863831242,0.6520334670302006,0.02344673904636203,0.703295017522169,0.02070014714337524,0.21126335463340995,0.009349909008396141,0.6124534814429337,0.023572833459392498
xgboost,airport_aware,"{""model__colsample_bytree"": 0.8, ""model__learning_rate"": 0.03, ""model__max_depth"": 6, ""model__min_child_weight"": 1, ""model__n_estimators"": 600, ""model__reg_lambda"": 1.0, ""model__subsample"": 1.0, ""sample_weight_mode"": ""none""}",0.5301839951149769,0.034557411935288024,0.5690283885517612,0.049768617414652376,0.35335107161641266,0.07875989765866052,0.4320083752012402,0.0653649981423142,0.6131053831311424,0.03000898851130681,0.7084452236867651,0.017825819701733605,0.19537646356810753,0.01160650174800974,0.5757129586768717,0.02945497484680649
xgboost,airport_aware,"{""model__colsample_bytree"": 0.8, ""model__learning_rate"": 0.08, ""model__max_depth"": 6, ""model__min_child_weight"": 5, ""model__n_estimators"": 300, ""model__reg_lambda"": 1.0, ""model__subsample"": 1.0, ""sample_weight_mode"": ""none""}",0.5301203715602821,0.03045467813712193,0.5683334542693939,0.026729229470762138,0.3717589237814341,0.06309394763311893,0.4462397249685151,0.043817455618445106,0.6179813832158636,0.021195638098971698,0.7065046274639458,0.022702545994769136,0.1962708793581504,0.012716161559652862,0.5782177002565392,0.032927251687671986
xgboost,airport_aware,"{""model__colsample_bytree"": 0.8, ""model__learning_rate"": 0.08, ""model__max_depth"": 6, ""model__min_child_weight"": 5, ""model__n_estimators"": 300, ""model__reg_lambda"": 1.0, ""model__subsample"": 0.8, ""sample_weight_mode"": ""none""}",0.5300804916436659,0.0313504445518388,0.5681393021721491,0.04000766076159396,0.37134871472482806,0.06149310557022022,0.4453511935476073,0.041356671625656274,0.6171408618325747,0.01822570087839584,0.7024767483071909,0.02697372558525612,0.19795619139559348,0.014841314208855245,0.583122499417781,0.03851436734450837
xgboost,extended_geographic,"{""model__colsample_bytree"": 0.8, ""model__learning_rate"": 0.08, ""model__max_depth"": 6, ""model__min_child_weight"": 1, ""model__n_estimators"": 600, ""model__reg_lambda"": 5.0, ""model__subsample"": 1.0, ""sample_weight_mode"": ""none""}",0.5300620307971509,0.02417954553994543,0.5582470270081685,0.032379874884174174,0.39198612467360894,0.05638951996323506,0.457689973364895,0.03657354357982742,0.6215912480579775,0.018809666688738978,0.6998107421727354,0.021661025299583005,0.19968929007416825,0.014307853618676989,0.5910644582520794,0.03841854948931247
xgboost,airport_aware,"{""model__colsample_bytree"": 1.0, ""model__learning_rate"": 0.03, ""model__max_depth"": 3, ""model__min_child_weight"": 1, ""model__n_estimators"": 300, ""model__reg_lambda"": 5.0, ""model__subsample"": 1.0, ""sample_weight_mode"": ""balanced""}",0.53003633302686,0.04158678313037229,0.5017828498972048,0.040364689665412956,0.6164311761455332,0.03579126796625019,0.5514778573745034,0.017586546970216627,0.6610532036740437,0.016091337225180975,0.7128372665435909,0.011032616967485177,0.2127218482068185,0.004507282269990038,0.6149620090725701,0.009895312015998123
xgboost,airport_aware,"{""model__colsample_bytree"": 0.8, ""model__learning_rate"": 0.03, ""model__max_depth"": 6, ""model__min_child_weight"": 1, ""model__n_estimators"": 600, ""model__reg_lambda"": 1.0, ""model__subsample"": 1.0, ""sample_weight_mode"": ""balanced""}",0.5299707820329809,0.03493552786132511,0.49408506614262643,0.030953518017201493,0.5866007299488003,0.04526067403212071,0.5349542509706755,0.020180296426546996,0.6494304076039215,0.020335828002783624,0.7049898125872278,0.01843053861120263,0.21055495200856283,0.007182488593882445,0.6099458569986608,0.018724792386282215
xgboost,airport_aware,"{""model__colsample_bytree"": 1.0, ""model__learning_rate"": 0.03, ""model__max_depth"": 6, ""model__min_child_weight"": 1, ""model__n_estimators"": 300, ""model__reg_lambda"": 1.0, ""model__subsample"": 1.0, ""sample_weight_mode"": ""balanced""}",0.5298395083055359,0.035089269032356755,0.4993601841151287,0.03357662587213806,0.5994677643625511,0.04276793588382654,0.5430420564700658,0.012731330716216018,0.6556260986194042,0.014094531657177112,0.7082305146486141,0.010891078686941313,0.210128752109129,0.0045185673557344725,0.6085117432329668,0.011337954582926822
xgboost,extended_geographic,"{""model__colsample_bytree"": 0.8, ""model__learning_rate"": 0.08, ""model__max_depth"": 6, ""model__min_child_weight"": 1, ""model__n_estimators"": 300, ""model__reg_lambda"": 1.0, ""model__subsample"": 0.8, ""sample_weight_mode"": ""none""}",0.5297629969598858,0.02910006255354927,0.5736108113923015,0.04115715441700364,0.3981656784185499,0.06052236395770173,0.4673532366759348,0.0438040671012034,0.6280881562265896,0.0223562548155681,0.7041859915734181,0.023590002202927934,0.1983753046537521,0.014511093991745987,0.5869281011981631,0.03935544159280485
xgboost,extended_geographic,"{""model__colsample_bytree"": 0.8, ""model__learning_rate"": 0.03, ""model__max_depth"": 6, ""model__min_child_weight"": 1, ""model__n_estimators"": 600, ""model__reg_lambda"": 1.0, ""model__subsample"": 0.8, ""sample_weight_mode"": ""balanced""}",0.5297487917080174,0.03122665923808151,0.5052506828710397,0.03136408165116143,0.5796643756334241,0.046418380982229626,0.5385724348032538,0.023601799765371596,0.6538156459486325,0.021973450165587143,0.7059087194859544,0.019033923088245808,0.2092828417794383,0.007887994073882887,0.6068235875991045,0.01976364184843909
xgboost,airport_aware,"{""model__colsample_bytree"": 0.8, ""model__learning_rate"": 0.08, ""model__max_depth"": 6, ""model__min_child_weight"": 1, ""model__n_estimators"": 300, ""model__reg_lambda"": 5.0, ""model__subsample"": 0.8, ""sample_weight_mode"": ""balanced""}",0.5297380426047222,0.030873589344021804,0.49669384324108173,0.03854759831270504,0.5875761446162533,0.04702912068403356,0.5368147946676336,0.027840866499808985,0.6510177100672081,0.025780921016928377,0.7050405919229534,0.02430555276181388,0.2110152027354598,0.009911180658116458,0.6106700917837002,0.024767793694963788
xgboost,airport_aware,"{""model__colsample_bytree"": 0.8, ""model__learning_rate"": 0.08, ""model__max_depth"": 6, ""model__min_child_weight"": 5, ""model__n_estimators"": 300, ""model__reg_lambda"": 1.0, ""model__subsample"": 1.0, ""sample_weight_mode"": ""balanced""}",0.5296686294600773,0.027996847784269793,0.4935661141867512,0.033201580393076385,0.5964675464322815,0.049259078546419914,0.5386783857010493,0.024548800321764867,0.651507905583161,0.02554916004979452,0.705840926587441,0.025024709399504002,0.21179540672988187,0.00932894710308356,0.6128293670201093,0.02297697168245584
xgboost,extended_geographic,"{""model__colsample_bytree"": 1.0, ""model__learning_rate"": 0.03, ""model__max_depth"": 6, ""model__min_child_weight"": 1, ""model__n_estimators"": 600, ""model__reg_lambda"": 1.0, ""model__subsample"": 0.8, ""sample_weight_mode"": ""balanced""}",0.529570794108286,0.031197945815599943,0.5042135206795112,0.032740312935855075,0.5781181992457671,0.03622561431881788,0.5377656510986584,0.023497960186606184,0.6525687042103312,0.01896694528445684,0.7058080915562162,0.02030300291442175,0.20935914735921682,0.008076398543133476,0.6075499156251738,0.020286688957990677
xgboost,airport_aware,"{""model__colsample_bytree"": 1.0, ""model__learning_rate"": 0.03, ""model__max_depth"": 6, ""model__min_child_weight"": 5, ""model__n_estimators"": 600, ""model__reg_lambda"": 1.0, ""model__subsample"": 1.0, ""sample_weight_mode"": ""none""}",0.5295486193732025,0.02613762454384572,0.5716937214098998,0.0377856961037992,0.3557471549806078,0.06784911619154407,0.43479089230695855,0.05104864527826865,0.6138500868683477,0.023091219740759665,0.7074705724554647,0.018819542430193428,0.19562981673391075,0.012335513367918233,0.5767236987767616,0.03032101653101726
xgboost,airport_aware,"{""model__colsample_bytree"": 0.8, ""model__learning_rate"": 0.08, ""model__max_depth"": 6, ""model__min_child_weight"": 1, ""model__n_estimators"": 300, ""model__reg_lambda"": 5.0, ""model__subsample"": 1.0, ""sample_weight_mode"": ""balanced""}",0.5294465791447098,0.030976423505980698,0.4928023317367615,0.03316364033528961,0.5934342889996723,0.035664559435432945,0.5371934262258848,0.017885287007708087,0.6502660648409805,0.0132647134219368,0.7077047099732858,0.0161309224735722,0.21037014268328832,0.00703414965086351,0.6089781093165346,0.018078858663912484
xgboost,airport_aware,"{""model__colsample_bytree"": 1.0, ""model__learning_rate"": 0.03, ""model__max_depth"": 6, ""model__min_child_weight"": 1, ""model__n_estimators"": 600, ""model__reg_lambda"": 5.0, ""model__subsample"": 1.0, ""sample_weight_mode"": ""balanced""}",0.5292689288962724,0.032482032721490875,0.4954064197214751,0.02907391561060916,0.5985491144924577,0.051764963425587104,0.540542746225451,0.021503745006043577,0.6533089407286518,0.021532284333145732,0.7075062386384816,0.014704424388105285,0.21075731402812328,0.005755701399994242,0.6096476439410059,0.01466496871521288
xgboost,airport_aware,"{""model__colsample_bytree"": 1.0, ""model__learning_rate"": 0.03, ""model__max_depth"": 6, ""model__min_child_weight"": 5, ""model__n_estimators"": 300, ""model__reg_lambda"": 5.0, ""model__subsample"": 1.0, ""sample_weight_mode"": ""balanced""}",0.5292625250963106,0.03416908046984529,0.495857386567289,0.03386766449062423,0.6082375864627394,0.048680057492297174,0.5446751487060537,0.02085152158470026,0.6559888736248677,0.0197798819059008,0.7130155386253147,0.014339759715348585,0.21015551622746945,0.0049785114887720165,0.6084731318392155,0.011644908762743435
xgboost,extended_geographic,"{""model__colsample_bytree"": 0.8, ""model__learning_rate"": 0.08, ""model__max_depth"": 6, ""model__min_child_weight"": 5, ""model__n_estimators"": 300, ""model__reg_lambda"": 1.0, ""model__subsample"": 0.8, ""sample_weight_mode"": ""none""}",0.5292230047791457,0.02232311066312803,0.5610833311132202,0.03818432517609861,0.38270216641797805,0.0474551777700751,0.4522910146800407,0.029388086257541322,0.6191641466748232,0.016398700652342876,0.7017112550014344,0.024179150754443907,0.19818166655246722,0.01458148858666365,0.5843015250659347,0.03836771776009945
xgboost,airport_aware,"{""model__colsample_bytree"": 1.0, ""model__learning_rate"": 0.03, ""model__max_depth"": 6, ""model__min_child_weight"": 5, ""model__n_estimators"": 600, ""model__reg_lambda"": 1.0, ""model__subsample"": 0.8, ""sample_weight_mode"": ""balanced""}",0.5292000726775082,0.029439381203666296,0.49442737966394323,0.04227381927588272,0.587147617652765,0.04426689235221176,0.5350273348819876,0.025155552081514047,0.6493172150240806,0.021891779370504454,0.7065888655283991,0.022956625467868776,0.21076197048995637,0.008795051456888869,0.6100092214649084,0.021495829413122253
xgboost,extended_geographic,"{""model__colsample_bytree"": 1.0, ""model__learning_rate"": 0.03, ""model__max_depth"": 6, ""model__min_child_weight"": 5, ""model__n_estimators"": 600, ""model__reg_lambda"": 1.0, ""model__subsample"": 1.0, ""sample_weight_mode"": ""none""}",0.5291473614843384,0.026274795975735333,0.5627466369001912,0.03136683820460886,0.3651472224789515,0.06166518914040678,0.43961092340731095,0.04395820895176421,0.6145253926458649,0.019051687150833708,0.7057080769714632,0.020806558912507093,0.19623683729629282,0.012498831230205324,0.5784423505233248,0.03196140035677263
xgboost,airport_aware,"{""model__colsample_bytree"": 1.0, ""model__learning_rate"": 0.03, ""model__max_depth"": 6, ""model__min_child_weight"": 1, ""model__n_estimators"": 600, ""model__reg_lambda"": 1.0, ""model__subsample"": 1.0, ""sample_weight_mode"": ""none""}",0.5289701151083591,0.03479282990994085,0.559371819018754,0.045346623082494056,0.3476027090612808,0.07570465192942337,0.4245720775880377,0.06047367484260856,0.608433005665084,0.02628673558683794,0.7063928943930033,0.015826208076181236,0.19619818861151211,0.011229128229233748,0.5781132654072675,0.028560114770802232
xgboost,extended_geographic,"{""model__colsample_bytree"": 1.0, ""model__learning_rate"": 0.08, ""model__max_depth"": 6, ""model__min_child_weight"": 1, ""model__n_estimators"": 300, ""model__reg_lambda"": 5.0, ""model__subsample"": 1.0, ""sample_weight_mode"": ""balanced""}",0.5286999121888313,0.027039741882733913,0.49336289392747706,0.027282952761362955,0.594366529915988,0.04386872680859814,0.5380488965562295,0.021105622277713343,0.6507059548504179,0.02335459898019725,0.7042517128349568,0.016341936958026746,0.21153607754705472,0.007544608015518443,0.6126013954176472,0.01874275300180321
xgboost,airport_aware,"{""model__colsample_bytree"": 1.0, ""model__learning_rate"": 0.03, ""model__max_depth"": 6, ""model__min_child_weight"": 5, ""model__n_estimators"": 600, ""model__reg_lambda"": 5.0, ""model__subsample"": 1.0, ""sample_weight_mode"": ""balanced""}",0.5286664698973029,0.02857478007090244,0.4965946895272818,0.030413536360308677,0.6133449162519407,0.05661287662397346,0.5470876412662322,0.02312983448421638,0.657796827492031,0.023055204291319617,0.709513873070611,0.018044246566411386,0.2109928897800403,0.006207778299160559,0.6103754432710844,0.015096836286772036
xgboost,airport_aware,"{""model__colsample_bytree"": 1.0, ""model__learning_rate"": 0.08, ""model__max_depth"": 6, ""model__min_child_weight"": 5, ""model__n_estimators"": 300, ""model__reg_lambda"": 1.0, ""model__subsample"": 0.8, ""sample_weight_mode"": ""none""}",0.5286167702378106,0.031175441861483407,0.5645504999277281,0.037042762361990854,0.3805447127522214,0.06357378682811048,0.4512726022429934,0.04385975306390565,0.6196783261868196,0.019956879040152007,0.7020778151792071,0.02711718503122148,0.19822465721213983,0.01459270934887751,0.5843590830182879,0.03837911000073956
xgboost,airport_aware,"{""model__colsample_bytree"": 0.8, ""model__learning_rate"": 0.08, ""model__max_depth"": 6, ""model__min_child_weight"": 5, ""model__n_estimators"": 300, ""model__reg_lambda"": 1.0, ""model__subsample"": 0.8, ""sample_weight_mode"": ""balanced""}",0.5285434724408415,0.02987135816634556,0.4865925498827285,0.03446693856182828,0.586261986350482,0.044301947689522544,0.530630526729629,0.0271829398875218,0.6448997194862354,0.02467481488859685,0.7022296762882206,0.024972083567052904,0.21297986926775464,0.009971197047495769,0.6156223838427316,0.02471301230864652
xgboost,extended_geographic,"{""model__colsample_bytree"": 1.0, ""model__learning_rate"": 0.08, ""model__max_depth"": 6, ""model__min_child_weight"": 5, ""model__n_estimators"": 300, ""model__reg_lambda"": 5.0, ""model__subsample"": 1.0, ""sample_weight_mode"": ""none""}",0.528524869773672,0.01953577608108661,0.5652908306347897,0.024978146536936207,0.3736477739793378,0.06098550647974394,0.4467554637337427,0.04165223138175249,0.6178536221510523,0.019162502052640244,0.7051229962602509,0.019278671349468656,0.1964490358551733,0.012958070221043217,0.5783950011905585,0.03276695358756877
xgboost,airport_aware,"{""model__colsample_bytree"": 1.0, ""model__learning_rate"": 0.03, ""model__max_depth"": 6, ""model__min_child_weight"": 1, ""model__n_estimators"": 600, ""model__reg_lambda"": 1.0, ""model__subsample"": 0.8, ""sample_weight_mode"": ""balanced""}",0.528373045607071,0.030579537680007922,0.5018503039064417,0.034941348118593556,0.5850353234985871,0.04849776462027367,0.5389428577382765,0.027522375823262293,0.6533933567253183,0.025321922987856266,0.7073374216272176,0.021754585425760597,0.20923830190786163,0.008184143101658424,0.6067882869914006,0.02066047654316036
xgboost,airport_aware,"{""model__colsample_bytree"": 0.8, ""model__learning_rate"": 0.08, ""model__max_depth"": 6, ""model__min_child_weight"": 1, ""model__n_estimators"": 300, ""model__reg_lambda"": 1.0, ""model__subsample"": 0.8, ""sample_weight_mode"": ""none""}",0.5282924032218148,0.030661874999717204,0.5576298870204855,0.04846067401302356,0.3759462655328676,0.07063512631390087,0.4461244036600909,0.05637459519180853,0.6170138256420845,0.027040603287185723,0.7032092734936208,0.023508836220841347,0.1982367518928941,0.014183439082713082,0.5857948709112917,0.03751359409829255
xgboost,extended_geographic,"{""model__colsample_bytree"": 1.0, ""model__learning_rate"": 0.08, ""model__max_depth"": 6, ""model__min_child_weight"": 1, ""model__n_estimators"": 300, ""model__reg_lambda"": 1.0, ""model__subsample"": 0.8, ""sample_weight_mode"": ""balanced""}",0.5282823906861122,0.030551813085510415,0.4982812565782598,0.03325060786416289,0.5698991827771895,0.03802316639291745,0.5308501673210045,0.02619235226431993,0.6472157989659351,0.024517261673672738,0.7016432766561611,0.023612160337522864,0.21173824983595044,0.010995467695373552,0.6146023882022722,0.028597438505240144
xgboost,extended_geographic,"{""model__colsample_bytree"": 0.8, ""model__learning_rate"": 0.08, ""model__max_depth"": 6, ""model__min_child_weight"": 5, ""model__n_estimators"": 300, ""model__reg_lambda"": 1.0, ""model__subsample"": 1.0, ""sample_weight_mode"": ""balanced""}",0.5281380408755054,0.02499276252118553,0.48946736224942133,0.034745993491210596,0.5867813571124422,0.04171448127852991,0.5326833072896996,0.026140642260687633,0.6462740633542093,0.026182241745674788,0.7025031389363865,0.021169388999782924,0.21234057024692166,0.008806415833706388,0.6154444849029241,0.022245329546194535
xgboost,extended_geographic,"{""model__colsample_bytree"": 0.8, ""model__learning_rate"": 0.08, ""model__max_depth"": 6, ""model__min_child_weight"": 5, ""model__n_estimators"": 300, ""model__reg_lambda"": 1.0, ""model__subsample"": 1.0, ""sample_weight_mode"": ""none""}",0.5280516241512029,0.022973208170515947,0.5633426779922232,0.035565056566826965,0.37245488536794,0.051468561124872955,0.44557557175621276,0.03196200258391446,0.6167081962682819,0.01464223242571803,0.7032319568508381,0.022138831722678783,0.1973300103676428,0.013236026619066987,0.5822513750434078,0.03451347628497098
xgboost,airport_aware,"{""model__colsample_bytree"": 1.0, ""model__learning_rate"": 0.03, ""model__max_depth"": 6, ""model__min_child_weight"": 5, ""model__n_estimators"": 600, ""model__reg_lambda"": 5.0, ""model__subsample"": 1.0, ""sample_weight_mode"": ""none""}",0.5279304977355131,0.026191686591743306,0.5657200895353431,0.04257394616022681,0.3479655840958237,0.07849817034947647,0.4263196746552548,0.062201220358831064,0.6100860260050662,0.026757240579052582,0.7097637191050011,0.018939912908594463,0.1947446608819718,0.012164684993607249,0.5731564243260342,0.02962678320165311
xgboost,airport_aware,"{""model__colsample_bytree"": 0.8, ""model__learning_rate"": 0.08, ""model__max_depth"": 6, ""model__min_child_weight"": 5, ""model__n_estimators"": 300, ""model__reg_lambda"": 5.0, ""model__subsample"": 1.0, ""sample_weight_mode"": ""none""}",0.5278951966534832,0.028163621228193703,0.5601213946440732,0.03606445437101168,0.35484857486398014,0.07534828236759614,0.4303580637301859,0.058309833343692954,0.6108044951407564,0.024505737395314448,0.7076402240822701,0.022417071557416048,0.19571314927247363,0.012695783779757002,0.5757283381044118,0.03175901750062574
xgboost,extended_geographic,"{""model__colsample_bytree"": 1.0, ""model__learning_rate"": 0.08, ""model__max_depth"": 6, ""model__min_child_weight"": 1, ""model__n_estimators"": 600, ""model__reg_lambda"": 5.0, ""model__subsample"": 1.0, ""sample_weight_mode"": ""none""}",0.5277822766189135,0.02411055478077355,0.5581628599972054,0.03609862633542325,0.38532733169234346,0.052307285951848595,0.4530717548799258,0.03252858644034248,0.6193124823670517,0.01521412273109399,0.6984282457891224,0.020181400054223527,0.20059383388155325,0.013873632841751455,0.5943357889214249,0.03771638061751701
xgboost,extended_geographic,"{""model__colsample_bytree"": 1.0, ""model__learning_rate"": 0.08, ""model__max_depth"": 6, ""model__min_child_weight"": 5, ""model__n_estimators"": 300, ""model__reg_lambda"": 1.0, ""model__subsample"": 1.0, ""sample_weight_mode"": ""balanced""}",0.5277717340091803,0.021089002334816503,0.492482936727823,0.033907420914521175,0.580062791324992,0.04618143987786273,0.5314987862392193,0.02709453907569926,0.6463264772339559,0.027911900971812894,0.7005629999766113,0.02284289758352546,0.213246731508789,0.009385684167299067,0.6176198208549692,0.0239219076458473
xgboost,airport_aware,"{""model__colsample_bytree"": 0.8, ""model__learning_rate"": 0.08, ""model__max_depth"": 6, ""model__min_child_weight"": 1, ""model__n_estimators"": 600, ""model__reg_lambda"": 5.0, ""model__subsample"": 1.0, ""sample_weight_mode"": ""none""}",0.5277015511830715,0.02706623863906031,0.5630338578959266,0.030561059108668548,0.3827496709372958,0.06864654822132905,0.45214119976419553,0.04789301873059712,0.6198182194287013,0.02362284628832381,0.7022017693891749,0.02058151256564435,0.19909568962726448,0.01376105903135763,0.5877992191863644,0.036400507064566164
xgboost,airport_aware,"{""model__colsample_bytree"": 1.0, ""model__learning_rate"": 0.08, ""model__max_depth"": 6, ""model__min_child_weight"": 1, ""model__n_estimators"": 300, ""model__reg_lambda"": 1.0, ""model__subsample"": 0.8, ""sample_weight_mode"": ""none""}",0.5275198677492561,0.027295062921131808,0.5673166104545126,0.030415765447207303,0.381621909147915,0.05607721273714381,0.4535549709863334,0.03725365737263858,0.6207954546371374,0.01940104849248457,0.7025342617354999,0.022223616012871355,0.19916432939748507,0.014133517717273902,0.5882238728086654,0.03696657146588475
xgboost,airport_aware,"{""model__colsample_bytree"": 1.0, ""model__learning_rate"": 0.08, ""model__max_depth"": 6, ""model__min_child_weight"": 1, ""model__n_estimators"": 300, ""model__reg_lambda"": 1.0, ""model__subsample"": 1.0, ""sample_weight_mode"": ""none""}",0.5274926168316323,0.03458966714493043,0.5663171637854258,0.053182712961314736,0.3585577179891078,0.07460344393109622,0.43588386175729443,0.06346928524874765,0.6139614563012332,0.029986219121705786,0.7003831977149395,0.020318469855214214,0.19844439718670864,0.012655795332074156,0.5859468403975886,0.03350446142291889
xgboost,airport_aware,"{""model__colsample_bytree"": 1.0, ""model__learning_rate"": 0.08, ""model__max_depth"": 6, ""model__min_child_weight"": 5, ""model__n_estimators"": 300, ""model__reg_lambda"": 5.0, ""model__subsample"": 0.8, ""sample_weight_mode"": ""balanced""}",0.5274848369075411,0.024344605314240226,0.4888311316280716,0.036911810274276924,0.5876825115161741,0.04485496170662155,0.5324931951247979,0.02852192917063288,0.6463038073515744,0.025727412509691062,0.7042055043394639,0.024909953131040517,0.2121200251326218,0.010051234277565758,0.6135043417305405,0.024616127165144608
random_forest,extended_geographic,"{""model__class_weight"": null, ""model__max_depth"": 12, ""model__max_features"": ""sqrt"", ""model__min_samples_leaf"": 2, ""model__min_samples_split"": 2, ""model__n_estimators"": 250}",0.5274612539706844,0.0337245635280958,0.5971566748661192,0.03922879281057487,0.2611297848327857,0.06532690914236053,0.3596797672936979,0.06624731906460372,0.5885862659825647,0.023386324583441673,0.714532523611614,0.013789307081795533,0.1938242595875201,0.010570908745471641,0.5712966200737276,0.023521434247916844
xgboost,airport_aware,"{""model__colsample_bytree"": 1.0, ""model__learning_rate"": 0.08, ""model__max_depth"": 6, ""model__min_child_weight"": 5, ""model__n_estimators"": 300, ""model__reg_lambda"": 5.0, ""model__subsample"": 1.0, ""sample_weight_mode"": ""none""}",0.527416929426503,0.025631402010600164,0.5756111019216641,0.03537292781621045,0.36691110650488296,0.07193018410185406,0.44454391368847046,0.0551898948940622,0.6185914637376169,0.026400899691985447,0.7075605885573909,0.022358919799177313,0.19577617480733175,0.01299266392835885,0.5771340351314469,0.031873775139220906
random_forest,extended_geographic,"{""model__class_weight"": null, ""model__max_depth"": 12, ""model__max_features"": ""sqrt"", ""model__min_samples_leaf"": 2, ""model__min_samples_split"": 2, ""model__n_estimators"": 400}",0.5274037838743213,0.03529201754579548,0.5941908729541217,0.04106951551971052,0.25885497112296413,0.06461597199968917,0.35690936663824535,0.06512060787868154,0.5872702212676584,0.02293856808388349,0.7149221445846228,0.01365294725472752,0.19368499691877739,0.010573863728337672,0.5709807857369696,0.023541893078612732
random_forest,airport_aware,"{""model__class_weight"": null, ""model__max_depth"": 12, ""model__max_features"": ""sqrt"", ""model__min_samples_leaf"": 2, ""model__min_samples_split"": 10, ""model__n_estimators"": 250}",0.5273876183250416,0.03398685459047502,0.5945645748662554,0.04784068229560032,0.23141438041451995,0.07194275797439371,0.3286052930998511,0.07936093157638967,0.57849134904847,0.02676149649747726,0.7145441448980204,0.015498252998298462,0.1942735477208346,0.010699006109069986,0.5726583880868573,0.023787190801675656
xgboost,extended_geographic,"{""model__colsample_bytree"": 1.0, ""model__learning_rate"": 0.08, ""model__max_depth"": 6, ""model__min_child_weight"": 1, ""model__n_estimators"": 300, ""model__reg_lambda"": 1.0, ""model__subsample"": 1.0, ""sample_weight_mode"": ""none""}",0.5273549988388846,0.03188464392064287,0.5549813265482447,0.050557603483018,0.3648095776095352,0.06175797051142184,0.43675480939239114,0.0455281271182329,0.6121160916250251,0.019263235566072325,0.6988592658213704,0.019035252252743193,0.19919293221000497,0.011759200318048568,0.5885003605696548,0.03145331089435958
random_forest,extended_geographic,"{""model__class_weight"": null, ""model__max_depth"": 12, ""model__max_features"": ""sqrt"", ""model__min_samples_leaf"": 2, ""model__min_samples_split"": 10, ""model__n_estimators"": 250}",0.527348853629292,0.03562081558379428,0.5993945302165159,0.039358370261702115,0.25495987411618043,0.062160505359103065,0.35396348476870587,0.06251306933834049,0.5866763925689464,0.021557235963617714,0.7148296612410114,0.013803309446470149,0.19375404326905282,0.01047527686063932,0.5712937103428232,0.02331721864837581
xgboost,extended_geographic,"{""model__colsample_bytree"": 0.8, ""model__learning_rate"": 0.08, ""model__max_depth"": 6, ""model__min_child_weight"": 5, ""model__n_estimators"": 600, ""model__reg_lambda"": 5.0, ""model__subsample"": 1.0, ""sample_weight_mode"": ""none""}",0.5273439302072123,0.022139596112943527,0.558162344398839,0.03357467297371123,0.3976310139464837,0.06365211369890855,0.46101887178034984,0.041366752869278364,0.6229571021395557,0.023788743795676314,0.6977777728927791,0.02866604086830222,0.2001399819867009,0.01603793805415279,0.591046061773352,0.04375267046965613
xgboost,extended_geographic,"{""model__colsample_bytree"": 1.0, ""model__learning_rate"": 0.08, ""model__max_depth"": 6, ""model__min_child_weight"": 1, ""model__n_estimators"": 300, ""model__reg_lambda"": 5.0, ""model__subsample"": 0.8, ""sample_weight_mode"": ""balanced""}",0.5270699518651901,0.02853345185913232,0.5033629563595847,0.03380239087867383,0.5841825827533611,0.04168081355021444,0.5398079401354169,0.027204056051767494,0.6533542165495879,0.02777573449036068,0.7027979522927315,0.022873213873987414,0.21149926557868945,0.009814505501807144,0.6132391192037252,0.02434741346611148
random_forest,extended_geographic,"{""model__class_weight"": null, ""model__max_depth"": 12, ""model__max_features"": ""sqrt"", ""model__min_samples_leaf"": 2, ""model__min_samples_split"": 10, ""model__n_estimators"": 400}",0.5270508246509333,0.037214059073072354,0.5935686617862702,0.04340622725910012,0.2519826888932335,0.06837107083090353,0.34968194783290596,0.07094496930193465,0.5849955488970997,0.024867200382204035,0.7147565098186609,0.01253677809910145,0.19379885947659503,0.010275800532411507,0.5713956552452499,0.02283995779862988
xgboost,airport_aware,"{""model__colsample_bytree"": 0.8, ""model__learning_rate"": 0.08, ""model__max_depth"": 6, ""model__min_child_weight"": 1, ""model__n_estimators"": 300, ""model__reg_lambda"": 1.0, ""model__subsample"": 1.0, ""sample_weight_mode"": ""none""}",0.5268819970365077,0.031967414168457775,0.5622712890047162,0.03754800202711344,0.3627644467296761,0.07260765859042767,0.4375028844235815,0.056859568886541235,0.613925023291289,0.026259511680523217,0.7039902616212966,0.01868563169528273,0.19762869285805054,0.012524556143674204,0.5830085483105554,0.03245551268599075
xgboost,extended_geographic,"{""model__colsample_bytree"": 0.8, ""model__learning_rate"": 0.08, ""model__max_depth"": 6, ""model__min_child_weight"": 5, ""model__n_estimators"": 300, ""model__reg_lambda"": 1.0, ""model__subsample"": 0.8, ""sample_weight_mode"": ""balanced""}",0.5268104653656904,0.022542569131917028,0.49267209224414454,0.029471138567678166,0.5764869356445128,0.037640312659717644,0.530352985446499,0.021475965879362742,0.645797322065859,0.02057699472739894,0.700528465437875,0.02345070460135462,0.2126711804231292,0.009991006276611189,0.6156441525942296,0.025651580528055155
xgboost,extended_geographic,"{""model__colsample_bytree"": 1.0, ""model__learning_rate"": 0.03, ""model__max_depth"": 6, ""model__min_child_weight"": 5, ""model__n_estimators"": 600, ""model__reg_lambda"": 1.0, ""model__subsample"": 1.0, ""sample_weight_mode"": ""balanced""}",0.5267248351083496,0.02673865511375966,0.4926676065083436,0.026108563144027364,0.5894063932016388,0.04855559661713739,0.5353339208619475,0.019317657418506346,0.6489344591576043,0.022606452554471683,0.7030665911722591,0.01937429763504764,0.21229247550991936,0.006801198854863921,0.6139233547537293,0.01722200634056862
xgboost,airport_aware,"{""model__colsample_bytree"": 0.8, ""model__learning_rate"": 0.08, ""model__max_depth"": 6, ""model__min_child_weight"": 1, ""model__n_estimators"": 300, ""model__reg_lambda"": 1.0, ""model__subsample"": 1.0, ""sample_weight_mode"": ""balanced""}",0.5266981804988681,0.028443863032624184,0.4983487049535812,0.03031825368716586,0.5807943476084829,0.04502110123605697,0.5351883122945039,0.022676800305809895,0.6501455472957898,0.02046495611450399,0.7020693198117527,0.01784844644309483,0.2115588671855344,0.007041280085381485,0.6139262147801765,0.019203223672121857
random_forest,airport_aware,"{""model__class_weight"": null, ""model__max_depth"": 12, ""model__max_features"": ""sqrt"", ""model__min_samples_leaf"": 2, ""model__min_samples_split"": 2, ""model__n_estimators"": 250}",0.5266390492967441,0.034244033180840856,0.5940203214307397,0.04093818657485176,0.23516627356444605,0.06754807371635439,0.3325008002648704,0.0714249395269175,0.5793199199706555,0.02412957071830255,0.7128003064355377,0.013738044133142918,0.19448520989326745,0.010586339717912343,0.5730188282920807,0.023381148412860046
random_forest,airport_aware,"{""model__class_weight"": null, ""model__max_depth"": 12, ""model__max_features"": ""sqrt"", ""model__min_samples_leaf"": 2, ""model__min_samples_split"": 10, ""model__n_estimators"": 400}",0.5264619136844747,0.03577405819830565,0.5878149723839379,0.05744516364924158,0.22896795769988137,0.07489624485796792,0.3251308318085155,0.0840978322254908,0.5770838347360713,0.029104554129747533,0.7142685973544516,0.015013323579410546,0.19435730350010827,0.010625444228288409,0.5728253852058361,0.02360428226199094
xgboost,extended_geographic,"{""model__colsample_bytree"": 1.0, ""model__learning_rate"": 0.08, ""model__max_depth"": 6, ""model__min_child_weight"": 5, ""model__n_estimators"": 300, ""model__reg_lambda"": 5.0, ""model__subsample"": 0.8, ""sample_weight_mode"": ""balanced""}",0.5264480269088093,0.029400899447324186,0.49425592636516197,0.03307087502634786,0.5819691755089207,0.03877631313300723,0.5336213273825564,0.025796686573412535,0.6477186527586427,0.025673880878178436,0.7001998262548648,0.024625339097899518,0.21291750167610063,0.010455870497294325,0.6159230440640672,0.025600476546091534
xgboost,extended_geographic,"{""model__colsample_bytree"": 1.0, ""model__learning_rate"": 0.08, ""model__max_depth"": 6, ""model__min_child_weight"": 5, ""model__n_estimators"": 300, ""model__reg_lambda"": 5.0, ""model__subsample"": 1.0, ""sample_weight_mode"": ""balanced""}",0.5264110857303003,0.023726946931470018,0.4952945050562173,0.02865324167250636,0.5954870171877683,0.05366660541204525,0.5395341361002826,0.026900654925001866,0.6524025474754428,0.027333220409834363,0.7058785310927063,0.021175663997770853,0.21202876552744102,0.007625228313627397,0.6135104960375266,0.018637826581431215
random_forest,airport_aware,"{""model__class_weight"": null, ""model__max_depth"": 12, ""model__max_features"": ""sqrt"", ""model__min_samples_leaf"": 2, ""model__min_samples_split"": 2, ""model__n_estimators"": 400}",0.5261451337101481,0.03492368801175763,0.5900850507076787,0.04607472004128196,0.22825889349648826,0.06863132563603823,0.3247847881390402,0.07479572192846477,0.5766228826833987,0.025016392259817246,0.7132767941664099,0.014024349806665433,0.19444560641506342,0.010604285609287441,0.5729850712896304,0.023479878593713997
xgboost,extended_geographic,"{""model__colsample_bytree"": 1.0, ""model__learning_rate"": 0.08, ""model__max_depth"": 6, ""model__min_child_weight"": 5, ""model__n_estimators"": 300, ""model__reg_lambda"": 1.0, ""model__subsample"": 1.0, ""sample_weight_mode"": ""none""}",0.5260652550019058,0.02332531730855391,0.5602499079892487,0.03974456770658593,0.3813091201227538,0.05306241674089835,0.45108659443391924,0.03610046018871855,0.6185660318851534,0.017818971565160744,0.7019042212958118,0.022432159922877594,0.19808511462843895,0.013108678014137795,0.5842159256794556,0.03450465354546577
xgboost,airport_aware,"{""model__colsample_bytree"": 1.0, ""model__learning_rate"": 0.08, ""model__max_depth"": 6, ""model__min_child_weight"": 1, ""model__n_estimators"": 300, ""model__reg_lambda"": 1.0, ""model__subsample"": 0.8, ""sample_weight_mode"": ""balanced""}",0.5259231510378357,0.03364169419435933,0.49521417993351324,0.03614304583065178,0.5700321462580817,0.04796688414343036,0.5286980593423498,0.028649052696156335,0.6458583227434026,0.023099399111991176,0.701686652226456,0.022527001326619105,0.2119422631667815,0.009252652489202684,0.6148792826698012,0.024586104001895242
xgboost,airport_aware,"{""model__colsample_bytree"": 0.8, ""model__learning_rate"": 0.08, ""model__max_depth"": 6, ""model__min_child_weight"": 5, ""model__n_estimators"": 300, ""model__reg_lambda"": 5.0, ""model__subsample"": 0.8, ""sample_weight_mode"": ""balanced""}",0.5259015391165145,0.03105490428960049,0.48370697656885353,0.037149432191330205,0.5890166543427728,0.04917825740406833,0.529959009107681,0.031451016218509514,0.6438368568599626,0.029403428279494458,0.7036763837047525,0.02588797842309016,0.21252131442442548,0.010655359793538183,0.6139142956732636,0.025900931090223227
xgboost,airport_aware,"{""model__colsample_bytree"": 1.0, ""model__learning_rate"": 0.08, ""model__max_depth"": 6, ""model__min_child_weight"": 5, ""model__n_estimators"": 300, ""model__reg_lambda"": 5.0, ""model__subsample"": 1.0, ""sample_weight_mode"": ""balanced""}",0.5258411607432182,0.030483687292351676,0.4891841263170427,0.0377674962297843,0.5970642483797615,0.04822030654413908,0.5363005292798199,0.027597238293633513,0.6490811447948648,0.02481182048281728,0.7060701553864834,0.02017822535842009,0.21221869518109715,0.007447309822140617,0.6139224490509936,0.01816257821273369
xgboost,airport_aware,"{""model__colsample_bytree"": 1.0, ""model__learning_rate"": 0.08, ""model__max_depth"": 6, ""model__min_child_weight"": 1, ""model__n_estimators"": 300, ""model__reg_lambda"": 5.0, ""model__subsample"": 0.8, ""sample_weight_mode"": ""balanced""}",0.5256193095905305,0.029363752110617952,0.49086279431462987,0.036944508500704624,0.5707481892634897,0.04998517562982112,0.5262884490874917,0.028713588270797657,0.6431861837741307,0.027034192067366694,0.7029426042519951,0.02292971987178223,0.21161297484236935,0.009653566576396693,0.6130238058833211,0.024288593607289372
xgboost,extended_geographic,"{""model__colsample_bytree"": 0.8, ""model__learning_rate"": 0.08, ""model__max_depth"": 6, ""model__min_child_weight"": 1, ""model__n_estimators"": 300, ""model__reg_lambda"": 1.0, ""model__subsample"": 0.8, ""sample_weight_mode"": ""balanced""}",0.5254879359544535,0.027111726410551564,0.5013371144949657,0.02825052817517705,0.5723842811059935,0.033999209611895585,0.5337175831252642,0.020500916858718084,0.6493091771876285,0.022899312895006622,0.7004996179577619,0.024035743479506037,0.21164342940233133,0.010540634835834957,0.6150143310392988,0.027393205033495054
xgboost,airport_aware,"{""model__colsample_bytree"": 1.0, ""model__learning_rate"": 0.08, ""model__max_depth"": 6, ""model__min_child_weight"": 5, ""model__n_estimators"": 300, ""model__reg_lambda"": 1.0, ""model__subsample"": 1.0, ""sample_weight_mode"": ""balanced""}",0.525408567389219,0.027818069803155352,0.48980822621773523,0.03412174637929784,0.5855363148866825,0.05704356425874306,0.5317551466069927,0.02930329920965068,0.6469033750083524,0.027476480179432775,0.7022957571428771,0.02013367220502445,0.212972177091267,0.00791532592940429,0.6162794639987741,0.020371489625959676
xgboost,extended_geographic,"{""model__colsample_bytree"": 1.0, ""model__learning_rate"": 0.08, ""model__max_depth"": 6, ""model__min_child_weight"": 5, ""model__n_estimators"": 300, ""model__reg_lambda"": 1.0, ""model__subsample"": 0.8, ""sample_weight_mode"": ""balanced""}",0.5254072492675423,0.029806019276736328,0.4989394044913536,0.033668955782131874,0.582005927273219,0.05096848538124908,0.5359706767763006,0.029127259445071114,0.650395082058024,0.028864729627121156,0.6983537340288561,0.02986203190720225,0.21369427963679505,0.012260091481972657,0.6186260702567272,0.031251671057617045
xgboost,extended_geographic,"{""model__colsample_bytree"": 0.8, ""model__learning_rate"": 0.08, ""model__max_depth"": 6, ""model__min_child_weight"": 1, ""model__n_estimators"": 600, ""model__reg_lambda"": 1.0, ""model__subsample"": 1.0, ""sample_weight_mode"": ""none""}",0.5248557798086331,0.029402648534640922,0.5547218977607749,0.030274574803291633,0.38638402846771064,0.05915169385417374,0.452139300305474,0.03675171608546161,0.6184993003569728,0.01890371552230137,0.6965161920438023,0.02078709685564889,0.20314364553375822,0.014424351650775517,0.6076956255358661,0.04119730075511753
random_forest,extended_geographic,"{""model__class_weight"": null, ""model__max_depth"": null, ""model__max_features"": ""sqrt"", ""model__min_samples_leaf"": 2, ""model__min_samples_split"": 10, ""model__n_estimators"": 400}",0.5246795590768276,0.03435589880755174,0.5762826004698315,0.05177573066121943,0.3024794042273497,0.05602963913906195,0.3941225798910918,0.05208798012806466,0.5982186370037271,0.02026848440065611,0.7093401110023659,0.018648582383385303,0.19395400143189484,0.011267479860951297,0.5712907075971513,0.02641382491773354
xgboost,airport_aware,"{""model__colsample_bytree"": 1.0, ""model__learning_rate"": 0.08, ""model__max_depth"": 6, ""model__min_child_weight"": 5, ""model__n_estimators"": 300, ""model__reg_lambda"": 1.0, ""model__subsample"": 1.0, ""sample_weight_mode"": ""none""}",0.5246379174264719,0.023991337173028145,0.5680620503148025,0.03008561149097593,0.3716511765633787,0.06560853018075559,0.44557358083098625,0.04388413454418153,0.6178445115232943,0.020500353316041196,0.7047682648050706,0.02292301870800993,0.19743475927422618,0.013917767137817227,0.5816526506554238,0.034961884675402316
random_forest,airport_aware,"{""model__class_weight"": null, ""model__max_depth"": null, ""model__max_features"": ""sqrt"", ""model__min_samples_leaf"": 2, ""model__min_samples_split"": 10, ""model__n_estimators"": 400}",0.5246006473285839,0.036576625492590296,0.5790084565468339,0.05462715819320724,0.29415162884652324,0.06703867741414721,0.3873875036735649,0.06681852541167281,0.5967504264061011,0.028276867987986697,0.7083925556696733,0.016336309398438293,0.1941366532441364,0.010769359691713628,0.5717909015928857,0.024699815526328866
xgboost,airport_aware,"{""model__colsample_bytree"": 1.0, ""model__learning_rate"": 0.08, ""model__max_depth"": 6, ""model__min_child_weight"": 1, ""model__n_estimators"": 300, ""model__reg_lambda"": 1.0, ""model__subsample"": 1.0, ""sample_weight_mode"": ""balanced""}",0.5245082284432104,0.03163067107585753,0.4975371260430796,0.0368377127211514,0.5805131699787707,0.047512351026811755,0.5343947697756575,0.027512634258800045,0.6495549597164729,0.026620343353499696,0.7001985476561445,0.01787348457087443,0.2120537179035896,0.007718283475461939,0.6158749345283792,0.021316218191509917
xgboost,extended_geographic,"{""model__colsample_bytree"": 0.8, ""model__learning_rate"": 0.08, ""model__max_depth"": 6, ""model__min_child_weight"": 5, ""model__n_estimators"": 600, ""model__reg_lambda"": 5.0, ""model__subsample"": 1.0, ""sample_weight_mode"": ""balanced""}",0.5243436722882471,0.023943768489815557,0.48819816106033687,0.03378163222396315,0.5727738764338095,0.04716377346341165,0.5259189961067346,0.027264185999709707,0.6421253400830798,0.022813149071096193,0.6949362718844279,0.024076081934608033,0.21556209167315393,0.010732823969776152,0.6240362116602431,0.028151382220774585
xgboost,airport_aware,"{""model__colsample_bytree"": 1.0, ""model__learning_rate"": 0.03, ""model__max_depth"": 6, ""model__min_child_weight"": 1, ""model__n_estimators"": 600, ""model__reg_lambda"": 1.0, ""model__subsample"": 1.0, ""sample_weight_mode"": ""balanced""}",0.5243352474832957,0.03094665771130362,0.4975860965276781,0.029054426946791886,0.5850467592374657,0.04580418096943952,0.536210127223568,0.016543707520586492,0.650940208657748,0.018129073248578778,0.7024411849145978,0.014111291357330774,0.21142856149721453,0.006792044466050941,0.6129816748234421,0.018294841058714723
xgboost,airport_aware,"{""model__colsample_bytree"": 0.8, ""model__learning_rate"": 0.08, ""model__max_depth"": 6, ""model__min_child_weight"": 1, ""model__n_estimators"": 600, ""model__reg_lambda"": 5.0, ""model__subsample"": 1.0, ""sample_weight_mode"": ""balanced""}",0.524271540549271,0.029408436815835486,0.4940941117153187,0.038052793206584785,0.56403465241687,0.03901171797752092,0.5255864640260869,0.026153647346190616,0.6432569487404012,0.01980059743281239,0.6987114127826375,0.020815528182255877,0.21332357911145722,0.010005534309995012,0.618541076474631,0.027438105934406685
random_forest,extended_geographic,"{""model__class_weight"": null, ""model__max_depth"": 12, ""model__max_features"": 0.5, ""model__min_samples_leaf"": 2, ""model__min_samples_split"": 2, ""model__n_estimators"": 250}",0.5242524277886629,0.036485437104814354,0.5666116569352374,0.058866795869455854,0.34760055850051536,0.0639087042330242,0.4276623362941631,0.054205154382955346,0.6102716242545064,0.022993523977639135,0.7086514524027046,0.011947736422440968,0.1946658075382123,0.010251814249167657,0.57252335788141,0.02428915548929038
xgboost,airport_aware,"{""model__colsample_bytree"": 0.8, ""model__learning_rate"": 0.08, ""model__max_depth"": 6, ""model__min_child_weight"": 5, ""model__n_estimators"": 600, ""model__reg_lambda"": 5.0, ""model__subsample"": 1.0, ""sample_weight_mode"": ""none""}",0.5241644440567528,0.02305633961298663,0.5612430191379213,0.034518289718231045,0.3840506543454789,0.05940156438349938,0.45319810347747114,0.041156280984456124,0.6198221559324235,0.022438027023695392,0.6997887081566158,0.025773159786950373,0.19950845404318146,0.015096356890132433,0.5882660907680377,0.0395698396290488
random_forest,extended_geographic,"{""model__class_weight"": null, ""model__max_depth"": 12, ""model__max_features"": ""sqrt"", ""model__min_samples_leaf"": 10, ""model__min_samples_split"": 10, ""model__n_estimators"": 400}",0.5241287120279318,0.03930636520237684,0.5893211934144812,0.042967573130246635,0.22570402483557545,0.07288990511164202,0.3216638433657354,0.08022741842598301,0.5757106569879081,0.026622645120723282,0.7132273517470632,0.012974187735066974,0.1948323754949138,0.010212685931429748,0.5738691235557015,0.02256904167692527
random_forest,extended_geographic,"{""model__class_weight"": null, ""model__max_depth"": 12, ""model__max_features"": ""sqrt"", ""model__min_samples_leaf"": 10, ""model__min_samples_split"": 2, ""model__n_estimators"": 400}",0.5241287120279318,0.03930636520237684,0.5893211934144812,0.042967573130246635,0.22570402483557545,0.07288990511164202,0.3216638433657354,0.08022741842598301,0.5757106569879081,0.026622645120723282,0.7132273517470632,0.012974187735066974,0.19483237549491383,0.010212685931429762,0.5738691235557015,0.02256904167692527
random_forest,airport_aware,"{""model__class_weight"": null, ""model__max_depth"": null, ""model__max_features"": ""sqrt"", ""model__min_samples_leaf"": 2, ""model__min_samples_split"": 10, ""model__n_estimators"": 250}",0.5240686330020106,0.036146857353325006,0.5841567382510704,0.04357347339533009,0.2993463241967774,0.058774954812864565,0.3935347672713416,0.05669180009643089,0.5992391253159959,0.024657941197050528,0.7080578551998438,0.01767901616366394,0.19420723186416788,0.011029462085844169,0.5719604063814611,0.02529174755043455
xgboost,extended_geographic,"{""model__colsample_bytree"": 0.8, ""model__learning_rate"": 0.08, ""model__max_depth"": 6, ""model__min_child_weight"": 1, ""model__n_estimators"": 600, ""model__reg_lambda"": 5.0, ""model__subsample"": 0.8, ""sample_weight_mode"": ""balanced""}",0.524050144640895,0.025047170494806925,0.5003078262570495,0.030698088968356362,0.5530460412518297,0.041193092673082764,0.5244808561697367,0.02648041085408383,0.6439152932944856,0.024328804094654974,0.6926843097756219,0.021585602685309933,0.21567306057801905,0.011126282923583926,0.6288295837714184,0.031292271172985886
xgboost,airport_aware,"{""model__colsample_bytree"": 1.0, ""model__learning_rate"": 0.08, ""model__max_depth"": 6, ""model__min_child_weight"": 5, ""model__n_estimators"": 600, ""model__reg_lambda"": 5.0, ""model__subsample"": 1.0, ""sample_weight_mode"": ""none""}",0.5240332019419732,0.022116076803814142,0.5613655838993521,0.03250066465229116,0.3805494842730663,0.05999342458768431,0.4504166315376782,0.03983442618059463,0.6187279401190866,0.017658725256335543,0.6990179211645102,0.024903909391406936,0.1998827711457447,0.014754968338059516,0.590884959107856,0.03884242956222295
random_forest,extended_geographic,"{""model__class_weight"": null, ""model__max_depth"": 12, ""model__max_features"": 0.5, ""model__min_samples_leaf"": 2, ""model__min_samples_split"": 10, ""model__n_estimators"": 400}",0.5239685381931802,0.03923736648761912,0.5690616897299469,0.04913070169896836,0.35407032215581125,0.06418088392870697,0.4332744661382346,0.051709023552244555,0.6128778140463175,0.02127352058082971,0.70887172610577,0.012217921385675446,0.19454746280462296,0.010052197225736246,0.5722060226001469,0.02396593839350636
random_forest,extended_geographic,"{""model__class_weight"": null, ""model__max_depth"": null, ""model__max_features"": ""sqrt"", ""model__min_samples_leaf"": 10, ""model__min_samples_split"": 2, ""model__n_estimators"": 250}",0.5239154813002336,0.037523680191486344,0.5865011474045081,0.053029244494782114,0.25064809225005524,0.06475292397015557,0.3477413411442992,0.06805342166470128,0.5835028850437791,0.024310525261334367,0.7134697469518695,0.014277570992067666,0.19414237018533492,0.010362497679871045,0.571969381175857,0.02319040730924687
random_forest,extended_geographic,"{""model__class_weight"": null, ""model__max_depth"": null, ""model__max_features"": ""sqrt"", ""model__min_samples_leaf"": 10, ""model__min_samples_split"": 10, ""model__n_estimators"": 250}",0.5239154813002336,0.037523680191486344,0.5865011474045081,0.053029244494782114,0.25064809225005524,0.06475292397015557,0.3477413411442992,0.06805342166470128,0.5835028850437791,0.024310525261334367,0.7134697469518695,0.014277570992067666,0.19414237018533492,0.010362497679871043,0.5719693811758569,0.02319040730924687
xgboost,airport_aware,"{""model__colsample_bytree"": 0.8, ""model__learning_rate"": 0.08, ""model__max_depth"": 6, ""model__min_child_weight"": 1, ""model__n_estimators"": 600, ""model__reg_lambda"": 5.0, ""model__subsample"": 0.8, ""sample_weight_mode"": ""none""}",0.5237532147250589,0.03254649563308759,0.5552475892537526,0.0447297159079046,0.39960931210442835,0.052678915605739486,0.46270848988620356,0.03893804840156449,0.6231061784398257,0.023205497766661812,0.6965846666717076,0.02410843321256964,0.20274883656102913,0.015130452779667687,0.60053633418866,0.041582090566549074
random_forest,airport_aware,"{""model__class_weight"": null, ""model__max_depth"": 12, ""model__max_features"": 0.5, ""model__min_samples_leaf"": 2, ""model__min_samples_split"": 2, ""model__n_estimators"": 250}",0.5236693776583213,0.03793014901094148,0.5677076930640984,0.047034877677594324,0.348606757824445,0.06364392887781775,0.42887952470933366,0.05204701960714162,0.610837938136148,0.022252736598158816,0.709887574802039,0.0124723932238862,0.19451743038713548,0.010626367805869237,0.5721604504300452,0.025417082886163015
random_forest,extended_geographic,"{""model__class_weight"": null, ""model__max_depth"": 12, ""model__max_features"": 0.5, ""model__min_samples_leaf"": 2, ""model__min_samples_split"": 10, ""model__n_estimators"": 250}",0.5236623074625911,0.037627789702181974,0.5701312102930779,0.045417687720423386,0.3517921739636839,0.05836313033962507,0.43221310116973577,0.04619736001038177,0.6123422916851562,0.019088578100950163,0.7085605327034499,0.011804879230101603,0.19461147496205672,0.010025560297969579,0.5724067903618472,0.023974516994574712
random_forest,extended_geographic,"{""model__class_weight"": null, ""model__max_depth"": 12, ""model__max_features"": 0.5, ""model__min_samples_leaf"": 2, ""model__min_samples_split"": 2, ""model__n_estimators"": 400}",0.5236298941271906,0.036415841161828916,0.5660565499293567,0.05973339475024764,0.34690892852056443,0.06296442015994444,0.42700836860306374,0.05378925047252292,0.6098443815446106,0.022012099752195764,0.7077100141935375,0.011809062909290492,0.19486946101447014,0.010180878898557233,0.5729495918725647,0.02422188035089571
random_forest,extended_geographic,"{""model__class_weight"": ""balanced_subsample"", ""model__max_depth"": 12, ""model__max_features"": ""sqrt"", ""model__min_samples_leaf"": 2, ""model__min_samples_split"": 10, ""model__n_estimators"": 400}",0.5236209196597114,0.03970018425398608,0.5172380943457566,0.030191621213475423,0.5509014821363944,0.03295261940966875,0.5322004253289677,0.009066088690393105,0.6522979135808764,0.012115918707049903,0.7126092025599774,0.01045382788968163,0.20884980082698656,0.002894512765286747,0.6069120796449425,0.005997021574559325
random_forest,extended_geographic,"{""model__class_weight"": null, ""model__max_depth"": null, ""model__max_features"": ""sqrt"", ""model__min_samples_leaf"": 10, ""model__min_samples_split"": 2, ""model__n_estimators"": 400}",0.5235021181040911,0.036917796378783584,0.5879998970965582,0.04775043586193646,0.2517836342367606,0.06380692078409433,0.3490571445780386,0.06591613281923027,0.5840506514044801,0.023645118829786614,0.7139869365309952,0.014458290163361394,0.19407678887353025,0.010348726331231906,0.5717338916813429,0.023174712832612382
random_forest,extended_geographic,"{""model__class_weight"": null, ""model__max_depth"": null, ""model__max_features"": ""sqrt"", ""model__min_samples_leaf"": 10, ""model__min_samples_split"": 10, ""model__n_estimators"": 400}",0.5235021181040911,0.036917796378783584,0.5879998970965582,0.04775043586193646,0.2517836342367606,0.06380692078409433,0.3490571445780386,0.06591613281923027,0.5840506514044801,0.023645118829786614,0.7139869365309952,0.014458290163361394,0.19407678887353025,0.010348726331231909,0.5717338916813429,0.023174712832612382
xgboost,extended_geographic,"{""model__colsample_bytree"": 0.8, ""model__learning_rate"": 0.08, ""model__max_depth"": 6, ""model__min_child_weight"": 5, ""model__n_estimators"": 600, ""model__reg_lambda"": 5.0, ""model__subsample"": 0.8, ""sample_weight_mode"": ""none""}",0.523476509250463,0.023564768785918677,0.555020496951201,0.041361441131509476,0.3974207889524136,0.041669239269278985,0.46115086857950693,0.027775126006567806,0.6220665406745127,0.016908649959538065,0.6942610077695154,0.027785306542500235,0.20255975652277103,0.016487135330074624,0.5999213425281373,0.04549884941952117
random_forest,extended_geographic,"{""model__class_weight"": ""balanced_subsample"", ""model__max_depth"": 12, ""model__max_features"": ""sqrt"", ""model__min_samples_leaf"": 2, ""model__min_samples_split"": 10, ""model__n_estimators"": 250}",0.5234554518261154,0.03828501338641565,0.515221304476607,0.027750087174113362,0.5492584397400463,0.03903341393162624,0.5302101623489861,0.011063705414591611,0.6508808620381741,0.01458289788063058,0.712832228963746,0.009522091589706025,0.2087952086155628,0.0028206969643590936,0.6067884950512623,0.005801636285588443
random_forest,airport_aware,"{""model__class_weight"": null, ""model__max_depth"": null, ""model__max_features"": ""sqrt"", ""model__min_samples_leaf"": 2, ""model__min_samples_split"": 2, ""model__n_estimators"": 250}",0.5234445718299898,0.031365598098182776,0.5836057030120834,0.041801158130145066,0.30684893885937214,0.051530911959955635,0.40009794980370694,0.047352894129613486,0.601265328188717,0.020262397395933534,0.7069052216773845,0.016632925093653394,0.1944799003370224,0.01132087474197047,0.5726212803810844,0.02577979802739534
xgboost,airport_aware,"{""model__colsample_bytree"": 1.0, ""model__learning_rate"": 0.08, ""model__max_depth"": 6, ""model__min_child_weight"": 5, ""model__n_estimators"": 300, ""model__reg_lambda"": 1.0, ""model__subsample"": 0.8, ""sample_weight_mode"": ""balanced""}",0.5232764127486886,0.02935053090361527,0.4906260136057824,0.041017003506249344,0.5831040488576478,0.045900086742896966,0.5314282261894154,0.029402827857828967,0.6461615508095654,0.024293347996621622,0.6998767165514824,0.027595743549487867,0.21369401207495345,0.01119471329198444,0.6178386017637291,0.02892525420452471
random_forest,airport_aware,"{""model__class_weight"": null, ""model__max_depth"": 12, ""model__max_features"": 0.5, ""model__min_samples_leaf"": 2, ""model__min_samples_split"": 10, ""model__n_estimators"": 400}",0.5231818358532295,0.03769117279079097,0.573247104136259,0.04416018249585161,0.3531753626332369,0.06401851703786539,0.43385216294235446,0.05088806023451323,0.6137194008431721,0.021740221854886742,0.7099785718897232,0.013213575012075445,0.19435229390072287,0.010683609667763772,0.5717719055599572,0.025543103764820732
random_forest,extended_geographic,"{""model__class_weight"": null, ""model__max_depth"": 12, ""model__max_features"": ""sqrt"", ""model__min_samples_leaf"": 10, ""model__min_samples_split"": 2, ""model__n_estimators"": 250}",0.5231081025469263,0.03948298644014358,0.5799011797039266,0.056168614740540614,0.22567593427159718,0.07266428366203247,0.32049288548248334,0.08015248020955835,0.5744509174088276,0.02694592544170671,0.7122815060899691,0.012559443321167702,0.19499696890138465,0.010181477396790987,0.5742126687521483,0.022460308972896463
random_forest,extended_geographic,"{""model__class_weight"": null, ""model__max_depth"": 12, ""model__max_features"": ""sqrt"", ""model__min_samples_leaf"": 10, ""model__min_samples_split"": 10, ""model__n_estimators"": 250}",0.5231081025469263,0.03948298644014358,0.5799011797039266,0.056168614740540614,0.22567593427159718,0.07266428366203247,0.32049288548248334,0.08015248020955835,0.5744509174088276,0.02694592544170671,0.7122815060899691,0.012559443321167702,0.19499696890138465,0.010181477396790987,0.5742126687521483,0.022460308972896463
random_forest,airport_aware,"{""model__class_weight"": null, ""model__max_depth"": 12, ""model__max_features"": ""sqrt"", ""model__min_samples_leaf"": 10, ""model__min_samples_split"": 2, ""model__n_estimators"": 250}",0.5229910578097992,0.0364891832196835,0.5936893233932795,0.05834948285166387,0.2104220210016408,0.07404298894439401,0.3058735261987503,0.08573655792562462,0.5716474770353296,0.028468533086392127,0.7125977992826733,0.013553258929558727,0.1954125562687329,0.01009589607427119,0.5754796720330561,0.022185501619517115
random_forest,airport_aware,"{""model__class_weight"": null, ""model__max_depth"": 12, ""model__max_features"": ""sqrt"", ""model__min_samples_leaf"": 10, ""model__min_samples_split"": 10, ""model__n_estimators"": 250}",0.5229910578097992,0.0364891832196835,0.5936893233932795,0.05834948285166387,0.2104220210016408,0.07404298894439401,0.3058735261987503,0.08573655792562462,0.5716474770353296,0.028468533086392127,0.7125977992826733,0.013553258929558727,0.1954125562687329,0.010095896074271185,0.5754796720330562,0.022185501619517125
random_forest,extended_geographic,"{""model__class_weight"": null, ""model__max_depth"": null, ""model__max_features"": ""sqrt"", ""model__min_samples_leaf"": 2, ""model__min_samples_split"": 10, ""model__n_estimators"": 250}",0.5229509702632396,0.033902908940152875,0.5706160020845903,0.05102829803849481,0.2999238667043954,0.05068374203321279,0.39084921955610363,0.04665456873494578,0.5960607856551539,0.018435137422609632,0.7072190919958324,0.01841010594665392,0.19442585387864594,0.011358271767599843,0.5724840706035865,0.02656086205006587
random_forest,airport_aware,"{""model__class_weight"": null, ""model__max_depth"": 12, ""model__max_features"": 0.5, ""model__min_samples_leaf"": 2, ""model__min_samples_split"": 10, ""model__n_estimators"": 250}",0.5229476913971327,0.037781593870056834,0.573146918628196,0.04672014268976158,0.3522007163663447,0.05940987550116973,0.433135435910535,0.04645012384746719,0.6131879400627683,0.019283049323363055,0.7097548639674354,0.01234502105909517,0.194328588170178,0.010575813952753485,0.5717115857899576,0.025211822974342126
random_forest,airport_aware,"{""model__class_weight"": null, ""model__max_depth"": null, ""model__max_features"": ""sqrt"", ""model__min_samples_leaf"": 10, ""model__min_samples_split"": 2, ""model__n_estimators"": 250}",0.5229349335746921,0.03707763888151086,0.5893814743110285,0.047901866235840064,0.23825153633378945,0.062709107811744,0.33607628514864624,0.06748948515266862,0.5799156409464725,0.023994435418791718,0.7132113283627788,0.01452115128781974,0.1944693677430253,0.010448853368779876,0.5728192733818822,0.023265293092184443
random_forest,airport_aware,"{""model__class_weight"": null, ""model__max_depth"": null, ""model__max_features"": ""sqrt"", ""model__min_samples_leaf"": 10, ""model__min_samples_split"": 10, ""model__n_estimators"": 250}",0.5229349335746921,0.03707763888151086,0.5893814743110285,0.047901866235840064,0.23825153633378945,0.062709107811744,0.33607628514864624,0.06748948515266862,0.5799156409464725,0.023994435418791718,0.7132113283627788,0.01452115128781974,0.19446936774302534,0.010448853368779869,0.5728192733818822,0.023265293092184443
xgboost,airport_aware,"{""model__colsample_bytree"": 1.0, ""model__learning_rate"": 0.08, ""model__max_depth"": 6, ""model__min_child_weight"": 1, ""model__n_estimators"": 600, ""model__reg_lambda"": 5.0, ""model__subsample"": 0.8, ""sample_weight_mode"": ""none""}",0.5227645508039288,0.0310086542545936,0.5430773832913116,0.039038240900448974,0.40120463225555225,0.05182663602879873,0.4597643413593168,0.04019371799218329,0.619861859339786,0.025437379072359486,0.6951778413198063,0.027718349168520687,0.20367346291008367,0.017104289715701677,0.6048548252045174,0.047674199477260794
random_forest,airport_aware,"{""model__class_weight"": null, ""model__max_depth"": 12, ""model__max_features"": 0.5, ""model__min_samples_leaf"": 2, ""model__min_samples_split"": 2, ""model__n_estimators"": 400}",0.5227378070816905,0.03743335751946445,0.5645864089622648,0.05150795059053857,0.34618059143650026,0.0603175346816838,0.4261287880548223,0.04910297440878986,0.6091319057789389,0.020282679738268212,0.7090136638884652,0.011772425741565413,0.194754941403925,0.010408783804947037,0.5726890851506938,0.02494079361781637
random_forest,airport_aware,"{""model__class_weight"": null, ""model__max_depth"": null, ""model__max_features"": ""sqrt"", ""model__min_samples_leaf"": 10, ""model__min_samples_split"": 2, ""model__n_estimators"": 400}",0.5227192947698137,0.037559842062409914,0.5907140286362424,0.044066791893310954,0.23688276383142406,0.06235473460611217,0.33489514539691095,0.06668192399652101,0.5796012843989086,0.024015366958330304,0.713181970170646,0.014551911232899175,0.19451798361232192,0.010492858247645603,0.5729083193637028,0.023383787697422845
random_forest,airport_aware,"{""model__class_weight"": null, ""model__max_depth"": null, ""model__max_features"": ""sqrt"", ""model__min_samples_leaf"": 10, ""model__min_samples_split"": 10, ""model__n_estimators"": 400}",0.5227192947698137,0.037559842062409914,0.5907140286362424,0.044066791893310954,0.23688276383142406,0.06235473460611217,0.33489514539691095,0.06668192399652101,0.5796012843989086,0.024015366958330304,0.713181970170646,0.014551911232899175,0.19451798361232192,0.010492858247645603,0.5729083193637028,0.023383787697422845
random_forest,airport_aware,"{""model__class_weight"": null, ""model__max_depth"": 12, ""model__max_features"": 0.5, ""model__min_samples_leaf"": 10, ""model__min_samples_split"": 2, ""model__n_estimators"": 400}",0.5226202095457173,0.041039505325063015,0.5658242560457746,0.0659736873422101,0.33323214690408187,0.07093340901479189,0.4165008174420482,0.06657279296451896,0.6060756441943592,0.02770446420311766,0.7101078173232243,0.014104984160448232,0.1940346693003972,0.009828799136382783,0.570753550356743,0.02351778537844285
random_forest,airport_aware,"{""model__class_weight"": null, ""model__max_depth"": 12, ""model__max_features"": 0.5, ""model__min_samples_leaf"": 10, ""model__min_samples_split"": 10, ""model__n_estimators"": 400}",0.5226202095457173,0.041039505325063015,0.5658242560457746,0.0659736873422101,0.33323214690408187,0.07093340901479189,0.4165008174420482,0.06657279296451896,0.6060756441943592,0.02770446420311766,0.7101078173232243,0.014104984160448232,0.1940346693003972,0.009828799136382783,0.570753550356743,0.023517785378442846
random_forest,airport_aware,"{""model__class_weight"": null, ""model__max_depth"": 12, ""model__max_features"": ""sqrt"", ""model__min_samples_leaf"": 10, ""model__min_samples_split"": 2, ""model__n_estimators"": 400}",0.5225763513803561,0.03626278070248255,0.5849756847294391,0.052801436519075796,0.20575432833304347,0.06965063483377806,0.2996989326262568,0.08043136578150334,0.5685719949885566,0.025512734625729432,0.711659505284304,0.013238860126579039,0.19554971904607074,0.010127815692735886,0.5757970734265384,0.02227018685139694
random_forest,airport_aware,"{""model__class_weight"": null, ""model__max_depth"": 12, ""model__max_features"": ""sqrt"", ""model__min_samples_leaf"": 10, ""model__min_samples_split"": 10, ""model__n_estimators"": 400}",0.5225763513803561,0.03626278070248255,0.5849756847294391,0.052801436519075796,0.20575432833304347,0.06965063483377806,0.2996989326262568,0.08043136578150334,0.5685719949885566,0.025512734625729432,0.711659505284304,0.013238860126579039,0.19554971904607074,0.01012781569273587,0.5757970734265384,0.02227018685139694
random_forest,airport_aware,"{""model__class_weight"": null, ""model__max_depth"": 12, ""model__max_features"": 0.5, ""model__min_samples_leaf"": 10, ""model__min_samples_split"": 2, ""model__n_estimators"": 250}",0.5225166202959419,0.040788002751777686,0.571026440626522,0.06209833895257401,0.33852625569590455,0.06857269353313236,0.4222415048089334,0.06310216367429912,0.6089390826649494,0.02640408777725844,0.7104742083410451,0.013752269551369732,0.19393740661519318,0.009793117643407756,0.5704937294624239,0.023438176624625384
random_forest,airport_aware,"{""model__class_weight"": null, ""model__max_depth"": 12, ""model__max_features"": 0.5, ""model__min_samples_leaf"": 10, ""model__min_samples_split"": 10, ""model__n_estimators"": 250}",0.5225166202959419,0.040788002751777686,0.571026440626522,0.06209833895257401,0.33852625569590455,0.06857269353313236,0.4222415048089334,0.06310216367429912,0.6089390826649494,0.02640408777725844,0.7104742083410451,0.013752269551369732,0.19393740661519318,0.009793117643407756,0.5704937294624239,0.02343817662462536
random_forest,airport_aware,"{""model__class_weight"": ""balanced_subsample"", ""model__max_depth"": null, ""model__max_features"": ""sqrt"", ""model__min_samples_leaf"": 10, ""model__min_samples_split"": 2, ""model__n_estimators"": 250}",0.5224435580726154,0.03724563677701588,0.5211660888170723,0.033949908161969924,0.5689119606183453,0.041507771379971234,0.5424884238050783,0.019258703484971166,0.6592883573610541,0.01995557180641911,0.7116544694207049,0.014905525981130372,0.21110026150997263,0.003884840339694692,0.6119817708913596,0.008131383906114759
random_forest,airport_aware,"{""model__class_weight"": ""balanced_subsample"", ""model__max_depth"": null, ""model__max_features"": ""sqrt"", ""model__min_samples_leaf"": 10, ""model__min_samples_split"": 10, ""model__n_estimators"": 250}",0.5224435580726154,0.03724563677701588,0.5211660888170723,0.033949908161969924,0.5689119606183453,0.041507771379971234,0.5424884238050783,0.019258703484971166,0.6592883573610541,0.01995557180641911,0.7116544694207049,0.014905525981130372,0.21110026150997263,0.00388484033969469,0.6119817708913596,0.008131383906114774
random_forest,airport_aware,"{""model__class_weight"": null, ""model__max_depth"": null, ""model__max_features"": ""sqrt"", ""model__min_samples_leaf"": 2, ""model__min_samples_split"": 2, ""model__n_estimators"": 400}",0.5222411866664818,0.03419032841878423,0.5834797249416912,0.043959564011100356,0.3016994142425415,0.05811096475942572,0.395140956021739,0.05393070762238781,0.5995732797705112,0.021893869908045253,0.706855621352918,0.01665392446269859,0.19453617494563827,0.011125669249716991,0.5727129031862201,0.025522285415483997
xgboost,airport_aware,"{""model__colsample_bytree"": 0.8, ""model__learning_rate"": 0.08, ""model__max_depth"": 6, ""model__min_child_weight"": 5, ""model__n_estimators"": 600, ""model__reg_lambda"": 5.0, ""model__subsample"": 0.8, ""sample_weight_mode"": ""none""}",0.5220207345722324,0.028376836195110087,0.5593640404429958,0.045258514379973386,0.4072626343087606,0.04525783987381379,0.4691866560679265,0.03197179679495817,0.6263571419449216,0.02101160974023693,0.6937452537139859,0.028747448496534288,0.20275048632962137,0.016268256139268668,0.5991403086300342,0.04371083342259588
random_forest,extended_geographic,"{""model__class_weight"": null, ""model__max_depth"": null, ""model__max_features"": ""sqrt"", ""model__min_samples_leaf"": 2, ""model__min_samples_split"": 2, ""model__n_estimators"": 400}",0.5219713370259276,0.032846094015334205,0.5768777253578783,0.050948937729979035,0.31696146176381934,0.04905014920274002,0.4071162774341161,0.04520635374224769,0.6030266318662586,0.01886464099635012,0.7062629850459531,0.017263194283733248,0.19465288967115218,0.011272237962066492,0.5731765385040533,0.0259557284008251
random_forest,extended_geographic,"{""model__class_weight"": null, ""model__max_depth"": 12, ""model__max_features"": 0.5, ""model__min_samples_leaf"": 10, ""model__min_samples_split"": 2, ""model__n_estimators"": 400}",0.5219174367211794,0.04331877693588648,0.5658833518466527,0.057450819139018706,0.338895325611605,0.07181382170997572,0.4204599518261139,0.06275680855447406,0.6076042299412678,0.025956808734999115,0.7094848048338948,0.01383069773510277,0.19416326540185355,0.009726522886645687,0.5711070739329049,0.023280386653792885
random_forest,extended_geographic,"{""model__class_weight"": null, ""model__max_depth"": 12, ""model__max_features"": 0.5, ""model__min_samples_leaf"": 10, ""model__min_samples_split"": 10, ""model__n_estimators"": 400}",0.5219174367211794,0.04331877693588648,0.5658833518466527,0.057450819139018706,0.338895325611605,0.07181382170997572,0.4204599518261139,0.06275680855447406,0.6076042299412678,0.025956808734999115,0.7094848048338948,0.01383069773510277,0.19416326540185355,0.009726522886645687,0.5711070739329049,0.023280386653792885
xgboost,airport_aware,"{""model__colsample_bytree"": 1.0, ""model__learning_rate"": 0.08, ""model__max_depth"": 6, ""model__min_child_weight"": 1, ""model__n_estimators"": 600, ""model__reg_lambda"": 5.0, ""model__subsample"": 1.0, ""sample_weight_mode"": ""none""}",0.5218200940886285,0.02592155257728257,0.558148614476661,0.034869917762769945,0.3837814533059333,0.07039705571652045,0.4502792061927618,0.04419997314582278,0.6181836805419761,0.021229742475141946,0.6985977256035991,0.0210324354307991,0.2009900796261505,0.013926994065446912,0.5939227800724213,0.03790170220616103
xgboost,extended_geographic,"{""model__colsample_bytree"": 0.8, ""model__learning_rate"": 0.08, ""model__max_depth"": 6, ""model__min_child_weight"": 1, ""model__n_estimators"": 600, ""model__reg_lambda"": 5.0, ""model__subsample"": 1.0, ""sample_weight_mode"": ""balanced""}",0.521770082645402,0.024869405028349674,0.4956225556690044,0.03178918457455983,0.560617102648803,0.028547657182004464,0.5252865187766873,0.01908626363236984,0.6432992224212475,0.016968550308006723,0.6960059530861817,0.02064274464198452,0.2139181791874587,0.009840783019456368,0.6221532058270853,0.026273451572070373
xgboost,airport_aware,"{""model__colsample_bytree"": 0.8, ""model__learning_rate"": 0.08, ""model__max_depth"": 6, ""model__min_child_weight"": 1, ""model__n_estimators"": 600, ""model__reg_lambda"": 5.0, ""model__subsample"": 0.8, ""sample_weight_mode"": ""balanced""}",0.5216037339754788,0.027972614429361668,0.4945368718839447,0.03845993066800712,0.5486309964023309,0.053524686129264636,0.5187224970655276,0.03357642606416765,0.639932496373253,0.027129530238315488,0.6940375027482324,0.02412891696691049,0.21545622529007563,0.010873649532345117,0.6263504368427231,0.0305752682061745
xgboost,extended_geographic,"{""model__colsample_bytree"": 1.0, ""model__learning_rate"": 0.08, ""model__max_depth"": 6, ""model__min_child_weight"": 5, ""model__n_estimators"": 600, ""model__reg_lambda"": 5.0, ""model__subsample"": 1.0, ""sample_weight_mode"": ""none""}",0.5215904459390192,0.016333063489487615,0.558899945954489,0.03634150650952298,0.3908728075236497,0.05322961808560101,0.4571581804814948,0.033230147781543845,0.6208813904197017,0.02043947742376754,0.6930361946811747,0.023524591508135545,0.20193590933389097,0.015387701173217428,0.5959110642318615,0.04109589564034797
random_forest,airport_aware,"{""model__class_weight"": ""balanced_subsample"", ""model__max_depth"": 12, ""model__max_features"": ""sqrt"", ""model__min_samples_leaf"": 10, ""model__min_samples_split"": 2, ""model__n_estimators"": 400}",0.5215640611293644,0.037931929631502014,0.5213972209909221,0.03815253462333541,0.5720478060317647,0.03784322570808948,0.5441723901471582,0.02216896973045299,0.6601953799743832,0.0202265806366286,0.7123170466196026,0.012117845385631917,0.21363417129651568,0.0029361574833988062,0.6178730614563,0.006106495959654982
random_forest,airport_aware,"{""model__class_weight"": ""balanced_subsample"", ""model__max_depth"": 12, ""model__max_features"": ""sqrt"", ""model__min_samples_leaf"": 10, ""model__min_samples_split"": 10, ""model__n_estimators"": 400}",0.5215640611293644,0.037931929631502014,0.5213972209909221,0.03815253462333541,0.5720478060317647,0.03784322570808948,0.5441723901471582,0.02216896973045299,0.6601953799743832,0.0202265806366286,0.7123170466196026,0.012117845385631917,0.21363417129651568,0.0029361574833987963,0.6178730614563,0.006106495959654982
xgboost,airport_aware,"{""model__colsample_bytree"": 0.8, ""model__learning_rate"": 0.08, ""model__max_depth"": 6, ""model__min_child_weight"": 5, ""model__n_estimators"": 600, ""model__reg_lambda"": 5.0, ""model__subsample"": 1.0, ""sample_weight_mode"": ""balanced""}",0.5215552106296782,0.025792975898042834,0.4863014887297414,0.030466831937781946,0.5717557260874391,0.04810437333542078,0.5244215318456289,0.026786599570994024,0.641004844253312,0.025094047015722955,0.6976247389200869,0.023666638739150675,0.21453524579738,0.009438915876720104,0.6202010668420476,0.024152022974673556
random_forest,extended_geographic,"{""model__class_weight"": null, ""model__max_depth"": null, ""model__max_features"": ""sqrt"", ""model__min_samples_leaf"": 2, ""model__min_samples_split"": 2, ""model__n_estimators"": 250}",0.5214843048570836,0.03458171276109744,0.5767542600133146,0.03718573109917828,0.3210008709556653,0.05110517999749513,0.41005456103967014,0.04365648767679008,0.6042112897875096,0.018052478520383424,0.7062598736679849,0.01739639396092679,0.19461625262527843,0.011339698469357262,0.5730192872090971,0.02612557085280406
random_forest,airport_aware,"{""model__class_weight"": ""balanced_subsample"", ""model__max_depth"": 12, ""model__max_features"": ""sqrt"", ""model__min_samples_leaf"": 2, ""model__min_samples_split"": 2, ""model__n_estimators"": 250}",0.5214412327482709,0.038818850388710566,0.5278612864752453,0.03613425844142549,0.541720056759176,0.03230331882911429,0.5332004606556708,0.012344699112562087,0.654724942020453,0.012177396642157853,0.7109055104443347,0.009801053236945969,0.20961451210410909,0.0028717402533850666,0.6087891133571028,0.00605679852458802
xgboost,airport_aware,"{""model__colsample_bytree"": 0.8, ""model__learning_rate"": 0.08, ""model__max_depth"": 6, ""model__min_child_weight"": 5, ""model__n_estimators"": 600, ""model__reg_lambda"": 1.0, ""model__subsample"": 0.8, ""sample_weight_mode"": ""none""}",0.5214209819862349,0.029519166359711912,0.54276600787268,0.04177172845480226,0.39280346572450053,0.05284579601599959,0.4530980463945048,0.036592003425918916,0.6167206892514331,0.021761912534262257,0.6912280498989972,0.02833761397399759,0.2046902152898495,0.016859350906351055,0.605530859269532,0.04668593960979158
random_forest,airport_aware,"{""model__class_weight"": ""balanced_subsample"", ""model__max_depth"": 12, ""model__max_features"": ""sqrt"", ""model__min_samples_leaf"": 2, ""model__min_samples_split"": 10, ""model__n_estimators"": 250}",0.5213747042846469,0.03921389400717623,0.5196229246947952,0.03310961527408332,0.5568189461770731,0.03822899842470095,0.5359050653535941,0.010219092598051484,0.6550797804137559,0.013261586922332928,0.7110808137022046,0.011350636038588017,0.2102461369521207,0.0032326883180266402,0.6101532357960434,0.00677699070436366
random_forest,airport_aware,"{""model__class_weight"": ""balanced_subsample"", ""model__max_depth"": 12, ""model__max_features"": ""sqrt"", ""model__min_samples_leaf"": 2, ""model__min_samples_split"": 10, ""model__n_estimators"": 400}",0.5213262787995361,0.03836348740879255,0.5217934898762052,0.03223878622735376,0.5594978738249256,0.04012010133153522,0.538377365854579,0.013700535289407465,0.6568987130801006,0.016478066836065657,0.7114410286078879,0.01176734522501765,0.21026381955861848,0.0033473654448007914,0.6102429024345645,0.0070433799763801415
random_forest,extended_geographic,"{""model__class_weight"": ""balanced_subsample"", ""model__max_depth"": null, ""model__max_features"": ""sqrt"", ""model__min_samples_leaf"": 10, ""model__min_samples_split"": 2, ""model__n_estimators"": 400}",0.5212643140450888,0.03903321002492147,0.5121284421120473,0.031934538612121595,0.5643556469837014,0.0379015926011443,0.5354760757880904,0.013199033755168002,0.6533292228082832,0.013830560199657593,0.7122926324970333,0.013079640733188003,0.21043041616488978,0.0035528003615685148,0.6103502565014101,0.007470546516069251
random_forest,extended_geographic,"{""model__class_weight"": ""balanced_subsample"", ""model__max_depth"": null, ""model__max_features"": ""sqrt"", ""model__min_samples_leaf"": 10, ""model__min_samples_split"": 10, ""model__n_estimators"": 400}",0.5212643140450888,0.03903321002492147,0.5121284421120473,0.031934538612121595,0.5643556469837014,0.0379015926011443,0.5354760757880904,0.013199033755168002,0.6533292228082832,0.013830560199657593,0.7122926324970333,0.013079640733188003,0.21043041616488978,0.0035528003615684957,0.6103502565014101,0.007470546516069251
random_forest,extended_geographic,"{""model__class_weight"": null, ""model__max_depth"": 12, ""model__max_features"": 0.5, ""model__min_samples_leaf"": 10, ""model__min_samples_split"": 2, ""model__n_estimators"": 250}",0.5212120327625975,0.04410184209714423,0.5637111149445115,0.06275956476048972,0.3396128388743641,0.07105336520326155,0.42053615003244166,0.06312378348527836,0.6072836331641916,0.026345118928327565,0.7099043451525382,0.013756096141410178,0.1940792321441775,0.009702487318944712,0.5708623594656721,0.023257420227777863
random_forest,extended_geographic,"{""model__class_weight"": null, ""model__max_depth"": 12, ""model__max_features"": 0.5, ""model__min_samples_leaf"": 10, ""model__min_samples_split"": 10, ""model__n_estimators"": 250}",0.5212120327625975,0.04410184209714423,0.5637111149445115,0.06275956476048972,0.3396128388743641,0.07105336520326155,0.42053615003244166,0.06312378348527836,0.6072836331641916,0.026345118928327565,0.7099043451525382,0.013756096141410178,0.1940792321441775,0.009702487318944712,0.5708623594656721,0.023257420227777863
random_forest,extended_geographic,"{""model__class_weight"": ""balanced_subsample"", ""model__max_depth"": 12, ""model__max_features"": ""sqrt"", ""model__min_samples_leaf"": 2, ""model__min_samples_split"": 2, ""model__n_estimators"": 250}",0.521120437513654,0.03880703101895238,0.5248087554233761,0.031319952815109624,0.5373982019978544,0.03715906517012146,0.5295919986240573,0.013225193984122363,0.652115846013374,0.014966437516686186,0.7116421432573592,0.010427170026777812,0.20830607582166608,0.0030378789237971485,0.6056703502261126,0.006302930031511876
xgboost,airport_aware,"{""model__colsample_bytree"": 1.0, ""model__learning_rate"": 0.08, ""model__max_depth"": 6, ""model__min_child_weight"": 5, ""model__n_estimators"": 600, ""model__reg_lambda"": 5.0, ""model__subsample"": 0.8, ""sample_weight_mode"": ""none""}",0.5211068059738757,0.027834771396831846,0.550208310566027,0.034949574793635405,0.4008256047275346,0.047637866203087006,0.46162036722167965,0.03043112691413893,0.6218439252580137,0.017384556167581427,0.6931964228613141,0.02466643967378813,0.20314375249508476,0.014867355226792903,0.6013273366955487,0.04048174676698324
xgboost,extended_geographic,"{""model__colsample_bytree"": 0.8, ""model__learning_rate"": 0.08, ""model__max_depth"": 6, ""model__min_child_weight"": 1, ""model__n_estimators"": 600, ""model__reg_lambda"": 1.0, ""model__subsample"": 1.0, ""sample_weight_mode"": ""balanced""}",0.5210621715304831,0.030466162751026635,0.49922437270532144,0.03270280750685582,0.5483827232319655,0.031105946091948066,0.5215333946802662,0.01620599110030997,0.6418795213083776,0.015256226613510034,0.6918529209312588,0.02369435702053841,0.2158218261642252,0.011736474381391302,0.6336511218485127,0.03472835902927045
random_forest,airport_aware,"{""model__class_weight"": ""balanced_subsample"", ""model__max_depth"": 12, ""model__max_features"": ""sqrt"", ""model__min_samples_leaf"": 10, ""model__min_samples_split"": 2, ""model__n_estimators"": 250}",0.5210032928558114,0.037199450898676566,0.5210095319225585,0.04086963099173286,0.5722896107130361,0.040056976381423554,0.5438129423558988,0.023167041575139415,0.6599754817021817,0.021313454489276733,0.7123511362476689,0.012939381063396177,0.21367890922409147,0.003063133668077473,0.6179512294625431,0.006358469578341943
random_forest,airport_aware,"{""model__class_weight"": ""balanced_subsample"", ""model__max_depth"": 12, ""model__max_features"": ""sqrt"", ""model__min_samples_leaf"": 10, ""model__min_samples_split"": 10, ""model__n_estimators"": 250}",0.5210032928558114,0.037199450898676566,0.5210095319225585,0.04086963099173286,0.5722896107130361,0.040056976381423554,0.5438129423558988,0.023167041575139415,0.6599754817021817,0.021313454489276733,0.7123511362476689,0.012939381063396177,0.21367890922409147,0.003063133668077473,0.6179512294625431,0.006358469578341912
random_forest,extended_geographic,"{""model__class_weight"": ""balanced_subsample"", ""model__max_depth"": 12, ""model__max_features"": ""sqrt"", ""model__min_samples_leaf"": 10, ""model__min_samples_split"": 2, ""model__n_estimators"": 400}",0.5210002712542062,0.04028558525077845,0.5173343674744382,0.033731120198143415,0.5755932311097643,0.03617947932903885,0.5435778015537096,0.017309347207749674,0.6591348271765515,0.01841154174805284,0.7115822521115065,0.0110592964697062,0.21250731105593196,0.0028208159791488483,0.6152356519823649,0.0058547876487812876
random_forest,extended_geographic,"{""model__class_weight"": ""balanced_subsample"", ""model__max_depth"": 12, ""model__max_features"": ""sqrt"", ""model__min_samples_leaf"": 10, ""model__min_samples_split"": 10, ""model__n_estimators"": 400}",0.5210002712542062,0.04028558525077845,0.5173343674744382,0.033731120198143415,0.5755932311097643,0.03617947932903885,0.5435778015537096,0.017309347207749674,0.6591348271765515,0.01841154174805284,0.7115822521115065,0.0110592964697062,0.21250731105593196,0.002820815979148857,0.6152356519823649,0.00585478764878132
random_forest,extended_geographic,"{""model__class_weight"": ""balanced_subsample"", ""model__max_depth"": 12, ""model__max_features"": ""sqrt"", ""model__min_samples_leaf"": 2, ""model__min_samples_split"": 2, ""model__n_estimators"": 400}",0.52092004740838,0.03998288239796269,0.5187712671335819,0.03279870014853314,0.5409326166813211,0.035881258983415126,0.5281697156153617,0.0133276870396354,0.6502810396954792,0.013724200574802635,0.71188079126939,0.011073749227608539,0.20818635017309228,0.00325260959795978,0.6054309347948266,0.006806811672155005
random_forest,airport_aware,"{""model__class_weight"": ""balanced_subsample"", ""model__max_depth"": null, ""model__max_features"": ""sqrt"", ""model__min_samples_leaf"": 10, ""model__min_samples_split"": 2, ""model__n_estimators"": 400}",0.5208316283721826,0.038509670244053724,0.5154222519218294,0.033221880553679674,0.5670027242409243,0.03901057540301882,0.5385409320416122,0.01734486913225172,0.6558876218635186,0.017160905919544594,0.7111268234549364,0.014312418280063518,0.21126604705139646,0.003852258030517423,0.6123719691445892,0.00811968425018822
random_forest,airport_aware,"{""model__class_weight"": ""balanced_subsample"", ""model__max_depth"": null, ""model__max_features"": ""sqrt"", ""model__min_samples_leaf"": 10, ""model__min_samples_split"": 10, ""model__n_estimators"": 400}",0.5208316283721826,0.038509670244053724,0.5154222519218294,0.033221880553679674,0.5670027242409243,0.03901057540301882,0.5385409320416122,0.01734486913225172,0.6558876218635186,0.017160905919544594,0.7111268234549364,0.014312418280063518,0.21126604705139646,0.003852258030517423,0.6123719691445892,0.008119684250188237
random_forest,extended_geographic,"{""model__class_weight"": ""balanced_subsample"", ""model__max_depth"": null, ""model__max_features"": ""sqrt"", ""model__min_samples_leaf"": 10, ""model__min_samples_split"": 2, ""model__n_estimators"": 250}",0.5207790117403376,0.038016637265624244,0.5154106037951202,0.033487944668636076,0.563884499624175,0.04161196146494585,0.5368566035009835,0.015071522936744134,0.6548890182758547,0.016661252424581437,0.7118483788569718,0.013576824420921995,0.2104744024558775,0.0037719937481002384,0.6104545805324444,0.007926124940693193
random_forest,extended_geographic,"{""model__class_weight"": ""balanced_subsample"", ""model__max_depth"": null, ""model__max_features"": ""sqrt"", ""model__min_samples_leaf"": 10, ""model__min_samples_split"": 10, ""model__n_estimators"": 250}",0.5207790117403376,0.038016637265624244,0.5154106037951202,0.033487944668636076,0.563884499624175,0.04161196146494585,0.5368566035009835,0.015071522936744134,0.6548890182758547,0.016661252424581437,0.7118483788569718,0.013576824420921995,0.2104744024558775,0.00377199374810024,0.6104545805324444,0.007926124940693193
random_forest,airport_aware,"{""model__class_weight"": ""balanced_subsample"", ""model__max_depth"": 12, ""model__max_features"": ""sqrt"", ""model__min_samples_leaf"": 2, ""model__min_samples_split"": 2, ""model__n_estimators"": 400}",0.5207400402679915,0.04018895105403102,0.5273851520192985,0.03645534902181629,0.5448476396864574,0.03219497246290515,0.5345149556190015,0.013610015200099874,0.6554600445484221,0.011537000613733781,0.7108030490784925,0.009623014144887978,0.2095943350719097,0.002907404569155406,0.6087447992338368,0.0061051933177382325
random_forest,airport_aware,"{""model__class_weight"": null, ""model__max_depth"": null, ""model__max_features"": 0.5, ""model__min_samples_leaf"": 10, ""model__min_samples_split"": 2, ""model__n_estimators"": 250}",0.520520464778021,0.03979095145050172,0.5703864908488956,0.053660084496474796,0.336913782910571,0.06877173896327951,0.4205247488631896,0.060551138744892236,0.6081558846969048,0.025489320147233454,0.7068462052814899,0.01580221312441645,0.1949760891281783,0.010154127190112038,0.5732369065538664,0.024496690457234276
random_forest,airport_aware,"{""model__class_weight"": null, ""model__max_depth"": null, ""model__max_features"": 0.5, ""model__min_samples_leaf"": 10, ""model__min_samples_split"": 10, ""model__n_estimators"": 250}",0.520520464778021,0.03979095145050172,0.5703864908488956,0.053660084496474796,0.336913782910571,0.06877173896327951,0.4205247488631896,0.060551138744892236,0.6081558846969048,0.025489320147233454,0.7068462052814899,0.01580221312441645,0.1949760891281783,0.010154127190112033,0.5732369065538665,0.024496690457234214
xgboost,extended_geographic,"{""model__colsample_bytree"": 1.0, ""model__learning_rate"": 0.08, ""model__max_depth"": 6, ""model__min_child_weight"": 5, ""model__n_estimators"": 600, ""model__reg_lambda"": 5.0, ""model__subsample"": 1.0, ""sample_weight_mode"": ""balanced""}",0.5203514192997044,0.02180552038242175,0.4873302032111262,0.026989154257919413,0.5763896014733609,0.04890336609504929,0.526830585861849,0.02229009486836664,0.6427133645228403,0.02322142873487009,0.6952519941603835,0.025259235574983677,0.215653033114953,0.010447227362121884,0.6250886337892017,0.02746675627379225
random_forest,extended_geographic,"{""model__class_weight"": ""balanced_subsample"", ""model__max_depth"": 12, ""model__max_features"": ""sqrt"", ""model__min_samples_leaf"": 10, ""model__min_samples_split"": 2, ""model__n_estimators"": 250}",0.5200919664855177,0.040180546823403315,0.5153185671179535,0.036648510452762066,0.5734500242883562,0.03684537254434162,0.5414876045387084,0.020427133589902797,0.6574665201911121,0.01862758784620202,0.7110490846526405,0.010798320218464996,0.21260030692714443,0.0028278236230606353,0.6154290442424839,0.00587914447592738
random_forest,extended_geographic,"{""model__class_weight"": ""balanced_subsample"", ""model__max_depth"": 12, ""model__max_features"": ""sqrt"", ""model__min_samples_leaf"": 10, ""model__min_samples_split"": 10, ""model__n_estimators"": 250}",0.5200919664855177,0.040180546823403315,0.5153185671179535,0.036648510452762066,0.5734500242883562,0.03684537254434162,0.5414876045387084,0.020427133589902797,0.6574665201911121,0.01862758784620202,0.7110490846526405,0.010798320218464996,0.21260030692714443,0.0028278236230606353,0.6154290442424839,0.005879144475927411
random_forest,airport_aware,"{""model__class_weight"": null, ""model__max_depth"": null, ""model__max_features"": 0.5, ""model__min_samples_leaf"": 10, ""model__min_samples_split"": 2, ""model__n_estimators"": 400}",0.5200352110645549,0.03935775034826851,0.5703153710742562,0.05787599318516817,0.33269572896742516,0.06670613349011403,0.4171606736919273,0.059903700703578054,0.6066743613406425,0.024631042885512634,0.7068684226162242,0.015909698310770038,0.19497481174369297,0.010213635989489512,0.5732289878828128,0.02469318553013844
random_forest,airport_aware,"{""model__class_weight"": null, ""model__max_depth"": null, ""model__max_features"": 0.5, ""model__min_samples_leaf"": 10, ""model__min_samples_split"": 10, ""model__n_estimators"": 400}",0.5200352110645549,0.03935775034826851,0.5703153710742562,0.05787599318516817,0.33269572896742516,0.06670613349011403,0.4171606736919273,0.059903700703578054,0.6066743613406425,0.024631042885512634,0.7068684226162242,0.015909698310770038,0.19497481174369297,0.010213635989489515,0.5732289878828128,0.02469318553013844
xgboost,extended_geographic,"{""model__colsample_bytree"": 0.8, ""model__learning_rate"": 0.08, ""model__max_depth"": 6, ""model__min_child_weight"": 1, ""model__n_estimators"": 600, ""model__reg_lambda"": 5.0, ""model__subsample"": 0.8, ""sample_weight_mode"": ""none""}",0.519990721108355,0.031248707270202836,0.5454158022078691,0.029589735138568624,0.39789453064185576,0.04001834776687353,0.4587956829916376,0.027417092977929186,0.6195772825926105,0.01679120137799407,0.691406586602149,0.025545194792917354,0.2042856756514327,0.015218197782309381,0.6070279422562815,0.042830968319871016
random_forest,extended_geographic,"{""model__class_weight"": null, ""model__max_depth"": null, ""model__max_features"": 0.5, ""model__min_samples_leaf"": 10, ""model__min_samples_split"": 2, ""model__n_estimators"": 400}",0.5198576262499579,0.04085813839701826,0.5666429756430956,0.06303695502963384,0.33524913049955823,0.06678112293825955,0.4185762848968187,0.06225944345667188,0.6067450874629514,0.026331832379999573,0.7068577178429395,0.016288568469834692,0.1949934704308879,0.0099347083009925,0.5732377733006709,0.023772857283926474
random_forest,extended_geographic,"{""model__class_weight"": null, ""model__max_depth"": null, ""model__max_features"": 0.5, ""model__min_samples_leaf"": 10, ""model__min_samples_split"": 10, ""model__n_estimators"": 400}",0.5198576262499579,0.04085813839701826,0.5666429756430956,0.06303695502963384,0.33524913049955823,0.06678112293825955,0.4185762848968187,0.06225944345667188,0.6067450874629514,0.026331832379999573,0.7068577178429395,0.016288568469834692,0.1949934704308879,0.0099347083009925,0.5732377733006709,0.023772857283926474
random_forest,extended_geographic,"{""model__class_weight"": null, ""model__max_depth"": null, ""model__max_features"": 0.5, ""model__min_samples_leaf"": 10, ""model__min_samples_split"": 10, ""model__n_estimators"": 250}",0.5197497074566739,0.038187232959090975,0.5692296639888795,0.055511468494201015,0.3371952751242647,0.06900858548850236,0.4203548233496943,0.06098510056762512,0.6078520215403798,0.025889004252111065,0.7065183823302995,0.016048715309923987,0.1950114905800201,0.010100150207371926,0.5732131232215298,0.02430676795776877
random_forest,extended_geographic,"{""model__class_weight"": null, ""model__max_depth"": null, ""model__max_features"": 0.5, ""model__min_samples_leaf"": 10, ""model__min_samples_split"": 2, ""model__n_estimators"": 250}",0.5197497074566739,0.038187232959090975,0.5692296639888795,0.055511468494201015,0.3371952751242647,0.06900858548850236,0.4203548233496943,0.06098510056762512,0.6078520215403798,0.025889004252111065,0.7065183823302995,0.016048715309923987,0.19501149058002012,0.010100150207371929,0.5732131232215298,0.02430676795776876
xgboost,airport_aware,"{""model__colsample_bytree"": 1.0, ""model__learning_rate"": 0.08, ""model__max_depth"": 6, ""model__min_child_weight"": 5, ""model__n_estimators"": 600, ""model__reg_lambda"": 1.0, ""model__subsample"": 1.0, ""sample_weight_mode"": ""none""}",0.5197217223900051,0.023392630187371328,0.5546696809374765,0.03647933509444628,0.3816894437266197,0.053361290739304956,0.44898913113693534,0.031182027242804614,0.6164756414343662,0.017622510656452508,0.6940399085891196,0.024682909701527672,0.2028202952978498,0.015743163733244425,0.6001272353544215,0.04293028210153452
xgboost,extended_geographic,"{""model__colsample_bytree"": 0.8, ""model__learning_rate"": 0.08, ""model__max_depth"": 6, ""model__min_child_weight"": 5, ""model__n_estimators"": 600, ""model__reg_lambda"": 5.0, ""model__subsample"": 0.8, ""sample_weight_mode"": ""balanced""}",0.5196735632702078,0.026060247387189157,0.4938223879794322,0.03470180758519106,0.5610491176730764,0.04243459159184486,0.5240566332179785,0.025853725801563456,0.6421537640049523,0.02420495265612955,0.691921225431787,0.024572079852899394,0.2163862013424444,0.011607035545206326,0.6278019599340143,0.0315468908678735
xgboost,airport_aware,"{""model__colsample_bytree"": 1.0, ""model__learning_rate"": 0.08, ""model__max_depth"": 6, ""model__min_child_weight"": 1, ""model__n_estimators"": 600, ""model__reg_lambda"": 5.0, ""model__subsample"": 1.0, ""sample_weight_mode"": ""balanced""}",0.5195764310599692,0.026653880296174343,0.49647871170400204,0.03447181733625199,0.5691300467039269,0.04919691435985728,0.528880865832848,0.02678813603010978,0.6463525143683635,0.023071092799686426,0.6946928802782528,0.02070112809325117,0.214892311586101,0.009348019433307665,0.6235062462656196,0.025935519352300762
xgboost,airport_aware,"{""model__colsample_bytree"": 0.8, ""model__learning_rate"": 0.08, ""model__max_depth"": 6, ""model__min_child_weight"": 1, ""model__n_estimators"": 600, ""model__reg_lambda"": 1.0, ""model__subsample"": 0.8, ""sample_weight_mode"": ""none""}",0.5193095921698229,0.029591666860222476,0.545115268571573,0.033636477031428955,0.3906877942699017,0.04544237726474447,0.4530732519527369,0.028706793098211357,0.6168880912299509,0.015929792452608907,0.6921680538892536,0.02598558408599705,0.20620330248941027,0.01665544499628323,0.6155878750730288,0.048015790968212575
xgboost,extended_geographic,"{""model__colsample_bytree"": 1.0, ""model__learning_rate"": 0.08, ""model__max_depth"": 6, ""model__min_child_weight"": 1, ""model__n_estimators"": 600, ""model__reg_lambda"": 5.0, ""model__subsample"": 1.0, ""sample_weight_mode"": ""balanced""}",0.5192510121525571,0.024835615573904356,0.49016518614573296,0.03142002184057994,0.5613640300732704,0.03907164614168998,0.5222919064281981,0.02259040238502037,0.6405201468826649,0.020437822589124306,0.692318050168887,0.016978640255409898,0.21577455920000133,0.008935108249566512,0.628098656078747,0.024378266266231186
xgboost,extended_geographic,"{""model__colsample_bytree"": 1.0, ""model__learning_rate"": 0.08, ""model__max_depth"": 6, ""model__min_child_weight"": 1, ""model__n_estimators"": 600, ""model__reg_lambda"": 5.0, ""model__subsample"": 0.8, ""sample_weight_mode"": ""none""}",0.5192012695216329,0.03111772685061791,0.5492384357138482,0.02668742394782583,0.4054017749122525,0.04763776514206274,0.464813254566241,0.03212404986531209,0.6229104675274592,0.021692551126248082,0.692046936872359,0.02412192812138252,0.20487438673520422,0.015620952448105421,0.6100072087884614,0.04350866410477537
xgboost,airport_aware,"{""model__colsample_bytree"": 0.8, ""model__learning_rate"": 0.08, ""model__max_depth"": 6, ""model__min_child_weight"": 1, ""model__n_estimators"": 600, ""model__reg_lambda"": 1.0, ""model__subsample"": 0.8, ""sample_weight_mode"": ""balanced""}",0.5191990514700586,0.03371208634704608,0.48977931196552416,0.03169182310678105,0.523548755689831,0.049801550874247084,0.5046479047921302,0.02701565922915256,0.631207255652457,0.020616774436575117,0.6896705123726162,0.02372327492133333,0.2172582652447593,0.011084168733244597,0.6355159317294562,0.033897542439400574
xgboost,airport_aware,"{""model__colsample_bytree"": 0.8, ""model__learning_rate"": 0.08, ""model__max_depth"": 6, ""model__min_child_weight"": 5, ""model__n_estimators"": 600, ""model__reg_lambda"": 1.0, ""model__subsample"": 1.0, ""sample_weight_mode"": ""balanced""}",0.5191223365793443,0.028397614172610594,0.4880084463481026,0.029631048394161134,0.5680996776481726,0.04416333891061829,0.5238697300578363,0.022738459070660254,0.6412711691777495,0.02227422704301929,0.6936734585248829,0.02632124322013166,0.21610530666490452,0.010907127276117728,0.6270265795202732,0.029554920332476777
xgboost,extended_geographic,"{""model__colsample_bytree"": 1.0, ""model__learning_rate"": 0.08, ""model__max_depth"": 6, ""model__min_child_weight"": 5, ""model__n_estimators"": 600, ""model__reg_lambda"": 1.0, ""model__subsample"": 0.8, ""sample_weight_mode"": ""none""}",0.5188846251416702,0.02450371142163046,0.5374665377499476,0.0391668000919773,0.39609383997329173,0.04409644358804544,0.45393237557211624,0.027760290852399973,0.6161917839932642,0.015928878207949533,0.6885666435972146,0.026191427486288523,0.205977628666811,0.01578986310087833,0.6125708657002551,0.04508289898009524
xgboost,airport_aware,"{""model__colsample_bytree"": 1.0, ""model__learning_rate"": 0.08, ""model__max_depth"": 6, ""model__min_child_weight"": 5, ""model__n_estimators"": 600, ""model__reg_lambda"": 5.0, ""model__subsample"": 1.0, ""sample_weight_mode"": ""balanced""}",0.5188439564396626,0.02584809229863443,0.49112876082949486,0.03661162830934591,0.5732675302193149,0.04969743017501724,0.5275438350934956,0.028749845443512875,0.6438132009504757,0.026759141363355585,0.6969238257018822,0.025271764716154263,0.2154630994260204,0.01086235936247341,0.6250057341702636,0.02773083307884592
xgboost,airport_aware,"{""model__colsample_bytree"": 0.8, ""model__learning_rate"": 0.08, ""model__max_depth"": 6, ""model__min_child_weight"": 5, ""model__n_estimators"": 600, ""model__reg_lambda"": 1.0, ""model__subsample"": 1.0, ""sample_weight_mode"": ""none""}",0.5187859301221867,0.024494015141512195,0.5578457480253048,0.023735973865144037,0.3940636786157192,0.05834579766821226,0.45933133077857285,0.039772418088865454,0.6222721694989298,0.022394341736985495,0.696056547353151,0.02505759326356867,0.20200481688932165,0.01471177274717057,0.5974326271496074,0.04096347908680103
xgboost,extended_geographic,"{""model__colsample_bytree"": 1.0, ""model__learning_rate"": 0.08, ""model__max_depth"": 6, ""model__min_child_weight"": 1, ""model__n_estimators"": 600, ""model__reg_lambda"": 5.0, ""model__subsample"": 0.8, ""sample_weight_mode"": ""balanced""}",0.5187477582763467,0.024332442616664847,0.503083241072585,0.03767577703320068,0.5527389375211942,0.04013225546644237,0.5253333708672833,0.02375946051646089,0.644949385883151,0.022639915101507743,0.6918262578976215,0.02197180957311798,0.21621770757261344,0.011039805609661784,0.6316489716085628,0.029961684843771364
xgboost,extended_geographic,"{""model__colsample_bytree"": 1.0, ""model__learning_rate"": 0.08, ""model__max_depth"": 6, ""model__min_child_weight"": 5, ""model__n_estimators"": 600, ""model__reg_lambda"": 5.0, ""model__subsample"": 0.8, ""sample_weight_mode"": ""none""}",0.5186661868769773,0.028398926209363646,0.5498604868691663,0.04388129256960205,0.40198667594305126,0.04443915027401348,0.4625086760710787,0.03184380625665601,0.6217955969447411,0.02221477393245452,0.6907756312129734,0.02567590613409065,0.20401207770465954,0.01535355419885334,0.6044622670898143,0.04201471004353634
random_forest,extended_geographic,"{""model__class_weight"": ""balanced_subsample"", ""model__max_depth"": 12, ""model__max_features"": 0.5, ""model__min_samples_leaf"": 10, ""model__min_samples_split"": 2, ""model__n_estimators"": 250}",0.5183787575283852,0.045459744157195434,0.5063172599117385,0.03559179902100277,0.5442391416934946,0.040903164947976516,0.5234947944037911,0.026367980063501235,0.6450583815429797,0.018776330651158975,0.7064748933151564,0.013277017570622152,0.20766663586793413,0.0038842076308293954,0.6031249122263935,0.008703838560200504
random_forest,extended_geographic,"{""model__class_weight"": ""balanced_subsample"", ""model__max_depth"": 12, ""model__max_features"": 0.5, ""model__min_samples_leaf"": 10, ""model__min_samples_split"": 10, ""model__n_estimators"": 250}",0.5183787575283852,0.045459744157195434,0.5063172599117385,0.03559179902100277,0.5442391416934946,0.040903164947976516,0.5234947944037911,0.026367980063501235,0.6450583815429797,0.018776330651158975,0.7064748933151564,0.013277017570622152,0.20766663586793413,0.003884207630829403,0.6031249122263935,0.008703838560200513
xgboost,airport_aware,"{""model__colsample_bytree"": 0.8, ""model__learning_rate"": 0.08, ""model__max_depth"": 6, ""model__min_child_weight"": 5, ""model__n_estimators"": 600, ""model__reg_lambda"": 5.0, ""model__subsample"": 0.8, ""sample_weight_mode"": ""balanced""}",0.5181744254665406,0.025885163777422872,0.48496269377165435,0.04003432688097261,0.5560537678376207,0.04572072812058911,0.5168061773456969,0.03165430539501067,0.6360353971231005,0.027254324895749294,0.6923827269587213,0.027548265446216115,0.21670401686616275,0.012297305324780442,0.6278337663497052,0.03207110029301345
xgboost,extended_geographic,"{""model__colsample_bytree"": 1.0, ""model__learning_rate"": 0.08, ""model__max_depth"": 6, ""model__min_child_weight"": 5, ""model__n_estimators"": 600, ""model__reg_lambda"": 1.0, ""model__subsample"": 0.8, ""sample_weight_mode"": ""balanced""}",0.5181487156445861,0.028482977579241432,0.49327257936201524,0.030245196062167648,0.5496570374823273,0.04134805170398135,0.5186991472768091,0.021725444041975486,0.639265010274487,0.023558067839970994,0.6878614697676196,0.0280710494485132,0.21882355473740378,0.013138675043519859,0.6371602336235924,0.03653773794205768
xgboost,extended_geographic,"{""model__colsample_bytree"": 1.0, ""model__learning_rate"": 0.08, ""model__max_depth"": 6, ""model__min_child_weight"": 1, ""model__n_estimators"": 600, ""model__reg_lambda"": 1.0, ""model__subsample"": 1.0, ""sample_weight_mode"": ""balanced""}",0.518133491664076,0.02563516278666516,0.49811141631860306,0.02490052588756044,0.5446195495396468,0.04504611452085054,0.5191614409530496,0.02187984833545144,0.6404280220974969,0.023177509454785774,0.687906058750988,0.02034338934871828,0.21744555874783034,0.011099919926753627,0.6403191553883053,0.03399357556959245
xgboost,extended_geographic,"{""model__colsample_bytree"": 0.8, ""model__learning_rate"": 0.08, ""model__max_depth"": 6, ""model__min_child_weight"": 5, ""model__n_estimators"": 600, ""model__reg_lambda"": 1.0, ""model__subsample"": 0.8, ""sample_weight_mode"": ""none""}",0.5181005591324577,0.02745864378218762,0.5469793429519454,0.0433431634274977,0.39890594140092034,0.051987755237539054,0.4584738430381791,0.03365051808379789,0.6198644445987269,0.019958934908018745,0.6898999387793034,0.0241154931007606,0.20500679081218984,0.01568103472408029,0.6081391521760813,0.043866505148140125
xgboost,extended_geographic,"{""model__colsample_bytree"": 1.0, ""model__learning_rate"": 0.08, ""model__max_depth"": 6, ""model__min_child_weight"": 5, ""model__n_estimators"": 600, ""model__reg_lambda"": 5.0, ""model__subsample"": 0.8, ""sample_weight_mode"": ""balanced""}",0.5179905087843866,0.02813728002931624,0.49094423231041145,0.03634281178212898,0.5520519070588044,0.04373533327712164,0.5183695015489544,0.02696529003416811,0.6382678464154488,0.02547850016133382,0.6872082431278763,0.02442057609043344,0.2183038438317738,0.011312945728662599,0.6330600724107927,0.03045195798699539
random_forest,airport_aware,"{""model__class_weight"": ""balanced_subsample"", ""model__max_depth"": null, ""model__max_features"": ""sqrt"", ""model__min_samples_leaf"": 2, ""model__min_samples_split"": 10, ""model__n_estimators"": 400}",0.5178811474463805,0.03310098114738195,0.5210498356006685,0.029459348414691867,0.500850855999962,0.03468542628472394,0.5094654796672038,0.01597280103784345,0.6400844636436382,0.014109923094246772,0.7053790036320265,0.01648106314716592,0.2037334553020993,0.006342554852021728,0.5943193506956655,0.01400615037311223
xgboost,extended_geographic,"{""model__colsample_bytree"": 0.8, ""model__learning_rate"": 0.08, ""model__max_depth"": 6, ""model__min_child_weight"": 5, ""model__n_estimators"": 600, ""model__reg_lambda"": 1.0, ""model__subsample"": 1.0, ""sample_weight_mode"": ""none""}",0.5177658649756274,0.02255891707561234,0.5574172389155377,0.047052761195272116,0.39684370478389,0.048137663833917786,0.46107988793152,0.03229024072933367,0.6220792315184405,0.0224053145958112,0.6930928124604432,0.024684464289452476,0.20291351478822484,0.01494622963065372,0.6009318383136887,0.04156258557676762
xgboost,airport_aware,"{""model__colsample_bytree"": 0.8, ""model__learning_rate"": 0.08, ""model__max_depth"": 6, ""model__min_child_weight"": 5, ""model__n_estimators"": 600, ""model__reg_lambda"": 1.0, ""model__subsample"": 0.8, ""sample_weight_mode"": ""balanced""}",0.5177647700208514,0.02937011399459318,0.49124336603024404,0.03521849446292976,0.5653583682942755,0.04742208717941949,0.5244066798548531,0.028970800177477385,0.642357716829519,0.025794198251861803,0.690921430015009,0.025360699224264538,0.2177695441840229,0.011090902022458462,0.6320174977577118,0.030309059118800184
random_forest,extended_geographic,"{""model__class_weight"": ""balanced_subsample"", ""model__max_depth"": null, ""model__max_features"": 0.5, ""model__min_samples_leaf"": 10, ""model__min_samples_split"": 2, ""model__n_estimators"": 400}",0.5177009687066139,0.04228905949914762,0.49711644875086625,0.035113396992482455,0.5364681941544979,0.0553449110452026,0.5144732451220911,0.031928823657921525,0.6384638728559222,0.020584984395727,0.7034692577422927,0.015012520618431044,0.20740575950941356,0.004620867762270555,0.6020684561216231,0.01054724644573597
random_forest,extended_geographic,"{""model__class_weight"": ""balanced_subsample"", ""model__max_depth"": null, ""model__max_features"": 0.5, ""model__min_samples_leaf"": 10, ""model__min_samples_split"": 10, ""model__n_estimators"": 400}",0.5177009687066139,0.04228905949914762,0.49711644875086625,0.035113396992482455,0.5364681941544979,0.0553449110452026,0.5144732451220911,0.031928823657921525,0.6384638728559222,0.020584984395727,0.7034692577422927,0.015012520618431044,0.20740575950941356,0.0046208677622705365,0.6020684561216231,0.01054724644573597
random_forest,extended_geographic,"{""model__class_weight"": ""balanced_subsample"", ""model__max_depth"": null, ""model__max_features"": 0.5, ""model__min_samples_leaf"": 10, ""model__min_samples_split"": 2, ""model__n_estimators"": 250}",0.5176941334793776,0.04209260829123759,0.4982636790762392,0.03688656449188684,0.535830452828695,0.05604770663584193,0.5148156889301829,0.033652011040527764,0.6389179336795977,0.021593997581935313,0.7039300916403006,0.015213192063655982,0.20738219357875734,0.004680286523013919,0.6020261670060292,0.010675376927083797
random_forest,extended_geographic,"{""model__class_weight"": ""balanced_subsample"", ""model__max_depth"": null, ""model__max_features"": 0.5, ""model__min_samples_leaf"": 10, ""model__min_samples_split"": 10, ""model__n_estimators"": 250}",0.5176941334793776,0.04209260829123759,0.4982636790762392,0.03688656449188684,0.535830452828695,0.05604770663584193,0.5148156889301829,0.033652011040527764,0.6389179336795977,0.021593997581935313,0.7039300916403006,0.015213192063655982,0.20738219357875734,0.004680286523013919,0.6020261670060292,0.010675376927083775
xgboost,airport_aware,"{""model__colsample_bytree"": 1.0, ""model__learning_rate"": 0.08, ""model__max_depth"": 6, ""model__min_child_weight"": 5, ""model__n_estimators"": 600, ""model__reg_lambda"": 1.0, ""model__subsample"": 1.0, ""sample_weight_mode"": ""balanced""}",0.5176718703996104,0.02634266254790009,0.48964543311953823,0.028463526287593674,0.5642035689471956,0.0454983182024794,0.5230798100143935,0.022889445305778276,0.6407814863953611,0.024367571827839128,0.6914708196543292,0.02529285150133067,0.21731440437341618,0.011410916912180656,0.6307614957522,0.03138206844054319
random_forest,extended_geographic,"{""model__class_weight"": ""balanced_subsample"", ""model__max_depth"": null, ""model__max_features"": ""sqrt"", ""model__min_samples_leaf"": 2, ""model__min_samples_split"": 10, ""model__n_estimators"": 400}",0.5175796648260326,0.03569038359083068,0.5229068613513868,0.023565666618355827,0.5072939679718889,0.04289548803927857,0.5135061124922384,0.017783697376585417,0.6428888325050293,0.016320994092489115,0.7055714959253787,0.0147512633019791,0.20359891657434,0.005932856442261435,0.5938026452742742,0.013094675367654891
xgboost,extended_geographic,"{""model__colsample_bytree"": 1.0, ""model__learning_rate"": 0.08, ""model__max_depth"": 6, ""model__min_child_weight"": 1, ""model__n_estimators"": 600, ""model__reg_lambda"": 1.0, ""model__subsample"": 1.0, ""sample_weight_mode"": ""none""}",0.5175434677332084,0.03340045849159912,0.5368366195142826,0.04144189968332995,0.382838076664776,0.042869133368711954,0.44476527414966077,0.026874528059171714,0.6119583454174233,0.013055399123034722,0.6879706155554295,0.022533829279030443,0.20669256658227736,0.01381155471334699,0.6181946743654391,0.04178283650382175
random_forest,extended_geographic,"{""model__class_weight"": ""balanced_subsample"", ""model__max_depth"": 12, ""model__max_features"": 0.5, ""model__min_samples_leaf"": 10, ""model__min_samples_split"": 2, ""model__n_estimators"": 400}",0.5175266717230878,0.04724582586765409,0.501179642277359,0.0337809330099763,0.5443219177844156,0.040532388305118315,0.5207883062491314,0.025246608337092316,0.6424716514238726,0.01648288816956147,0.7060293972514171,0.013801795582587068,0.2078581923621221,0.00370771626919704,0.6035589412864747,0.008235145382608717
random_forest,extended_geographic,"{""model__class_weight"": ""balanced_subsample"", ""model__max_depth"": 12, ""model__max_features"": 0.5, ""model__min_samples_leaf"": 10, ""model__min_samples_split"": 10, ""model__n_estimators"": 400}",0.5175266717230878,0.04724582586765409,0.501179642277359,0.0337809330099763,0.5443219177844156,0.040532388305118315,0.5207883062491314,0.025246608337092316,0.6424716514238726,0.01648288816956147,0.7060293972514171,0.013801795582587068,0.2078581923621221,0.00370771626919704,0.6035589412864747,0.008235145382608717
xgboost,extended_geographic,"{""model__colsample_bytree"": 0.8, ""model__learning_rate"": 0.08, ""model__max_depth"": 6, ""model__min_child_weight"": 5, ""model__n_estimators"": 600, ""model__reg_lambda"": 1.0, ""model__subsample"": 1.0, ""sample_weight_mode"": ""balanced""}",0.5173423381299527,0.0255908480445616,0.4953241149613815,0.028695155448091814,0.564688891860722,0.04045183540247714,0.5267449615930421,0.02251065800915537,0.6442386601627725,0.0246051362743164,0.6914022524322917,0.025603297798196204,0.21703544504106861,0.0113805951805535,0.631164105377809,0.030961205841010253
random_forest,extended_geographic,"{""model__class_weight"": ""balanced_subsample"", ""model__max_depth"": null, ""model__max_features"": ""sqrt"", ""model__min_samples_leaf"": 2, ""model__min_samples_split"": 10, ""model__n_estimators"": 250}",0.5170907718264142,0.033182343647891716,0.5216695106390101,0.023594622882285355,0.5101609269297439,0.041736955872358324,0.5142751121106983,0.013990412325057561,0.6429982091547686,0.015520111163825427,0.706054517808612,0.01607466097597764,0.20361351115718623,0.006407268666660041,0.5939206369439822,0.014059591060680656
random_forest,airport_aware,"{""model__class_weight"": ""balanced_subsample"", ""model__max_depth"": 12, ""model__max_features"": 0.5, ""model__min_samples_leaf"": 10, ""model__min_samples_split"": 2, ""model__n_estimators"": 400}",0.5169371721591396,0.04379992769498735,0.5032401352037766,0.029641745848248226,0.5451277771497425,0.04090304738658763,0.5222534128663996,0.022434209251867208,0.6437664505686105,0.017024970386249293,0.7060792489219,0.013826849022307342,0.20780040044668097,0.004015868278720335,0.603319796670383,0.008999212854667336
random_forest,airport_aware,"{""model__class_weight"": ""balanced_subsample"", ""model__max_depth"": 12, ""model__max_features"": 0.5, ""model__min_samples_leaf"": 10, ""model__min_samples_split"": 10, ""model__n_estimators"": 400}",0.5169371721591396,0.04379992769498735,0.5032401352037766,0.029641745848248226,0.5451277771497425,0.04090304738658763,0.5222534128663996,0.022434209251867208,0.6437664505686105,0.017024970386249293,0.7060792489219,0.013826849022307342,0.20780040044668097,0.004015868278720335,0.603319796670383,0.008999212854667336
xgboost,extended_geographic,"{""model__colsample_bytree"": 0.8, ""model__learning_rate"": 0.08, ""model__max_depth"": 6, ""model__min_child_weight"": 5, ""model__n_estimators"": 600, ""model__reg_lambda"": 1.0, ""model__subsample"": 0.8, ""sample_weight_mode"": ""balanced""}",0.5167404655573045,0.023399313691640115,0.4919881090439816,0.03530653038433857,0.5489324870791418,0.040851176764029225,0.5180332324649757,0.029396733384667566,0.6385127397422582,0.021673485723180425,0.6896279585836649,0.023596604288406996,0.2179587768201257,0.011425798623705984,0.6336581710911966,0.03184165069607391
xgboost,airport_aware,"{""model__colsample_bytree"": 1.0, ""model__learning_rate"": 0.08, ""model__max_depth"": 6, ""model__min_child_weight"": 5, ""model__n_estimators"": 600, ""model__reg_lambda"": 1.0, ""model__subsample"": 0.8, ""sample_weight_mode"": ""none""}",0.5167043624148733,0.0289386097546852,0.5364400637512959,0.03479357258732683,0.3871964114245293,0.0573942353088082,0.44724670687317963,0.04072521275975785,0.6133604183222504,0.022532062183083217,0.688971106555425,0.02844979682005047,0.2056038704230006,0.01680669527193934,0.6086089053770618,0.04632336448753233
random_forest,airport_aware,"{""model__class_weight"": ""balanced_subsample"", ""model__max_depth"": 12, ""model__max_features"": 0.5, ""model__min_samples_leaf"": 10, ""model__min_samples_split"": 2, ""model__n_estimators"": 250}",0.5166183997265653,0.043055360008547906,0.5042594209830388,0.03242821677125778,0.5419944677278273,0.04632400775352801,0.5213939987442829,0.028792449321683646,0.6434863586367978,0.01983812136650818,0.7058910962295656,0.01316802392967738,0.20790925841628233,0.003859290352304626,0.603569708933296,0.008734452477390678
random_forest,airport_aware,"{""model__class_weight"": ""balanced_subsample"", ""model__max_depth"": 12, ""model__max_features"": 0.5, ""model__min_samples_leaf"": 10, ""model__min_samples_split"": 10, ""model__n_estimators"": 250}",0.5166183997265653,0.043055360008547906,0.5042594209830388,0.03242821677125778,0.5419944677278273,0.04632400775352801,0.5213939987442829,0.028792449321683646,0.6434863586367978,0.01983812136650818,0.7058910962295656,0.01316802392967738,0.20790925841628233,0.003859290352304634,0.603569708933296,0.00873445247739066
xgboost,extended_geographic,"{""model__colsample_bytree"": 1.0, ""model__learning_rate"": 0.08, ""model__max_depth"": 6, ""model__min_child_weight"": 5, ""model__n_estimators"": 600, ""model__reg_lambda"": 1.0, ""model__subsample"": 1.0, ""sample_weight_mode"": ""none""}",0.5165248654170971,0.02138565858056849,0.5511065001900011,0.03932673749649193,0.3994236270841308,0.05812199967430741,0.4600986347531979,0.03705825657265982,0.62132374891461,0.020528901551527003,0.6913507845518682,0.023732267589270082,0.203836758652382,0.014884762603332255,0.6040677895629465,0.04184955492968665
random_forest,airport_aware,"{""model__class_weight"": ""balanced_subsample"", ""model__max_depth"": null, ""model__max_features"": ""sqrt"", ""model__min_samples_leaf"": 2, ""model__min_samples_split"": 10, ""model__n_estimators"": 250}",0.5164994962383526,0.03279667102532279,0.5271013506227828,0.025080256807579835,0.5055973086872589,0.037190520280147125,0.5148528822881,0.015034413015237348,0.644140516774496,0.01544495641443296,0.7048258796363532,0.017034358979819655,0.20390766211312877,0.006507467947735531,0.5946048111054318,0.014449401408557482
random_forest,extended_geographic,"{""model__class_weight"": null, ""model__max_depth"": null, ""model__max_features"": 0.5, ""model__min_samples_leaf"": 2, ""model__min_samples_split"": 10, ""model__n_estimators"": 400}",0.516300260413556,0.03056259717995133,0.5575609628941793,0.039453059060252246,0.3685888908433913,0.047228865225033216,0.4416558159032508,0.03472158217852133,0.6142699525439541,0.01553597431193415,0.6980692812683312,0.016022740717427486,0.19813413079008532,0.011241554030581911,0.5828923133325443,0.027639294229864327
xgboost,airport_aware,"{""model__colsample_bytree"": 1.0, ""model__learning_rate"": 0.08, ""model__max_depth"": 6, ""model__min_child_weight"": 1, ""model__n_estimators"": 600, ""model__reg_lambda"": 5.0, ""model__subsample"": 0.8, ""sample_weight_mode"": ""balanced""}",0.5162000190761841,0.027571750362617053,0.4976929536686945,0.04199519201456176,0.5547546120888848,0.045355670642644674,0.5232834363161057,0.031045187393794204,0.6427722545036769,0.027070388722621613,0.6915392049426641,0.02500477328352072,0.21662231177829566,0.012001228110359198,0.6313746077405593,0.03339345103541482
random_forest,airport_aware,"{""model__class_weight"": ""balanced_subsample"", ""model__max_depth"": null, ""model__max_features"": 0.5, ""model__min_samples_leaf"": 10, ""model__min_samples_split"": 2, ""model__n_estimators"": 250}",0.5159626268048366,0.03993810557827305,0.5000402492332954,0.034461687273761275,0.5381548547387881,0.04789678427755316,0.5169470836522704,0.027660592396144656,0.6402614037977532,0.020102429746697476,0.7041447212314675,0.014916484049983096,0.20726565007474557,0.004648847503043509,0.6016894544401995,0.010561747528416324
random_forest,airport_aware,"{""model__class_weight"": ""balanced_subsample"", ""model__max_depth"": null, ""model__max_features"": 0.5, ""model__min_samples_leaf"": 10, ""model__min_samples_split"": 10, ""model__n_estimators"": 250}",0.5159626268048366,0.03993810557827305,0.5000402492332954,0.034461687273761275,0.5381548547387881,0.04789678427755316,0.5169470836522704,0.027660592396144656,0.6402614037977532,0.020102429746697476,0.7041447212314675,0.014916484049983096,0.20726565007474557,0.004648847503043524,0.6016894544401994,0.010561747528416337
random_forest,extended_geographic,"{""model__class_weight"": null, ""model__max_depth"": null, ""model__max_features"": 0.5, ""model__min_samples_leaf"": 2, ""model__min_samples_split"": 10, ""model__n_estimators"": 250}",0.515757947486412,0.02930721138184739,0.55645387969502,0.03699059158247833,0.36918743144810023,0.042945598371157453,0.4420816139879317,0.03137079841877921,0.6141507936483463,0.014511260678856663,0.6977009817590292,0.015556086482272974,0.1982878834994379,0.01126375601065752,0.5835146845573078,0.02768988532507158
xgboost,extended_geographic,"{""model__colsample_bytree"": 0.8, ""model__learning_rate"": 0.08, ""model__max_depth"": 6, ""model__min_child_weight"": 1, ""model__n_estimators"": 600, ""model__reg_lambda"": 1.0, ""model__subsample"": 0.8, ""sample_weight_mode"": ""none""}",0.5157498790187371,0.03307007759738414,0.5408598367826606,0.039181302322253385,0.4088401628343461,0.047850375848661454,0.4636191302514037,0.032465439250701396,0.6211405536722255,0.018697374916040763,0.688522779011519,0.02437786013385911,0.208173946876609,0.015984382688879424,0.6231212034191314,0.046382120890761505
xgboost,airport_aware,"{""model__colsample_bytree"": 1.0, ""model__learning_rate"": 0.08, ""model__max_depth"": 6, ""model__min_child_weight"": 1, ""model__n_estimators"": 600, ""model__reg_lambda"": 1.0, ""model__subsample"": 1.0, ""sample_weight_mode"": ""none""}",0.5155786938178114,0.029873933776729505,0.5524433422559427,0.0392653332149872,0.3781073209242818,0.055775534846617215,0.4460749568919035,0.03849284876888457,0.6151633865692551,0.018427852899535475,0.6901414619623735,0.022865254607130573,0.20574422365321773,0.014592563459691198,0.614042398073783,0.04264452373093903
random_forest,airport_aware,"{""model__class_weight"": ""balanced_subsample"", ""model__max_depth"": null, ""model__max_features"": 0.5, ""model__min_samples_leaf"": 10, ""model__min_samples_split"": 2, ""model__n_estimators"": 400}",0.5154591320962645,0.041615105558952266,0.49754974791116907,0.03721655666542844,0.5337695097191538,0.04955998031966063,0.5135936905392222,0.03079636685891507,0.6378514879965071,0.02046340203903047,0.7037178414334582,0.014672970133733013,0.20744009779553446,0.0045881306274656725,0.602108149967771,0.010467928244734383
random_forest,airport_aware,"{""model__class_weight"": ""balanced_subsample"", ""model__max_depth"": null, ""model__max_features"": 0.5, ""model__min_samples_leaf"": 10, ""model__min_samples_split"": 10, ""model__n_estimators"": 400}",0.5154591320962645,0.041615105558952266,0.49754974791116907,0.03721655666542844,0.5337695097191538,0.04955998031966063,0.5135936905392222,0.03079636685891507,0.6378514879965071,0.02046340203903047,0.7037178414334582,0.014672970133733013,0.20744009779553446,0.004588130627465671,0.602108149967771,0.010467928244734415
xgboost,airport_aware,"{""model__colsample_bytree"": 1.0, ""model__learning_rate"": 0.08, ""model__max_depth"": 6, ""model__min_child_weight"": 5, ""model__n_estimators"": 600, ""model__reg_lambda"": 5.0, ""model__subsample"": 0.8, ""sample_weight_mode"": ""balanced""}",0.5153875450115767,0.025990099974153386,0.4931363200698839,0.04275160137135493,0.5690608297269172,0.042605423940351946,0.5268440257822304,0.029157609317367345,0.6439419363779881,0.02553290295128199,0.6909988616502433,0.024885894522795403,0.2173496041053836,0.01162227809588889,0.6305508952559513,0.030585122053067248
xgboost,airport_aware,"{""model__colsample_bytree"": 0.8, ""model__learning_rate"": 0.08, ""model__max_depth"": 6, ""model__min_child_weight"": 1, ""model__n_estimators"": 600, ""model__reg_lambda"": 1.0, ""model__subsample"": 1.0, ""sample_weight_mode"": ""balanced""}",0.5152016004881933,0.027232868536381603,0.4947873511954762,0.034085483843762227,0.5426855269903126,0.04349178750940015,0.5163848274546007,0.02512232335954554,0.6382928175867469,0.016751304148089535,0.6910544366284757,0.01864242840958953,0.21586373658325608,0.009623847793216588,0.6309774789096169,0.029420558362887702
xgboost,extended_geographic,"{""model__colsample_bytree"": 1.0, ""model__learning_rate"": 0.08, ""model__max_depth"": 6, ""model__min_child_weight"": 1, ""model__n_estimators"": 600, ""model__reg_lambda"": 1.0, ""model__subsample"": 0.8, ""sample_weight_mode"": ""none""}",0.5151552183715411,0.03173032625642843,0.5328879589208375,0.031557031278059845,0.3943920661116017,0.04806273361071434,0.45171440753741354,0.03418089360325817,0.6144750303445,0.019619226592654044,0.6891391217289152,0.026837850561160313,0.20876419702845322,0.0162183725955623,0.625642269681963,0.049199754386225626
random_forest,extended_geographic,"{""model__class_weight"": ""balanced_subsample"", ""model__max_depth"": 12, ""model__max_features"": 0.5, ""model__min_samples_leaf"": 2, ""model__min_samples_split"": 10, ""model__n_estimators"": 250}",0.5149536031621914,0.04393134512397841,0.5067571450554877,0.03108999907004777,0.5173041017530368,0.02745608501352104,0.5108428322241158,0.011380525800058989,0.6380328110142236,0.009351879815062842,0.7032057790105669,0.009899058684282373,0.2061835087144598,0.0033515455846279065,0.5994949927890701,0.0071425102949509035
random_forest,extended_geographic,"{""model__class_weight"": ""balanced_subsample"", ""model__max_depth"": 12, ""model__max_features"": 0.5, ""model__min_samples_leaf"": 2, ""model__min_samples_split"": 10, ""model__n_estimators"": 400}",0.5146670692362161,0.04371996641182453,0.5104870086853976,0.031622397175533716,0.5238752172697126,0.0281516831858674,0.5159336120307337,0.01222414360094933,0.6416216248934579,0.009876533056223732,0.7022729809462422,0.010213338984403436,0.2063918177228889,0.00339812206781948,0.6000025458455909,0.007218447092071627
xgboost,extended_geographic,"{""model__colsample_bytree"": 1.0, ""model__learning_rate"": 0.08, ""model__max_depth"": 6, ""model__min_child_weight"": 5, ""model__n_estimators"": 600, ""model__reg_lambda"": 1.0, ""model__subsample"": 1.0, ""sample_weight_mode"": ""balanced""}",0.5145794815604177,0.020517103080452768,0.4876881595542361,0.023797155391310755,0.5556306544027917,0.051594519650904815,0.5180463011852479,0.0224648730799639,0.6375534939789278,0.025445407765184856,0.6890542743316754,0.025160763368820692,0.21799959619164938,0.011101379144250894,0.6333283349176869,0.030690022782253946
random_forest,airport_aware,"{""model__class_weight"": null, ""model__max_depth"": null, ""model__max_features"": 0.5, ""model__min_samples_leaf"": 2, ""model__min_samples_split"": 10, ""model__n_estimators"": 250}",0.5144976567423474,0.02907754511548461,0.5487731065350084,0.041742206618455256,0.36588597551442725,0.04910614131434053,0.43680615549406765,0.03632943055536096,0.6109022107869476,0.015496634987836854,0.6971731324052822,0.017259839503420096,0.1985473543853989,0.012007720238530509,0.5844563007572406,0.029066275645589407
xgboost,airport_aware,"{""model__colsample_bytree"": 1.0, ""model__learning_rate"": 0.08, ""model__max_depth"": 6, ""model__min_child_weight"": 1, ""model__n_estimators"": 600, ""model__reg_lambda"": 1.0, ""model__subsample"": 0.8, ""sample_weight_mode"": ""none""}",0.5143549271297823,0.028169061328891062,0.5369587250765371,0.025987835042215263,0.39773709451059386,0.05780878097968946,0.45448608674814694,0.037244074842305255,0.6165698808117352,0.020871494060562355,0.6899083836197948,0.025740091018870526,0.20805948898233156,0.01649254843599234,0.6219130383303655,0.04794362697727829
random_forest,extended_geographic,"{""model__class_weight"": ""balanced_subsample"", ""model__max_depth"": null, ""model__max_features"": ""sqrt"", ""model__min_samples_leaf"": 2, ""model__min_samples_split"": 2, ""model__n_estimators"": 250}",0.5141356602204923,0.03330040831822669,0.5258333221694276,0.030365429226196287,0.4753832481728214,0.03891738950166304,0.49773121784303476,0.01811327417529733,0.6350390699838021,0.013702268595780717,0.7002398548417759,0.011263708133896709,0.20241712320292932,0.0062682820824525014,0.5909642838761571,0.01394661235620617
logistic,extended_geographic,"{""model__C"": 0.1, ""model__class_weight"": ""balanced"", ""model__penalty"": ""l2"", ""model__solver"": ""saga""}",0.5141355945475616,0.027646485174291843,0.4815273519402812,0.03841984870613176,0.6060628529903944,0.03208268708693588,0.5348231879968623,0.01068617058366435,0.6461048434686625,0.010984562080640232,0.6921652207989913,0.01249722815117545,0.21910086283664634,0.005279052877842252,0.6292421466351209,0.011345802771442032
xgboost,airport_aware,"{""model__colsample_bytree"": 0.8, ""model__learning_rate"": 0.08, ""model__max_depth"": 6, ""model__min_child_weight"": 1, ""model__n_estimators"": 600, ""model__reg_lambda"": 1.0, ""model__subsample"": 1.0, ""sample_weight_mode"": ""none""}",0.5138420228462055,0.03482528373064929,0.5399357234283583,0.030545189456280895,0.3800116292978705,0.06743246989771594,0.4430338864528235,0.04731091182154382,0.612577580900631,0.023392374997519248,0.693245996233858,0.023750026753912773,0.20490975290287597,0.014898397564318308,0.6086490239456672,0.04255573272373168
logistic,extended_geographic,"{""model__C"": 0.1, ""model__class_weight"": ""balanced"", ""model__penalty"": ""l2"", ""model__solver"": ""lbfgs""}",0.5138344328159693,0.027494796249127037,0.4803660683006334,0.03814263794927409,0.6046924851244326,0.03200245607380918,0.533575647557066,0.01055828219309092,0.6450811609790991,0.010885069809613445,0.6918866596679458,0.01256691189005419,0.21923050230108068,0.00532161809712889,0.6295262131002645,0.011447144616845024
xgboost,airport_aware,"{""model__colsample_bytree"": 1.0, ""model__learning_rate"": 0.08, ""model__max_depth"": 6, ""model__min_child_weight"": 1, ""model__n_estimators"": 600, ""model__reg_lambda"": 1.0, ""model__subsample"": 1.0, ""sample_weight_mode"": ""balanced""}",0.5137402454269497,0.029802727244812376,0.4909507115387507,0.036365301484674185,0.5469015032810486,0.0448555171934693,0.5161090939729225,0.0275941239685771,0.6371419546379394,0.02549238072592842,0.6896222315200327,0.02242704810061357,0.21714144627764057,0.011188808175058237,0.6371579022895347,0.034765464237593316
random_forest,airport_aware,"{""model__class_weight"": ""balanced_subsample"", ""model__max_depth"": 12, ""model__max_features"": 0.5, ""model__min_samples_leaf"": 2, ""model__min_samples_split"": 10, ""model__n_estimators"": 250}",0.5137251866499148,0.04339760066122504,0.5136270513589196,0.0337598408075178,0.5254194298938955,0.031594843541513366,0.5182573480867233,0.01680296772546201,0.6435720823151376,0.011638625827681489,0.7054264274588634,0.009362346597472466,0.20572746822481455,0.0037412205852628256,0.5986106598784503,0.0083310490684914
xgboost,extended_geographic,"{""model__colsample_bytree"": 0.8, ""model__learning_rate"": 0.08, ""model__max_depth"": 6, ""model__min_child_weight"": 1, ""model__n_estimators"": 600, ""model__reg_lambda"": 1.0, ""model__subsample"": 0.8, ""sample_weight_mode"": ""balanced""}",0.513657721778488,0.028549408396986272,0.49894294865036903,0.0277617815147621,0.5352789673372614,0.040616878656436844,0.5152648265942873,0.01973805060555983,0.6386044430037625,0.020691592817508868,0.6882705377999185,0.025772269064557148,0.2184177944753845,0.01316227116016616,0.6418768223206813,0.04005571617062962
random_forest,airport_aware,"{""model__class_weight"": null, ""model__max_depth"": null, ""model__max_features"": 0.5, ""model__min_samples_leaf"": 2, ""model__min_samples_split"": 10, ""model__n_estimators"": 400}",0.5136228448491298,0.030058285233522667,0.5481069005926529,0.039703678480301596,0.3647841225755807,0.05119108203064945,0.4356977116170313,0.0377496717235341,0.6103337635042797,0.01611046687678795,0.6977007062528211,0.01719959938455046,0.1984792751923087,0.011933018288657712,0.58396744027088,0.028927186153512655
random_forest,airport_aware,"{""model__class_weight"": ""balanced_subsample"", ""model__max_depth"": null, ""model__max_features"": ""sqrt"", ""model__min_samples_leaf"": 2, ""model__min_samples_split"": 2, ""model__n_estimators"": 400}",0.5135136497125982,0.03293000520858546,0.5210423690344952,0.03005685882864111,0.4712610061696497,0.03886235616045362,0.4934484165939276,0.019593399417008432,0.6319011625185871,0.013217464973555531,0.702983760701166,0.014318796569663537,0.20225336745398423,0.006437389785434535,0.5904599830317554,0.014347203044782642
logistic,extended_geographic,"{""model__C"": 1.0, ""model__class_weight"": ""balanced"", ""model__penalty"": ""l2"", ""model__solver"": ""lbfgs""}",0.5134464864932434,0.022946767991845186,0.48046359563710517,0.039497294235189974,0.5982483329860785,0.030665800075591443,0.5310827799991054,0.01247303872311284,0.6434567238480502,0.010689290133801304,0.6909932874081832,0.013979086249570456,0.21925643051628643,0.005615193414326909,0.6299447496270794,0.012117817272056158
random_forest,airport_aware,"{""model__class_weight"": ""balanced_subsample"", ""model__max_depth"": 12, ""model__max_features"": 0.5, ""model__min_samples_leaf"": 2, ""model__min_samples_split"": 10, ""model__n_estimators"": 400}",0.5134398326705754,0.04423859001214627,0.5115698738636014,0.03408481992491074,0.5232993837905635,0.029867339725509274,0.5162483523429653,0.017244825083032753,0.6419765428168986,0.010255920508900482,0.7049701871987768,0.00932503961176482,0.2058661064219522,0.0036000086885630265,0.5989149469764574,0.007979725817468846
random_forest,airport_aware,"{""model__class_weight"": ""balanced_subsample"", ""model__max_depth"": null, ""model__max_features"": ""sqrt"", ""model__min_samples_leaf"": 2, ""model__min_samples_split"": 2, ""model__n_estimators"": 250}",0.5132502250473617,0.0331466186841836,0.5264132508002597,0.03200027055741377,0.4722454818140426,0.04226220996062147,0.49613648182713915,0.0213989827754795,0.6343553898694723,0.01574031259850727,0.7037749324511069,0.013208165511450933,0.20209348549959802,0.0062804209340788135,0.5900056254271906,0.0140302586558791
logistic,extended_geographic,"{""model__C"": 1.0, ""model__class_weight"": ""balanced"", ""model__penalty"": ""l2"", ""model__solver"": ""saga""}",0.5132279683271228,0.022972683711680496,0.4806407531821303,0.03896256479163791,0.5993533053617691,0.032151983451740224,0.531589483743054,0.011340002453622738,0.6438829671723378,0.009730078240882054,0.6908490289279154,0.013582932919884912,0.21926198436501543,0.005468694701338912,0.629935910401213,0.011839379096545524
random_forest,extended_geographic,"{""model__class_weight"": ""balanced_subsample"", ""model__max_depth"": 12, ""model__max_features"": 0.5, ""model__min_samples_leaf"": 2, ""model__min_samples_split"": 2, ""model__n_estimators"": 250}",0.513007730180087,0.041523577139722004,0.5082499336317055,0.02859908393294316,0.5035777161919227,0.028441883817062627,0.5048511842688196,0.012158758522895493,0.6350202928687001,0.00859296795102044,0.7012308189975214,0.010639222133747791,0.20561428277793267,0.004353235644322259,0.5979902635263452,0.009529696353540385
random_forest,airport_aware,"{""model__class_weight"": ""balanced_subsample"", ""model__max_depth"": 12, ""model__max_features"": 0.5, ""model__min_samples_leaf"": 2, ""model__min_samples_split"": 2, ""model__n_estimators"": 400}",0.5128049689403353,0.04331894208511903,0.5135279474525701,0.030135862439350725,0.5087040800906775,0.031547630374143584,0.5098542502480544,0.011912086557016264,0.6389147061706986,0.010876045998101337,0.7035024195662941,0.009697305701847451,0.20512934034345318,0.00403295460225296,0.5972223915372886,0.008729323549374675
random_forest,extended_geographic,"{""model__class_weight"": ""balanced_subsample"", ""model__max_depth"": null, ""model__max_features"": ""sqrt"", ""model__min_samples_leaf"": 2, ""model__min_samples_split"": 2, ""model__n_estimators"": 400}",0.5127828074900058,0.03225564700023298,0.523266741838517,0.03215010672983741,0.47169827952609644,0.043327566034260925,0.49460064829043693,0.02453193077246249,0.6330073683920368,0.016223341028734378,0.7010031718029446,0.011946055707639373,0.20237198748661972,0.006393474976116844,0.5908125863731135,0.014276041883201522
logistic,extended_geographic,"{""model__C"": 0.1, ""model__class_weight"": null, ""model__penalty"": ""l2"", ""model__solver"": ""lbfgs""}",0.5125672342564296,0.028192904345655162,0.5779943272224946,0.03968731479990157,0.2673891401567971,0.05510475804856851,0.36239940804441806,0.05148479972787204,0.5869700419071586,0.0182816871861358,0.6892504823088237,0.012642523179078309,0.19841806149995014,0.010628140376304943,0.5833459558028196,0.0236446807701157
logistic,extended_geographic,"{""model__C"": 0.1, ""model__class_weight"": null, ""model__penalty"": ""l2"", ""model__solver"": ""saga""}",0.5125379848016577,0.027915031559541434,0.5739514278817694,0.043645999047029836,0.26610555150204057,0.055990083540226034,0.3603890082712638,0.053175763244994734,0.5858652782460035,0.018765044995045128,0.6891613650472559,0.012829991365631602,0.19843409365977052,0.010639787107032495,0.5833863527637406,0.023673193398403274
random_forest,extended_geographic,"{""model__class_weight"": ""balanced_subsample"", ""model__max_depth"": 12, ""model__max_features"": 0.5, ""model__min_samples_leaf"": 2, ""model__min_samples_split"": 2, ""model__n_estimators"": 400}",0.5123808544353714,0.04131832328600614,0.5048548193754109,0.027971504713234233,0.5016226119708661,0.033886522589196916,0.5021008790172974,0.016122322087217453,0.6329741330034995,0.01170461865797353,0.7016888536209077,0.010512438486430973,0.2054761024347534,0.004153024197260436,0.5977462942046182,0.009013631555563941
logistic,extended_geographic,"{""model__C"": 5.0, ""model__class_weight"": ""balanced"", ""model__penalty"": ""l2"", ""model__solver"": ""saga""}",0.5123546408237762,0.022065619466496635,0.47990400392401933,0.038501139403192046,0.5991715696458592,0.03045754538852453,0.5311552110394231,0.011660535752839487,0.6433497578709018,0.010781573097073366,0.6907543509998526,0.01401110620451606,0.21929699195625552,0.005525793928023529,0.6301748408038625,0.012033171949928576
logistic,extended_geographic,"{""model__C"": 1.0, ""model__class_weight"": ""balanced"", ""model__penalty"": ""l1"", ""model__solver"": ""saga""}",0.5123038844033279,0.024084031136415815,0.48036572752673035,0.036115723959063796,0.599812430408506,0.03314415802578119,0.5317264796827971,0.009659451226592657,0.643919271934877,0.010705024181053657,0.6909553115260756,0.013754528008549647,0.2194677240088839,0.005662119609878424,0.6303104466872445,0.0122984941458931
logistic,extended_geographic,"{""model__C"": 5.0, ""model__class_weight"": ""balanced"", ""model__penalty"": ""l1"", ""model__solver"": ""saga""}",0.5122827006680465,0.022325418772293538,0.4804479878836291,0.03895155452398385,0.5979829374958073,0.032008610207631745,0.5309292521116679,0.011791538237723082,0.6433989149068544,0.010840749973685244,0.6907740970594769,0.014034292074315873,0.21931584726994197,0.005550528204838451,0.6301941142734135,0.012086156545377267
logistic,extended_geographic,"{""model__C"": 5.0, ""model__class_weight"": ""balanced"", ""model__penalty"": ""l2"", ""model__solver"": ""lbfgs""}",0.512219807587773,0.02212483579354297,0.47951994908539763,0.03820110046454509,0.598341694127187,0.030429317046550122,0.5306152891034014,0.011712815379225775,0.6429302350020187,0.010919778900611741,0.6905715569749115,0.013963747635963215,0.21942215806474802,0.0055098183673585556,0.6304842542022582,0.011989328999211672
random_forest,airport_aware,"{""model__class_weight"": ""balanced_subsample"", ""model__max_depth"": 12, ""model__max_features"": 0.5, ""model__min_samples_leaf"": 2, ""model__min_samples_split"": 2, ""model__n_estimators"": 250}",0.5118784363767714,0.042271533644585295,0.513200485609502,0.031132749748371522,0.5135421832726073,0.033177136373340396,0.5120854665272112,0.01401773916686267,0.6401236547362519,0.012236320936319576,0.7035861997894732,0.00938805621471859,0.2051931936774289,0.0041627892555028195,0.5974385145291666,0.009073515637141932
xgboost,airport_aware,"{""model__colsample_bytree"": 1.0, ""model__learning_rate"": 0.08, ""model__max_depth"": 6, ""model__min_child_weight"": 5, ""model__n_estimators"": 600, ""model__reg_lambda"": 1.0, ""model__subsample"": 0.8, ""sample_weight_mode"": ""balanced""}",0.5118656510907279,0.03059640489910264,0.48986307705363413,0.03683291699755788,0.5574483666783264,0.03851164826536712,0.5201686862322703,0.023891834418893695,0.6390706308479253,0.023533580290500095,0.6882142213136464,0.03009149650905648,0.21901082080727102,0.013699002601526775,0.6365203455064914,0.038057939533718346
random_forest,extended_geographic,"{""model__class_weight"": null, ""model__max_depth"": null, ""model__max_features"": 0.5, ""model__min_samples_leaf"": 2, ""model__min_samples_split"": 2, ""model__n_estimators"": 400}",0.5118540512933991,0.025425109692894035,0.544451760229119,0.0339110936138184,0.3699072800027827,0.04170277669356312,0.43871018967757036,0.029965571679322463,0.6108391226882234,0.01586644092571144,0.6930827583341933,0.016548115812244454,0.20019991202621026,0.011929002648150536,0.588840445081725,0.029446896856244065
logistic,airport_aware,"{""model__C"": 0.1, ""model__class_weight"": ""balanced"", ""model__penalty"": ""l2"", ""model__solver"": ""saga""}",0.5116632054825773,0.028587373583516002,0.477316610381125,0.03375380750851302,0.5967282663680645,0.03654178846978139,0.5286119841777392,0.00795963916640632,0.64130065904235,0.01085514299380822,0.6910402282887527,0.01338462883485242,0.21955479837901085,0.005327348570008414,0.6302397782501398,0.011657893493210158
logistic,extended_geographic,"{""model__C"": 0.1, ""model__class_weight"": ""balanced"", ""model__penalty"": ""l1"", ""model__solver"": ""saga""}",0.5116292906911368,0.03277695367589859,0.4865752446210617,0.034633975893057514,0.6052726365319107,0.03333056457034955,0.5378621373896815,0.010457502213362972,0.6493075125824134,0.012950212777882738,0.6931073280600166,0.012114486438591575,0.2189697774267913,0.005134481892349876,0.629024224404211,0.011111655602796977
random_forest,extended_geographic,"{""model__class_weight"": null, ""model__max_depth"": null, ""model__max_features"": 0.5, ""model__min_samples_leaf"": 2, ""model__min_samples_split"": 2, ""model__n_estimators"": 250}",0.5115027841347122,0.02635870736624091,0.5428255085913007,0.031983397792166766,0.3690710091274353,0.04281564538561224,0.4374838688506163,0.029762938277057435,0.6101182811022169,0.015918935417465977,0.693352670382808,0.01667766706779827,0.20017273970610366,0.012028023404830168,0.5888032747740843,0.029806782274645737
logistic,airport_aware,"{""model__C"": 0.1, ""model__class_weight"": ""balanced"", ""model__penalty"": ""l2"", ""model__solver"": ""lbfgs""}",0.5113852263254965,0.028479716994581242,0.4782755158604374,0.03418537492778088,0.5989534808798328,0.03511195696381926,0.5301095081340204,0.008408102267946482,0.6424132662982341,0.011321501127988843,0.6907619388100568,0.01338671309287426,0.2197049027461368,0.005403616400161713,0.6305683834814511,0.011825397740340835
logistic,extended_geographic,"{""model__C"": 1.0, ""model__class_weight"": null, ""model__penalty"": ""l2"", ""model__solver"": ""lbfgs""}",0.5113023942733925,0.023175865044259683,0.5722462579502097,0.0383981474531766,0.2770541210806618,0.05135059182292902,0.3704525707959637,0.04615292279588063,0.5889178593197781,0.016984496527135108,0.6880926297647609,0.013662425087506636,0.19867646459955676,0.011359277082915634,0.5843127280340656,0.025567993192387152
xgboost,extended_geographic,"{""model__colsample_bytree"": 1.0, ""model__learning_rate"": 0.08, ""model__max_depth"": 6, ""model__min_child_weight"": 1, ""model__n_estimators"": 600, ""model__reg_lambda"": 1.0, ""model__subsample"": 0.8, ""sample_weight_mode"": ""balanced""}",0.5112244316255096,0.03301782070594185,0.5018248274928878,0.029640439716673652,0.5369364543730313,0.04108512146365517,0.5175672764551115,0.020695814857720308,0.6407302700282658,0.01702319801330085,0.6860229496613238,0.02501351539967736,0.21985234862950492,0.012870038065352191,0.6465288091120222,0.03902669408966024
logistic,extended_geographic,"{""model__C"": 1.0, ""model__class_weight"": null, ""model__penalty"": ""l2"", ""model__solver"": ""saga""}",0.5112024968624581,0.023018323352681665,0.5718774611618329,0.039465732319176446,0.27650163489281654,0.05062824746938042,0.369919877130107,0.04566480509825845,0.5886520481505564,0.016773255036101945,0.6879445891567892,0.013529582930583267,0.19870319554100577,0.011355998193905426,0.5843647958407142,0.02559332694578429
logistic,airport_aware,"{""model__C"": 0.1, ""model__class_weight"": ""balanced"", ""model__penalty"": ""l1"", ""model__solver"": ""saga""}",0.5106583153531845,0.034518480538997684,0.4857099554570229,0.03738330744176082,0.6012429002345779,0.03295902673900542,0.5356588525379322,0.013542069768857181,0.647646925996657,0.015325858984017312,0.6935452192545745,0.013779054164715055,0.21903463432698325,0.0054380091057234054,0.6292346598777805,0.011859741135579178
logistic,extended_geographic,"{""model__C"": 0.1, ""model__class_weight"": null, ""model__penalty"": ""l1"", ""model__solver"": ""saga""}",0.5104838887941572,0.03270944778806162,0.5890118533154094,0.0521010504996283,0.23831585171306746,0.05410510107600838,0.3354650665844199,0.05378478202053109,0.5789833484110496,0.016655562557269375,0.6890985226380507,0.011926109119426985,0.19850009785095998,0.009954803848393872,0.5832989825897422,0.022130000619780783
logistic,extended_geographic,"{""model__C"": 1.0, ""model__class_weight"": null, ""model__penalty"": ""l1"", ""model__solver"": ""saga""}",0.51036066983384,0.02421968278012304,0.5696655755800464,0.03780737373958317,0.2732004222527761,0.049625415122116,0.3665739042829985,0.04497097058089065,0.5871592158411301,0.016514520146773935,0.6878991147001711,0.013269573847013097,0.19877461471723484,0.011147779468019465,0.5843143891004303,0.025059602369389984
random_forest,airport_aware,"{""model__class_weight"": null, ""model__max_depth"": null, ""model__max_features"": 0.5, ""model__min_samples_leaf"": 2, ""model__min_samples_split"": 2, ""model__n_estimators"": 400}",0.5103532779974571,0.026290416408174748,0.5522811604390474,0.02959285077251315,0.3741910298674044,0.04750665151323474,0.44395019749611614,0.03294479129262112,0.6144686474472996,0.01648571666820157,0.6943180608688783,0.016213780846265832,0.20006778139999315,0.011950636460927772,0.5882300282909568,0.029491256250193467
logistic,extended_geographic,"{""model__C"": 5.0, ""model__class_weight"": null, ""model__penalty"": ""l2"", ""model__solver"": ""saga""}",0.5102870874516332,0.02232216946248524,0.5696053379899754,0.03531721206758143,0.2789447816876238,0.05207123022509296,0.37177726516635423,0.04726868959177911,0.5891088931718277,0.018082813426689555,0.6878484291085718,0.013914013588244185,0.19881137105979235,0.011579408270692518,0.5847637229607472,0.02622369647719038
logistic,airport_aware,"{""model__C"": 0.1, ""model__class_weight"": null, ""model__penalty"": ""l2"", ""model__solver"": ""lbfgs""}",0.5102229774979254,0.029240616086064496,0.5705962106429396,0.05007749166295095,0.2624982470496212,0.05212031494514457,0.35667818282811264,0.04986923863507867,0.5840178908616933,0.01723412044843061,0.6881655884020544,0.013203252142844686,0.1987822228057823,0.010927731740136256,0.5840440836207901,0.024112048568241142
logistic,extended_geographic,"{""model__C"": 5.0, ""model__class_weight"": null, ""model__penalty"": ""l1"", ""model__solver"": ""saga""}",0.51018926221182,0.022392236352253615,0.5693726816786322,0.036546269291201014,0.27849765048144265,0.051385034341066296,0.37132346652200715,0.0465241926698029,0.5888966187101878,0.017795561409620353,0.6878650823676239,0.013812161720105885,0.19880732026139283,0.011539289368841965,0.5846934914584994,0.026108768093857416
logistic,airport_aware,"{""model__C"": 0.1, ""model__class_weight"": null, ""model__penalty"": ""l2"", ""model__solver"": ""saga""}",0.5101866460834097,0.02900088027333812,0.573373366218568,0.04643667901826412,0.264761253492115,0.0524001292025069,0.3593080654335311,0.0492509049108722,0.5852680180449805,0.017385853148948263,0.6882228548555205,0.013434468072497558,0.1987637598599573,0.010960656480878178,0.5840108341480164,0.02416759758262027
xgboost,airport_aware,"{""model__colsample_bytree"": 1.0, ""model__learning_rate"": 0.08, ""model__max_depth"": 6, ""model__min_child_weight"": 1, ""model__n_estimators"": 600, ""model__reg_lambda"": 1.0, ""model__subsample"": 0.8, ""sample_weight_mode"": ""balanced""}",0.5100151982844453,0.035138908356802015,0.4931123515665779,0.039847709403976445,0.5333958008158766,0.037269631699827895,0.5111234252041215,0.024801193648325923,0.6351452776085933,0.019304785986566386,0.6897210221417758,0.023522863266102517,0.2181036059611067,0.01160901190774233,0.6406621438238445,0.03537612781449978
logistic,airport_aware,"{""model__C"": 1.0, ""model__class_weight"": ""balanced"", ""model__penalty"": ""l2"", ""model__solver"": ""lbfgs""}",0.5098405866114002,0.025797041950421457,0.47941268943240367,0.034933328680119585,0.598395582781335,0.03449107281493282,0.5305945127318203,0.01025463816937735,0.6427955167516762,0.014694459744401082,0.6876297604677716,0.013791372284116853,0.22043721364622676,0.005471379738038871,0.6326574261749175,0.01232440352151302
logistic,airport_aware,"{""model__C"": 1.0, ""model__class_weight"": ""balanced"", ""model__penalty"": ""l2"", ""model__solver"": ""saga""}",0.5097603953648603,0.02560621035911576,0.47923898591534914,0.03557766512456979,0.5987985267001152,0.03401052180344506,0.5306529595615841,0.011438878668988395,0.6427551556774388,0.014747353569371218,0.687714471789534,0.013976651989359441,0.22039660915390744,0.0054813664402271105,0.6325685434647923,0.012366310269394025
logistic,airport_aware,"{""model__C"": 0.1, ""model__class_weight"": null, ""model__penalty"": ""l1"", ""model__solver"": ""saga""}",0.509753699231902,0.03406875336089506,0.5834693723840368,0.05013694174107335,0.23396683127131568,0.04938545975887474,0.33085903321919796,0.050245714358131396,0.5768074685926672,0.015694469604045934,0.6896244385102711,0.013761074608768967,0.19854416220390625,0.010258736869932986,0.5833359862640062,0.022743792039535846
logistic,extended_geographic,"{""model__C"": 5.0, ""model__class_weight"": null, ""model__penalty"": ""l2"", ""model__solver"": ""lbfgs""}",0.5096842705426838,0.022857156101462845,0.5675725151590566,0.03573721974903784,0.2780988094455291,0.05157364186277276,0.37040756078298154,0.04575998015060445,0.5882694712941408,0.017145607039423912,0.6876069959932023,0.01373017071842676,0.19887372248863136,0.011486028418439122,0.5849500912450326,0.025928024564839124
logistic,airport_aware,"{""model__C"": 1.0, ""model__class_weight"": ""balanced"", ""model__penalty"": ""l1"", ""model__solver"": ""saga""}",0.5095762635825543,0.026988470803993615,0.4778032554215018,0.033445918202391345,0.595556714387458,0.03563397431266928,0.528570076170799,0.011012477292054963,0.6412562311234543,0.014408517429183086,0.6883276762476327,0.015055311318713986,0.22045048486879915,0.005883730040230097,0.6325767451166137,0.013264922409569271
random_forest,airport_aware,"{""model__class_weight"": null, ""model__max_depth"": null, ""model__max_features"": 0.5, ""model__min_samples_leaf"": 2, ""model__min_samples_split"": 2, ""model__n_estimators"": 250}",0.5093378703927354,0.025271154035861894,0.5500983622912358,0.03689546571159229,0.37459896035249163,0.043842603797155384,0.4436338435255817,0.030665829098956276,0.6139144238158638,0.015620023960926698,0.6938407245608256,0.016073026808084298,0.2003105849854033,0.012011217762423143,0.5891847919026977,0.02975940816563908
logistic,airport_aware,"{""model__C"": 5.0, ""model__class_weight"": ""balanced"", ""model__penalty"": ""l1"", ""model__solver"": ""saga""}",0.5092361859537634,0.025467217239473573,0.47743297425229325,0.03423444214662957,0.5989761595331585,0.03602492444942764,0.5295726620618563,0.010215138517216601,0.6416636671779383,0.015633685183678407,0.6872876175154702,0.014361412543188637,0.22055036823436533,0.005597214856126611,0.6331261744644464,0.012793266779980952
logistic,airport_aware,"{""model__C"": 5.0, ""model__class_weight"": ""balanced"", ""model__penalty"": ""l2"", ""model__solver"": ""saga""}",0.5090863974238571,0.025403370872946453,0.4773536980522879,0.03453736871898337,0.5989319722457578,0.03516806848581741,0.5295243654015993,0.010422603241201613,0.6415355560721189,0.0161437257516364,0.6871754413998252,0.014231149418191365,0.22055686037765065,0.005536340761586735,0.6331649730880777,0.01267238924281856
logistic,airport_aware,"{""model__C"": 5.0, ""model__class_weight"": ""balanced"", ""model__penalty"": ""l2"", ""model__solver"": ""lbfgs""}",0.5087768781310189,0.02563058614672457,0.47503947607297237,0.03379342073212568,0.5965105206582535,0.037397442414981046,0.527077543694898,0.009757531605972208,0.6395347071823216,0.0167218273164924,0.6868730419204852,0.014051406782458182,0.2206626054143034,0.005561517789374712,0.6334283238534246,0.012720532812976509
logistic,airport_aware,"{""model__C"": 1.0, ""model__class_weight"": null, ""model__penalty"": ""l2"", ""model__solver"": ""lbfgs""}",0.5084844457294962,0.026355780976814572,0.5554700005282173,0.043916848930545066,0.27719665607547783,0.05002229012875143,0.367140480894305,0.04464468925285514,0.5855635868258464,0.016922897195349843,0.6854494096818404,0.014085500142527187,0.199644825609696,0.011858376684559555,0.5865356402206902,0.02649109791488329
logistic,airport_aware,"{""model__C"": 1.0, ""model__class_weight"": null, ""model__penalty"": ""l2"", ""model__solver"": ""saga""}",0.5083580341300882,0.026384296974459296,0.5576618723792721,0.04264630251058186,0.2775835032708357,0.04955432121515509,0.367995605379683,0.043997514557193376,0.5861109285032127,0.016587460835359117,0.6854182049214004,0.014088263074506483,0.19963027697446653,0.011866364782116837,0.5864905442843825,0.026544765619330137
logistic,airport_aware,"{""model__C"": 1.0, ""model__class_weight"": null, ""model__penalty"": ""l1"", ""model__solver"": ""saga""}",0.508325827629992,0.027525922857840876,0.5625630079604804,0.04253611115753095,0.2765822905132128,0.04769738375791988,0.36827255178772295,0.04240518653865356,0.5867240688710443,0.015550484705672885,0.6858792427256561,0.014928563700857125,0.1995252157767321,0.01175395552483118,0.5859754193873158,0.02622498407377985
logistic,airport_aware,"{""model__C"": 5.0, ""model__class_weight"": null, ""model__penalty"": ""l2"", ""model__solver"": ""saga""}",0.5076252620787411,0.025685776818274303,0.5540826150671683,0.04400782029819983,0.2777718209166489,0.050430753023821585,0.3673975072494035,0.04502219749674076,0.5854475217097838,0.018203636171132555,0.6849547181229714,0.014384009919975507,0.1998782562499804,0.01210187224828729,0.5873023823166732,0.02724572178603376
logistic,airport_aware,"{""model__C"": 5.0, ""model__class_weight"": null, ""model__penalty"": ""l1"", ""model__solver"": ""saga""}",0.5075218366021215,0.025975572612863033,0.5563417357930216,0.04446564131928234,0.2785736058713429,0.04990344899063907,0.36875371350276615,0.04518109863061178,0.5862147179979527,0.01859053542252534,0.6850815024159804,0.014409770987358475,0.1998183018499437,0.012087395466732662,0.5870958464815524,0.027173578233077544
logistic,airport_aware,"{""model__C"": 5.0, ""model__class_weight"": null, ""model__penalty"": ""l2"", ""model__solver"": ""lbfgs""}",0.507056178691022,0.026472792206724934,0.5541461234404926,0.04388447624714106,0.27784250340443156,0.050863092803592184,0.36754463694174566,0.04603793580851698,0.5855324449269296,0.018497275953027657,0.6848004531250662,0.014363856020498049,0.19990800097190453,0.01208997433751327,0.5873911255429611,0.027182624413057757
random_forest,extended_geographic,"{""model__class_weight"": ""balanced_subsample"", ""model__max_depth"": null, ""model__max_features"": 0.5, ""model__min_samples_leaf"": 2, ""model__min_samples_split"": 10, ""model__n_estimators"": 400}",0.5051954689628475,0.03248006895221986,0.5031205646303732,0.040420131854356764,0.4791939692025727,0.04252864714775289,0.48908050489371924,0.02495487842632108,0.6261084343937029,0.013502969940387854,0.6923623849828092,0.01245508942355306,0.20554062269639073,0.006672825407996255,0.5984248365197893,0.015570463493561122
random_forest,extended_geographic,"{""model__class_weight"": ""balanced_subsample"", ""model__max_depth"": null, ""model__max_features"": 0.5, ""model__min_samples_leaf"": 2, ""model__min_samples_split"": 10, ""model__n_estimators"": 250}",0.504488120903073,0.03223205615059275,0.5004150871091457,0.043129222005363115,0.47923879687978105,0.04824202799758545,0.4877692635565996,0.03132869133338116,0.6250089326115832,0.017128417918770466,0.691701169397159,0.012446090562477273,0.20581821414119691,0.006677316063565449,0.59904857870012,0.015487630269225757
random_forest,airport_aware,"{""model__class_weight"": ""balanced_subsample"", ""model__max_depth"": null, ""model__max_features"": 0.5, ""model__min_samples_leaf"": 2, ""model__min_samples_split"": 10, ""model__n_estimators"": 400}",0.5044082731943434,0.032828795625150606,0.5043302021057605,0.03905853363318236,0.4760360032375045,0.04322801886648518,0.48822007088417474,0.02786787284415911,0.626016340837015,0.017123338855892192,0.6941072667482957,0.013288147008638208,0.20524648252521266,0.007156158800732568,0.5978612463323189,0.016478713780249
random_forest,airport_aware,"{""model__class_weight"": ""balanced_subsample"", ""model__max_depth"": null, ""model__max_features"": 0.5, ""model__min_samples_leaf"": 2, ""model__min_samples_split"": 10, ""model__n_estimators"": 250}",0.5039092920350803,0.03303391948365576,0.5073285363355626,0.035972568681834294,0.4781263634132619,0.040362099448289446,0.49078367224592023,0.023100011865413488,0.6278269262115332,0.014484087767353649,0.6943851041604635,0.013293087265628127,0.20527058765413358,0.007230751938807394,0.598265419449448,0.016663842888245194
random_forest,extended_geographic,"{""model__class_weight"": ""balanced_subsample"", ""model__max_depth"": null, ""model__max_features"": 0.5, ""model__min_samples_leaf"": 2, ""model__min_samples_split"": 2, ""model__n_estimators"": 400}",0.5002416468199844,0.0263862319347752,0.5049952788135301,0.047709408778569495,0.42754423461613084,0.042106275662178665,0.46113783401055475,0.02974142587639663,0.613310627342248,0.014977254188851664,0.6870235023917889,0.011630418645132751,0.20518853942978418,0.008606516443854436,0.5984222191272861,0.02048006122032509
random_forest,extended_geographic,"{""model__class_weight"": ""balanced_subsample"", ""model__max_depth"": null, ""model__max_features"": 0.5, ""model__min_samples_leaf"": 2, ""model__min_samples_split"": 2, ""model__n_estimators"": 250}",0.4993934886210803,0.02476611146119936,0.5082528121716978,0.03607721564602298,0.430348501806475,0.04175515413673445,0.4642418500057234,0.02403881725523967,0.6153298907227909,0.012768655091109728,0.68632795907556,0.012166687327863189,0.20544734881761895,0.00906382773397978,0.599116221214634,0.021513321418923127
random_forest,airport_aware,"{""model__class_weight"": ""balanced_subsample"", ""model__max_depth"": null, ""model__max_features"": 0.5, ""model__min_samples_leaf"": 2, ""model__min_samples_split"": 2, ""model__n_estimators"": 250}",0.4977874175558048,0.027180565132084306,0.5045813446439569,0.033676512559922246,0.429617016813333,0.0448239284638768,0.461985142751533,0.02404494943511054,0.6137533334677647,0.015538090410295762,0.6858703428245159,0.011294462504073068,0.20577109138463054,0.008407706635636116,0.5998256130142353,0.02024555178261576
random_forest,airport_aware,"{""model__class_weight"": ""balanced_subsample"", ""model__max_depth"": null, ""model__max_features"": 0.5, ""model__min_samples_leaf"": 2, ""model__min_samples_split"": 2, ""model__n_estimators"": 400}",0.4975304836748978,0.027989759092576665,0.5068938186322668,0.03924433179510035,0.4303045010923022,0.041064016334706466,0.4634714972935072,0.022841817851882815,0.6147662330501105,0.012850683654473624,0.6861703312461758,0.011183370811980937,0.20559211212991949,0.008393848784420092,0.5991463893283354,0.02036340085147438
