field,raw_value,canonical_value
AC_CLASS,A,A
AC_CLASS,Not reported,Not reported
AC_CLASS,B,B
AC_CLASS,J,J
AC_CLASS,C,C
AC_CLASS,Y,Y
TYPE_ENG,D,D
TYPE_ENG,C,C
TYPE_ENG,A,A
TYPE_ENG,,Not reported
TYPE_ENG,B,B
TYPE_ENG,F,F
TYPE_ENG,Y,Y
TYPE_ENG,E,E
PHASE_OF_FLIGHT,Take-off Run,Take-off Run
PHASE_OF_FLIGHT,Approach,Approach
PHASE_OF_FLIGHT,Climb,Climb
PHASE_OF_FLIGHT,Landing Roll,Landing Roll
PHASE_OF_FLIGHT,En Route,En Route
PHASE_OF_FLIGHT,Not reported,Not reported
PHASE_OF_FLIGHT,Descent,Descent
PHASE_OF_FLIGHT,Taxi,Taxi
PHASE_OF_FLIGHT,Parked,Parked
PHASE_OF_FLIGHT,Local,Local
PHASE_OF_FLIGHT,Arrival,Arrival
PHASE_OF_FLIGHT,Departure,Departure
TIME_OF_DAY,Not reported,Not reported
TIME_OF_DAY,Day,Day
TIME_OF_DAY,Dawn,Dawn
TIME_OF_DAY,Dusk,Dusk
TIME_OF_DAY,Night,Night
WARNED,Unknown,Unknown
WARNED,No,No
WARNED,Yes,Yes
SKY,Not reported,Not reported
SKY,No Cloud,No Cloud
SKY,Some Cloud,Some Cloud
SKY,Overcast,Overcast
PRECIPITATION,Not reported,Not reported
PRECIPITATION,Fog,Fog
PRECIPITATION,Rain,Rain
PRECIPITATION,Snow,Snow
PRECIPITATION,"Fog, Rain","Fog, Rain"
PRECIPITATION,"Rain, Snow","Rain, Snow"
PRECIPITATION,"Fog, Snow","Fog, Snow"
PRECIPITATION,"Fog, Rain, Snow","Fog, Rain, Snow"
PRECIPITATION,"None, Rain","None, Rain"
PRECIPITATION,"None, Snow","None, Snow"
PRECIPITATION,"Fog, None","Fog, None"
STATE,CA,CA
STATE,CO,CO
STATE,NE,NE
STATE,DC,DC
STATE,NY,NY
STATE,TX,TX
STATE,MO,MO
STATE,GA,GA
STATE,LA,LA
STATE,MI,MI
STATE,IL,IL
STATE,IN,IN
STATE,OH,OH
STATE,NH,NH
STATE,OR,OR
STATE,,Not reported
STATE,FL,FL
STATE,MD,MD
STATE,CT,CT
STATE,RI,RI
STATE,ID,ID
STATE,MN,MN
STATE,WA,WA
STATE,NJ,NJ
STATE,HI,HI
STATE,KY,KY
STATE,OK,OK
STATE,PA,PA
STATE,IA,IA
STATE,NC,NC
STATE,VA,VA
STATE,MA,MA
STATE,UT,UT
STATE,MS,MS
STATE,TN,TN
STATE,ME,ME
STATE,AL,AL
STATE,AZ,AZ
STATE,AR,AR
STATE,AB,AB
STATE,WI,WI
STATE,PR,PR
STATE,WV,WV
STATE,FN,FN
STATE,AK,AK
STATE,NM,NM
STATE,ND,ND
STATE,NV,NV
STATE,SC,SC
STATE,ON,ON
STATE,WY,WY
STATE,SD,SD
STATE,MT,MT
STATE,KS,KS
STATE,VI,VI
STATE,UM,UM
STATE,DE,DE
STATE,QC,QC
STATE,VT,VT
STATE,BC,BC
STATE,GU,GU
STATE,AS,AS
STATE,MH,MH
STATE,MB,MB
STATE,SK,SK
STATE,MP,MP
STATE,NL,NL
STATE,NS,NS
FAAREGION,AWP,AWP
FAAREGION,ANM,ANM
FAAREGION,ACE,ACE
FAAREGION,AEA,AEA
FAAREGION,ASW,ASW
FAAREGION,ASO,ASO
FAAREGION,AGL,AGL
FAAREGION,ANE,ANE
FAAREGION,,Not reported
FAAREGION,FGN,FGN
FAAREGION,AAL,AAL
AIRPORT_ID,KSMF,KSMF
AIRPORT_ID,KDEN,KDEN
AIRPORT_ID,KOMA,KOMA
AIRPORT_ID,KIAD,KIAD
AIRPORT_ID,KLGA,KLGA
AIRPORT_ID,KSAT,KSAT
AIRPORT_ID,KMCI,KMCI
AIRPORT_ID,KDFW,KDFW
AIRPORT_ID,KSJC,KSJC
AIRPORT_ID,KAGS,KAGS
AIRPORT_ID,KAEX,KAEX
AIRPORT_ID,KSYR,KSYR
AIRPORT_ID,KPTK,KPTK
AIRPORT_ID,KLAX,KLAX
AIRPORT_ID,KHOU,KHOU
AIRPORT_ID,KSFO,KSFO
AIRPORT_ID,KMDW,KMDW
AIRPORT_ID,KHUF,KHUF
AIRPORT_ID,KBUF,KBUF
AIRPORT_ID,KDAL,KDAL
AIRPORT_ID,KCLE,KCLE
AIRPORT_ID,KMIE,KMIE
AIRPORT_ID,KMSY,KMSY
AIRPORT_ID,KORD,KORD
AIRPORT_ID,KMHT,KMHT
AIRPORT_ID,KELP,KELP
AIRPORT_ID,KPDX,KPDX
AIRPORT_ID,ZZZZ,ZZZZ
AIRPORT_ID,KBUR,KBUR
AIRPORT_ID,KLGB,KLGB
AIRPORT_ID,KPIA,KPIA
AIRPORT_ID,KRSW,KRSW
AIRPORT_ID,KBWI,KBWI
AIRPORT_ID,KGSH,KGSH
AIRPORT_ID,KBDL,KBDL
AIRPORT_ID,KPNS,KPNS
AIRPORT_ID,KAUS,KAUS
AIRPORT_ID,KTPA,KTPA
AIRPORT_ID,KILN,KILN
AIRPORT_ID,KDCA,KDCA
AIRPORT_ID,KDTW,KDTW
AIRPORT_ID,KPVD,KPVD
AIRPORT_ID,KPIH,KPIH
AIRPORT_ID,KLNK,KLNK
AIRPORT_ID,KPBI,KPBI
AIRPORT_ID,KMIA,KMIA
AIRPORT_ID,KMLI,KMLI
AIRPORT_ID,KCMH,KCMH
AIRPORT_ID,KGPZ,KGPZ
AIRPORT_ID,KMWH,KMWH
AIRPORT_ID,KACY,KACY
AIRPORT_ID,PHLI,PHLI
AIRPORT_ID,KCVG,KCVG
AIRPORT_ID,KTUL,KTUL
AIRPORT_ID,KPIT,KPIT
AIRPORT_ID,KDSM,KDSM
AIRPORT_ID,KONT,KONT
AIRPORT_ID,KITH,KITH
AIRPORT_ID,KABE,KABE
AIRPORT_ID,KTMB,KTMB
AIRPORT_ID,KRDU,KRDU
AIRPORT_ID,KSAN,KSAN
AIRPORT_ID,KALB,KALB
AIRPORT_ID,KCSG,KCSG
AIRPORT_ID,KORF,KORF
AIRPORT_ID,KHYA,KHYA
AIRPORT_ID,KBFI,KBFI
AIRPORT_ID,KSLC,KSLC
AIRPORT_ID,KBTR,KBTR
AIRPORT_ID,KFMY,KFMY
AIRPORT_ID,KJAN,KJAN
AIRPORT_ID,KBNA,KBNA
AIRPORT_ID,KOAK,KOAK
AIRPORT_ID,KCHO,KCHO
AIRPORT_ID,KEUG,KEUG
AIRPORT_ID,KBOS,KBOS
AIRPORT_ID,KTRI,KTRI
AIRPORT_ID,KMDT,KMDT
AIRPORT_ID,KLAN,KLAN
AIRPORT_ID,KMTH,KMTH
AIRPORT_ID,KBHB,KBHB
AIRPORT_ID,KGRR,KGRR
AIRPORT_ID,KBHM,KBHM
AIRPORT_ID,KTUS,KTUS
AIRPORT_ID,KFLL,KFLL
AIRPORT_ID,KCLT,KCLT
AIRPORT_ID,KMEM,KMEM
AIRPORT_ID,KIDA,KIDA
AIRPORT_ID,KDAB,KDAB
AIRPORT_ID,KMCO,KMCO
AIRPORT_ID,KATL,KATL
AIRPORT_ID,KFSM,KFSM
AIRPORT_ID,KAVL,KAVL
AIRPORT_ID,KCHA,KCHA
AIRPORT_ID,KSQL,KSQL
AIRPORT_ID,KIAH,KIAH
AIRPORT_ID,KDBQ,KDBQ
AIRPORT_ID,KSDF,KSDF
AIRPORT_ID,KGVW,KGVW
AIRPORT_ID,KJWN,KJWN
AIRPORT_ID,CYYC,CYYC
AIRPORT_ID,KPFN,KPFN
AIRPORT_ID,KMKE,KMKE
AIRPORT_ID,KSRQ,KSRQ
AIRPORT_ID,KORL,KORL
AIRPORT_ID,TJSJ,TJSJ
AIRPORT_ID,KISO,KISO
AIRPORT_ID,KRFD,KRFD
AIRPORT_ID,KFXE,KFXE
AIRPORT_ID,KEWR,KEWR
AIRPORT_ID,KAZO,KAZO
AIRPORT_ID,KMLB,KMLB
AIRPORT_ID,KDAY,KDAY
AIRPORT_ID,KPHL,KPHL
AIRPORT_ID,KDXR,KDXR
AIRPORT_ID,KACV,KACV
AIRPORT_ID,3A2,3A2
AIRPORT_ID,KGON,KGON
AIRPORT_ID,KCRW,KCRW
AIRPORT_ID,KTEB,KTEB
AIRPORT_ID,KCMA,KCMA
AIRPORT_ID,M22,M22
AIRPORT_ID,KSPI,KSPI
AIRPORT_ID,KCRQ,KCRQ
AIRPORT_ID,KRST,KRST
AIRPORT_ID,KTVC,KTVC
AIRPORT_ID,MROC,MROC
AIRPORT_ID,KSNA,KSNA
AIRPORT_ID,KSEA,KSEA
AIRPORT_ID,KIND,KIND
AIRPORT_ID,KLIT,KLIT
AIRPORT_ID,KDRI,KDRI
AIRPORT_ID,KGEG,KGEG
AIRPORT_ID,KOKC,KOKC
AIRPORT_ID,KBKW,KBKW
AIRPORT_ID,PASI,PASI
AIRPORT_ID,KPAO,KPAO
AIRPORT_ID,PALH,PALH
AIRPORT_ID,KABQ,KABQ
AIRPORT_ID,KSFM,KSFM
AIRPORT_ID,KBMI,KBMI
AIRPORT_ID,KISP,KISP
AIRPORT_ID,KGFK,KGFK
AIRPORT_ID,KSPG,KSPG
AIRPORT_ID,KLOM,KLOM
AIRPORT_ID,KPDK,KPDK
AIRPORT_ID,KBKL,KBKL
AIRPORT_ID,KLFT,KLFT
AIRPORT_ID,KROC,KROC
AIRPORT_ID,KROA,KROA
AIRPORT_ID,KLAS,KLAS
AIRPORT_ID,KRNO,KRNO
AIRPORT_ID,KGSO,KGSO
AIRPORT_ID,PHNL,PHNL
AIRPORT_ID,KDWH,KDWH
AIRPORT_ID,KJFK,KJFK
AIRPORT_ID,KMOB,KMOB
AIRPORT_ID,KPAH,KPAH
AIRPORT_ID,KYIP,KYIP
AIRPORT_ID,KHFD,KHFD
AIRPORT_ID,KFTY,KFTY
AIRPORT_ID,KSUS,KSUS
AIRPORT_ID,KUCA,KUCA
AIRPORT_ID,KERI,KERI
AIRPORT_ID,KBDR,KBDR
AIRPORT_ID,KCGX,KCGX
AIRPORT_ID,KGKJ,KGKJ
AIRPORT_ID,KFRG,KFRG
AIRPORT_ID,KAVP,KAVP
AIRPORT_ID,KPOU,KPOU
AIRPORT_ID,KHSV,KHSV
AIRPORT_ID,KHFY,KHFY
AIRPORT_ID,KPWK,KPWK
AIRPORT_ID,KBGM,KBGM
AIRPORT_ID,KYKM,KYKM
AIRPORT_ID,KIAG,KIAG
AIRPORT_ID,KGRB,KGRB
AIRPORT_ID,KMSP,KMSP
AIRPORT_ID,W91,W91
AIRPORT_ID,KLSE,KLSE
AIRPORT_ID,KOXR,KOXR
AIRPORT_ID,KHRL,KHRL
AIRPORT_ID,KPIE,KPIE
AIRPORT_ID,KSHV,KSHV
AIRPORT_ID,KSWF,KSWF
AIRPORT_ID,KBED,KBED
AIRPORT_ID,KSTL,KSTL
AIRPORT_ID,KVUO,KVUO
AIRPORT_ID,PHOG,PHOG
AIRPORT_ID,KFAY,KFAY
AIRPORT_ID,KEWB,KEWB
AIRPORT_ID,PHTO,PHTO
AIRPORT_ID,KSBN,KSBN
AIRPORT_ID,KHGR,KHGR
AIRPORT_ID,KDHN,KDHN
AIRPORT_ID,KILM,KILM
AIRPORT_ID,KMFR,KMFR
AIRPORT_ID,PADU,PADU
AIRPORT_ID,KMKT,KMKT
AIRPORT_ID,KSPW,KSPW
AIRPORT_ID,PAFA,PAFA
AIRPORT_ID,KACT,KACT
AIRPORT_ID,KCAE,KCAE
AIRPORT_ID,KCID,KCID
AIRPORT_ID,KPWM,KPWM
AIRPORT_ID,KDEN*,KDEN*
AIRPORT_ID,KADS,KADS
AIRPORT_ID,PAKN,PAKN
AIRPORT_ID,CYOW,CYOW
AIRPORT_ID,KPHF,KPHF
AIRPORT_ID,KMYV,KMYV
AIRPORT_ID,KCCR,KCCR
AIRPORT_ID,KNEW,KNEW
AIRPORT_ID,KJAX,KJAX
AIRPORT_ID,KAPF,KAPF
AIRPORT_ID,KMKC,KMKC
AIRPORT_ID,KCYS,KCYS
AIRPORT_ID,KMRY,KMRY
AIRPORT_ID,KLEB,KLEB
AIRPORT_ID,KARR,KARR
AIRPORT_ID,KABY,KABY
AIRPORT_ID,KHWO,KHWO
AIRPORT_ID,KMSN,KMSN
AIRPORT_ID,KELM,KELM
AIRPORT_ID,KABR,KABR
AIRPORT_ID,KFLD,KFLD
AIRPORT_ID,KSBA,KSBA
AIRPORT_ID,KUGN,KUGN
AIRPORT_ID,KLBB,KLBB
AIRPORT_ID,KCHS,KCHS
AIRPORT_ID,KLCH,KLCH
AIRPORT_ID,KGNV,KGNV
AIRPORT_ID,PANC,PANC
AIRPORT_ID,KEYW,KEYW
AIRPORT_ID,KSAV,KSAV
AIRPORT_ID,KBYI,KBYI
AIRPORT_ID,KLAF,KLAF
AIRPORT_ID,TLPL,TLPL
AIRPORT_ID,MMGL,MMGL
AIRPORT_ID,KGAS,KGAS
AIRPORT_ID,KOPF,KOPF
AIRPORT_ID,KTOL,KTOL
AIRPORT_ID,KRAP,KRAP
AIRPORT_ID,KMBS,KMBS
AIRPORT_ID,KCRP,KCRP
AIRPORT_ID,KGTF,KGTF
AIRPORT_ID,KFLO,KFLO
AIRPORT_ID,KPSC,KPSC
AIRPORT_ID,KFNL,KFNL
AIRPORT_ID,PAJN,PAJN
AIRPORT_ID,KPSP,KPSP
AIRPORT_ID,KSTS,KSTS
AIRPORT_ID,KARB,KARB
AIRPORT_ID,KBAF,KBAF
AIRPORT_ID,KMLU,KMLU
AIRPORT_ID,KICT,KICT
AIRPORT_ID,PHNY,PHNY
AIRPORT_ID,KGPT,KGPT
AIRPORT_ID,W78,W78
AIRPORT_ID,KVRB,KVRB
AIRPORT_ID,PAKT,PAKT
AIRPORT_ID,KTCL,KTCL
AIRPORT_ID,KBRD,KBRD
AIRPORT_ID,PAWG,PAWG
AIRPORT_ID,KTVL,KTVL
AIRPORT_ID,PAOT,PAOT
AIRPORT_ID,KHUM,KHUM
AIRPORT_ID,KPUB,KPUB
AIRPORT_ID,KRIC,KRIC
AIRPORT_ID,KDPA,KDPA
AIRPORT_ID,KMEI,KMEI
AIRPORT_ID,KHPN,KHPN
AIRPORT_ID,KECG,KECG
AIRPORT_ID,KCRG,KCRG
AIRPORT_ID,KCAK,KCAK
AIRPORT_ID,KAMA,KAMA
AIRPORT_ID,KRDG,KRDG
AIRPORT_ID,KBPT,KBPT
AIRPORT_ID,KLUK,KLUK
AIRPORT_ID,3CK,3CK
AIRPORT_ID,KHEF,KHEF
AIRPORT_ID,KOGD,KOGD
AIRPORT_ID,KMOT,KMOT
AIRPORT_ID,KPHX,KPHX
AIRPORT_ID,KBGR,KBGR
AIRPORT_ID,KOWD,KOWD
AIRPORT_ID,KSJT,KSJT
AIRPORT_ID,PAMR,PAMR
AIRPORT_ID,KHIO,KHIO
AIRPORT_ID,KAGC,KAGC
AIRPORT_ID,KTYS,KTYS
AIRPORT_ID,KSTP,KSTP
AIRPORT_ID,CYYZ,CYYZ
AIRPORT_ID,KGYY,KGYY
AIRPORT_ID,KEVV,KEVV
AIRPORT_ID,1G3,1G3
AIRPORT_ID,KCLL,KCLL
AIRPORT_ID,KPOC,KPOC
AIRPORT_ID,TIST,TIST
AIRPORT_ID,KLOU,KLOU
AIRPORT_ID,KOTM,KOTM
AIRPORT_ID,KFAT,KFAT
AIRPORT_ID,KBWC,KBWC
AIRPORT_ID,PAOM,PAOM
AIRPORT_ID,KRHV,KRHV
AIRPORT_ID,KMMU,KMMU
AIRPORT_ID,OR81,OR81
AIRPORT_ID,KTTN,KTTN
AIRPORT_ID,PJON,PJON
AIRPORT_ID,KSLE,KSLE
AIRPORT_ID,KMWC,KMWC
AIRPORT_ID,KDLH,KDLH
AIRPORT_ID,KROG,KROG
AIRPORT_ID,KILG,KILG
AIRPORT_ID,KFAR,KFAR
AIRPORT_ID,KTDF,KTDF
AIRPORT_ID,KSGF,KSGF
AIRPORT_ID,KARV,KARV
AIRPORT_ID,KTYR,KTYR
AIRPORT_ID,KFWA,KFWA
AIRPORT_ID,KHLG,KHLG
AIRPORT_ID,KCKN,KCKN
AIRPORT_ID,KDRM,KDRM
AIRPORT_ID,CYUL,CYUL
AIRPORT_ID,KSFB,KSFB
AIRPORT_ID,KBVY,KBVY
AIRPORT_ID,KYNG,KYNG
AIRPORT_ID,KSGJ,KSGJ
AIRPORT_ID,KMFE,KMFE
AIRPORT_ID,KLWM,KLWM
AIRPORT_ID,KBTV,KBTV
AIRPORT_ID,KCMI,KCMI
AIRPORT_ID,KMSL,KMSL
AIRPORT_ID,KDUJ,KDUJ
AIRPORT_ID,KMAF,KMAF
AIRPORT_ID,KVNY,KVNY
AIRPORT_ID,KAPC,KAPC
AIRPORT_ID,MDSD,MDSD
AIRPORT_ID,KFNT,KFNT
AIRPORT_ID,KAPA,KAPA
AIRPORT_ID,KSUX,KSUX
AIRPORT_ID,KTLH,KTLH
AIRPORT_ID,KVIS,KVIS
AIRPORT_ID,KTUP,KTUP
AIRPORT_ID,KSPS,KSPS
AIRPORT_ID,KIPT,KIPT
AIRPORT_ID,KSNS,KSNS
AIRPORT_ID,KFTW,KFTW
AIRPORT_ID,KBOI,KBOI
AIRPORT_ID,KARA,KARA
AIRPORT_ID,PAYA,PAYA
AIRPORT_ID,KRWI,KRWI
AIRPORT_ID,KSAC,KSAC
AIRPORT_ID,KGSP,KGSP
AIRPORT_ID,KRQB,KRQB
AIRPORT_ID,KORH,KORH
AIRPORT_ID,KHTS,KHTS
AIRPORT_ID,KHDN,KHDN
AIRPORT_ID,W48,W48
AIRPORT_ID,MMMX,MMMX
AIRPORT_ID,KOQU,KOQU
AIRPORT_ID,KMGM,KMGM
AIRPORT_ID,KBRO,KBRO
AIRPORT_ID,KAUM,KAUM
AIRPORT_ID,KPAE,KPAE
AIRPORT_ID,KCOS,KCOS
AIRPORT_ID,KMYR,KMYR
AIRPORT_ID,KOSU,KOSU
AIRPORT_ID,KMSS,KMSS
AIRPORT_ID,KBIL,KBIL
AIRPORT_ID,TJPS,TJPS
AIRPORT_ID,KCPS,KCPS
AIRPORT_ID,3MY,3MY
AIRPORT_ID,KATW,KATW
AIRPORT_ID,KOEO,KOEO
AIRPORT_ID,KFOE,KFOE
AIRPORT_ID,KLEX,KLEX
AIRPORT_ID,KHVN,KHVN
AIRPORT_ID,6A2,6A2
AIRPORT_ID,MPTO,MPTO
AIRPORT_ID,KTBR,KTBR
AIRPORT_ID,KGGG,KGGG
AIRPORT_ID,KCEC,KCEC
AIRPORT_ID,KILE,KILE
AIRPORT_ID,KJKA,KJKA
AIRPORT_ID,KSDM,KSDM
AIRPORT_ID,KTVF,KTVF
AIRPORT_ID,SEGU,SEGU
AIRPORT_ID,KMCD,KMCD
AIRPORT_ID,MDPP,MDPP
AIRPORT_ID,KMKG,KMKG
AIRPORT_ID,KOXC,KOXC
AIRPORT_ID,M34,M34
AIRPORT_ID,KLVK,KLVK
AIRPORT_ID,KCWA,KCWA
AIRPORT_ID,KMAC,KMAC
AIRPORT_ID,KCDW,KCDW
AIRPORT_ID,KMCB,KMCB
AIRPORT_ID,KDET,KDET
AIRPORT_ID,YSSY,YSSY
AIRPORT_ID,MKJS,MKJS
AIRPORT_ID,KHIG,KHIG
AIRPORT_ID,KRMG,KRMG
AIRPORT_ID,KWAL,KWAL
AIRPORT_ID,5KE,5KE
AIRPORT_ID,KANE,KANE
AIRPORT_ID,H2O,H2O
AIRPORT_ID,KSBP,KSBP
AIRPORT_ID,PABE,PABE
AIRPORT_ID,KABI,KABI
AIRPORT_ID,KFPR,KFPR
AIRPORT_ID,KEKA,KEKA
AIRPORT_ID,MPHO,MPHO
AIRPORT_ID,KUKF,KUKF
AIRPORT_ID,KLNS,KLNS
AIRPORT_ID,KSLN,KSLN
AIRPORT_ID,SAEZ,SAEZ
AIRPORT_ID,S50,S50
AIRPORT_ID,KLWB,KLWB
AIRPORT_ID,KPNE,KPNE
AIRPORT_ID,PASD,PASD
AIRPORT_ID,26N,26N
AIRPORT_ID,KJVL,KJVL
AIRPORT_ID,RIGG,RIGG
AIRPORT_ID,PHKO,PHKO
AIRPORT_ID,KCNO,KCNO
AIRPORT_ID,KMVY,KMVY
AIRPORT_ID,MMPR,MMPR
AIRPORT_ID,I41,I41
AIRPORT_ID,KTXK,KTXK
AIRPORT_ID,KDEC,KDEC
AIRPORT_ID,KEWN,KEWN
AIRPORT_ID,PAEN,PAEN
AIRPORT_ID,KCIC,KCIC
AIRPORT_ID,KASW,KASW
AIRPORT_ID,PADQ,PADQ
AIRPORT_ID,KEDW,KEDW
AIRPORT_ID,KCGF,KCGF
AIRPORT_ID,KHMT,KHMT
AIRPORT_ID,KRNP,KRNP
AIRPORT_ID,Z41,Z41
AIRPORT_ID,KLWS,KLWS
AIRPORT_ID,KBWG,KBWG
AIRPORT_ID,KBMG,KBMG
AIRPORT_ID,CYVR,CYVR
AIRPORT_ID,KMGW,KMGW
AIRPORT_ID,KESF,KESF
AIRPORT_ID,KACK,KACK
AIRPORT_ID,KCKB,KCKB
AIRPORT_ID,KPKB,KPKB
AIRPORT_ID,0B8,0B8
AIRPORT_ID,M19,M19
AIRPORT_ID,KBJI,KBJI
AIRPORT_ID,KCWF,KCWF
AIRPORT_ID,KEYE,KEYE
AIRPORT_ID,KOAJ,KOAJ
AIRPORT_ID,KINL,KINL
AIRPORT_ID,3TR,3TR
AIRPORT_ID,TNCA,TNCA
AIRPORT_ID,XS90,XS90
AIRPORT_ID,KLFK,KLFK
AIRPORT_ID,LERT,LERT
AIRPORT_ID,KJLN,KJLN
AIRPORT_ID,KFSD,KFSD
AIRPORT_ID,S03,S03
AIRPORT_ID,KBJC,KBJC
AIRPORT_ID,KSNY,KSNY
AIRPORT_ID,KMJX,KMJX
AIRPORT_ID,KDUH,KDUH
AIRPORT_ID,KBFL,KBFL
AIRPORT_ID,KPVG,KPVG
AIRPORT_ID,LSZH,LSZH
AIRPORT_ID,KJXN,KJXN
AIRPORT_ID,KALO,KALO
AIRPORT_ID,KIGX,KIGX
AIRPORT_ID,KRDD,KRDD
AIRPORT_ID,KCOF,KCOF
AIRPORT_ID,KCGI,KCGI
AIRPORT_ID,12V,12V
AIRPORT_ID,5TS9,5TS9
AIRPORT_ID,KBIV,KBIV
AIRPORT_ID,KGRI,KGRI
AIRPORT_ID,5A1,5A1
AIRPORT_ID,KMSO,KMSO
AIRPORT_ID,KBIS,KBIS
AIRPORT_ID,EDDF,EDDF
AIRPORT_ID,KMNM,KMNM
AIRPORT_ID,KPIR,KPIR
AIRPORT_ID,VIDP,VIDP
AIRPORT_ID,KMFD,KMFD
AIRPORT_ID,KBLI,KBLI
AIRPORT_ID,KEFD,KEFD
AIRPORT_ID,KFPK,KFPK
AIRPORT_ID,KPMP,KPMP
AIRPORT_ID,P19,P19
AIRPORT_ID,KRRQ,KRRQ
AIRPORT_ID,EDDT,EDDT
AIRPORT_ID,KANQ,KANQ
AIRPORT_ID,KATY,KATY
AIRPORT_ID,KUCY,KUCY
AIRPORT_ID,KLYH,KLYH
AIRPORT_ID,KMCW,KMCW
AIRPORT_ID,KTOA,KTOA
AIRPORT_ID,4D0,4D0
AIRPORT_ID,KGMU,KGMU
AIRPORT_ID,6D6,6D6
AIRPORT_ID,KLWC,KLWC
AIRPORT_ID,KSBY,KSBY
AIRPORT_ID,20N,20N
AIRPORT_ID,KASE,KASE
AIRPORT_ID,KOJC,KOJC
AIRPORT_ID,KFYV,KFYV
AIRPORT_ID,KGCN,KGCN
AIRPORT_ID,KHUT,KHUT
AIRPORT_ID,KMYF,KMYF
AIRPORT_ID,PHHN,PHHN
AIRPORT_ID,MMAA,MMAA
AIRPORT_ID,KFKL,KFKL
AIRPORT_ID,KMDQ,KMDQ
AIRPORT_ID,46N,46N
AIRPORT_ID,KBFM,KBFM
AIRPORT_ID,KVNC,KVNC
AIRPORT_ID,KCTJ,KCTJ
AIRPORT_ID,KMCN,KMCN
AIRPORT_ID,KCOE,KCOE
AIRPORT_ID,KCOI,KCOI
AIRPORT_ID,KHWD,KHWD
AIRPORT_ID,KCLM,KCLM
AIRPORT_ID,MDPC,MDPC
AIRPORT_ID,KGLH,KGLH
AIRPORT_ID,KVAD,KVAD
AIRPORT_ID,KPIB,KPIB
AIRPORT_ID,KFZY,KFZY
AIRPORT_ID,KNYG,KNYG
AIRPORT_ID,KOWB,KOWB
AIRPORT_ID,KMCE,KMCE
AIRPORT_ID,PACV,PACV
AIRPORT_ID,KAMN,KAMN
AIRPORT_ID,2LA0,2LA0
AIRPORT_ID,2R9,2R9
AIRPORT_ID,D09,D09
AIRPORT_ID,KBVI,KBVI
AIRPORT_ID,KPCZ,KPCZ
AIRPORT_ID,KSAW,KSAW
AIRPORT_ID,TISX,TISX
AIRPORT_ID,T40,T40
AIRPORT_ID,KBTN,KBTN
AIRPORT_ID,O22,O22
AIRPORT_ID,KESC,KESC
AIRPORT_ID,KHYI,KHYI
AIRPORT_ID,12Y,12Y
AIRPORT_ID,PASY,PASY
AIRPORT_ID,0V6,0V6
AIRPORT_ID,PASC,PASC
AIRPORT_ID,KGWB,KGWB
AIRPORT_ID,KHQZ,KHQZ
AIRPORT_ID,KASH,KASH
AIRPORT_ID,MHTG,MHTG
AIRPORT_ID,KZER,KZER
AIRPORT_ID,KFFZ,KFFZ
AIRPORT_ID,KAPN,KAPN
AIRPORT_ID,KJAC,KJAC
AIRPORT_ID,KMQI,KMQI
AIRPORT_ID,KSOA,KSOA
AIRPORT_ID,KMRC,KMRC
AIRPORT_ID,LFPO,LFPO
AIRPORT_ID,KJYO,KJYO
AIRPORT_ID,09R,09R
AIRPORT_ID,KIRK,KIRK
AIRPORT_ID,TJMZ,TJMZ
AIRPORT_ID,KBDU,KBDU
AIRPORT_ID,KCQX,KCQX
AIRPORT_ID,KSLK,KSLK
AIRPORT_ID,15TE,15TE
AIRPORT_ID,KLHX,KLHX
AIRPORT_ID,MMMY,MMMY
AIRPORT_ID,KUIN,KUIN
AIRPORT_ID,KGHG,KGHG
AIRPORT_ID,KSMX,KSMX
AIRPORT_ID,17N,17N
AIRPORT_ID,KTPF,KTPF
AIRPORT_ID,4LA6,4LA6
AIRPORT_ID,KVCB,KVCB
AIRPORT_ID,KLAW,KLAW
AIRPORT_ID,PHMK,PHMK
AIRPORT_ID,KTDZ,KTDZ
AIRPORT_ID,89D,89D
AIRPORT_ID,KPAN,KPAN
AIRPORT_ID,KONZ,KONZ
AIRPORT_ID,KSMD,KSMD
AIRPORT_ID,KGCD,KGCD
AIRPORT_ID,KENW,KENW
AIRPORT_ID,12N,12N
AIRPORT_ID,I62,I62
AIRPORT_ID,KMOD,KMOD
AIRPORT_ID,RCTP,RCTP
AIRPORT_ID,KRNT,KRNT
AIRPORT_ID,KRKD,KRKD
AIRPORT_ID,KIRS,KIRS
AIRPORT_ID,MSLP,MSLP
AIRPORT_ID,KMIC,KMIC
AIRPORT_ID,T05,T05
AIRPORT_ID,X35,X35
AIRPORT_ID,KSGT,KSGT
AIRPORT_ID,TNCM,TNCM
AIRPORT_ID,KRUT,KRUT
AIRPORT_ID,KEOP,KEOP
AIRPORT_ID,KIGQ,KIGQ
AIRPORT_ID,KTYQ,KTYQ
AIRPORT_ID,KMIV,KMIV
AIRPORT_ID,PGUM,PGUM
AIRPORT_ID,44N,44N
AIRPORT_ID,LTBA,LTBA
AIRPORT_ID,KBWD,KBWD
AIRPORT_ID,KFCM,KFCM
AIRPORT_ID,KBQK,KBQK
AIRPORT_ID,KSFF,KSFF
AIRPORT_ID,KRAC,KRAC
AIRPORT_ID,KDTN,KDTN
AIRPORT_ID,KLXT,KLXT
AIRPORT_ID,KCDR,KCDR
AIRPORT_ID,KGTR,KGTR
AIRPORT_ID,KCRE,KCRE
AIRPORT_ID,KFDY,KFDY
AIRPORT_ID,SKCL,SKCL
AIRPORT_ID,KRYY,KRYY
AIRPORT_ID,9G0,9G0
AIRPORT_ID,PAPG,PAPG
AIRPORT_ID,KVCT,KVCT
AIRPORT_ID,KTIW,KTIW
AIRPORT_ID,KIWH,KIWH
AIRPORT_ID,SBGL,SBGL
AIRPORT_ID,KRFI,KRFI
AIRPORT_ID,KGHM,KGHM
AIRPORT_ID,9A7,9A7
AIRPORT_ID,KCHD,KCHD
AIRPORT_ID,KSIF,KSIF
AIRPORT_ID,S83,S83
AIRPORT_ID,2G1,2G1
AIRPORT_ID,KILL,KILL
AIRPORT_ID,K15,K15
AIRPORT_ID,KSBM,KSBM
AIRPORT_ID,KPUW,KPUW
AIRPORT_ID,KCPR,KCPR
AIRPORT_ID,KALW,KALW
AIRPORT_ID,KMRH,KMRH
AIRPORT_ID,KAFW,KAFW
AIRPORT_ID,KHTO,KHTO
AIRPORT_ID,KESN,KESN
AIRPORT_ID,KSCK,KSCK
AIRPORT_ID,KRHI,KRHI
AIRPORT_ID,EGLL,EGLL
AIRPORT_ID,KVDF,KVDF
AIRPORT_ID,SVMI,SVMI
AIRPORT_ID,KLOT,KLOT
AIRPORT_ID,KLBE,KLBE
AIRPORT_ID,KTKI,KTKI
AIRPORT_ID,KMQY,KMQY
AIRPORT_ID,KHAO,KHAO
AIRPORT_ID,KOGS,KOGS
AIRPORT_ID,88R,88R
AIRPORT_ID,KMRB,KMRB
AIRPORT_ID,3FD1,3FD1
AIRPORT_ID,18GA,18GA
AIRPORT_ID,KPSM,KPSM
AIRPORT_ID,KEAU,KEAU
AIRPORT_ID,KJBR,KJBR
AIRPORT_ID,KMDH,KMDH
AIRPORT_ID,KPVU,KPVU
AIRPORT_ID,KCGC,KCGC
AIRPORT_ID,VABB,VABB
AIRPORT_ID,H71,H71
AIRPORT_ID,KJST,KJST
AIRPORT_ID,9Z4,9Z4
AIRPORT_ID,KGAI,KGAI
AIRPORT_ID,9N1,9N1
AIRPORT_ID,KUES,KUES
AIRPORT_ID,PABR,PABR
AIRPORT_ID,9WI8,9WI8
AIRPORT_ID,VTBD,VTBD
AIRPORT_ID,PHLU,PHLU
AIRPORT_ID,KLRD,KLRD
AIRPORT_ID,1B9,1B9
AIRPORT_ID,KVGT,KVGT
AIRPORT_ID,MWCR,MWCR
AIRPORT_ID,4B8,4B8
AIRPORT_ID,0G6,0G6
AIRPORT_ID,KHVR,KHVR
AIRPORT_ID,KSTC,KSTC
AIRPORT_ID,KHKS,KHKS
AIRPORT_ID,KGXY,KGXY
AIRPORT_ID,KLPR,KLPR
AIRPORT_ID,KDVO,KDVO
AIRPORT_ID,KIWD,KIWD
AIRPORT_ID,KBTL,KBTL
AIRPORT_ID,MMLO,MMLO
AIRPORT_ID,KLMT,KLMT
AIRPORT_ID,KFMN,KFMN
AIRPORT_ID,PHJH,PHJH
AIRPORT_ID,OPRN,OPRN
AIRPORT_ID,I40,I40
AIRPORT_ID,KHRO,KHRO
AIRPORT_ID,KUOS,KUOS
AIRPORT_ID,KOUN,KOUN
AIRPORT_ID,LIRF,LIRF
AIRPORT_ID,87Y,87Y
AIRPORT_ID,KOLV,KOLV
AIRPORT_ID,KHHR,KHHR
AIRPORT_ID,MKJP,MKJP
AIRPORT_ID,KIZG,KIZG
AIRPORT_ID,KLNN,KLNN
AIRPORT_ID,KLAR,KLAR
AIRPORT_ID,KMBO,KMBO
AIRPORT_ID,KAWO,KAWO
AIRPORT_ID,6D9,6D9
AIRPORT_ID,KEAT,KEAT
AIRPORT_ID,8D7,8D7
AIRPORT_ID,KGLW,KGLW
AIRPORT_ID,KYKN,KYKN
AIRPORT_ID,HECA,HECA
AIRPORT_ID,KPQI,KPQI
AIRPORT_ID,I95,I95
AIRPORT_ID,KLRU,KLRU
AIRPORT_ID,KERR,KERR
AIRPORT_ID,KEVB,KEVB
AIRPORT_ID,KDUG,KDUG
AIRPORT_ID,RJTQ,RJTQ
AIRPORT_ID,KEOK,KEOK
AIRPORT_ID,KAOO,KAOO
AIRPORT_ID,LLBG,LLBG
AIRPORT_ID,NC14,NC14
AIRPORT_ID,KMYL,KMYL
AIRPORT_ID,EGKK,EGKK
AIRPORT_ID,KPLU,KPLU
AIRPORT_ID,KSBS,KSBS
AIRPORT_ID,KWHP,KWHP
AIRPORT_ID,KBAX,KBAX
AIRPORT_ID,KRYN,KRYN
AIRPORT_ID,KDVT,KDVT
AIRPORT_ID,NSTU,NSTU
AIRPORT_ID,KHUA,KHUA
AIRPORT_ID,KSRC,KSRC
AIRPORT_ID,7D6,7D6
AIRPORT_ID,CYYJ,CYYJ
AIRPORT_ID,5LA4,5LA4
AIRPORT_ID,KCXY,KCXY
AIRPORT_ID,KOMH,KOMH
AIRPORT_ID,X06,X06
AIRPORT_ID,PFNO,PFNO
AIRPORT_ID,KSGS,KSGS
AIRPORT_ID,KDRO,KDRO
AIRPORT_ID,TXKF,TXKF
AIRPORT_ID,KCNW,KCNW
AIRPORT_ID,LA28,LA28
AIRPORT_ID,MYNN,MYNN
AIRPORT_ID,MMUN,MMUN
AIRPORT_ID,X58,X58
AIRPORT_ID,KGIC,KGIC
AIRPORT_ID,KSKY,KSKY
AIRPORT_ID,KFDK,KFDK
AIRPORT_ID,KCBE,KCBE
AIRPORT_ID,KGHW,KGHW
AIRPORT_ID,7LS4,7LS4
AIRPORT_ID,PASX,PASX
AIRPORT_ID,KDZB,KDZB
AIRPORT_ID,KCTB,KCTB
AIRPORT_ID,ENFB,ENFB
AIRPORT_ID,KPLB,KPLB
AIRPORT_ID,TTPP,TTPP
AIRPORT_ID,LEMD,LEMD
AIRPORT_ID,H68,H68
AIRPORT_ID,N14,N14
AIRPORT_ID,KEEN,KEEN
AIRPORT_ID,EBBR,EBBR
AIRPORT_ID,KRVS,KRVS
AIRPORT_ID,KOLM,KOLM
AIRPORT_ID,TLPC,TLPC
AIRPORT_ID,LEBL,LEBL
AIRPORT_ID,A63,A63
AIRPORT_ID,KMHR,KMHR
AIRPORT_ID,KISM,KISM
AIRPORT_ID,KIWS,KIWS
AIRPORT_ID,KORK,KORK
AIRPORT_ID,MGGT,MGGT
AIRPORT_ID,KONP,KONP
AIRPORT_ID,LGKM,LGKM
AIRPORT_ID,PASV,PASV
AIRPORT_ID,KCUT,KCUT
AIRPORT_ID,ME79,ME79
AIRPORT_ID,KLAL,KLAL
AIRPORT_ID,TJBQ,TJBQ
AIRPORT_ID,D00,D00
AIRPORT_ID,P10,P10
AIRPORT_ID,M83,M83
AIRPORT_ID,KFHU,KFHU
AIRPORT_ID,EHAM,EHAM
AIRPORT_ID,KOBI,KOBI
AIRPORT_ID,LFCO,LFCO
AIRPORT_ID,KCOU,KCOU
AIRPORT_ID,KBAD,KBAD
AIRPORT_ID,LIMC,LIMC
AIRPORT_ID,KISN,KISN
AIRPORT_ID,Y65,Y65
AIRPORT_ID,KDKX,KDKX
AIRPORT_ID,KSEE,KSEE
AIRPORT_ID,3R9,3R9
AIRPORT_ID,RKSS,RKSS
AIRPORT_ID,KEDU,KEDU
AIRPORT_ID,KLVN,KLVN
AIRPORT_ID,KLEW,KLEW
AIRPORT_ID,KLDM,KLDM
AIRPORT_ID,KEOS,KEOS
AIRPORT_ID,7M3,7M3
AIRPORT_ID,KSDL,KSDL
AIRPORT_ID,KMMV,KMMV
AIRPORT_ID,E45,E45
AIRPORT_ID,LPPT,LPPT
AIRPORT_ID,KBEH,KBEH
AIRPORT_ID,IA24,IA24
AIRPORT_ID,KCVC,KCVC
AIRPORT_ID,6B9,6B9
AIRPORT_ID,6S8,6S8
AIRPORT_ID,KACB,KACB
AIRPORT_ID,5B6,5B6
AIRPORT_ID,KOPN,KOPN
AIRPORT_ID,8A6,8A6
AIRPORT_ID,NZAA,NZAA
AIRPORT_ID,KGVQ,KGVQ
AIRPORT_ID,2W6,2W6
AIRPORT_ID,KIXD,KIXD
AIRPORT_ID,KRLD,KRLD
AIRPORT_ID,KOSH,KOSH
AIRPORT_ID,KFHB,KFHB
AIRPORT_ID,KNYL,KNYL
AIRPORT_ID,KSIK,KSIK
AIRPORT_ID,06FA,06FA
AIRPORT_ID,6PA6,6PA6
AIRPORT_ID,KSMS,KSMS
AIRPORT_ID,KJNX,KJNX
AIRPORT_ID,KHEG,KHEG
AIRPORT_ID,KBLM,KBLM
AIRPORT_ID,KOMN,KOMN
AIRPORT_ID,1R8,1R8
AIRPORT_ID,A29,A29
AIRPORT_ID,KOKM,KOKM
AIRPORT_ID,KTWF,KTWF
AIRPORT_ID,EBOS,EBOS
AIRPORT_ID,KNVD,KNVD
AIRPORT_ID,KLGU,KLGU
AIRPORT_ID,EINN,EINN
AIRPORT_ID,KCIU,KCIU
AIRPORT_ID,CT60,CT60
AIRPORT_ID,KIMT,KIMT
AIRPORT_ID,KRIW,KRIW
AIRPORT_ID,RJAA,RJAA
AIRPORT_ID,EGSS,EGSS
AIRPORT_ID,WV42,WV42
AIRPORT_ID,MHLM,MHLM
AIRPORT_ID,RPLL,RPLL
AIRPORT_ID,7D5,7D5
AIRPORT_ID,KLBF,KLBF
AIRPORT_ID,KPWA,KPWA
AIRPORT_ID,KEMT,KEMT
AIRPORT_ID,GMME,GMME
AIRPORT_ID,KFUL,KFUL
AIRPORT_ID,KTZR,KTZR
AIRPORT_ID,KBKN,KBKN
AIRPORT_ID,PCUW,PCUW
AIRPORT_ID,KRAL,KRAL
AIRPORT_ID,PAKW,PAKW
AIRPORT_ID,KMBT,KMBT
AIRPORT_ID,KLCK,KLCK
AIRPORT_ID,8A1,8A1
AIRPORT_ID,KPNC,KPNC
AIRPORT_ID,1Q5,1Q5
AIRPORT_ID,KLDJ,KLDJ
AIRPORT_ID,KCEV,KCEV
AIRPORT_ID,KFYJ,KFYJ
AIRPORT_ID,KSSF,KSSF
AIRPORT_ID,KGOO,KGOO
AIRPORT_ID,RJBB,RJBB
AIRPORT_ID,KPMU,KPMU
AIRPORT_ID,KBKF,KBKF
AIRPORT_ID,MYGF,MYGF
AIRPORT_ID,3EX,3EX
AIRPORT_ID,98D,98D
AIRPORT_ID,WMKP,WMKP
AIRPORT_ID,KDWA,KDWA
AIRPORT_ID,KHON,KHON
AIRPORT_ID,SPIM,SPIM
AIRPORT_ID,NFFN,NFFN
AIRPORT_ID,KBFF,KBFF
AIRPORT_ID,KSHR,KSHR
AIRPORT_ID,KGJT,KGJT
AIRPORT_ID,KUMP,KUMP
AIRPORT_ID,MBPV,MBPV
AIRPORT_ID,KLAA,KLAA
AIRPORT_ID,PACM,PACM
AIRPORT_ID,KMTP,KMTP
AIRPORT_ID,RJTT,RJTT
AIRPORT_ID,EDDL,EDDL
AIRPORT_ID,KMGY,KMGY
AIRPORT_ID,ESSA,ESSA
AIRPORT_ID,KUVA,KUVA
AIRPORT_ID,SKBQ,SKBQ
AIRPORT_ID,KJHW,KJHW
AIRPORT_ID,OEDR,OEDR
AIRPORT_ID,VHHH,VHHH
AIRPORT_ID,PABG,PABG
AIRPORT_ID,7B2,7B2
AIRPORT_ID,KDNS,KDNS
AIRPORT_ID,L35,L35
AIRPORT_ID,KOTH,KOTH
AIRPORT_ID,KSUT,KSUT
AIRPORT_ID,KDIK,KDIK
AIRPORT_ID,KPCW,KPCW
AIRPORT_ID,KBRL,KBRL
AIRPORT_ID,KAIA,KAIA
AIRPORT_ID,LFPG,LFPG
AIRPORT_ID,KLBL,KLBL
AIRPORT_ID,KXNA,KXNA
AIRPORT_ID,41C,41C
AIRPORT_ID,MMLM,MMLM
AIRPORT_ID,KJQF,KJQF
AIRPORT_ID,PKWA,PKWA
AIRPORT_ID,KJZI,KJZI
AIRPORT_ID,KGKY,KGKY
AIRPORT_ID,KFOK,KFOK
AIRPORT_ID,09N,09N
AIRPORT_ID,CYHM,CYHM
AIRPORT_ID,TBPB,TBPB
AIRPORT_ID,70N,70N
AIRPORT_ID,SKBO,SKBO
AIRPORT_ID,KRPD,KRPD
AIRPORT_ID,05C,05C
AIRPORT_ID,KMCX,KMCX
AIRPORT_ID,KXLL,KXLL
AIRPORT_ID,UT25,UT25
AIRPORT_ID,R47,R47
AIRPORT_ID,KGGW,KGGW
AIRPORT_ID,KPGV,KPGV
AIRPORT_ID,KTRK,KTRK
AIRPORT_ID,LPLA,LPLA
AIRPORT_ID,CKU,CKU
AIRPORT_ID,MDLR,MDLR
AIRPORT_ID,DNMM,DNMM
AIRPORT_ID,KELY,KELY
AIRPORT_ID,KPLN,KPLN
AIRPORT_ID,MMCZ,MMCZ
AIRPORT_ID,01G,01G
AIRPORT_ID,8B8,8B8
AIRPORT_ID,LL10,LL10
AIRPORT_ID,2N8,2N8
AIRPORT_ID,D25,D25
AIRPORT_ID,KDKK,KDKK
AIRPORT_ID,EGNX,EGNX
AIRPORT_ID,KMKY,KMKY
AIRPORT_ID,87MO,87MO
AIRPORT_ID,KSUN,KSUN
AIRPORT_ID,KOFK,KOFK
AIRPORT_ID,PAGS,PAGS
AIRPORT_ID,C43,C43
AIRPORT_ID,CYWG,CYWG
AIRPORT_ID,KIKV,KIKV
AIRPORT_ID,KVLD,KVLD
AIRPORT_ID,ZBAA,ZBAA
AIRPORT_ID,70S,70S
AIRPORT_ID,KSNC,KSNC
AIRPORT_ID,KFLY,KFLY
AIRPORT_ID,KSOP,KSOP
AIRPORT_ID,KFRM,KFRM
AIRPORT_ID,KCMX,KCMX
AIRPORT_ID,6M2,6M2
AIRPORT_ID,I18,I18
AIRPORT_ID,26A,26A
AIRPORT_ID,KIJD,KIJD
AIRPORT_ID,KFVX,KFVX
AIRPORT_ID,KFWQ,KFWQ
AIRPORT_ID,3R7,3R7
AIRPORT_ID,KFOD,KFOD
AIRPORT_ID,RJCC,RJCC
AIRPORT_ID,KJZP,KJZP
AIRPORT_ID,SUMU,SUMU
AIRPORT_ID,LICZ,LICZ
AIRPORT_ID,UHHH,UHHH
AIRPORT_ID,EGPK,EGPK
AIRPORT_ID,KTOP,KTOP
AIRPORT_ID,4I9,4I9
AIRPORT_ID,KCRZ,KCRZ
AIRPORT_ID,N66,N66
AIRPORT_ID,Y31,Y31
AIRPORT_ID,PVT,PVT
AIRPORT_ID,PAHO,PAHO
AIRPORT_ID,MMZH,MMZH
AIRPORT_ID,KMBL,KMBL
AIRPORT_ID,KSJX,KSJX
AIRPORT_ID,KMWA,KMWA
AIRPORT_ID,KGPI,KGPI
AIRPORT_ID,KFES,KFES
AIRPORT_ID,KPSF,KPSF
AIRPORT_ID,KPLK,KPLK
AIRPORT_ID,KJSO,KJSO
AIRPORT_ID,KROW,KROW
AIRPORT_ID,PAGA,PAGA
AIRPORT_ID,KCKP,KCKP
AIRPORT_ID,KGLD,KGLD
AIRPORT_ID,S48,S48
AIRPORT_ID,X46,X46
AIRPORT_ID,KGLS,KGLS
AIRPORT_ID,U42,U42
AIRPORT_ID,LEZG,LEZG
AIRPORT_ID,LGTS,LGTS
AIRPORT_ID,N51,N51
AIRPORT_ID,KUNV,KUNV
AIRPORT_ID,SCEL,SCEL
AIRPORT_ID,KART,KART
AIRPORT_ID,KSEZ,KSEZ
AIRPORT_ID,RPLB,RPLB
AIRPORT_ID,CYAG,CYAG
AIRPORT_ID,KIWA,KIWA
AIRPORT_ID,ME19,ME19
AIRPORT_ID,KOXD,KOXD
AIRPORT_ID,KGDV,KGDV
AIRPORT_ID,49B,49B
AIRPORT_ID,KTEX,KTEX
AIRPORT_ID,C91,C91
AIRPORT_ID,KDGW,KDGW
AIRPORT_ID,SBGR,SBGR
AIRPORT_ID,KRUE,KRUE
AIRPORT_ID,KRCM,KRCM
AIRPORT_ID,C35,C35
AIRPORT_ID,KOKH,KOKH
AIRPORT_ID,CYQR,CYQR
AIRPORT_ID,CA92,CA92
AIRPORT_ID,4TN4,4TN4
AIRPORT_ID,KDOV,KDOV
AIRPORT_ID,KLGC,KLGC
AIRPORT_ID,KEVW,KEVW
AIRPORT_ID,KHFJ,KHFJ
AIRPORT_ID,1MO3,1MO3
AIRPORT_ID,KMQT,KMQT
AIRPORT_ID,E38,E38
AIRPORT_ID,KHYR,KHYR
AIRPORT_ID,KIKW,KIKW
AIRPORT_ID,KEKO,KEKO
AIRPORT_ID,KGCC,KGCC
AIRPORT_ID,KB19,KB19
AIRPORT_ID,00M,00M
AIRPORT_ID,KZZV,KZZV
AIRPORT_ID,C47,C47
AIRPORT_ID,1I5,1I5
AIRPORT_ID,KORS,KORS
AIRPORT_ID,KAUG,KAUG
AIRPORT_ID,KAPT,KAPT
AIRPORT_ID,KCGS,KCGS
AIRPORT_ID,2G2,2G2
AIRPORT_ID,S21,S21
AIRPORT_ID,PGWT,PGWT
AIRPORT_ID,KHBZ,KHBZ
AIRPORT_ID,KLNL,KLNL
AIRPORT_ID,MRLB,MRLB
AIRPORT_ID,KDMA,KDMA
AIRPORT_ID,KERV,KERV
AIRPORT_ID,KADW,KADW
AIRPORT_ID,TX33,TX33
AIRPORT_ID,KDTS,KDTS
AIRPORT_ID,KUIZ,KUIZ
AIRPORT_ID,KUBX,KUBX
AIRPORT_ID,KTVY,KTVY
AIRPORT_ID,KOXB,KOXB
AIRPORT_ID,KALX,KALX
AIRPORT_ID,N81,N81
AIRPORT_ID,KHIB,KHIB
AIRPORT_ID,KGEU,KGEU
AIRPORT_ID,KCEZ,KCEZ
AIRPORT_ID,KEAR,KEAR
AIRPORT_ID,28J,28J
AIRPORT_ID,YMML,YMML
AIRPORT_ID,SABE,SABE
AIRPORT_ID,KMML,KMML
AIRPORT_ID,KDAN,KDAN
AIRPORT_ID,ZSPD,ZSPD
AIRPORT_ID,KLBO,KLBO
AIRPORT_ID,CYQX,CYQX
AIRPORT_ID,SBKP,SBKP
AIRPORT_ID,ESMS,ESMS
AIRPORT_ID,KLRO,KLRO
AIRPORT_ID,KRDM,KRDM
AIRPORT_ID,RKJK,RKJK
AIRPORT_ID,KCDI,KCDI
AIRPORT_ID,KVMR,KVMR
AIRPORT_ID,WMKK,WMKK
AIRPORT_ID,MMSD,MMSD
AIRPORT_ID,I69,I69
AIRPORT_ID,DAAG,DAAG
AIRPORT_ID,KDDC,KDDC
AIRPORT_ID,KAQO,KAQO
AIRPORT_ID,KRWF,KRWF
AIRPORT_ID,KSCH,KSCH
AIRPORT_ID,KMTN,KMTN
AIRPORT_ID,KLUL,KLUL
AIRPORT_ID,KWWD,KWWD
AIRPORT_ID,KBAK,KBAK
AIRPORT_ID,KZPH,KZPH
AIRPORT_ID,KSPX,KSPX
AIRPORT_ID,KWLD,KWLD
AIRPORT_ID,KASX,KASX
AIRPORT_ID,KPPF,KPPF
AIRPORT_ID,KOLU,KOLU
AIRPORT_ID,KPVC,KPVC
AIRPORT_ID,KHLN,KHLN
AIRPORT_ID,KPRC,KPRC
AIRPORT_ID,KADH,KADH
AIRPORT_ID,KEGE,KEGE
AIRPORT_ID,KTDW,KTDW
AIRPORT_ID,EDDM,EDDM
AIRPORT_ID,MMMG,MMMG
AIRPORT_ID,LIRA,LIRA
AIRPORT_ID,KVLL,KVLL
AIRPORT_ID,KJEF,KJEF
AIRPORT_ID,PACD,PACD
AIRPORT_ID,NFNA,NFNA
AIRPORT_ID,KMOP,KMOP
AIRPORT_ID,KVPS,KVPS
AIRPORT_ID,KTTA,KTTA
AIRPORT_ID,2A5,2A5
AIRPORT_ID,KPMH,KPMH
AIRPORT_ID,KHOT,KHOT
AIRPORT_ID,KCUB,KCUB
AIRPORT_ID,KHWY,KHWY
AIRPORT_ID,KBID,KBID
AIRPORT_ID,46MO,46MO
AIRPORT_ID,X13,X13
AIRPORT_ID,SLVR,SLVR
AIRPORT_ID,KGLR,KGLR
AIRPORT_ID,KIGM,KIGM
AIRPORT_ID,KMHK,KMHK
AIRPORT_ID,KGEV,KGEV
AIRPORT_ID,KSSI,KSSI
AIRPORT_ID,W39,W39
AIRPORT_ID,KBPI,KBPI
AIRPORT_ID,KEKM,KEKM
AIRPORT_ID,ZBTJ,ZBTJ
AIRPORT_ID,MUHA,MUHA
AIRPORT_ID,6G5,6G5
AIRPORT_ID,KDMW,KDMW
AIRPORT_ID,KTOI,KTOI
AIRPORT_ID,CYXE,CYXE
AIRPORT_ID,5T6,5T6
AIRPORT_ID,1B1,1B1
AIRPORT_ID,77MI,77MI
AIRPORT_ID,KCLI,KCLI
AIRPORT_ID,KGUC,KGUC
AIRPORT_ID,KANJ,KANJ
AIRPORT_ID,KDED,KDED
AIRPORT_ID,KMSV,KMSV
AIRPORT_ID,MMTO,MMTO
AIRPORT_ID,56S,56S
AIRPORT_ID,KBVS,KBVS
AIRPORT_ID,PHDH,PHDH
AIRPORT_ID,KEQY,KEQY
AIRPORT_ID,KALS,KALS
AIRPORT_ID,KTIX,KTIX
AIRPORT_ID,Y50,Y50
AIRPORT_ID,KGAD,KGAD
AIRPORT_ID,KINT,KINT
AIRPORT_ID,KJMS,KJMS
AIRPORT_ID,WIII,WIII
AIRPORT_ID,KBZN,KBZN
AIRPORT_ID,KADM,KADM
AIRPORT_ID,O85,O85
AIRPORT_ID,KHII,KHII
AIRPORT_ID,KVPZ,KVPZ
AIRPORT_ID,CYHU,CYHU
AIRPORT_ID,KCBF,KCBF
AIRPORT_ID,O07,O07
AIRPORT_ID,MO91,MO91
AIRPORT_ID,CYSN,CYSN
AIRPORT_ID,YBHM,YBHM
AIRPORT_ID,S19,S19
AIRPORT_ID,KSUU,KSUU
AIRPORT_ID,KOPL,KOPL
AIRPORT_ID,7S3,7S3
AIRPORT_ID,KSGR,KSGR
AIRPORT_ID,KAND,KAND
AIRPORT_ID,KLGD,KLGD
AIRPORT_ID,5B2,5B2
AIRPORT_ID,KJVY,KJVY
AIRPORT_ID,4D1,4D1
AIRPORT_ID,KVBG,KVBG
AIRPORT_ID,KRED,KRED
AIRPORT_ID,WSSS,WSSS
AIRPORT_ID,4AC,4AC
AIRPORT_ID,KEKY,KEKY
AIRPORT_ID,KSAF,KSAF
AIRPORT_ID,PAKU,PAKU
AIRPORT_ID,KTRM,KTRM
AIRPORT_ID,KOBE,KOBE
AIRPORT_ID,7V2,7V2
AIRPORT_ID,KASD,KASD
AIRPORT_ID,KMUI,KMUI
AIRPORT_ID,PAOO,PAOO
AIRPORT_ID,KSHD,KSHD
AIRPORT_ID,KCXO,KCXO
AIRPORT_ID,KCQF,KCQF
AIRPORT_ID,KPOV,KPOV
AIRPORT_ID,KMTW,KMTW
AIRPORT_ID,4R9,4R9
AIRPORT_ID,KIKG,KIKG
AIRPORT_ID,2W2,2W2
AIRPORT_ID,KMQS,KMQS
AIRPORT_ID,SVMC,SVMC
AIRPORT_ID,PHJR,PHJR
AIRPORT_ID,KEZS,KEZS
AIRPORT_ID,KANB,KANB
AIRPORT_ID,KBXA,KBXA
AIRPORT_ID,PAEM,PAEM
AIRPORT_ID,KBVU,KBVU
AIRPORT_ID,KBKX,KBKX
AIRPORT_ID,2B7,2B7
AIRPORT_ID,KSUA,KSUA
AIRPORT_ID,TUPJ,TUPJ
AIRPORT_ID,KPDT,KPDT
AIRPORT_ID,KLCG,KLCG
AIRPORT_ID,O03,O03
AIRPORT_ID,KSXL,KSXL
AIRPORT_ID,OEHL,OEHL
AIRPORT_ID,KPGD,KPGD
AIRPORT_ID,TYE,TYE
AIRPORT_ID,PFCL,PFCL
AIRPORT_ID,KROX,KROX
AIRPORT_ID,KSMO,KSMO
AIRPORT_ID,KFLG,KFLG
AIRPORT_ID,KLVJ,KLVJ
AIRPORT_ID,1V0,1V0
AIRPORT_ID,KGLE,KGLE
AIRPORT_ID,KMMI,KMMI
AIRPORT_ID,8TN7,8TN7
AIRPORT_ID,KAXN,KAXN
AIRPORT_ID,3LF,3LF
AIRPORT_ID,MNMG,MNMG
AIRPORT_ID,KIKK,KIKK
AIRPORT_ID,HKJK,HKJK
AIRPORT_ID,1TE6,1TE6
AIRPORT_ID,KBCT,KBCT
AIRPORT_ID,FA81,FA81
AIRPORT_ID,08C,08C
AIRPORT_ID,MTPP,MTPP
AIRPORT_ID,3F7,3F7
AIRPORT_ID,KRKS,KRKS
AIRPORT_ID,RJOI,RJOI
AIRPORT_ID,KPTS,KPTS
AIRPORT_ID,CYMX,CYMX
AIRPORT_ID,PAML,PAML
AIRPORT_ID,VI22,VI22
AIRPORT_ID,KGCK,KGCK
AIRPORT_ID,KAFJ,KAFJ
AIRPORT_ID,KOTG,KOTG
AIRPORT_ID,KOKV,KOKV
AIRPORT_ID,KPGA,KPGA
AIRPORT_ID,RKSI,RKSI
AIRPORT_ID,KTCM,KTCM
AIRPORT_ID,KGYR,KGYR
AIRPORT_ID,KWLW,KWLW
AIRPORT_ID,3I2,3I2
AIRPORT_ID,ETAR,ETAR
AIRPORT_ID,3B0,3B0
AIRPORT_ID,PMDY,PMDY
AIRPORT_ID,KMLE,KMLE
AIRPORT_ID,KETB,KETB
AIRPORT_ID,KUNI,KUNI
AIRPORT_ID,KMKL,KMKL
AIRPORT_ID,KRMN,KRMN
AIRPORT_ID,KOCW,KOCW
AIRPORT_ID,CYEG,CYEG
AIRPORT_ID,KCEU,KCEU
AIRPORT_ID,KSPA,KSPA
AIRPORT_ID,90WA,90WA
AIRPORT_ID,KDVL,KDVL
AIRPORT_ID,KPYM,KPYM
AIRPORT_ID,KAAO,KAAO
AIRPORT_ID,KMLC,KMLC
AIRPORT_ID,W40,W40
AIRPORT_ID,KOIC,KOIC
AIRPORT_ID,EKCH,EKCH
AIRPORT_ID,KHQM,KHQM
AIRPORT_ID,MZBZ,MZBZ
AIRPORT_ID,CYHZ,CYHZ
AIRPORT_ID,KGFL,KGFL
AIRPORT_ID,CYGW,CYGW
AIRPORT_ID,CYQT,CYQT
AIRPORT_ID,LIRN,LIRN
AIRPORT_ID,KAST,KAST
AIRPORT_ID,KOWA,KOWA
AIRPORT_ID,LTBJ,LTBJ
AIRPORT_ID,EGCC,EGCC
AIRPORT_ID,KCWV,KCWV
AIRPORT_ID,KALN,KALN
AIRPORT_ID,KUDD,KUDD
AIRPORT_ID,KORG,KORG
AIRPORT_ID,G05,G05
AIRPORT_ID,79J,79J
AIRPORT_ID,KBKV,KBKV
AIRPORT_ID,RKPK,RKPK
AIRPORT_ID,4G4,4G4
AIRPORT_ID,KAHN,KAHN
AIRPORT_ID,PAEW,PAEW
AIRPORT_ID,07FA,07FA
AIRPORT_ID,CYXU,CYXU
AIRPORT_ID,KIPL,KIPL
AIRPORT_ID,KGED,KGED
AIRPORT_ID,KBFR,KBFR
AIRPORT_ID,KAEG,KAEG
AIRPORT_ID,M37,M37
AIRPORT_ID,W96,W96
AIRPORT_ID,KSXU,KSXU
AIRPORT_ID,KEVY,KEVY
AIRPORT_ID,KSGH,KSGH
AIRPORT_ID,KAVC,KAVC
AIRPORT_ID,KMQJ,KMQJ
AIRPORT_ID,RMPC,RMPC
AIRPORT_ID,KAXH,KAXH
AIRPORT_ID,CA52,CA52
AIRPORT_ID,SVVA,SVVA
AIRPORT_ID,3W9,3W9
AIRPORT_ID,K81,K81
AIRPORT_ID,7FL6,7FL6
AIRPORT_ID,KOLS,KOLS
AIRPORT_ID,42B,42B
AIRPORT_ID,KFIN,KFIN
AIRPORT_ID,KOMK,KOMK
AIRPORT_ID,KVQQ,KVQQ
AIRPORT_ID,KTTD,KTTD
AIRPORT_ID,TDPD,TDPD
AIRPORT_ID,KRCR,KRCR
AIRPORT_ID,KTGI,KTGI
AIRPORT_ID,KSEP,KSEP
AIRPORT_ID,RCKH,RCKH
AIRPORT_ID,MDST,MDST
AIRPORT_ID,EDDK,EDDK
AIRPORT_ID,RPLC,RPLC
AIRPORT_ID,TKPK,TKPK
AIRPORT_ID,CYQA,CYQA
AIRPORT_ID,M48,M48
AIRPORT_ID,KSLI,KSLI
AIRPORT_ID,KWST,KWST
AIRPORT_ID,KTAN,KTAN
AIRPORT_ID,KPWT,KPWT
AIRPORT_ID,1H0,1H0
AIRPORT_ID,KMCK,KMCK
AIRPORT_ID,KUUU,KUUU
AIRPORT_ID,KVGC,KVGC
AIRPORT_ID,KTNT,KTNT
AIRPORT_ID,W50,W50
AIRPORT_ID,PGSN,PGSN
AIRPORT_ID,LEVC,LEVC
AIRPORT_ID,KSZY,KSZY
AIRPORT_ID,LFMN,LFMN
AIRPORT_ID,KADG,KADG
AIRPORT_ID,KBDG,KBDG
AIRPORT_ID,MMGM,MMGM
AIRPORT_ID,KRFG,KRFG
AIRPORT_ID,33R,33R
AIRPORT_ID,KMWL,KMWL
AIRPORT_ID,KCTY,KCTY
AIRPORT_ID,KAUN,KAUN
AIRPORT_ID,63C,63C
AIRPORT_ID,KJXI,KJXI
AIRPORT_ID,KRYW,KRYW
AIRPORT_ID,KOLF,KOLF
AIRPORT_ID,X59,X59
AIRPORT_ID,KFFM,KFFM
AIRPORT_ID,ZGGG,ZGGG
AIRPORT_ID,O43,O43
AIRPORT_ID,KCWC,KCWC
AIRPORT_ID,8W2,8W2
AIRPORT_ID,6B6,6B6
AIRPORT_ID,KMWK,KMWK
AIRPORT_ID,KCXP,KCXP
AIRPORT_ID,C65,C65
AIRPORT_ID,KJAS,KJAS
AIRPORT_ID,KHNB,KHNB
AIRPORT_ID,KPMD,KPMD
AIRPORT_ID,KADC,KADC
AIRPORT_ID,PAHL,PAHL
AIRPORT_ID,4G7,4G7
AIRPORT_ID,KLWD,KLWD
AIRPORT_ID,KIFP,KIFP
AIRPORT_ID,2O1,2O1
AIRPORT_ID,58KY,58KY
AIRPORT_ID,KLCQ,KLCQ
AIRPORT_ID,KGWO,KGWO
AIRPORT_ID,KFCI,KFCI
AIRPORT_ID,KDTO,KDTO
AIRPORT_ID,KHBV,KHBV
AIRPORT_ID,5C1,5C1
AIRPORT_ID,KGGE,KGGE
AIRPORT_ID,KONA,KONA
AIRPORT_ID,2I0,2I0
AIRPORT_ID,KHSD,KHSD
AIRPORT_ID,KLRY,KLRY
AIRPORT_ID,UAAA,UAAA
AIRPORT_ID,KMGJ,KMGJ
AIRPORT_ID,KMAI,KMAI
AIRPORT_ID,PLPA,PLPA
AIRPORT_ID,KKLS,KKLS
AIRPORT_ID,KNGU,KNGU
AIRPORT_ID,KOZS,KOZS
AIRPORT_ID,KRBD,KRBD
AIRPORT_ID,KGYH,KGYH
AIRPORT_ID,KBDE,KBDE
AIRPORT_ID,UCFM,UCFM
AIRPORT_ID,L66,L66
AIRPORT_ID,OG30,OG30
AIRPORT_ID,VVTS,VVTS
AIRPORT_ID,7M6,7M6
AIRPORT_ID,OMDB,OMDB
AIRPORT_ID,KAID,KAID
AIRPORT_ID,KDNL,KDNL
AIRPORT_ID,48D,48D
AIRPORT_ID,KVCV,KVCV
AIRPORT_ID,1M9,1M9
AIRPORT_ID,2R4,2R4
AIRPORT_ID,KMQB,KMQB
AIRPORT_ID,KHXD,KHXD
AIRPORT_ID,KCOD,KCOD
AIRPORT_ID,1G4,1G4
AIRPORT_ID,EDDP,EDDP
AIRPORT_ID,C29,C29
AIRPORT_ID,KVSF,KVSF
AIRPORT_ID,32S,32S
AIRPORT_ID,KRNM,KRNM
AIRPORT_ID,KRRL,KRRL
AIRPORT_ID,KCKV,KCKV
AIRPORT_ID,MMMZ,MMMZ
AIRPORT_ID,KPTD,KPTD
AIRPORT_ID,KVTA,KVTA
AIRPORT_ID,RJNA,RJNA
AIRPORT_ID,KOKB,KOKB
AIRPORT_ID,KMMK,KMMK
AIRPORT_ID,UUEE,UUEE
AIRPORT_ID,KSBD,KSBD
AIRPORT_ID,KPNM,KPNM
AIRPORT_ID,4B0,4B0
AIRPORT_ID,60F,60F
AIRPORT_ID,KTTS,KTTS
AIRPORT_ID,KFHR,KFHR
AIRPORT_ID,KSUW,KSUW
AIRPORT_ID,LOWW,LOWW
AIRPORT_ID,KADF,KADF
AIRPORT_ID,4N1,4N1
AIRPORT_ID,KBKS,KBKS
AIRPORT_ID,KMTJ,KMTJ
AIRPORT_ID,2MO1,2MO1
AIRPORT_ID,KMPV,KMPV
AIRPORT_ID,LHBP,LHBP
AIRPORT_ID,0S9,0S9
AIRPORT_ID,KNHK,KNHK
AIRPORT_ID,59B,59B
AIRPORT_ID,5W5,5W5
AIRPORT_ID,LIPH,LIPH
AIRPORT_ID,KARW,KARW
AIRPORT_ID,KBFD,KBFD
AIRPORT_ID,KOKK,KOKK
AIRPORT_ID,C20,C20
AIRPORT_ID,KUYF,KUYF
AIRPORT_ID,KEHA,KEHA
AIRPORT_ID,4A7,4A7
AIRPORT_ID,35D,35D
AIRPORT_ID,KMER,KMER
AIRPORT_ID,RPVM,RPVM
AIRPORT_ID,S43,S43
AIRPORT_ID,KHYS,KHYS
AIRPORT_ID,KLBX,KLBX
AIRPORT_ID,KMTO,KMTO
AIRPORT_ID,D73,D73
AIRPORT_ID,KLEE,KLEE
AIRPORT_ID,KGRK,KGRK
AIRPORT_ID,PASO,PASO
AIRPORT_ID,KTTF,KTTF
AIRPORT_ID,KMDD,KMDD
AIRPORT_ID,KSNK,KSNK
AIRPORT_ID,KCDC,KCDC
AIRPORT_ID,O69,O69
AIRPORT_ID,KRKP,KRKP
AIRPORT_ID,X60,X60
AIRPORT_ID,VTBS,VTBS
AIRPORT_ID,NTAA,NTAA
AIRPORT_ID,KFAM,KFAM
AIRPORT_ID,KNKT,KNKT
AIRPORT_ID,LFSB,LFSB
AIRPORT_ID,GOOY,GOOY
AIRPORT_ID,KGVL,KGVL
AIRPORT_ID,02C,02C
AIRPORT_ID,KRIV,KRIV
AIRPORT_ID,KPJC,KPJC
AIRPORT_ID,KPJY,KPJY
AIRPORT_ID,CL33,CL33
AIRPORT_ID,7M4,7M4
AIRPORT_ID,35ME,35ME
AIRPORT_ID,KSGU,KSGU
AIRPORT_ID,EDDS,EDDS
AIRPORT_ID,KMCC,KMCC
AIRPORT_ID,36U,36U
AIRPORT_ID,KGTU,KGTU
AIRPORT_ID,KCEF,KCEF
AIRPORT_ID,LROP,LROP
AIRPORT_ID,S31,S31
AIRPORT_ID,57AZ,57AZ
AIRPORT_ID,KSTJ,KSTJ
AIRPORT_ID,OETN,OETN
AIRPORT_ID,KPHN,KPHN
AIRPORT_ID,KSZT,KSZT
AIRPORT_ID,SKRG,SKRG
AIRPORT_ID,KCLS,KCLS
AIRPORT_ID,KBTM,KBTM
AIRPORT_ID,KDEW,KDEW
AIRPORT_ID,KTEL,KTEL
AIRPORT_ID,N07,N07
AIRPORT_ID,CO80,CO80
AIRPORT_ID,4IA2,4IA2
AIRPORT_ID,1C5,1C5
AIRPORT_ID,KRNH,KRNH
AIRPORT_ID,4M1,4M1
AIRPORT_ID,KDYT,KDYT
AIRPORT_ID,KCVO,KCVO
AIRPORT_ID,CYSB,CYSB
AIRPORT_ID,KSPK,KSPK
AIRPORT_ID,PASK,PASK
AIRPORT_ID,MN56,MN56
AIRPORT_ID,KBLV,KBLV
AIRPORT_ID,H75,H75
AIRPORT_ID,LTAG,LTAG
AIRPORT_ID,KPCM,KPCM
AIRPORT_ID,K38,K38
AIRPORT_ID,F45,F45
AIRPORT_ID,KAUW,KAUW
AIRPORT_ID,KNQA,KNQA
AIRPORT_ID,74S,74S
AIRPORT_ID,OERY,OERY
AIRPORT_ID,KDWX,KDWX
AIRPORT_ID,00OI,00OI
AIRPORT_ID,23S,23S
AIRPORT_ID,KBDH,KBDH
AIRPORT_ID,KEHR,KEHR
AIRPORT_ID,EGGW,EGGW
AIRPORT_ID,F35,F35
AIRPORT_ID,EGHI,EGHI
AIRPORT_ID,3GV,3GV
AIRPORT_ID,PAPB,PAPB
AIRPORT_ID,ZGSZ,ZGSZ
AIRPORT_ID,KGTB,KGTB
AIRPORT_ID,EGGD,EGGD
AIRPORT_ID,CYYR,CYYR
AIRPORT_ID,KUCP,KUCP
AIRPORT_ID,KOZW,KOZW
AIRPORT_ID,CYET,CYET
AIRPORT_ID,MI32,MI32
AIRPORT_ID,KHAF,KHAF
AIRPORT_ID,2WA1,2WA1
AIRPORT_ID,KAGO,KAGO
AIRPORT_ID,9B1,9B1
AIRPORT_ID,KSVC,KSVC
AIRPORT_ID,KHCD,KHCD
AIRPORT_ID,LGAV,LGAV
AIRPORT_ID,PAKI,PAKI
AIRPORT_ID,EGBE,EGBE
AIRPORT_ID,42PN,42PN
AIRPORT_ID,MYSM,MYSM
AIRPORT_ID,KJRB,KJRB
AIRPORT_ID,OBBI,OBBI
AIRPORT_ID,EGLK,EGLK
AIRPORT_ID,KUZA,KUZA
AIRPORT_ID,KIAB,KIAB
AIRPORT_ID,KXSA,KXSA
AIRPORT_ID,P72,P72
AIRPORT_ID,EGMD,EGMD
AIRPORT_ID,PKMJ,PKMJ
AIRPORT_ID,0LA7,0LA7
AIRPORT_ID,FACT,FACT
AIRPORT_ID,KLNQ,KLNQ
AIRPORT_ID,KCYO,KCYO
AIRPORT_ID,KFFA,KFFA
AIRPORT_ID,KRME,KRME
AIRPORT_ID,2R2,2R2
AIRPORT_ID,4M3,4M3
AIRPORT_ID,KBUY,KBUY
AIRPORT_ID,X26,X26
AIRPORT_ID,KMHE,KMHE
AIRPORT_ID,W29,W29
AIRPORT_ID,OTBD,OTBD
AIRPORT_ID,KRNV,KRNV
AIRPORT_ID,CYKF,CYKF
AIRPORT_ID,KITR,KITR
AIRPORT_ID,EGNJ,EGNJ
AIRPORT_ID,KCPM,KCPM
AIRPORT_ID,KFMH,KFMH
AIRPORT_ID,CO90,CO90
AIRPORT_ID,KWRI,KWRI
AIRPORT_ID,7LS1,7LS1
AIRPORT_ID,KVJI,KVJI
AIRPORT_ID,KCMD,KCMD
AIRPORT_ID,MO28,MO28
AIRPORT_ID,KHST,KHST
AIRPORT_ID,8S4,8S4
AIRPORT_ID,KWAY,KWAY
AIRPORT_ID,S32,S32
AIRPORT_ID,KVER,KVER
AIRPORT_ID,09LA,09LA
AIRPORT_ID,KTBN,KTBN
AIRPORT_ID,KCNH,KCNH
AIRPORT_ID,KCNM,KCNM
AIRPORT_ID,KRPB,KRPB
AIRPORT_ID,KLCI,KLCI
AIRPORT_ID,KFTG,KFTG
AIRPORT_ID,KPOF,KPOF
AIRPORT_ID,VVNB,VVNB
AIRPORT_ID,KBJJ,KBJJ
AIRPORT_ID,NY22,NY22
AIRPORT_ID,KGAF,KGAF
AIRPORT_ID,KLFI,KLFI
AIRPORT_ID,KOAR,KOAR
AIRPORT_ID,KPWC,KPWC
AIRPORT_ID,KCHT,KCHT
AIRPORT_ID,3FU,3FU
AIRPORT_ID,KSFZ,KSFZ
AIRPORT_ID,KLLQ,KLLQ
AIRPORT_ID,PADK,PADK
AIRPORT_ID,KHOB,KHOB
AIRPORT_ID,KLKU,KLKU
AIRPORT_ID,W32,W32
AIRPORT_ID,KDKB,KDKB
AIRPORT_ID,KONO,KONO
AIRPORT_ID,KTQK,KTQK
AIRPORT_ID,NY0,NY0
AIRPORT_ID,6E5,6E5
AIRPORT_ID,E16,E16
AIRPORT_ID,E27,E27
AIRPORT_ID,KGYI,KGYI
AIRPORT_ID,KNFW,KNFW
AIRPORT_ID,KGDB,KGDB
AIRPORT_ID,M17,M17
AIRPORT_ID,5G8,5G8
AIRPORT_ID,KFDW,KFDW
AIRPORT_ID,KCNY,KCNY
AIRPORT_ID,KTSO,KTSO
AIRPORT_ID,KODO,KODO
AIRPORT_ID,72F,72F
AIRPORT_ID,KCRS,KCRS
AIRPORT_ID,1I9,1I9
AIRPORT_ID,D68,D68
AIRPORT_ID,KVEL,KVEL
AIRPORT_ID,EBLG,EBLG
AIRPORT_ID,LIPZ,LIPZ
AIRPORT_ID,TN85,TN85
AIRPORT_ID,OAIX,OAIX
AIRPORT_ID,KGBD,KGBD
AIRPORT_ID,KSWO,KSWO
AIRPORT_ID,KLOZ,KLOZ
AIRPORT_ID,4KY7,4KY7
AIRPORT_ID,KMGN,KMGN
AIRPORT_ID,IA66,IA66
AIRPORT_ID,KFLV,KFLV
AIRPORT_ID,KLQK,KLQK
AIRPORT_ID,KIDP,KIDP
AIRPORT_ID,KSOW,KSOW
AIRPORT_ID,81OK,81OK
AIRPORT_ID,4I3,4I3
AIRPORT_ID,F31,F31
AIRPORT_ID,KB10,KB10
AIRPORT_ID,KBBG,KBBG
AIRPORT_ID,EGJB,EGJB
AIRPORT_ID,EGAA,EGAA
AIRPORT_ID,EGJA,EGJA
AIRPORT_ID,TRPG,TRPG
AIRPORT_ID,EGPH,EGPH
AIRPORT_ID,D38,D38
AIRPORT_ID,KFRH,KFRH
AIRPORT_ID,EGBJ,EGBJ
AIRPORT_ID,EGLF,EGLF
AIRPORT_ID,EGPE,EGPE
AIRPORT_ID,KLMO,KLMO
AIRPORT_ID,KMLJ,KMLJ
AIRPORT_ID,KDMN,KDMN
AIRPORT_ID,KNIP,KNIP
AIRPORT_ID,KNGP,KNGP
AIRPORT_ID,KMTC,KMTC
AIRPORT_ID,KGAO,KGAO
AIRPORT_ID,KTHV,KTHV
AIRPORT_ID,00C,00C
AIRPORT_ID,KDRT,KDRT
AIRPORT_ID,KNZY,KNZY
AIRPORT_ID,X51,X51
AIRPORT_ID,SEMT,SEMT
AIRPORT_ID,KRQO,KRQO
AIRPORT_ID,KHIE,KHIE
AIRPORT_ID,KECP,KECP
AIRPORT_ID,KEWK,KEWK
AIRPORT_ID,PADL,PADL
AIRPORT_ID,KWVI,KWVI
AIRPORT_ID,KCBK,KCBK
AIRPORT_ID,MU02,MU02
AIRPORT_ID,77S,77S
AIRPORT_ID,KMLS,KMLS
AIRPORT_ID,33N,33N
AIRPORT_ID,C81,C81
AIRPORT_ID,07F,07F
AIRPORT_ID,53OI,53OI
AIRPORT_ID,KASG,KASG
AIRPORT_ID,KWJF,KWJF
AIRPORT_ID,28NJ,28NJ
AIRPORT_ID,45LA,45LA
AIRPORT_ID,I64,I64
AIRPORT_ID,KNUQ,KNUQ
AIRPORT_ID,20E,20E
AIRPORT_ID,99Y,99Y
AIRPORT_ID,AZ75,AZ75
AIRPORT_ID,KISZ,KISZ
AIRPORT_ID,PAVD,PAVD
AIRPORT_ID,KRUQ,KRUQ
AIRPORT_ID,KTVR,KTVR
AIRPORT_ID,KTME,KTME
AIRPORT_ID,KRYV,KRYV
AIRPORT_ID,KAUO,KAUO
AIRPORT_ID,KMZJ,KMZJ
AIRPORT_ID,LS99,LS99
AIRPORT_ID,KDAG,KDAG
AIRPORT_ID,KSSQ,KSSQ
AIRPORT_ID,KSDY,KSDY
AIRPORT_ID,LA09,LA09
AIRPORT_ID,KRZL,KRZL
AIRPORT_ID,KGWR,KGWR
AIRPORT_ID,TGPY,TGPY
AIRPORT_ID,7LS3,7LS3
AIRPORT_ID,HI01,HI01
AIRPORT_ID,8LA1,8LA1
AIRPORT_ID,38TE,38TE
AIRPORT_ID,PADY,PADY
AIRPORT_ID,S72,S72
AIRPORT_ID,KAEL,KAEL
AIRPORT_ID,PACK,PACK
AIRPORT_ID,KASL,KASL
AIRPORT_ID,87I,87I
AIRPORT_ID,6OI8,6OI8
AIRPORT_ID,KSTF,KSTF
AIRPORT_ID,4V0,4V0
AIRPORT_ID,PAEE,PAEE
AIRPORT_ID,KEKX,KEKX
AIRPORT_ID,UUDD,UUDD
AIRPORT_ID,KHSA,KHSA
AIRPORT_ID,8D4,8D4
AIRPORT_ID,KPSN,KPSN
AIRPORT_ID,KFWS,KFWS
AIRPORT_ID,N03,N03
AIRPORT_ID,X21,X21
AIRPORT_ID,MA39,MA39
AIRPORT_ID,KHEZ,KHEZ
AIRPORT_ID,KTCY,KTCY
AIRPORT_ID,VOBG,VOBG
AIRPORT_ID,6L4,6L4
AIRPORT_ID,KDYA,KDYA
AIRPORT_ID,EIDW,EIDW
AIRPORT_ID,KENV,KENV
AIRPORT_ID,KCWS,KCWS
AIRPORT_ID,KGPH,KGPH
AIRPORT_ID,66R,66R
AIRPORT_ID,1AZ0,1AZ0
AIRPORT_ID,ELLX,ELLX
AIRPORT_ID,PWAK,PWAK
AIRPORT_ID,PGRO,PGRO
AIRPORT_ID,41AZ,41AZ
AIRPORT_ID,KBXK,KBXK
AIRPORT_ID,PANI,PANI
AIRPORT_ID,KMGC,KMGC
AIRPORT_ID,KOFP,KOFP
AIRPORT_ID,KFME,KFME
AIRPORT_ID,KTRX,KTRX
AIRPORT_ID,I68,I68
AIRPORT_ID,MMCU,MMCU
AIRPORT_ID,LEMG,LEMG
AIRPORT_ID,3W3,3W3
AIRPORT_ID,KPBG,KPBG
AIRPORT_ID,KLNA,KLNA
AIRPORT_ID,CYKZ,CYKZ
AIRPORT_ID,KSRE,KSRE
AIRPORT_ID,SKSP,SKSP
AIRPORT_ID,KCEW,KCEW
AIRPORT_ID,KUTA,KUTA
AIRPORT_ID,TAPA,TAPA
AIRPORT_ID,KUNO,KUNO
AIRPORT_ID,KUKI,KUKI
AIRPORT_ID,I23,I23
AIRPORT_ID,W22,W22
AIRPORT_ID,U68,U68
AIRPORT_ID,83D,83D
AIRPORT_ID,KGNT,KGNT
AIRPORT_ID,3XS2,3XS2
AIRPORT_ID,CYWH,CYWH
AIRPORT_ID,KDLZ,KDLZ
AIRPORT_ID,OI65,OI65
AIRPORT_ID,3CM,3CM
AIRPORT_ID,LSGG,LSGG
AIRPORT_ID,L26,L26
AIRPORT_ID,LIRP,LIRP
AIRPORT_ID,KCFJ,KCFJ
AIRPORT_ID,MO63,MO63
AIRPORT_ID,FA61,FA61
AIRPORT_ID,MMAS,MMAS
AIRPORT_ID,14G,14G
AIRPORT_ID,KHKY,KHKY
AIRPORT_ID,KIMM,KIMM
AIRPORT_ID,KTLR,KTLR
AIRPORT_ID,45FA,45FA
AIRPORT_ID,KGTE,KGTE
AIRPORT_ID,MD71,MD71
AIRPORT_ID,34VA,34VA
AIRPORT_ID,PGM,PGM
AIRPORT_ID,KAVQ,KAVQ
AIRPORT_ID,M20,M20
AIRPORT_ID,5KY3,5KY3
AIRPORT_ID,FA40,FA40
AIRPORT_ID,O88,O88
AIRPORT_ID,W13,W13
AIRPORT_ID,0A9,0A9
AIRPORT_ID,6N5,6N5
AIRPORT_ID,KDCU,KDCU
AIRPORT_ID,KGIF,KGIF
AIRPORT_ID,KCJR,KCJR
AIRPORT_ID,CYYT,CYYT
AIRPORT_ID,KPTV,KPTV
AIRPORT_ID,KMHV,KMHV
AIRPORT_ID,KEZM,KEZM
AIRPORT_ID,1F0,1F0
AIRPORT_ID,KBOW,KBOW
AIRPORT_ID,KHDC,KHDC
AIRPORT_ID,2A0,2A0
AIRPORT_ID,FWKI,FWKI
AIRPORT_ID,KBEC,KBEC
AIRPORT_ID,EGKA,EGKA
AIRPORT_ID,EGTO,EGTO
AIRPORT_ID,EGKB,EGKB
AIRPORT_ID,EGLS,EGLS
AIRPORT_ID,KRBL,KRBL
AIRPORT_ID,KRIL,KRIL
AIRPORT_ID,KEUF,KEUF
AIRPORT_ID,I39,I39
AIRPORT_ID,0NC4,0NC4
AIRPORT_ID,C09,C09
AIRPORT_ID,KLZU,KLZU
AIRPORT_ID,39N,39N
AIRPORT_ID,KWRL,KWRL
AIRPORT_ID,KCPT,KCPT
AIRPORT_ID,KBVO,KBVO
AIRPORT_ID,50R,50R
AIRPORT_ID,KHAI,KHAI
AIRPORT_ID,KEQA,KEQA
AIRPORT_ID,WSSL,WSSL
AIRPORT_ID,KEZF,KEZF
AIRPORT_ID,KLNC,KLNC
AIRPORT_ID,SEQU,SEQU
AIRPORT_ID,9G2,9G2
AIRPORT_ID,AK28,AK28
AIRPORT_ID,KAIZ,KAIZ
AIRPORT_ID,1U7,1U7
AIRPORT_ID,KICL,KICL
AIRPORT_ID,CYQG,CYQG
AIRPORT_ID,KEDC,KEDC
AIRPORT_ID,KDIJ,KDIJ
AIRPORT_ID,KCGE,KCGE
AIRPORT_ID,1O6,1O6
AIRPORT_ID,LBBG,LBBG
AIRPORT_ID,65G,65G
AIRPORT_ID,KDTL,KDTL
AIRPORT_ID,KSRR,KSRR
AIRPORT_ID,KGVT,KGVT
AIRPORT_ID,KOCF,KOCF
AIRPORT_ID,ZUUU,ZUUU
AIRPORT_ID,PTPN,PTPN
AIRPORT_ID,ZSQD,ZSQD
AIRPORT_ID,0M5,0M5
AIRPORT_ID,80D,80D
AIRPORT_ID,KDLL,KDLL
AIRPORT_ID,2S1,2S1
AIRPORT_ID,WV27,WV27
AIRPORT_ID,N87,N87
AIRPORT_ID,8A4,8A4
AIRPORT_ID,75MO,75MO
AIRPORT_ID,37KY,37KY
AIRPORT_ID,KPUJ,KPUJ
AIRPORT_ID,EGBB,EGBB
AIRPORT_ID,KBCB,KBCB
AIRPORT_ID,KRRT,KRRT
AIRPORT_ID,KFIT,KFIT
AIRPORT_ID,PAOH,PAOH
AIRPORT_ID,F87,F87
AIRPORT_ID,MMVR,MMVR
AIRPORT_ID,EFHK,EFHK
AIRPORT_ID,0PS2,0PS2
AIRPORT_ID,M54,M54
AIRPORT_ID,I19,I19
AIRPORT_ID,KMEZ,KMEZ
AIRPORT_ID,61FL,61FL
AIRPORT_ID,KVAY,KVAY
AIRPORT_ID,M05,M05
AIRPORT_ID,KGRD,KGRD
AIRPORT_ID,KINF,KINF
AIRPORT_ID,KCSV,KCSV
AIRPORT_ID,KGUY,KGUY
AIRPORT_ID,KSER,KSER
AIRPORT_ID,KTHA,KTHA
AIRPORT_ID,SLLP,SLLP
AIRPORT_ID,KCCO,KCCO
AIRPORT_ID,TNCC,TNCC
AIRPORT_ID,48A,48A
AIRPORT_ID,1KY5,1KY5
AIRPORT_ID,KCHN,KCHN
AIRPORT_ID,EGBP,EGBP
AIRPORT_ID,KVKX,KVKX
AIRPORT_ID,3T7,3T7
AIRPORT_ID,NE41,NE41
AIRPORT_ID,KBMC,KBMC
AIRPORT_ID,MMQT,MMQT
AIRPORT_ID,50F,50F
AIRPORT_ID,X23,X23
AIRPORT_ID,KFOT,KFOT
AIRPORT_ID,WA18,WA18
AIRPORT_ID,KSNL,KSNL
AIRPORT_ID,KSAR,KSAR
AIRPORT_ID,11A,11A
AIRPORT_ID,KROS,KROS
AIRPORT_ID,XA14,XA14
AIRPORT_ID,PAFE,PAFE
AIRPORT_ID,KUAO,KUAO
AIRPORT_ID,KUTS,KUTS
AIRPORT_ID,KVBT,KVBT
AIRPORT_ID,KPBX,KPBX
AIRPORT_ID,NV57,NV57
AIRPORT_ID,KDUC,KDUC
AIRPORT_ID,L52,L52
AIRPORT_ID,KEGV,KEGV
AIRPORT_ID,KPHK,KPHK
AIRPORT_ID,KCAD,KCAD
AIRPORT_ID,SGES,SGES
AIRPORT_ID,8S1,8S1
AIRPORT_ID,KRGK,KRGK
AIRPORT_ID,M59,M59
AIRPORT_ID,50VA,50VA
AIRPORT_ID,KLSN,KLSN
AIRPORT_ID,KSJS,KSJS
AIRPORT_ID,5TX7,5TX7
AIRPORT_ID,W04,W04
AIRPORT_ID,EDFH,EDFH
AIRPORT_ID,KSVH,KSVH
AIRPORT_ID,KDWU,KDWU
AIRPORT_ID,KLLR,KLLR
AIRPORT_ID,2M8,2M8
AIRPORT_ID,UBBB,UBBB
AIRPORT_ID,KSFQ,KSFQ
AIRPORT_ID,82TX,82TX
AIRPORT_ID,KTKX,KTKX
AIRPORT_ID,KPRB,KPRB
AIRPORT_ID,KMCF,KMCF
AIRPORT_ID,KBUB,KBUB
AIRPORT_ID,EPWA,EPWA
AIRPORT_ID,K68,K68
AIRPORT_ID,MMHO,MMHO
AIRPORT_ID,6FL0,6FL0
AIRPORT_ID,2LS0,2LS0
AIRPORT_ID,SBEG,SBEG
AIRPORT_ID,SBPA,SBPA
AIRPORT_ID,KCYW,KCYW
AIRPORT_ID,PHPA,PHPA
AIRPORT_ID,KTVI,KTVI
AIRPORT_ID,X14,X14
AIRPORT_ID,FEFB,FEFB
AIRPORT_ID,4O4,4O4
AIRPORT_ID,4M9,4M9
AIRPORT_ID,KMVN,KMVN
AIRPORT_ID,3T5,3T5
AIRPORT_ID,SMJP,SMJP
AIRPORT_ID,3W2,3W2
AIRPORT_ID,OH77,OH77
AIRPORT_ID,KIFA,KIFA
AIRPORT_ID,KRKR,KRKR
AIRPORT_ID,E11,E11
AIRPORT_ID,2J9,2J9
AIRPORT_ID,KBTA,KBTA
AIRPORT_ID,1G0,1G0
AIRPORT_ID,SBRF,SBRF
AIRPORT_ID,KPRX,KPRX
AIRPORT_ID,KTIP,KTIP
AIRPORT_ID,KSKI,KSKI
AIRPORT_ID,KSET,KSET
AIRPORT_ID,KWYS,KWYS
AIRPORT_ID,KBXM,KBXM
AIRPORT_ID,KMPO,KMPO
AIRPORT_ID,KHHW,KHHW
AIRPORT_ID,KPSX,KPSX
AIRPORT_ID,SBCF,SBCF
AIRPORT_ID,KGUS,KGUS
AIRPORT_ID,6J0,6J0
AIRPORT_ID,U02,U02
AIRPORT_ID,KMWO,KMWO
AIRPORT_ID,KMUT,KMUT
AIRPORT_ID,KSYM,KSYM
AIRPORT_ID,3G3,3G3
AIRPORT_ID,LRCK,LRCK
AIRPORT_ID,S24,S24
AIRPORT_ID,CYBR,CYBR
AIRPORT_ID,4LA4,4LA4
AIRPORT_ID,TN98,TN98
AIRPORT_ID,KAOH,KAOH
AIRPORT_ID,KMGE,KMGE
AIRPORT_ID,IA82,IA82
AIRPORT_ID,L38,L38
AIRPORT_ID,WMKN,WMKN
AIRPORT_ID,KIOW,KIOW
AIRPORT_ID,KWWR,KWWR
AIRPORT_ID,MMSP,MMSP
AIRPORT_ID,KONL,KONL
AIRPORT_ID,KONX,KONX
AIRPORT_ID,SEQM,SEQM
AIRPORT_ID,PASN,PASN
AIRPORT_ID,1N7,1N7
AIRPORT_ID,OEJF,OEJF
AIRPORT_ID,KRSN,KRSN
AIRPORT_ID,KUXL,KUXL
AIRPORT_ID,PABV,PABV
AIRPORT_ID,KMHL,KMHL
AIRPORT_ID,KANP,KANP
AIRPORT_ID,KGOK,KGOK
AIRPORT_ID,NC92,NC92
AIRPORT_ID,MYBS,MYBS
AIRPORT_ID,KSPB,KSPB
AIRPORT_ID,4V1,4V1
AIRPORT_ID,82WN,82WN
AIRPORT_ID,W00,W00
AIRPORT_ID,1F5,1F5
AIRPORT_ID,OAKB,OAKB
AIRPORT_ID,2F0,2F0
AIRPORT_ID,CA51,CA51
AIRPORT_ID,3CL0,3CL0
AIRPORT_ID,KDQH,KDQH
AIRPORT_ID,KEXX,KEXX
AIRPORT_ID,4MS6,4MS6
AIRPORT_ID,SKCG,SKCG
AIRPORT_ID,KUUV,KUUV
AIRPORT_ID,1O3,1O3
AIRPORT_ID,KSEF,KSEF
AIRPORT_ID,KBTF,KBTF
AIRPORT_ID,MMAN,MMAN
AIRPORT_ID,9D1,9D1
AIRPORT_ID,0Q5,0Q5
AIRPORT_ID,KSPH,KSPH
AIRPORT_ID,BKPR,BKPR
AIRPORT_ID,KBDN,KBDN
AIRPORT_ID,KVTN,KVTN
AIRPORT_ID,DIAP,DIAP
AIRPORT_ID,2G4,2G4
AIRPORT_ID,KEUL,KEUL
AIRPORT_ID,KJVW,KJVW
AIRPORT_ID,KPHP,KPHP
AIRPORT_ID,KAQR,KAQR
AIRPORT_ID,KSME,KSME
AIRPORT_ID,72VA,72VA
AIRPORT_ID,KMGR,KMGR
AIRPORT_ID,ZHCC,ZHCC
AIRPORT_ID,KPSO,KPSO
AIRPORT_ID,20V,20V
AIRPORT_ID,3J7,3J7
AIRPORT_ID,KCDH,KCDH
AIRPORT_ID,42J,42J
AIRPORT_ID,KCMR,KCMR
AIRPORT_ID,KLVM,KLVM
AIRPORT_ID,KLHQ,KLHQ
AIRPORT_ID,KJWY,KJWY
AIRPORT_ID,KPWG,KPWG
AIRPORT_ID,PHMU,PHMU
AIRPORT_ID,KGZS,KGZS
AIRPORT_ID,KDYL,KDYL
AIRPORT_ID,PTRO,PTRO
AIRPORT_ID,KJYL,KJYL
AIRPORT_ID,KEPH,KEPH
AIRPORT_ID,KMKO,KMKO
AIRPORT_ID,KBML,KBML
AIRPORT_ID,XS73,XS73
AIRPORT_ID,MYAT,MYAT
AIRPORT_ID,PAUT,PAUT
AIRPORT_ID,3M9,3M9
AIRPORT_ID,KAFP,KAFP
AIRPORT_ID,KMRJ,KMRJ
AIRPORT_ID,KEBG,KEBG
AIRPORT_ID,KCNI,KCNI
AIRPORT_ID,MYEH,MYEH
AIRPORT_ID,KDXE,KDXE
AIRPORT_ID,KBAZ,KBAZ
AIRPORT_ID,3O1,3O1
AIRPORT_ID,5TX0,5TX0
AIRPORT_ID,U14,U14
AIRPORT_ID,EGUL,EGUL
AIRPORT_ID,KMIW,KMIW
AIRPORT_ID,KUDG,KUDG
AIRPORT_ID,KDAW,KDAW
AIRPORT_ID,KAAA,KAAA
AIRPORT_ID,KSUZ,KSUZ
AIRPORT_ID,OEAH,OEAH
AIRPORT_ID,D60,D60
AIRPORT_ID,9D4,9D4
AIRPORT_ID,4R5,4R5
AIRPORT_ID,KJGG,KJGG
AIRPORT_ID,KGCM,KGCM
AIRPORT_ID,3S8,3S8
AIRPORT_ID,KJMR,KJMR
AIRPORT_ID,KWVL,KWVL
AIRPORT_ID,KOLY,KOLY
AIRPORT_ID,KHYW,KHYW
AIRPORT_ID,KSPZ,KSPZ
AIRPORT_ID,1TT8,1TT8
AIRPORT_ID,KSTE,KSTE
AIRPORT_ID,C56,C56
AIRPORT_ID,KLHM,KLHM
AIRPORT_ID,KSKF,KSKF
AIRPORT_ID,KAKR,KAKR
AIRPORT_ID,D95,D95
AIRPORT_ID,KAWM,KAWM
AIRPORT_ID,O60,O60
AIRPORT_ID,KCXW,KCXW
AIRPORT_ID,MMTC,MMTC
AIRPORT_ID,KXBP,KXBP
AIRPORT_ID,L45,L45
AIRPORT_ID,KRWL,KRWL
AIRPORT_ID,MUSC,MUSC
AIRPORT_ID,KPVW,KPVW
AIRPORT_ID,KHND,KHND
AIRPORT_ID,F70,F70
AIRPORT_ID,KBST,KBST
AIRPORT_ID,KAMW,KAMW
AIRPORT_ID,KRBO,KRBO
AIRPORT_ID,CYQB,CYQB
AIRPORT_ID,MUVR,MUVR
AIRPORT_ID,KMNE,KMNE
AIRPORT_ID,3T3,3T3
AIRPORT_ID,KSUE,KSUE
AIRPORT_ID,KMMH,KMMH
AIRPORT_ID,KPTW,KPTW
AIRPORT_ID,KAIK,KAIK
AIRPORT_ID,CO49,CO49
AIRPORT_ID,KAIT,KAIT
AIRPORT_ID,CYJT,CYJT
AIRPORT_ID,KHBG,KHBG
AIRPORT_ID,KFFC,KFFC
AIRPORT_ID,KBMQ,KBMQ
AIRPORT_ID,KTPH,KTPH
AIRPORT_ID,KFCH,KFCH
AIRPORT_ID,HKHO,HKHO
AIRPORT_ID,82J,82J
AIRPORT_ID,KGPM,KGPM
AIRPORT_ID,PAGY,PAGY
AIRPORT_ID,SBBR,SBBR
AIRPORT_ID,KDLO,KDLO
AIRPORT_ID,TJIG,TJIG
AIRPORT_ID,TX2,TX2
AIRPORT_ID,KTPL,KTPL
AIRPORT_ID,KCAO,KCAO
AIRPORT_ID,F99,F99
AIRPORT_ID,U70,U70
AIRPORT_ID,KPKD,KPKD
AIRPORT_ID,KPLD,KPLD
AIRPORT_ID,7G8,7G8
AIRPORT_ID,4A2,4A2
AIRPORT_ID,KGBG,KGBG
AIRPORT_ID,KVIH,KVIH
AIRPORT_ID,79KY,79KY
AIRPORT_ID,KRBG,KRBG
AIRPORT_ID,KCDK,KCDK
AIRPORT_ID,KLZD,KLZD
AIRPORT_ID,P08,P08
AIRPORT_ID,9TA7,9TA7
AIRPORT_ID,4M7,4M7
AIRPORT_ID,KGBR,KGBR
AIRPORT_ID,MMZC,MMZC
AIRPORT_ID,KTKC,KTKC
AIRPORT_ID,KIMS,KIMS
AIRPORT_ID,2MU1,2MU1
AIRPORT_ID,KVOK,KVOK
AIRPORT_ID,3S7,3S7
AIRPORT_ID,KCKZ,KCKZ
AIRPORT_ID,KPEA,KPEA
AIRPORT_ID,KMKN,KMKN
AIRPORT_ID,LKPR,LKPR
AIRPORT_ID,S40,S40
AIRPORT_ID,5G0,5G0
AIRPORT_ID,KSLH,KSLH
AIRPORT_ID,F44,F44
AIRPORT_ID,MYAM,MYAM
AIRPORT_ID,KSLR,KSLR
AIRPORT_ID,KDUA,KDUA
AIRPORT_ID,KHZY,KHZY
AIRPORT_ID,KCVH,KCVH
AIRPORT_ID,KCGZ,KCGZ
AIRPORT_ID,FAOR,FAOR
AIRPORT_ID,KARM,KARM
AIRPORT_ID,21D,21D
AIRPORT_ID,6A1,6A1
AIRPORT_ID,KFWB,KFWB
AIRPORT_ID,KNBC,KNBC
AIRPORT_ID,KIDI,KIDI
AIRPORT_ID,7A5,7A5
AIRPORT_ID,KMFI,KMFI
AIRPORT_ID,KCPK,KCPK
AIRPORT_ID,KLVS,KLVS
AIRPORT_ID,1S6,1S6
AIRPORT_ID,2IS,2IS
AIRPORT_ID,KXNX,KXNX
AIRPORT_ID,KFET,KFET
AIRPORT_ID,38WA,38WA
AIRPORT_ID,2B2,2B2
AIRPORT_ID,KMXO,KMXO
AIRPORT_ID,4G1,4G1
AIRPORT_ID,CEX3,CEX3
AIRPORT_ID,KMZZ,KMZZ
AIRPORT_ID,ME14,ME14
AIRPORT_ID,UT11,UT11
AIRPORT_ID,KCFD,KCFD
AIRPORT_ID,O86,O86
AIRPORT_ID,KRMY,KRMY
AIRPORT_ID,Y55,Y55
AIRPORT_ID,KRPH,KRPH
AIRPORT_ID,KEHO,KEHO
AIRPORT_ID,F46,F46
AIRPORT_ID,KSZP,KSZP
AIRPORT_ID,KSKX,KSKX
AIRPORT_ID,N52,N52
AIRPORT_ID,CAP3,CAP3
AIRPORT_ID,42A,42A
AIRPORT_ID,3J1,3J1
AIRPORT_ID,M01,M01
AIRPORT_ID,KAKH,KAKH
AIRPORT_ID,KBYH,KBYH
AIRPORT_ID,F72,F72
AIRPORT_ID,ZSTX,ZSTX
AIRPORT_ID,KFYG,KFYG
AIRPORT_ID,KAXQ,KAXQ
AIRPORT_ID,KXWA,KXWA
AIRPORT_ID,KTGC,KTGC
AIRPORT_ID,KBTP,KBTP
AIRPORT_ID,KEDN,KEDN
AIRPORT_ID,52J,52J
AIRPORT_ID,KRCE,KRCE
AIRPORT_ID,KISQ,KISQ
AIRPORT_ID,KTMK,KTMK
AIRPORT_ID,65NJ,65NJ
AIRPORT_ID,HKLU,HKLU
AIRPORT_ID,KBQR,KBQR
AIRPORT_ID,4F2,4F2
AIRPORT_ID,KWDR,KWDR
AIRPORT_ID,KHQU,KHQU
AIRPORT_ID,1A5,1A5
AIRPORT_ID,KUKT,KUKT
AIRPORT_ID,KIJX,KIJX
AIRPORT_ID,KJKL,KJKL
AIRPORT_ID,3MI2,3MI2
AIRPORT_ID,KGNF,KGNF
AIRPORT_ID,KPEQ,KPEQ
AIRPORT_ID,KLKR,KLKR
AIRPORT_ID,MO09,MO09
AIRPORT_ID,M46,M46
AIRPORT_ID,YBBN,YBBN
AIRPORT_ID,7S5,7S5
AIRPORT_ID,LPAZ,LPAZ
AIRPORT_ID,X39,X39
AIRPORT_ID,1MA2,1MA2
AIRPORT_ID,PTYA,PTYA
AIRPORT_ID,KGEO,KGEO
AIRPORT_ID,WA09,WA09
AIRPORT_ID,KEST,KEST
AIRPORT_ID,Y70,Y70
AIRPORT_ID,KTKV,KTKV
AIRPORT_ID,57Y,57Y
AIRPORT_ID,KBIH,KBIH
AIRPORT_ID,KREI,KREI
AIRPORT_ID,O52,O52
AIRPORT_ID,KPXE,KPXE
AIRPORT_ID,KIPJ,KIPJ
AIRPORT_ID,99CL,99CL
AIRPORT_ID,KBIJ,KBIJ
AIRPORT_ID,KLNP,KLNP
AIRPORT_ID,KHNZ,KHNZ
AIRPORT_ID,LIML,LIML
AIRPORT_ID,KBNO,KBNO
AIRPORT_ID,KDFI,KDFI
AIRPORT_ID,KMAN,KMAN
AIRPORT_ID,PAPH,PAPH
AIRPORT_ID,61S,61S
AIRPORT_ID,4WI0,4WI0
AIRPORT_ID,PAWD,PAWD
AIRPORT_ID,H34,H34
AIRPORT_ID,KLUG,KLUG
AIRPORT_ID,1J9,1J9
AIRPORT_ID,PAQT,PAQT
AIRPORT_ID,MYAK,MYAK
AIRPORT_ID,LQTZ,LQTZ
AIRPORT_ID,KNUC,KNUC
AIRPORT_ID,TQPF,TQPF
AIRPORT_ID,KDYR,KDYR
AIRPORT_ID,Y19,Y19
AIRPORT_ID,3T0,3T0
AIRPORT_ID,KPBH,KPBH
AIRPORT_ID,EGJJ,EGJJ
AIRPORT_ID,04W,04W
AIRPORT_ID,MMOX,MMOX
AIRPORT_ID,OTE4,OTE4
AIRPORT_ID,XA86,XA86
AIRPORT_ID,Y14,Y14
AIRPORT_ID,KEDE,KEDE
AIRPORT_ID,KY8,KY8
AIRPORT_ID,2TA8,2TA8
AIRPORT_ID,MYEF,MYEF
AIRPORT_ID,KGMJ,KGMJ
AIRPORT_ID,4CA0,4CA0
AIRPORT_ID,KULM,KULM
AIRPORT_ID,C62,C62
AIRPORT_ID,LL22,LL22
AIRPORT_ID,5T9,5T9
AIRPORT_ID,GA20,GA20
AIRPORT_ID,KPPO,KPPO
AIRPORT_ID,9D2,9D2
AIRPORT_ID,PFKA,PFKA
AIRPORT_ID,KSRB,KSRB
AIRPORT_ID,LIPA,LIPA
AIRPORT_ID,MMPB,MMPB
AIRPORT_ID,KFFO,KFFO
AIRPORT_ID,0Q4,0Q4
AIRPORT_ID,PAIL,PAIL
AIRPORT_ID,TVSA,TVSA
AIRPORT_ID,KBVX,KBVX
AIRPORT_ID,33V,33V
AIRPORT_ID,F05,F05
AIRPORT_ID,12D,12D
AIRPORT_ID,KSBO,KSBO
AIRPORT_ID,KBHC,KBHC
AIRPORT_ID,KPVJ,KPVJ
AIRPORT_ID,NV74,NV74
AIRPORT_ID,KWBW,KWBW
AIRPORT_ID,KLMS,KLMS
AIRPORT_ID,KWMC,KWMC
AIRPORT_ID,KRWN,KRWN
AIRPORT_ID,KLWA,KLWA
AIRPORT_ID,KFLP,KFLP
AIRPORT_ID,KBBW,KBBW
AIRPORT_ID,SC82,SC82
AIRPORT_ID,KHWV,KHWV
AIRPORT_ID,KHSB,KHSB
AIRPORT_ID,3N6,3N6
AIRPORT_ID,KDYB,KDYB
AIRPORT_ID,M91,M91
AIRPORT_ID,2J8,2J8
AIRPORT_ID,OTE2,OTE2
AIRPORT_ID,6R3,6R3
AIRPORT_ID,TA37,TA37
AIRPORT_ID,KRTS,KRTS
AIRPORT_ID,5FL7,5FL7
AIRPORT_ID,FA54,FA54
AIRPORT_ID,1KY4,1KY4
AIRPORT_ID,KSXK,KSXK
AIRPORT_ID,I42,I42
AIRPORT_ID,MMMD,MMMD
AIRPORT_ID,57C,57C
AIRPORT_ID,50D,50D
AIRPORT_ID,KIYA,KIYA
AIRPORT_ID,PPDM,PPDM
AIRPORT_ID,JY17,JY17
AIRPORT_ID,KFZI,KFZI
AIRPORT_ID,RODN,RODN
AIRPORT_ID,35A,35A
AIRPORT_ID,KOEB,KOEB
AIRPORT_ID,KEKS,KEKS
AIRPORT_ID,KBGD,KBGD
AIRPORT_ID,HDAM,HDAM
AIRPORT_ID,24J,24J
AIRPORT_ID,W28,W28
AIRPORT_ID,19N,19N
AIRPORT_ID,KCKI,KCKI
AIRPORT_ID,KOSA,KOSA
AIRPORT_ID,1F4,1F4
AIRPORT_ID,0A8,0A8
AIRPORT_ID,KATA,KATA
AIRPORT_ID,KMPZ,KMPZ
AIRPORT_ID,KELD,KELD
AIRPORT_ID,KXVG,KXVG
AIRPORT_ID,LFBO,LFBO
AIRPORT_ID,KPRG,KPRG
AIRPORT_ID,KELA,KELA
AIRPORT_ID,KJER,KJER
AIRPORT_ID,8F5,8F5
AIRPORT_ID,59XS,59XS
AIRPORT_ID,XS04,XS04
AIRPORT_ID,KTOC,KTOC
AIRPORT_ID,KCFO,KCFO
AIRPORT_ID,ENGM,ENGM
AIRPORT_ID,N57,N57
AIRPORT_ID,I74,I74
AIRPORT_ID,KPPQ,KPPQ
AIRPORT_ID,MD99,MD99
AIRPORT_ID,06D,06D
AIRPORT_ID,KHDO,KHDO
AIRPORT_ID,74TX,74TX
AIRPORT_ID,E63,E63
AIRPORT_ID,52A,52A
AIRPORT_ID,EGSX,EGSX
AIRPORT_ID,KBPK,KBPK
AIRPORT_ID,KAJR,KAJR
AIRPORT_ID,KOJA,KOJA
AIRPORT_ID,3W8,3W8
AIRPORT_ID,X50,X50
AIRPORT_ID,SYCJ,SYCJ
AIRPORT_ID,AR09,AR09
AIRPORT_ID,3UT6,3UT6
AIRPORT_ID,4S1,4S1
AIRPORT_ID,KWDG,KWDG
AIRPORT_ID,F17,F17
AIRPORT_ID,71J,71J
AIRPORT_ID,KIBM,KIBM
AIRPORT_ID,KAAF,KAAF
AIRPORT_ID,E95,E95
AIRPORT_ID,KOYM,KOYM
AIRPORT_ID,A39,A39
AIRPORT_ID,1T7,1T7
AIRPORT_ID,D56,D56
AIRPORT_ID,25D,25D
AIRPORT_ID,OKBK,OKBK
AIRPORT_ID,4A6,4A6
AIRPORT_ID,M21,M21
AIRPORT_ID,KSVE,KSVE
AIRPORT_ID,W24,W24
AIRPORT_ID,3NJ6,3NJ6
AIRPORT_ID,U10,U10
AIRPORT_ID,EDDN,EDDN
AIRPORT_ID,60J,60J
AIRPORT_ID,TN44,TN44
AIRPORT_ID,KRAS,KRAS
AIRPORT_ID,KHZD,KHZD
AIRPORT_ID,KBIF,KBIF
AIRPORT_ID,MMMM,MMMM
AIRPORT_ID,KJES,KJES
AIRPORT_ID,KBYY,KBYY
AIRPORT_ID,K33,K33
AIRPORT_ID,PAGT,PAGT
AIRPORT_ID,LGMK,LGMK
AIRPORT_ID,KGEZ,KGEZ
AIRPORT_ID,KSVN,KSVN
AIRPORT_ID,KXMR,KXMR
AIRPORT_ID,1R4,1R4
AIRPORT_ID,O08,O08
AIRPORT_ID,T74,T74
AIRPORT_ID,MHPR,MHPR
AIRPORT_ID,KFGU,KFGU
AIRPORT_ID,NC91,NC91
AIRPORT_ID,KSHN,KSHN
AIRPORT_ID,MMBT,MMBT
AIRPORT_ID,KHRT,KHRT
AIRPORT_ID,W99,W99
AIRPORT_ID,KBBD,KBBD
AIRPORT_ID,KHIF,KHIF
AIRPORT_ID,09J,09J
AIRPORT_ID,KTSP,KTSP
AIRPORT_ID,FL59,FL59
AIRPORT_ID,NC30,NC30
AIRPORT_ID,FL17,FL17
AIRPORT_ID,KMTV,KMTV
AIRPORT_ID,T67,T67
AIRPORT_ID,1O2,1O2
AIRPORT_ID,0TX1,0TX1
AIRPORT_ID,KVTI,KVTI
AIRPORT_ID,UT83,UT83
AIRPORT_ID,0MSO,0MSO
AIRPORT_ID,KPTB,KPTB
AIRPORT_ID,4WI9,4WI9
AIRPORT_ID,1S9,1S9
AIRPORT_ID,1C9,1C9
AIRPORT_ID,T82,T82
AIRPORT_ID,57B,57B
AIRPORT_ID,KORB,KORB
AIRPORT_ID,KPTN,KPTN
AIRPORT_ID,KMNN,KMNN
AIRPORT_ID,Y96,Y96
AIRPORT_ID,CA20,CA20
AIRPORT_ID,38FL,38FL
AIRPORT_ID,KUOX,KUOX
AIRPORT_ID,KCON,KCON
AIRPORT_ID,KDLS,KDLS
AIRPORT_ID,F10,F10
AIRPORT_ID,C66,C66
AIRPORT_ID,49A,49A
AIRPORT_ID,MTCH,MTCH
AIRPORT_ID,W55,W55
AIRPORT_ID,KMKS,KMKS
AIRPORT_ID,KJFX,KJFX
AIRPORT_ID,KRBW,KRBW
AIRPORT_ID,F62,F62
AIRPORT_ID,KBNG,KBNG
AIRPORT_ID,KLNR,KLNR
AIRPORT_ID,3FA2,3FA2
AIRPORT_ID,KBBP,KBBP
AIRPORT_ID,LKTB,LKTB
AIRPORT_ID,67S,67S
AIRPORT_ID,LTFM,LTFM
AIRPORT_ID,LA66,LA66
AIRPORT_ID,TA66,TA66
AIRPORT_ID,KNTU,KNTU
AIRPORT_ID,KACJ,KACJ
AIRPORT_ID,9V9,9V9
AIRPORT_ID,A08,A08
AIRPORT_ID,KFZG,KFZG
AIRPORT_ID,3A4,3A4
AIRPORT_ID,KFKN,KFKN
AIRPORT_ID,3DA,3DA
AIRPORT_ID,1B2,1B2
AIRPORT_ID,1GA0,1GA0
AIRPORT_ID,6J4,6J4
AIRPORT_ID,KAZE,KAZE
AIRPORT_ID,KLUA,KLUA
AIRPORT_ID,KFBL,KFBL
AIRPORT_ID,S78,S78
AIRPORT_ID,PAKY,PAKY
AIRPORT_ID,KFNB,KFNB
AIRPORT_ID,9G5,9G5
AIRPORT_ID,N79,N79
AIRPORT_ID,32GA,32GA
AIRPORT_ID,X04,X04
AIRPORT_ID,PALP,PALP
AIRPORT_ID,66TE,66TE
AIRPORT_ID,CN52,CN52
AIRPORT_ID,MDJB,MDJB
AIRPORT_ID,SKPE,SKPE
AIRPORT_ID,FA1,FA1
AIRPORT_ID,K24,K24
AIRPORT_ID,7A3,7A3
AIRPORT_ID,KOQN,KOQN
AIRPORT_ID,3D2,3D2
AIRPORT_ID,64OG,64OG
AIRPORT_ID,8U2,8U2
AIRPORT_ID,VOBL,VOBL
AIRPORT_ID,P52,P52
AIRPORT_ID,KBRG,KBRG
AIRPORT_ID,CYSG,CYSG
AIRPORT_ID,17XS,17XS
AIRPORT_ID,60R,60R
AIRPORT_ID,7AK4,7AK4
AIRPORT_ID,29D,29D
AIRPORT_ID,48X,48X
AIRPORT_ID,0I8,0I8
AIRPORT_ID,H81,H81
AIRPORT_ID,KJRA,KJRA
AIRPORT_ID,KASN,KASN
AIRPORT_ID,N30,N30
AIRPORT_ID,HRYR,HRYR
AIRPORT_ID,D98,D98
AIRPORT_ID,KCVX,KCVX
AIRPORT_ID,KMVC,KMVC
AIRPORT_ID,12NR,12NR
AIRPORT_ID,KEIK,KEIK
AIRPORT_ID,KRQE,KRQE
AIRPORT_ID,O28,O28
AIRPORT_ID,40G,40G
AIRPORT_ID,8A3,8A3
AIRPORT_ID,KGKT,KGKT
AIRPORT_ID,KEPM,KEPM
AIRPORT_ID,KUNU,KUNU
AIRPORT_ID,36VA,36VA
AIRPORT_ID,PAKF,PAKF
AIRPORT_ID,KNBG,KNBG
AIRPORT_ID,C83,C83
AIRPORT_ID,3AU,3AU
AIRPORT_ID,MHRO,MHRO
AIRPORT_ID,66Y,66Y
AIRPORT_ID,PAVA,PAVA
AIRPORT_ID,KRCZ,KRCZ
AIRPORT_ID,KPHT,KPHT
AIRPORT_ID,0TN8,0TN8
AIRPORT_ID,PAGM,PAGM
AIRPORT_ID,T96,T96
AIRPORT_ID,P03,P03
AIRPORT_ID,KISW,KISW
AIRPORT_ID,KBMT,KBMT
AIRPORT_ID,2W5,2W5
AIRPORT_ID,U05,U05
AIRPORT_ID,KDBN,KDBN
AIRPORT_ID,CYCD,CYCD
AIRPORT_ID,N40,N40
AIRPORT_ID,KJSY,KJSY
AIRPORT_ID,O41,O41
AIRPORT_ID,KPVF,KPVF
AIRPORT_ID,PAKD,PAKD
AIRPORT_ID,XS40,XS40
AIRPORT_ID,PATK,PATK
AIRPORT_ID,GA04,GA04
AIRPORT_ID,MD24,MD24
AIRPORT_ID,7MI3,7MI3
AIRPORT_ID,KCAG,KCAG
AIRPORT_ID,OMSJ,OMSJ
AIRPORT_ID,4B6,4B6
AIRPORT_ID,24VA,24VA
AIRPORT_ID,E91,E91
AIRPORT_ID,N72,N72
AIRPORT_ID,KCHK,KCHK
AIRPORT_ID,M95,M95
AIRPORT_ID,N45,N45
AIRPORT_ID,KPEO,KPEO
AIRPORT_ID,KDVN,KDVN
AIRPORT_ID,KNTD,KNTD
AIRPORT_ID,KACQ,KACQ
AIRPORT_ID,KGYL,KGYL
AIRPORT_ID,KFWN,KFWN
AIRPORT_ID,WA46,WA46
AIRPORT_ID,6R1,6R1
AIRPORT_ID,PAFB,PAFB
AIRPORT_ID,57D,57D
AIRPORT_ID,3G9,3G9
AIRPORT_ID,61C,61C
AIRPORT_ID,KACZ,KACZ
AIRPORT_ID,5R8,5R8
AIRPORT_ID,KDNA,KDNA
AIRPORT_ID,29KS,29KS
AIRPORT_ID,50NR,50NR
AIRPORT_ID,PAVE,PAVE
AIRPORT_ID,MMTL,MMTL
AIRPORT_ID,78NC,78NC
AIRPORT_ID,KASJ,KASJ
AIRPORT_ID,PFSH,PFSH
AIRPORT_ID,X07,X07
AIRPORT_ID,KFYM,KFYM
AIRPORT_ID,06N,06N
AIRPORT_ID,KLRJ,KLRJ
AIRPORT_ID,31E,31E
AIRPORT_ID,KGDJ,KGDJ
AIRPORT_ID,KCEK,KCEK
AIRPORT_ID,S37,S37
AIRPORT_ID,KCCB,KCCB
AIRPORT_ID,7WI3,7WI3
AIRPORT_ID,KLBT,KLBT
AIRPORT_ID,B06,B06
AIRPORT_ID,KHVC,KHVC
AIRPORT_ID,KBUU,KBUU
AIRPORT_ID,KMLF,KMLF
AIRPORT_ID,AR62,AR62
AIRPORT_ID,KHRF,KHRF
AIRPORT_ID,9CA2,9CA2
AIRPORT_ID,M02,M02
AIRPORT_ID,KFSO,KFSO
AIRPORT_ID,15CA,15CA
AIRPORT_ID,KRZR,KRZR
AIRPORT_ID,1V6,1V6
AIRPORT_ID,KUBS,KUBS
AIRPORT_ID,KPTT,KPTT
AIRPORT_ID,TX17,TX17
AIRPORT_ID,FA38,FA38
AIRPORT_ID,KSMQ,KSMQ
AIRPORT_ID,39VA,39VA
AIRPORT_ID,LPPR,LPPR
AIRPORT_ID,PAUM,PAUM
AIRPORT_ID,Y23,Y23
AIRPORT_ID,CL35,CL35
AIRPORT_ID,9NC1,9NC1
AIRPORT_ID,PALU,PALU
AIRPORT_ID,T78,T78
AIRPORT_ID,KDNV,KDNV
AIRPORT_ID,0V4,0V4
AIRPORT_ID,9D9,9D9
AIRPORT_ID,6Y8,6Y8
AIRPORT_ID,KMCZ,KMCZ
AIRPORT_ID,54J,54J
AIRPORT_ID,KNOW,KNOW
AIRPORT_ID,KKIC,KKIC
AIRPORT_ID,1H2,1H2
AIRPORT_ID,7W4,7W4
AIRPORT_ID,E60,E60
AIRPORT_ID,MUGM,MUGM
AIRPORT_ID,4FL1,4FL1
AIRPORT_ID,3DW,3DW
AIRPORT_ID,KPSK,KPSK
AIRPORT_ID,PAGH,PAGH
AIRPORT_ID,EGDL,EGDL
AIRPORT_ID,MMSM,MMSM
AIRPORT_ID,E70,E70
AIRPORT_ID,KTWM,KTWM
AIRPORT_ID,3VA3,3VA3
AIRPORT_ID,KJCA,KJCA
AIRPORT_ID,3IA6,3IA6
AIRPORT_ID,0IL1,0IL1
AIRPORT_ID,6K5,6K5
AIRPORT_ID,KLGF,KLGF
AIRPORT_ID,WS35,WS35
AIRPORT_ID,CZBB,CZBB
AIRPORT_ID,L83,L83
AIRPORT_ID,3FL0,3FL0
AIRPORT_ID,RJTY,RJTY
AIRPORT_ID,82OH,82OH
AIRPORT_ID,KJYG,KJYG
AIRPORT_ID,KBGE,KBGE
AIRPORT_ID,44G,44G
AIRPORT_ID,L18,L18
AIRPORT_ID,D80,D80
AIRPORT_ID,KRID,KRID
AIRPORT_ID,24LA,24LA
AIRPORT_ID,KHOC,KHOC
AIRPORT_ID,KBKT,KBKT
AIRPORT_ID,KFOZ,KFOZ
AIRPORT,SACRAMENTO INTL,SACRAMENTO INTL
AIRPORT,DENVER INTL AIRPORT,DENVER INTL AIRPORT
AIRPORT,EPPLEY AIRFIELD,EPPLEY AIRFIELD
AIRPORT,WASHINGTON DULLES INTL ARPT,WASHINGTON DULLES INTL ARPT
AIRPORT,LA GUARDIA ARPT,LA GUARDIA ARPT
AIRPORT,SAN ANTONIO INTL,SAN ANTONIO INTL
AIRPORT,KANSAS CITY INTL,KANSAS CITY INTL
AIRPORT,DALLAS/FORT WORTH INTL ARPT,DALLAS/FORT WORTH INTL ARPT
AIRPORT,NORMAN Y. MINETA SAN JOSE INTL ARPT,NORMAN Y. MINETA SAN JOSE INTL ARPT
AIRPORT,AUGUSTA REGIONAL ARPT AT BUSH FLD,AUGUSTA REGIONAL ARPT AT BUSH FLD
AIRPORT,ALEXANDRIA INTL,ALEXANDRIA INTL
AIRPORT,SYRACUSE HANCOCK INTL,SYRACUSE HANCOCK INTL
AIRPORT,OAKLAND COUNTY INTL,OAKLAND COUNTY INTL
AIRPORT,LOS ANGELES INTL,LOS ANGELES INTL
AIRPORT,WILLIAM P HOBBY ARPT,WILLIAM P HOBBY ARPT
AIRPORT,SAN FRANCISCO INTL ARPT,SAN FRANCISCO INTL ARPT
AIRPORT,CHICAGO MIDWAY INTL ARPT,CHICAGO MIDWAY INTL ARPT
AIRPORT,TERRE HAUTE INTL ARPT-HULMAN FIELD,TERRE HAUTE INTL ARPT-HULMAN FIELD
AIRPORT,BUFFALO-NIAGARA INTL,BUFFALO-NIAGARA INTL
AIRPORT,DALLAS LOVE FIELD ARPT,DALLAS LOVE FIELD ARPT
AIRPORT,CLEVELAND-HOPKINS INTL ARPT,CLEVELAND-HOPKINS INTL ARPT
AIRPORT,DELAWARE COUNTY REGIONAL ARPT,DELAWARE COUNTY REGIONAL ARPT
AIRPORT,LOUIE ARMSTRONG NEW ORLEANS INTL ARPT,LOUIE ARMSTRONG NEW ORLEANS INTL ARPT
AIRPORT,CHICAGO O'HARE INTL ARPT,CHICAGO O'HARE INTL ARPT
AIRPORT,MANCHESTER AIRPORT,MANCHESTER AIRPORT
AIRPORT,EL PASO INTL ARPT,EL PASO INTL ARPT
AIRPORT,PORTLAND INTL (OR),PORTLAND INTL (OR)
AIRPORT,UNKNOWN,UNKNOWN
AIRPORT,BOB HOPE ARPT,BOB HOPE ARPT
AIRPORT,LONG BEACH-DAUGH FLD,LONG BEACH-DAUGH FLD
AIRPORT,PEORIA INTL ARPT,PEORIA INTL ARPT
AIRPORT,SOUTHWEST FLORIDA INTL ARPT,SOUTHWEST FLORIDA INTL ARPT
AIRPORT,BALTIMORE/WASH INTL THURGOOD MARSHAL ARPT,BALTIMORE/WASH INTL THURGOOD MARSHAL ARPT
AIRPORT,GOSHEN MUNICIPAL ARPT,GOSHEN MUNICIPAL ARPT
AIRPORT,BRADLEY INTL,BRADLEY INTL
AIRPORT,PENSACOLA INTL ARPT,PENSACOLA INTL ARPT
AIRPORT,AUSTIN-BERGSTROM INTL,AUSTIN-BERGSTROM INTL
AIRPORT,TAMPA INTL,TAMPA INTL
AIRPORT,WILMINGTON AIR PARK,WILMINGTON AIR PARK
AIRPORT,RONALD REAGAN WASHINGTON NATIONAL ARPT,RONALD REAGAN WASHINGTON NATIONAL ARPT
AIRPORT,DETROIT METRO WAYNE COUNTY ARPT,DETROIT METRO WAYNE COUNTY ARPT
AIRPORT,RHODE ISLAND TF GREEN INTERNATIONAL AIRPORT,RHODE ISLAND TF GREEN INTERNATIONAL AIRPORT
AIRPORT,POCATELLO REGIONAL ARPT,POCATELLO REGIONAL ARPT
AIRPORT,LINCOLN ARPT,LINCOLN ARPT
AIRPORT,PALM BEACH INTL,PALM BEACH INTL
AIRPORT,MIAMI INTL,MIAMI INTL
AIRPORT,QUAD CITY ARPT,QUAD CITY ARPT
AIRPORT,JOHN GLENN COLUMBUS INTL ARPT,JOHN GLENN COLUMBUS INTL ARPT
AIRPORT,GRAND RAPIDS/ITASCA COUNTY ARPT-GORDON NEWSTROM FIELD,GRAND RAPIDS/ITASCA COUNTY ARPT-GORDON NEWSTROM FIELD
AIRPORT,GRANT COUNTY ARPT,GRANT COUNTY ARPT
AIRPORT,ATLANTIC CITY INTL,ATLANTIC CITY INTL
AIRPORT,LIHUE ARPT,LIHUE ARPT
AIRPORT,CINCINNATI/NORTHERN KENTUCKY INTL ARPT,CINCINNATI/NORTHERN KENTUCKY INTL ARPT
AIRPORT,TULSA INTL,TULSA INTL
AIRPORT,PITTSBURGH INTL ARPT,PITTSBURGH INTL ARPT
AIRPORT,DES MOINES INTL,DES MOINES INTL
AIRPORT,ONTARIO INTL ARPT,ONTARIO INTL ARPT
AIRPORT,ITHACA TOMPKINS REGIONAL ARPT,ITHACA TOMPKINS REGIONAL ARPT
AIRPORT,LEHIGH VALLEY INTL,LEHIGH VALLEY INTL
AIRPORT,KENDALL-TAMIAMI EXECUTIVE ARPT,KENDALL-TAMIAMI EXECUTIVE ARPT
AIRPORT,RALEIGH-DURHAM INTL,RALEIGH-DURHAM INTL
AIRPORT,SAN DIEGO INTL,SAN DIEGO INTL
AIRPORT,ALBANY INTL,ALBANY INTL
AIRPORT,COLUMBUS ARPT,COLUMBUS ARPT
AIRPORT,NORFOLK INTL,NORFOLK INTL
AIRPORT,CAPE COD GATEWAY AIRPORT,CAPE COD GATEWAY AIRPORT
AIRPORT,BOEING FIELD/KING COUNTY INTL ARPT,BOEING FIELD/KING COUNTY INTL ARPT
AIRPORT,SALT LAKE CITY INTL,SALT LAKE CITY INTL
AIRPORT,"BATON ROUGE METROPOLITAN, RYAN FIELD","BATON ROUGE METROPOLITAN, RYAN FIELD"
AIRPORT,PAGE FIELD ARPT,PAGE FIELD ARPT
AIRPORT,JACKSON EVERS INTL,JACKSON EVERS INTL
AIRPORT,NASHVILLE INTL,NASHVILLE INTL
AIRPORT,METRO OAKLAND INTL,METRO OAKLAND INTL
AIRPORT,CHARLOTTESVILLE-ALBEMARLE ARPT,CHARLOTTESVILLE-ALBEMARLE ARPT
AIRPORT,MAHLON SWEET FLD,MAHLON SWEET FLD
AIRPORT,GENERAL EDWARD LAWRENCE LOGAN INTL ARPT,GENERAL EDWARD LAWRENCE LOGAN INTL ARPT
AIRPORT,TRI-CITIES REGIONAL TN/VA ARPT,TRI-CITIES REGIONAL TN/VA ARPT
AIRPORT,HARRISBURG INTL,HARRISBURG INTL
AIRPORT,CAPITAL REGION INTL ARPT,CAPITAL REGION INTL ARPT
AIRPORT,THE FLORIDA KEYS MARATHON,THE FLORIDA KEYS MARATHON
AIRPORT,HANCOCK COUNTY-BAR HARBOR,HANCOCK COUNTY-BAR HARBOR
AIRPORT,GERALD R. FORD INTL ARPT,GERALD R. FORD INTL ARPT
AIRPORT,BIRMINGHAM-SHUTTLESWORTH INTL,BIRMINGHAM-SHUTTLESWORTH INTL
AIRPORT,TUCSON INTL,TUCSON INTL
AIRPORT,FORT LAUDERDALE/HOLLYWOOD INTL,FORT LAUDERDALE/HOLLYWOOD INTL
AIRPORT,CHARLOTTE/DOUGLAS INTL ARPT,CHARLOTTE/DOUGLAS INTL ARPT
AIRPORT,MEMPHIS INTL,MEMPHIS INTL
AIRPORT,IDAHO FALLS REGIONAL ARPT,IDAHO FALLS REGIONAL ARPT
AIRPORT,DAYTONA BEACH INTL,DAYTONA BEACH INTL
AIRPORT,ORLANDO INTL,ORLANDO INTL
AIRPORT,HARTSFIELD - JACKSON ATLANTA INTL ARPT,HARTSFIELD - JACKSON ATLANTA INTL ARPT
AIRPORT,FORT SMITH REGIONAL ARPT,FORT SMITH REGIONAL ARPT
AIRPORT,ASHEVILLE REGIONAL ARPT,ASHEVILLE REGIONAL ARPT
AIRPORT,LOVELL FIELD ARPT,LOVELL FIELD ARPT
AIRPORT,SAN CARLOS ARPT,SAN CARLOS ARPT
AIRPORT,GEORGE BUSH INTERCONTINENTAL/ HOUSTON ARPT,GEORGE BUSH INTERCONTINENTAL/ HOUSTON ARPT
AIRPORT,DUBUQUE REGIONAL ARPT,DUBUQUE REGIONAL ARPT
AIRPORT,MUHAMMAD ALI INTERNATIONAL,MUHAMMAD ALI INTERNATIONAL
AIRPORT,RICHARDS-GEBAUR AFB,RICHARDS-GEBAUR AFB
AIRPORT,JOHN C TUNE ARPT,JOHN C TUNE ARPT
AIRPORT,CALGARY INTL,CALGARY INTL
AIRPORT,PANAMA CITY - BAY COUNTY INTL,PANAMA CITY - BAY COUNTY INTL
AIRPORT,GENERAL MITCHELL INTL,GENERAL MITCHELL INTL
AIRPORT,SARASOTA-BRADENTON INTL ARPT,SARASOTA-BRADENTON INTL ARPT
AIRPORT,EXECUTIVE ARPT,EXECUTIVE ARPT
AIRPORT,LUIS MUNOZ MARIN INTL,LUIS MUNOZ MARIN INTL
AIRPORT,KINSTON REGIONAL JETPORT AT STALLINGS FIELD,KINSTON REGIONAL JETPORT AT STALLINGS FIELD
AIRPORT,CHICAGO/ROCKFORD INTL ARPT,CHICAGO/ROCKFORD INTL ARPT
AIRPORT,FORT LAUDERDALE EXECUTIVE ARPT,FORT LAUDERDALE EXECUTIVE ARPT
AIRPORT,NEWARK LIBERTY INTL ARPT,NEWARK LIBERTY INTL ARPT
AIRPORT,KALAMAZOO/BATTLE CREEK INTL,KALAMAZOO/BATTLE CREEK INTL
AIRPORT,MELBOURNE INTL,MELBOURNE INTL
AIRPORT,JAMES M COX DAYTON INTL,JAMES M COX DAYTON INTL
AIRPORT,PHILADELPHIA INTL,PHILADELPHIA INTL
AIRPORT,DANBURY MUNICIPAL ARPT,DANBURY MUNICIPAL ARPT
AIRPORT,ARCATA AIRPORT,ARCATA AIRPORT
AIRPORT,NEW TAZEWELL MUNICIPAL,NEW TAZEWELL MUNICIPAL
AIRPORT,GROTON-NEW LONDON AR,GROTON-NEW LONDON AR
AIRPORT,YEAGER ARPT,YEAGER ARPT
AIRPORT,TETERBORO AIRPORT,TETERBORO AIRPORT
AIRPORT,CAMARILLO,CAMARILLO
AIRPORT,BILL PUGH FIELD ARPT,BILL PUGH FIELD ARPT
AIRPORT,ABRAHAM LINCOLN CAPITAL ARPT,ABRAHAM LINCOLN CAPITAL ARPT
AIRPORT,MC CLELLAN-PALOMAR ARPT,MC CLELLAN-PALOMAR ARPT
AIRPORT,ROCHESTER INTL,ROCHESTER INTL
AIRPORT,CHERRY CAPITAL ARPT,CHERRY CAPITAL ARPT
AIRPORT,JUAN SANTAMARIA INTL,JUAN SANTAMARIA INTL
AIRPORT,JOHN WAYNE-ORANGE COUNTY ARPT,JOHN WAYNE-ORANGE COUNTY ARPT
AIRPORT,SEATTLE-TACOMA INTL,SEATTLE-TACOMA INTL
AIRPORT,INDIANAPOLIS INTL ARPT,INDIANAPOLIS INTL ARPT
AIRPORT,BILL AND  HILLARY CLINTON NATL ARPT/ADAMS FIELD,BILL AND  HILLARY CLINTON NATL ARPT/ADAMS FIELD
AIRPORT,BEAUREGARD REGIONAL ARPT,BEAUREGARD REGIONAL ARPT
AIRPORT,SPOKANE INTERNATIONAL,SPOKANE INTERNATIONAL
AIRPORT,WILL ROGERS WORLD ARPT,WILL ROGERS WORLD ARPT
AIRPORT,RALEIGH COUNTY MEMORIAL,RALEIGH COUNTY MEMORIAL
AIRPORT,SITKA ROCKY GUTIERREZ ARPT,SITKA ROCKY GUTIERREZ ARPT
AIRPORT,PALO ALTO ARPT OF SANTA CLARA COUNTY,PALO ALTO ARPT OF SANTA CLARA COUNTY
AIRPORT,LAKE HOOD (SPB),LAKE HOOD (SPB)
AIRPORT,ALBUQUERQUE INTL SUNPORT,ALBUQUERQUE INTL SUNPORT
AIRPORT,SANFORD REGIONAL ARPT,SANFORD REGIONAL ARPT
AIRPORT,CENTRAL ILLINOIS REGNL ARPT,CENTRAL ILLINOIS REGNL ARPT
AIRPORT,LONG ISLAND MAC ARTHUR,LONG ISLAND MAC ARTHUR
AIRPORT,GRAND FORKS INTL,GRAND FORKS INTL
AIRPORT,ALBERT WHITTED,ALBERT WHITTED
AIRPORT,WINGS FIELD ARPT,WINGS FIELD ARPT
AIRPORT,DEKALB-PEACHTREE ARPT,DEKALB-PEACHTREE ARPT
AIRPORT,BURKE LAKEFRONT,BURKE LAKEFRONT
AIRPORT,LAFAYETTE REGIONAL,LAFAYETTE REGIONAL
AIRPORT,GREATER ROCHESTER INTL,GREATER ROCHESTER INTL
AIRPORT,ROANOKE REGNL ARPT/WOODRUM FIELD,ROANOKE REGNL ARPT/WOODRUM FIELD
AIRPORT,HARRY REID INTERNATIONAL AIRPORT,HARRY REID INTERNATIONAL AIRPORT
AIRPORT,RENO TAHOE INTL,RENO TAHOE INTL
AIRPORT,PIEDMONT TRIAD INTL,PIEDMONT TRIAD INTL
AIRPORT,DANIEL K. INOUYE INTERNATIONAL AIRPORT,DANIEL K. INOUYE INTERNATIONAL AIRPORT
AIRPORT,DAVID WAYNE HOOKS MEMORIAL ARPT,DAVID WAYNE HOOKS MEMORIAL ARPT
AIRPORT,JOHN F KENNEDY INTL,JOHN F KENNEDY INTL
AIRPORT,MOBILE REGIONAL,MOBILE REGIONAL
AIRPORT,BARKLEY REGIONAL ARPT,BARKLEY REGIONAL ARPT
AIRPORT,WILLOW RUN ARPT,WILLOW RUN ARPT
AIRPORT,HARTFORD-BRAINARD ARPT,HARTFORD-BRAINARD ARPT
AIRPORT,FULTON COUNTY ARPT - BROWN FIELD,FULTON COUNTY ARPT - BROWN FIELD
AIRPORT,SPIRIT OF ST LOUIS,SPIRIT OF ST LOUIS
AIRPORT,ONEIDA COUNTY ARPT,ONEIDA COUNTY ARPT
AIRPORT,ERIE INTL ARPT-TOM RIDGE FIELD,ERIE INTL ARPT-TOM RIDGE FIELD
AIRPORT,IGOR I SIKORSKY MEMORIAL,IGOR I SIKORSKY MEMORIAL
AIRPORT,MERRILL C MEIGS ARPT,MERRILL C MEIGS ARPT
AIRPORT,PORT MEADVILLE ARPT,PORT MEADVILLE ARPT
AIRPORT,REPUBLIC AIRPORT,REPUBLIC AIRPORT
AIRPORT,WILKES-BARRE/SCRANTON INTL,WILKES-BARRE/SCRANTON INTL
AIRPORT,DUTCHESS COUNTY ARPT,DUTCHESS COUNTY ARPT
AIRPORT,HUNTSVILLE INTL ARPT-CARL T JONES FIELD,HUNTSVILLE INTL ARPT-CARL T JONES FIELD
AIRPORT,GREENWOOD MUNICIPAL ARPT,GREENWOOD MUNICIPAL ARPT
AIRPORT,CHICAGO EXECUTIVE ARPT,CHICAGO EXECUTIVE ARPT
AIRPORT,GREATER BINGHAMTON ARPT/EDWIN A LINK FIELD,GREATER BINGHAMTON ARPT/EDWIN A LINK FIELD
AIRPORT,YAKIMA AIR TERMINAL/MCALLISTER FIELD,YAKIMA AIR TERMINAL/MCALLISTER FIELD
AIRPORT,NIAGARA FALLS INTL,NIAGARA FALLS INTL
AIRPORT,AUSTIN STRAUBEL INTL,AUSTIN STRAUBEL INTL
AIRPORT,MINNEAPOLIS-ST PAUL INTL/WOLD-CHAMBERLAIN ARPT,MINNEAPOLIS-ST PAUL INTL/WOLD-CHAMBERLAIN ARPT
AIRPORT,SMITH MOUNTAIN LAKE,SMITH MOUNTAIN LAKE
AIRPORT,LA CROSSE MUNICIPAL AIRPORT,LA CROSSE MUNICIPAL AIRPORT
AIRPORT,OXNARD ARPT,OXNARD ARPT
AIRPORT,VALLEY INTL,VALLEY INTL
AIRPORT,ST. PETE-CLEARWATER INTL ARPT,ST. PETE-CLEARWATER INTL ARPT
AIRPORT,SHREVEPORT REGIONAL,SHREVEPORT REGIONAL
AIRPORT,STEWART INTL AIRPORT,STEWART INTL AIRPORT
AIRPORT,LAURENCE G HANSCOM FIELD ARPT,LAURENCE G HANSCOM FIELD ARPT
AIRPORT,LAMBERT-ST LOUIS INTL,LAMBERT-ST LOUIS INTL
AIRPORT,PEARSON FIELD ARPT,PEARSON FIELD ARPT
AIRPORT,KAHULUI ARPT,KAHULUI ARPT
AIRPORT,FAYETTEVILLE REGNL ARPT/GRANNIS FIELD,FAYETTEVILLE REGNL ARPT/GRANNIS FIELD
AIRPORT,NEW BEDFORD REGIONAL ARPT,NEW BEDFORD REGIONAL ARPT
AIRPORT,HILO INTL ARPT,HILO INTL ARPT
AIRPORT,SOUTH BEND REGIONAL,SOUTH BEND REGIONAL
AIRPORT,HAGERSTOWN REGNL ARPT-RICHARD A HENSON FIELD,HAGERSTOWN REGNL ARPT-RICHARD A HENSON FIELD
AIRPORT,DOTHAN REGIONAL ARPT,DOTHAN REGIONAL ARPT
AIRPORT,WILMINGTON INTL,WILMINGTON INTL
AIRPORT,ROGUE VALLEY INTL - MEDFORD ARPT,ROGUE VALLEY INTL - MEDFORD ARPT
AIRPORT,UNALASKA ARPT,UNALASKA ARPT
AIRPORT,MANKATO REGIONAL ARPT,MANKATO REGIONAL ARPT
AIRPORT,SPENCER MUNICIPAL AIRPORT,SPENCER MUNICIPAL AIRPORT
AIRPORT,FAIRBANKS INTL ARPT,FAIRBANKS INTL ARPT
AIRPORT,WACO REGIONAL ARPT,WACO REGIONAL ARPT
AIRPORT,COLUMBIA METRO,COLUMBIA METRO
AIRPORT,THE EASTERN IOWA ARPT,THE EASTERN IOWA ARPT
AIRPORT,PORTLAND INTL JETPORT (ME),PORTLAND INTL JETPORT (ME)
AIRPORT,DENVER STAPLETON ARPT,DENVER STAPLETON ARPT
AIRPORT,ADDISON AIRPORT,ADDISON AIRPORT
AIRPORT,KING SALMON,KING SALMON
AIRPORT,OTTAWA/MACDONALD-CARTIER INTL,OTTAWA/MACDONALD-CARTIER INTL
AIRPORT,NEWPORT NEWS/WILLIAMSBURG INTL,NEWPORT NEWS/WILLIAMSBURG INTL
AIRPORT,YUBA COUNTY ARPT,YUBA COUNTY ARPT
AIRPORT,BUCHANAN FIELD ARPT,BUCHANAN FIELD ARPT
AIRPORT,LAKEFRONT AIRPORT,LAKEFRONT AIRPORT
AIRPORT,JACKSONVILLE INTL,JACKSONVILLE INTL
AIRPORT,NAPLES MUNICIPAL,NAPLES MUNICIPAL
AIRPORT,CHARLES B WHEELER DOWNTOWN ARPT,CHARLES B WHEELER DOWNTOWN ARPT
AIRPORT,CHEYENNE REGIONAL ARPT/JERRY OLSON FIELD,CHEYENNE REGIONAL ARPT/JERRY OLSON FIELD
AIRPORT,MONTEREY PENINSULA,MONTEREY PENINSULA
AIRPORT,LEBANON MUNICIPAL ARPT (NH),LEBANON MUNICIPAL ARPT (NH)
AIRPORT,AURORA MUNICIPAL ARPT,AURORA MUNICIPAL ARPT
AIRPORT,SOUTHWEST GEORGIA REGIONAL ARPT,SOUTHWEST GEORGIA REGIONAL ARPT
AIRPORT,NORTH PERRY ARPT,NORTH PERRY ARPT
AIRPORT,DANE COUNTY REGIONAL ARPT-TRUAX FLD,DANE COUNTY REGIONAL ARPT-TRUAX FLD
AIRPORT,ELMIRA/CORNING REGIONAL ARPT,ELMIRA/CORNING REGIONAL ARPT
AIRPORT,ABERDEEN REGIONAL ARPT,ABERDEEN REGIONAL ARPT
AIRPORT,FOND DU LAC COUNTY ARPT,FOND DU LAC COUNTY ARPT
AIRPORT,SANTA BARBARA MUNICIPAL,SANTA BARBARA MUNICIPAL
AIRPORT,WAUKEGAN REGIONAL ARPT,WAUKEGAN REGIONAL ARPT
AIRPORT,LUBBOCK PRESTON SMITH INTL ARPT,LUBBOCK PRESTON SMITH INTL ARPT
AIRPORT,CHARLESTON AFB/INTL ARPT,CHARLESTON AFB/INTL ARPT
AIRPORT,LAKE CHARLES REGIONAL,LAKE CHARLES REGIONAL
AIRPORT,GAINESVILLE REG ARPT,GAINESVILLE REG ARPT
AIRPORT,TED STEVENS ANCHORAGE INTL,TED STEVENS ANCHORAGE INTL
AIRPORT,KEY WEST INTL ARPT,KEY WEST INTL ARPT
AIRPORT,SAVANNAH/HILTON HEAD INTL ARPT,SAVANNAH/HILTON HEAD INTL ARPT
AIRPORT,BURLEY MUNICIPAL AIRPORT,BURLEY MUNICIPAL AIRPORT
AIRPORT,PURDUE UNIV ARPT,PURDUE UNIV ARPT
AIRPORT,HEWANORRA ST LUCIA,HEWANORRA ST LUCIA
AIRPORT,MIGUEL HIDALGO Y COSTILLA GUADALAJARA INTL,MIGUEL HIDALGO Y COSTILLA GUADALAJARA INTL
AIRPORT,GALLIA-MEIGS REGIONAL ARPT,GALLIA-MEIGS REGIONAL ARPT
AIRPORT,OPA-LOCKA EXECUTIVE ARPT,OPA-LOCKA EXECUTIVE ARPT
AIRPORT,TOLEDO EXPRESS ARPT,TOLEDO EXPRESS ARPT
AIRPORT,RAPID CITY REGIONAL,RAPID CITY REGIONAL
AIRPORT,MBS INTL,MBS INTL
AIRPORT,CORPUS CHRISTI INTL ARPT,CORPUS CHRISTI INTL ARPT
AIRPORT,GREAT FALLS INTL,GREAT FALLS INTL
AIRPORT,FLORENCE REGIONAL,FLORENCE REGIONAL
AIRPORT,TRI-CITIES,TRI-CITIES
AIRPORT,FORT COLLINS-LOVELAND MUNI ARPT,FORT COLLINS-LOVELAND MUNI ARPT
AIRPORT,JUNEAU INTL ARPT,JUNEAU INTL ARPT
AIRPORT,PALM SPRINGS INTL,PALM SPRINGS INTL
AIRPORT,CHARLES M. SCHULZ-SONOMA COUNTY ARPT,CHARLES M. SCHULZ-SONOMA COUNTY ARPT
AIRPORT,ANN ARBOR MUNICIPAL,ANN ARBOR MUNICIPAL
AIRPORT,WESTFIELD-BARNES MUNICIPAL ARPT,WESTFIELD-BARNES MUNICIPAL ARPT
AIRPORT,MONROE REGIONAL ARPT,MONROE REGIONAL ARPT
AIRPORT,WICHITA DWIGHT D EISENHOWER NATL ARPT,WICHITA DWIGHT D EISENHOWER NATL ARPT
AIRPORT,LANAI ARPT,LANAI ARPT
AIRPORT,GULFPORT-BILOXI INTL APRT,GULFPORT-BILOXI INTL APRT
AIRPORT,WILLIAM M TUCK ARPT,WILLIAM M TUCK ARPT
AIRPORT,VERO BEACH MUNICIPAL,VERO BEACH MUNICIPAL
AIRPORT,KETCHIKAN INTL ARPT,KETCHIKAN INTL ARPT
AIRPORT,TUSCALOOSA REGIONAL ARPT,TUSCALOOSA REGIONAL ARPT
AIRPORT,BRAINERD LAKES REGIONAL ARPT,BRAINERD LAKES REGIONAL ARPT
AIRPORT,WRANGELL ARPT,WRANGELL ARPT
AIRPORT,LAKE TAHOE ARPT,LAKE TAHOE ARPT
AIRPORT,RALPH WIEN MEMORIAL ARPT,RALPH WIEN MEMORIAL ARPT
AIRPORT,HOUMA-TERREBONNE ARPT,HOUMA-TERREBONNE ARPT
AIRPORT,PUEBLO MEMORIAL ARPT,PUEBLO MEMORIAL ARPT
AIRPORT,RICHMOND INTL,RICHMOND INTL
AIRPORT,DUPAGE AIRPORT,DUPAGE AIRPORT
AIRPORT,KEY FIELD AIRPORT,KEY FIELD AIRPORT
AIRPORT,WESTCHESTER COUNTY ARPT,WESTCHESTER COUNTY ARPT
AIRPORT,ELIZABETH CITY CGAS/REGIONAL ARPT,ELIZABETH CITY CGAS/REGIONAL ARPT
AIRPORT,CRAIG MUNICIPAL ARPT,CRAIG MUNICIPAL ARPT
AIRPORT,AKRON-CANTON REGIONAL,AKRON-CANTON REGIONAL
AIRPORT,RICK HUSBAND AMARILLO INTL,RICK HUSBAND AMARILLO INTL
AIRPORT,READING REGNL ARPT/CARL A SPAATZ FIELD,READING REGNL ARPT/CARL A SPAATZ FIELD
AIRPORT,JACK BROOKS REGIONAL ARPT,JACK BROOKS REGIONAL ARPT
AIRPORT,CINCINNATI MUNI ARPT-LUNKEN FIELD,CINCINNATI MUNI ARPT-LUNKEN FIELD
AIRPORT,LAKE IN THE HILLS,LAKE IN THE HILLS
AIRPORT,MANASSAS REGNL ARPT/HARRY P. DAVIS FIELD,MANASSAS REGNL ARPT/HARRY P. DAVIS FIELD
AIRPORT,OGDEN-HINCKLEY ARPT,OGDEN-HINCKLEY ARPT
AIRPORT,MINOT INTL AIRPORT,MINOT INTL AIRPORT
AIRPORT,PHOENIX SKY HARBOR INTL ARPT,PHOENIX SKY HARBOR INTL ARPT
AIRPORT,BANGOR INTL,BANGOR INTL
AIRPORT,NORWOOD MEMORIAL ARPT,NORWOOD MEMORIAL ARPT
AIRPORT,SAN ANGELO REGNL ARPT/MATHIS FIELD,SAN ANGELO REGNL ARPT/MATHIS FIELD
AIRPORT,MERRILL FIELD ARPT,MERRILL FIELD ARPT
AIRPORT,PORTLAND-HILLSBORO ARPT,PORTLAND-HILLSBORO ARPT
AIRPORT,ALLEGHENY COUNTY ARPT,ALLEGHENY COUNTY ARPT
AIRPORT,MCGHEE TYSON ARPT,MCGHEE TYSON ARPT
AIRPORT,ST. PAUL DOWNTOWN ARPT/HOLMAN FIELD,ST. PAUL DOWNTOWN ARPT/HOLMAN FIELD
AIRPORT,TORONTO/LESTER B. PEARSON INTL,TORONTO/LESTER B. PEARSON INTL
AIRPORT,GARY/CHICAGO INTL ARPT,GARY/CHICAGO INTL ARPT
AIRPORT,EVANSVILLE REGIONAL,EVANSVILLE REGIONAL
AIRPORT,KENT STATE UNIVERSITY,KENT STATE UNIVERSITY
AIRPORT,EASTERWOOD FIELD AIRPORT,EASTERWOOD FIELD AIRPORT
AIRPORT,BRACKETT FIELD ARPT,BRACKETT FIELD ARPT
AIRPORT,CYRIL E KING ARPT,CYRIL E KING ARPT
AIRPORT,BOWMAN FIELD,BOWMAN FIELD
AIRPORT,OTTUMWA REGIONAL ARPT,OTTUMWA REGIONAL ARPT
AIRPORT,FRESNO YOSEMITE INTL,FRESNO YOSEMITE INTL
AIRPORT,BRAWLEY MUNICIPAL,BRAWLEY MUNICIPAL
AIRPORT,NOME ARPT,NOME ARPT
AIRPORT,REID-HILLVIEW ARPT OF SANTA CLARA CNTY,REID-HILLVIEW ARPT OF SANTA CLARA CNTY
AIRPORT,MORRISTOWN MUNICIPAL ARPT,MORRISTOWN MUNICIPAL ARPT
AIRPORT,OLINGER AIRPARK,OLINGER AIRPARK
AIRPORT,TRENTON MERCER ARPT,TRENTON MERCER ARPT
AIRPORT,JOHNSTON ATOLL ARPT,JOHNSTON ATOLL ARPT
AIRPORT,MCNARY FLD ARPT,MCNARY FLD ARPT
AIRPORT,LAWRENCE J TIMMERMAN ARPT,LAWRENCE J TIMMERMAN ARPT
AIRPORT,DULUTH INTL ARPT,DULUTH INTL ARPT
AIRPORT,ROGERS MUNICIPAL ARPT-CARTER FIELD,ROGERS MUNICIPAL ARPT-CARTER FIELD
AIRPORT,NEW CASTLE COUNTY,NEW CASTLE COUNTY
AIRPORT,HECTOR INTERNATIONAL,HECTOR INTERNATIONAL
AIRPORT,PERSON COUNTY ARPT,PERSON COUNTY ARPT
AIRPORT,SPRINGFIELD-BRANSON NATIONAL,SPRINGFIELD-BRANSON NATIONAL
AIRPORT,LAKELAND ARPT/NOBLE F. LEE MEMORIAL FIELD,LAKELAND ARPT/NOBLE F. LEE MEMORIAL FIELD
AIRPORT,TYLER POUNDS REGIONAL ARPT,TYLER POUNDS REGIONAL ARPT
AIRPORT,FORT WAYNE INTL,FORT WAYNE INTL
AIRPORT,WHEELING OHIO COUNTY ARPT,WHEELING OHIO COUNTY ARPT
AIRPORT,CROOKSTON MUNI ARPT-KIRKWOOD FIELD,CROOKSTON MUNI ARPT-KIRKWOOD FIELD
AIRPORT,DRUMMOND ISLAND ARPT,DRUMMOND ISLAND ARPT
AIRPORT,MONTREAL/PIERRE-ELLIOTT-TRUDEAU INTL,MONTREAL/PIERRE-ELLIOTT-TRUDEAU INTL
AIRPORT,ORLANDO SANFORD INTL ARPT,ORLANDO SANFORD INTL ARPT
AIRPORT,BEVERLY MUNICIPAL ARPT,BEVERLY MUNICIPAL ARPT
AIRPORT,YOUNGSTOWN-WARREN RGNL ARPT,YOUNGSTOWN-WARREN RGNL ARPT
AIRPORT,NORTHEAST FLORIDA REGIONAL,NORTHEAST FLORIDA REGIONAL
AIRPORT,MC ALLEN MILLER INTL,MC ALLEN MILLER INTL
AIRPORT,LAWRENCE MUNICIPAL ARPT (MA),LAWRENCE MUNICIPAL ARPT (MA)
AIRPORT,BURLINGTON INTL,BURLINGTON INTL
AIRPORT,UNIV OF ILLINOIS -WILLARD ARPT,UNIV OF ILLINOIS -WILLARD ARPT
AIRPORT,NORTHWEST ALABAMA REGIONAL ARPT,NORTHWEST ALABAMA REGIONAL ARPT
AIRPORT,DUBOIS REGIONAL ARPT,DUBOIS REGIONAL ARPT
AIRPORT,MIDLAND INTL,MIDLAND INTL
AIRPORT,VAN NUYS ARPT,VAN NUYS ARPT
AIRPORT,NAPA COUNTY ARPT,NAPA COUNTY ARPT
AIRPORT,LAS AMERICAS INTERNATIONAL AIRPORT,LAS AMERICAS INTERNATIONAL AIRPORT
AIRPORT,BISHOP INTL ARPT,BISHOP INTL ARPT
AIRPORT,CENTENNIAL ARPT,CENTENNIAL ARPT
AIRPORT,SIOUX GATEWAY ARPT/COL. BUD DAY FIELD,SIOUX GATEWAY ARPT/COL. BUD DAY FIELD
AIRPORT,TALLAHASSEE INTERNATIONAL AIRPORT,TALLAHASSEE INTERNATIONAL AIRPORT
AIRPORT,VISALIA MUNICIPAL ARPT,VISALIA MUNICIPAL ARPT
AIRPORT,TUPELO REGIONAL ARPT,TUPELO REGIONAL ARPT
AIRPORT,SHEPPARD AFB/WICHITA FALLS MUNI ARPT,SHEPPARD AFB/WICHITA FALLS MUNI ARPT
AIRPORT,WILLIAMSPORT REGIONAL ARPT,WILLIAMSPORT REGIONAL ARPT
AIRPORT,SALINAS MUNICIPAL ARPT,SALINAS MUNICIPAL ARPT
AIRPORT,FORT WORTH MEACHAM INTL ARPT,FORT WORTH MEACHAM INTL ARPT
AIRPORT,BOISE AIR TERMINAL/GOWEN FIELD,BOISE AIR TERMINAL/GOWEN FIELD
AIRPORT,ACADIANA REGIONAL ARPT,ACADIANA REGIONAL ARPT
AIRPORT,YAKUTAT ARPT,YAKUTAT ARPT
AIRPORT,ROCKY MOUNT-WILSON REGNL ARPT,ROCKY MOUNT-WILSON REGNL ARPT
AIRPORT,SACRAMENTO EXECUTIVE ARPT,SACRAMENTO EXECUTIVE ARPT
AIRPORT,GREENVILLE-SPARTANBURG INTL,GREENVILLE-SPARTANBURG INTL
AIRPORT,ROBEN-HOOD ARPT,ROBEN-HOOD ARPT
AIRPORT,WORCESTER REGIONAL,WORCESTER REGIONAL
AIRPORT,TRI-STATE ARPT/MILTON J. FERGUSON FIELD,TRI-STATE ARPT/MILTON J. FERGUSON FIELD
AIRPORT,YAMPA VALLEY,YAMPA VALLEY
AIRPORT,ESSEX SKYPARK,ESSEX SKYPARK
AIRPORT,BENITO JUAREZ INTL,BENITO JUAREZ INTL
AIRPORT,QUONSET STATE ARPT,QUONSET STATE ARPT
AIRPORT,MONTGOMERY REGIONAL ARPT,MONTGOMERY REGIONAL ARPT
AIRPORT,BROWNSVILLE/SOUTH PADRE ISLAND INTL ARPT,BROWNSVILLE/SOUTH PADRE ISLAND INTL ARPT
AIRPORT,AUSTIN MUNICIPAL,AUSTIN MUNICIPAL
AIRPORT,SNOHOMISH CO (PAINE FIELD),SNOHOMISH CO (PAINE FIELD)
AIRPORT,CITY OF COLORADO SPRINGS MUNI APRT,CITY OF COLORADO SPRINGS MUNI APRT
AIRPORT,MYRTLE BEACH INTL,MYRTLE BEACH INTL
AIRPORT,OHIO STATE UNIVERSITY,OHIO STATE UNIVERSITY
AIRPORT,MASSENA INTL ARPT-RICHARDS FIELD,MASSENA INTL ARPT-RICHARDS FIELD
AIRPORT,BILLINGS LOGAN INTL,BILLINGS LOGAN INTL
AIRPORT,MERCEDITA ARPT,MERCEDITA ARPT
AIRPORT,ST LOUIS DOWNTOWN,ST LOUIS DOWNTOWN
AIRPORT,MOUNT HAWLEY AUXILIARY ARPT,MOUNT HAWLEY AUXILIARY ARPT
AIRPORT,OUTAGAMIE COUNTY REGIONAL,OUTAGAMIE COUNTY REGIONAL
AIRPORT,L O SIMENSTAD MUNICIPAL ARPT,L O SIMENSTAD MUNICIPAL ARPT
AIRPORT,TOPEKA REGIONAL AIRPORT,TOPEKA REGIONAL AIRPORT
AIRPORT,BLUE GRASS ARPT,BLUE GRASS ARPT
AIRPORT,TWEED-NEW HAVEN ARPT,TWEED-NEW HAVEN ARPT
AIRPORT,GRIFFIN-SPALDING CO,GRIFFIN-SPALDING CO
AIRPORT,TOCUMEN INTL,TOCUMEN INTL
AIRPORT,STATESBORO -BULLOCH COUNTY ARPT,STATESBORO -BULLOCH COUNTY ARPT
AIRPORT,EAST TEXAS REGIONAL ARPT,EAST TEXAS REGIONAL ARPT
AIRPORT,JACK MCNAMARA FIELD ARPT,JACK MCNAMARA FIELD ARPT
AIRPORT,SKYLARK FIELD,SKYLARK FIELD
AIRPORT,JACK EDWARDS ARPT,JACK EDWARDS ARPT
AIRPORT,BROWN FIELD MUNICIPAL ARPT,BROWN FIELD MUNICIPAL ARPT
AIRPORT,THIEF RIVER FALLS REGIONAL,THIEF RIVER FALLS REGIONAL
AIRPORT,JOSÉ JOAQUÍN DE OLMEDO INTERNATIONAL AIRPORT,JOSÉ JOAQUÍN DE OLMEDO INTERNATIONAL AIRPORT
AIRPORT,MACKINAC ISLAND ARPT,MACKINAC ISLAND ARPT
AIRPORT,PUERTO PLATA INTL,PUERTO PLATA INTL
AIRPORT,MUSKEGON COUNTY ARPT,MUSKEGON COUNTY ARPT
AIRPORT,WATERBURY-OXFORD ARPT,WATERBURY-OXFORD ARPT
AIRPORT,KENTUCKY DAM STATE PARK,KENTUCKY DAM STATE PARK
AIRPORT,LIVERMORE MUNICIPAL ARPT,LIVERMORE MUNICIPAL ARPT
AIRPORT,CENTRAL WISCONSIN ARPT,CENTRAL WISCONSIN ARPT
AIRPORT,MACON DOWNTOWN ARPT,MACON DOWNTOWN ARPT
AIRPORT,ESSEX COUNTY AIRPORT,ESSEX COUNTY AIRPORT
AIRPORT,MC COMB (PIKE COUNTY) ARPT,MC COMB (PIKE COUNTY) ARPT
AIRPORT,COLEMAN A YOUNG MUNICIPAL ARPT,COLEMAN A YOUNG MUNICIPAL ARPT
AIRPORT,SYDNEY INTL ARPT,SYDNEY INTL ARPT
AIRPORT,SANGSTER INTL,SANGSTER INTL
AIRPORT,HIGGINSVILLE INDUSTRIAL MUNICIPAL ARPT,HIGGINSVILLE INDUSTRIAL MUNICIPAL ARPT
AIRPORT,RICHARD B RUSSELL,RICHARD B RUSSELL
AIRPORT,WALLOPS FLIGHT FACILITY,WALLOPS FLIGHT FACILITY
AIRPORT,KETCHIKAN HARBOR (SPB),KETCHIKAN HARBOR (SPB)
AIRPORT,ANOKA COUNTY-BLAINE,ANOKA COUNTY-BLAINE
AIRPORT,REMOTE_WATER,REMOTE_WATER
AIRPORT,SAN LUIS COUNTY REGIONAL ARPT,SAN LUIS COUNTY REGIONAL ARPT
AIRPORT,BETHEL ARPT,BETHEL ARPT
AIRPORT,ABILENE REGIONAL ARPT,ABILENE REGIONAL ARPT
AIRPORT,TREASURE COAST INTERNATIONAL AIRPORT,TREASURE COAST INTERNATIONAL AIRPORT
AIRPORT,MURRAY FIELD AIRPORT,MURRAY FIELD AIRPORT
AIRPORT,PANAMA PACIFIC INTL ARPT,PANAMA PACIFIC INTL ARPT
AIRPORT,WILKES COUNTY AIRPORT,WILKES COUNTY AIRPORT
AIRPORT,LANCASTER ARPT (PA),LANCASTER ARPT (PA)
AIRPORT,SALINA REGIONAL AIRPORT,SALINA REGIONAL AIRPORT
AIRPORT,MINISTRO PISTARINI,MINISTRO PISTARINI
AIRPORT,AUBURN MUNICIPAL ARPT (WA),AUBURN MUNICIPAL ARPT (WA)
AIRPORT,GREENBRIER VALLEY ARPT,GREENBRIER VALLEY ARPT
AIRPORT,NORTHEAST PHILADELPHIA ARPT,NORTHEAST PHILADELPHIA ARPT
AIRPORT,SAND POINT ARPT,SAND POINT ARPT
AIRPORT,OCEAN CITY MUNICIPAL (NJ),OCEAN CITY MUNICIPAL (NJ)
AIRPORT,SOUTHERN WISCONSIN REGIONAL ARPT,SOUTHERN WISCONSIN REGIONAL ARPT
AIRPORT,OIL RIG,OIL RIG
AIRPORT,KONA INTL ARPT AT KEAHOLE,KONA INTL ARPT AT KEAHOLE
AIRPORT,CHINO AIRPORT,CHINO AIRPORT
AIRPORT,MARTHA'S VINEYARD,MARTHA'S VINEYARD
AIRPORT,PUERTO VALLARTA,PUERTO VALLARTA
AIRPORT,ROBERT NEWLON FIELD,ROBERT NEWLON FIELD
AIRPORT,TEXARKANA-WEBB FIELD,TEXARKANA-WEBB FIELD
AIRPORT,DECATUR ARPT,DECATUR ARPT
AIRPORT,COASTAL CAROLINA REGIONAL ARPT,COASTAL CAROLINA REGIONAL ARPT
AIRPORT,KENAI MUNICIPAL ARPT,KENAI MUNICIPAL ARPT
AIRPORT,CHICO MUNICIPAL ARPT,CHICO MUNICIPAL ARPT
AIRPORT,WARSAW MUNICIPAL (IN),WARSAW MUNICIPAL (IN)
AIRPORT,KODIAK AIRPORT,KODIAK AIRPORT
AIRPORT,EDWARDS AIR FORCE BASE,EDWARDS AIR FORCE BASE
AIRPORT,CUYAHOGA COUNTY ARPT,CUYAHOGA COUNTY ARPT
AIRPORT,HEMET-RYAN ARPT,HEMET-RYAN ARPT
AIRPORT,OWOSSO COMMUNITY ARPT,OWOSSO COMMUNITY ARPT
AIRPORT,LAKE HOOD STRIP ARPT,LAKE HOOD STRIP ARPT
AIRPORT,LEWISTON-NEZ PERCE CO ARPT,LEWISTON-NEZ PERCE CO ARPT
AIRPORT,BOWLING GREEN-WARREN COUNTY REGNL ARPT,BOWLING GREEN-WARREN COUNTY REGNL ARPT
AIRPORT,MONROE COUNTY,MONROE COUNTY
AIRPORT,VANCOUVER INTL,VANCOUVER INTL
AIRPORT,MORGANTOWN MUNICIPAL ARPT-WALTER L. BILL HART FIELD,MORGANTOWN MUNICIPAL ARPT-WALTER L. BILL HART FIELD
AIRPORT,ESLER REGIONAL ARPT,ESLER REGIONAL ARPT
AIRPORT,NANTUCKET MEMORIAL,NANTUCKET MEMORIAL
AIRPORT,NORTH CENTRAL WEST VIRGINIA ARPT,NORTH CENTRAL WEST VIRGINIA ARPT
AIRPORT,MID-OHIO VALLEY REGIONAL,MID-OHIO VALLEY REGIONAL
AIRPORT,ELIZABETH FIELD ARPT,ELIZABETH FIELD ARPT
AIRPORT,NEWPORT MUNICIPAL ARPT (AK),NEWPORT MUNICIPAL ARPT (AK)
AIRPORT,BEMIDJI REGIONAL ARPT,BEMIDJI REGIONAL ARPT
AIRPORT,CHENNAULT INTL ARPT,CHENNAULT INTL ARPT
AIRPORT,EAGLE CREEK AIRPARK,EAGLE CREEK AIRPARK
AIRPORT,ALBERT J ELLIS,ALBERT J ELLIS
AIRPORT,FALLS INTL ARPT,FALLS INTL ARPT
AIRPORT,JERRY TYLER MEMORIAL,JERRY TYLER MEMORIAL
AIRPORT,ORANJESTAD/REINA BEA,ORANJESTAD/REINA BEA
AIRPORT,FENTRESS AIRPARK,FENTRESS AIRPARK
AIRPORT,ANGELINA COUNTY,ANGELINA COUNTY
AIRPORT,ROTA,ROTA
AIRPORT,JOPLIN REGIONAL,JOPLIN REGIONAL
AIRPORT,JOE FOSS FIELD ARPT,JOE FOSS FIELD ARPT
AIRPORT,ASHLAND MUNI ARPT- SUMNER PARKER FLD,ASHLAND MUNI ARPT- SUMNER PARKER FLD
AIRPORT,ROCKY MOUNTAIN METROPOLITAN ARPT,ROCKY MOUNTAIN METROPOLITAN ARPT
AIRPORT,SIDNEY MUNI ARPT/LLOYD W. CARR FIELD,SIDNEY MUNI ARPT/LLOYD W. CARR FIELD
AIRPORT,ROBT J MILLER AIR PARK,ROBT J MILLER AIR PARK
AIRPORT,TOLEDO SUBURBAN ARPT,TOLEDO SUBURBAN ARPT
AIRPORT,MEADOWS FIELD ARPT,MEADOWS FIELD ARPT
AIRPORT,HAMPTON ROADS EXECUTIVE,HAMPTON ROADS EXECUTIVE
AIRPORT,ZURICH,ZURICH
AIRPORT,JACKSON COUNTY ARPT-REYNOLDS FIELD,JACKSON COUNTY ARPT-REYNOLDS FIELD
AIRPORT,WATERLOO REGIONAL ARPT,WATERLOO REGIONAL ARPT
AIRPORT,HORACE WILLIAMS ARPT,HORACE WILLIAMS ARPT
AIRPORT,REDDING MUNICIPAL,REDDING MUNICIPAL
AIRPORT,PATRICK AIR FORCE BASE,PATRICK AIR FORCE BASE
AIRPORT,CAPE GIRARDEAU REGIONAL ARPT,CAPE GIRARDEAU REGIONAL ARPT
AIRPORT,ONA AIRPARK ARPT,ONA AIRPARK ARPT
AIRPORT,BIG DUKES PLACE,BIG DUKES PLACE
AIRPORT,TULIP CITY ARPT,TULIP CITY ARPT
AIRPORT,CENTRAL NEBRASKA REGIONAL,CENTRAL NEBRASKA REGIONAL
AIRPORT,NORWALK-HURON COUNTY,NORWALK-HURON COUNTY
AIRPORT,MISSOULA INTL ARPT,MISSOULA INTL ARPT
AIRPORT,BISMARCK MUNICIPAL ARPT,BISMARCK MUNICIPAL ARPT
AIRPORT,FRANKFURT MAIN,FRANKFURT MAIN
AIRPORT,MENOMINEE-MARINETTE TWIN CO ARPT,MENOMINEE-MARINETTE TWIN CO ARPT
AIRPORT,PIERRE REGIONAL ARPT,PIERRE REGIONAL ARPT
AIRPORT,INDIRA GANDHI INTL,INDIRA GANDHI INTL
AIRPORT,MANSFIELD LAHM MUNICIPAL,MANSFIELD LAHM MUNICIPAL
AIRPORT,BELLINGHAM INTL,BELLINGHAM INTL
AIRPORT,ELLINGTON FIELD ARPT,ELLINGTON FIELD ARPT
AIRPORT,FITCH H BEACH ARPT,FITCH H BEACH ARPT
AIRPORT,POMPANO BEACH AIRPARK,POMPANO BEACH AIRPARK
AIRPORT,STELLAR AIRPARK,STELLAR AIRPARK
AIRPORT,ROCK RAPIDS MUNICIPAL ARPT,ROCK RAPIDS MUNICIPAL ARPT
AIRPORT,BERLIN TEGEL,BERLIN TEGEL
AIRPORT,TRI-STATE STEUBEN COUNTY ARPT,TRI-STATE STEUBEN COUNTY ARPT
AIRPORT,WATERTOWN REGIONAL ARPT,WATERTOWN REGIONAL ARPT
AIRPORT,EVERETT-STEWART REGIONAL ARPT,EVERETT-STEWART REGIONAL ARPT
AIRPORT,LYNCHBURG REGNL ARPT/PRESTON GLENN FIELD,LYNCHBURG REGNL ARPT/PRESTON GLENN FIELD
AIRPORT,MASON CITY MUNICIPAL,MASON CITY MUNICIPAL
AIRPORT,ZAMPERINI FIELD ARPT,ZAMPERINI FIELD ARPT
AIRPORT,ABRAMS MUNICIPAL ARPT,ABRAMS MUNICIPAL ARPT
AIRPORT,GREENVILLE DOWNTOWN ARPT,GREENVILLE DOWNTOWN ARPT
AIRPORT,GREENVILLE MUNICIPAL,GREENVILLE MUNICIPAL
AIRPORT,LAWRENCE MUNICIPAL  ARPT (KS),LAWRENCE MUNICIPAL  ARPT (KS)
AIRPORT,SALISBURY-OCEAN CITY WICOMICO REGNL ARPT,SALISBURY-OCEAN CITY WICOMICO REGNL ARPT
AIRPORT,KINGSTON-ULSTER ARPT,KINGSTON-ULSTER ARPT
AIRPORT,ASPEN-PITKIN COUNTY ARPT/SARDY FIELD,ASPEN-PITKIN COUNTY ARPT/SARDY FIELD
AIRPORT,JOHNSON COUNTY EXECUTIVE ARPT,JOHNSON COUNTY EXECUTIVE ARPT
AIRPORT,DRAKE FIELD ARPT,DRAKE FIELD ARPT
AIRPORT,GRAND CANYON NATIONAL,GRAND CANYON NATIONAL
AIRPORT,HUTCHINSON MUNICIPAL,HUTCHINSON MUNICIPAL
AIRPORT,MONTGOMERY-GIBBS EXECUTIVE AIRPORT,MONTGOMERY-GIBBS EXECUTIVE AIRPORT
AIRPORT,HANA ARPT,HANA ARPT
AIRPORT,GEN JUAN ALVAREZ INTL ARPT,GEN JUAN ALVAREZ INTL ARPT
AIRPORT,VENANGO REGIONAL,VENANGO REGIONAL
AIRPORT,MADISON COUNTY EXECUTIVE ARPT/TOM SHARP JR FIELD,MADISON COUNTY EXECUTIVE ARPT/TOM SHARP JR FIELD
AIRPORT,SKY PARK,SKY PARK
AIRPORT,MOBILE DOWNTOWN ARPT,MOBILE DOWNTOWN ARPT
AIRPORT,VENICE MUNICIPAL AIRPORT,VENICE MUNICIPAL AIRPORT
AIRPORT,WEST GEORGIA REGNL ARPT-O V GRAY FIELD,WEST GEORGIA REGNL ARPT-O V GRAY FIELD
AIRPORT,MIDDLE GEORGIA REGIONAL,MIDDLE GEORGIA REGIONAL
AIRPORT,COEUR D'ALENE ARPT-PAPPY BOYINGTON FIELD,COEUR D'ALENE ARPT-PAPPY BOYINGTON FIELD
AIRPORT,MERRIT ISLAND ARPT,MERRIT ISLAND ARPT
AIRPORT,HAYWARD EXECUTIVE ARPT,HAYWARD EXECUTIVE ARPT
AIRPORT,WILLIAM R FAIRCHILD INTL ARPT,WILLIAM R FAIRCHILD INTL ARPT
AIRPORT,PUNTA CANA INTL,PUNTA CANA INTL
AIRPORT,GREENVILLE MID-DELTA ARPT,GREENVILLE MID-DELTA ARPT
AIRPORT,MOODY AIR FORCE BASE,MOODY AIR FORCE BASE
AIRPORT,HATTIESBURG-LAUREL,HATTIESBURG-LAUREL
AIRPORT,OSWEGO COUNTY,OSWEGO COUNTY
AIRPORT,QUANTICO MCAF/TURNER FIELD,QUANTICO MCAF/TURNER FIELD
AIRPORT,OWENSBORO-DAVIESS,OWENSBORO-DAVIESS
AIRPORT,MERCED MUNICIPAL,MERCED MUNICIPAL
AIRPORT,MERLE K (MUDHOLE) SMITH ARPT,MERLE K (MUDHOLE) SMITH ARPT
AIRPORT,GRATIOT COMMUNITY,GRATIOT COMMUNITY
AIRPORT,CENTRAL INDUSTRIES,CENTRAL INDUSTRIES
AIRPORT,KARNES COUNTY ARPT,KARNES COUNTY ARPT
AIRPORT,BOTTINEAU MUNICIPAL ARPT,BOTTINEAU MUNICIPAL ARPT
AIRPORT,BEAVER COUNTY ARPT,BEAVER COUNTY ARPT
AIRPORT,WAUPACA MUNICIPAL ARPT,WAUPACA MUNICIPAL ARPT
AIRPORT,SAWYER INTL,SAWYER INTL
AIRPORT,HENRY E ROHLSEN ARPT,HENRY E ROHLSEN ARPT
AIRPORT,MCGEHEE CATFISH REST,MCGEHEE CATFISH REST
AIRPORT,BRITTON MUNICIPAL ARPT SD,BRITTON MUNICIPAL ARPT SD
AIRPORT,COLUMBIA ARPT,COLUMBIA ARPT
AIRPORT,DELTA COUNTY ARPT,DELTA COUNTY ARPT
AIRPORT,SAN MARCOS MUNICIPAL ARPT,SAN MARCOS MUNICIPAL ARPT
AIRPORT,LE SUEUR MUNICIPAL,LE SUEUR MUNICIPAL
AIRPORT,EARECKSON AIR STATION,EARECKSON AIR STATION
AIRPORT,MISSION SIOUX ARPT,MISSION SIOUX ARPT
AIRPORT,DEADHORSE ARPT,DEADHORSE ARPT
AIRPORT,DE KALB COUNTY ARPT,DE KALB COUNTY ARPT
AIRPORT,MESQUITE METRO ARPT,MESQUITE METRO ARPT
AIRPORT,BOIRE FIELD,BOIRE FIELD
AIRPORT,TONCONTIN INTL,TONCONTIN INTL
AIRPORT,SCHUYKILL COUNTY (JOE ZERBEY) ARPT,SCHUYKILL COUNTY (JOE ZERBEY) ARPT
AIRPORT,FALCON FIELD ARPT,FALCON FIELD ARPT
AIRPORT,ALPENA COUNTY REG,ALPENA COUNTY REG
AIRPORT,JACKSON HOLE,JACKSON HOLE
AIRPORT,DARE COUNTY REGIONAL ARPT,DARE COUNTY REGIONAL ARPT
AIRPORT,SONORA MUNICIPAL ARPT,SONORA MUNICIPAL ARPT
AIRPORT,MAURY COUNTY ARPT,MAURY COUNTY ARPT
AIRPORT,ORLY,ORLY
AIRPORT,LEESBURG EXECUTIVE ARPT,LEESBURG EXECUTIVE ARPT
AIRPORT,TYLER COUNTY ARPT,TYLER COUNTY ARPT
AIRPORT,KIRKSVILLE REGIONAL,KIRKSVILLE REGIONAL
AIRPORT,EUGENIO MARIA DE HOSTOS ARPT,EUGENIO MARIA DE HOSTOS ARPT
AIRPORT,BOULDER MUNICIPAL,BOULDER MUNICIPAL
AIRPORT,CHATHAM MUNICIPAL ARPT,CHATHAM MUNICIPAL ARPT
AIRPORT,ADIRONDACK REGIONAL ARPT,ADIRONDACK REGIONAL ARPT
AIRPORT,ARCO HIGH ISLAND HELIPORT,ARCO HIGH ISLAND HELIPORT
AIRPORT,LA JUNTA MUNICIPAL ARPT,LA JUNTA MUNICIPAL ARPT
AIRPORT,GENERAL ESCOBEDO INTL,GENERAL ESCOBEDO INTL
AIRPORT,QUINCY REGIONAL ARPT - BALDWIN FLD,QUINCY REGIONAL ARPT - BALDWIN FLD
AIRPORT,MARSHFIELD MUNI ARPT-GEORGE HARLOW FIELD,MARSHFIELD MUNI ARPT-GEORGE HARLOW FIELD
AIRPORT,SANTA MARIA PUBLIC ARPT/CAPT G ALLAN HANCOCK FIELD,SANTA MARIA PUBLIC ARPT/CAPT G ALLAN HANCOCK FIELD
AIRPORT,CROSS KEYS ARPT,CROSS KEYS ARPT
AIRPORT,PETER O KNIGHT ARPT,PETER O KNIGHT ARPT
AIRPORT,LITTLE LAKE HELIPORT,LITTLE LAKE HELIPORT
AIRPORT,NUT TREE AIRPORT,NUT TREE AIRPORT
AIRPORT,LAWTON-FORT SILL REGIONAL ARPT,LAWTON-FORT SILL REGIONAL ARPT
AIRPORT,MOLOKAI ARPT,MOLOKAI ARPT
AIRPORT,TOLEDO EXECUTIVE ARPT,TOLEDO EXECUTIVE ARPT
AIRPORT,KELLEYS ISLAND LAND FIELD ARPT,KELLEYS ISLAND LAND FIELD ARPT
AIRPORT,PAYSON ARPT,PAYSON ARPT
AIRPORT,GROSSE ILE MUNICIPAL ARPT,GROSSE ILE MUNICIPAL ARPT
AIRPORT,SMITH FIELD ARPT,SMITH FIELD ARPT
AIRPORT,GRANT COUNTY REGNL ARPT/OGILVIE FIELD,GRANT COUNTY REGNL ARPT/OGILVIE FIELD
AIRPORT,KENOSHA REGIONAL ARPT,KENOSHA REGIONAL ARPT
AIRPORT,AEROFLEX-ANDOVER,AEROFLEX-ANDOVER
AIRPORT,BROOKVILLE AIR-PARK,BROOKVILLE AIR-PARK
AIRPORT,MODESTO CITY-COUNTY ARPT-HARRY SHAM FIELD,MODESTO CITY-COUNTY ARPT-HARRY SHAM FIELD
AIRPORT,TAIBEI INTL,TAIBEI INTL
AIRPORT,RENTON MUNICIPAL ARPT,RENTON MUNICIPAL ARPT
AIRPORT,KNOX COUNTY REGIONAL,KNOX COUNTY REGIONAL
AIRPORT,KIRSCH MUNICIPAL ARPT,KIRSCH MUNICIPAL ARPT
AIRPORT,EL SALVADOR INTL,EL SALVADOR INTL
AIRPORT,CRYSTAL ARPT,CRYSTAL ARPT
AIRPORT,CHARLES R JOHNSON ARPT,CHARLES R JOHNSON ARPT
AIRPORT,MARION COUNTY ARPT,MARION COUNTY ARPT
AIRPORT,STUTTGART MUNICIPAL ARPT,STUTTGART MUNICIPAL ARPT
AIRPORT,PRINCESS JULIANA,PRINCESS JULIANA
AIRPORT,RUTLAND-SOUTHERN VERMONT REGNL ARPT,RUTLAND-SOUTHERN VERMONT REGNL ARPT
AIRPORT,PIKE COUNTY ARPT,PIKE COUNTY ARPT
AIRPORT,LANSING MUNICIPAL ARPT,LANSING MUNICIPAL ARPT
AIRPORT,INDIANAPOLIS EXECUTIVE ARPT,INDIANAPOLIS EXECUTIVE ARPT
AIRPORT,MILLVILLE MUNICIPAL ARPT,MILLVILLE MUNICIPAL ARPT
AIRPORT,GUAM INTL ARPT,GUAM INTL ARPT
AIRPORT,SKY ACRES AIRPORT,SKY ACRES AIRPORT
AIRPORT,ATAURK INTL,ATAURK INTL
AIRPORT,BROWNWOOD REGIONAL ARPT,BROWNWOOD REGIONAL ARPT
AIRPORT,FLYING CLOUD ARPT,FLYING CLOUD ARPT
AIRPORT,BRUNSWICK GOLDEN ISLES,BRUNSWICK GOLDEN ISLES
AIRPORT,FELTS FIELD ARPT,FELTS FIELD ARPT
AIRPORT,JOHN H BATTEN ARPT,JOHN H BATTEN ARPT
AIRPORT,SHREVEPORT DOWNTOWN ARPT,SHREVEPORT DOWNTOWN ARPT
AIRPORT,LEE'S SUMMIT MUNICIPAL ARPT,LEE'S SUMMIT MUNICIPAL ARPT
AIRPORT,CHADRON MUNICIPAL ARPT,CHADRON MUNICIPAL ARPT
AIRPORT,GOLDEN TRIANGLE REGIONAL,GOLDEN TRIANGLE REGIONAL
AIRPORT,GRAND STRAND ARPT,GRAND STRAND ARPT
AIRPORT,FINDLAY ARPT,FINDLAY ARPT
AIRPORT,CALI/VALLE,CALI/VALLE
AIRPORT,COBB COUNTY ARPT-MC COLLUM FIELD,COBB COUNTY ARPT-MC COLLUM FIELD
AIRPORT,BUFFALO AIRFIELD ARPT,BUFFALO AIRFIELD ARPT
AIRPORT,PETERSBURG JAMES A JOHNSON ARPT,PETERSBURG JAMES A JOHNSON ARPT
AIRPORT,VICTORIA REGIONAL,VICTORIA REGIONAL
AIRPORT,TACOMA NARROWS ARPT,TACOMA NARROWS ARPT
AIRPORT,WABASH MUNICIPAL ARPT,WABASH MUNICIPAL ARPT
AIRPORT,GALEAO INTL (RIO),GALEAO INTL (RIO)
AIRPORT,RUSK COUNTY ARPT,RUSK COUNTY ARPT
AIRPORT,CENTERVILLE MUNICIPAL ARPT,CENTERVILLE MUNICIPAL ARPT
AIRPORT,SOUTH EXPRESSWAY,SOUTH EXPRESSWAY
AIRPORT,CHANDLER MUNICIPAL ARPT,CHANDLER MUNICIPAL ARPT
AIRPORT,ROCKINGHAM COUNTY NC SHILOH ARPT,ROCKINGHAM COUNTY NC SHILOH ARPT
AIRPORT,SHOSHONE COUNTY ARPT,SHOSHONE COUNTY ARPT
AIRPORT,CONCORD AIRPARK,CONCORD AIRPARK
AIRPORT,WILLMAR MUNICIPAL-J RICE,WILLMAR MUNICIPAL-J RICE
AIRPORT,GRND GLAIZE-OSAGE BEACH,GRND GLAIZE-OSAGE BEACH
AIRPORT,SHEBOYGAN COUNTY MEMORIAL ARPT,SHEBOYGAN COUNTY MEMORIAL ARPT
AIRPORT,PULLMAN/MOSCOW REGIONAL ARPT,PULLMAN/MOSCOW REGIONAL ARPT
AIRPORT,CASPER/NATRONA COUNTY INTL ARPT,CASPER/NATRONA COUNTY INTL ARPT
AIRPORT,WALLA WALLA REGIONAL,WALLA WALLA REGIONAL
AIRPORT,MICHAEL J SMITH FIELD ARPT,MICHAEL J SMITH FIELD ARPT
AIRPORT,FORT WORTH ALLIANCE,FORT WORTH ALLIANCE
AIRPORT,EAST HAMPTON ARPT,EAST HAMPTON ARPT
AIRPORT,EASTON/NEWNAM FIELD ARPT,EASTON/NEWNAM FIELD ARPT
AIRPORT,STOCKTON METRO,STOCKTON METRO
AIRPORT,RHINELANDER-ONEIDA COUNTY,RHINELANDER-ONEIDA COUNTY
AIRPORT,HEATHROW - LONDON,HEATHROW - LONDON
AIRPORT,TAMPA EXECUTIVE ARPT,TAMPA EXECUTIVE ARPT
AIRPORT,SIMON BOLIVAR INTL,SIMON BOLIVAR INTL
AIRPORT,LEWIS UNIVERSITY ARPT,LEWIS UNIVERSITY ARPT
AIRPORT,ARNOLD PALMER REGIONAL,ARNOLD PALMER REGIONAL
AIRPORT,MCKINNEY NATIONAL ARPT,MCKINNEY NATIONAL ARPT
AIRPORT,SMYRNA ARPT,SMYRNA ARPT
AIRPORT,BUTLER COUNTY REGIONAL,BUTLER COUNTY REGIONAL
AIRPORT,OGDENSBURG INTL ARPT,OGDENSBURG INTL ARPT
AIRPORT,SPICEWOOD ARPT,SPICEWOOD ARPT
AIRPORT,EASTERN WEST VIRGINIA REGIONAL ARPT,EASTERN WEST VIRGINIA REGIONAL ARPT
AIRPORT,TAMPA BAY EXECUTIVE (CLOSED),TAMPA BAY EXECUTIVE (CLOSED)
AIRPORT,SLEEPY HOLLOW ARPT,SLEEPY HOLLOW ARPT
AIRPORT,PORTSMOUTH INTL ARPT AT PEASE,PORTSMOUTH INTL ARPT AT PEASE
AIRPORT,CHIPPEWA VALLEY REGIONAL ARPT,CHIPPEWA VALLEY REGIONAL ARPT
AIRPORT,JONESBORO MUNICIPAL ARPT,JONESBORO MUNICIPAL ARPT
AIRPORT,SOUTHERN ILLINOIS,SOUTHERN ILLINOIS
AIRPORT,PROVO MUNICIPAL ARPT,PROVO MUNICIPAL ARPT
AIRPORT,CRYSTAL RIVER AIRPORT,CRYSTAL RIVER AIRPORT
AIRPORT,BOMBAY/MUMBAI,BOMBAY/MUMBAI
AIRPORT,MID-AMERICA INDUSTRIAL,MID-AMERICA INDUSTRIAL
AIRPORT,JOHN MURTHA JOHNSTOWN-CAMBRIA COUNTY ARPT,JOHN MURTHA JOHNSTOWN-CAMBRIA COUNTY ARPT
AIRPORT,INNER HARBOR (SPB),INNER HARBOR (SPB)
AIRPORT,MONTGOMERY CO AIRPARK,MONTGOMERY CO AIRPARK
AIRPORT,VANSANT,VANSANT
AIRPORT,WAUKESHA COUNTY ARPT,WAUKESHA COUNTY ARPT
AIRPORT,WILEY POST-WILL ROGERS MEM,WILEY POST-WILL ROGERS MEM
AIRPORT,FLETCHER ARPT,FLETCHER ARPT
AIRPORT,DON MUEANG INTL ARPT,DON MUEANG INTL ARPT
AIRPORT,KALAUPAPA ARPT,KALAUPAPA ARPT
AIRPORT,LAREDO INTL,LAREDO INTL
AIRPORT,MANSFIELD MUNICIPAL,MANSFIELD MUNICIPAL
AIRPORT,NORTH LAS VEGAS,NORTH LAS VEGAS
AIRPORT,OWEN ROBERTS INTL,OWEN ROBERTS INTL
AIRPORT,ROBERTSON FIELD,ROBERTSON FIELD
AIRPORT,WILLIAMS COUNTY ARPT,WILLIAMS COUNTY ARPT
AIRPORT,HAVRE CITY-COUNTY ARPT,HAVRE CITY-COUNTY ARPT
AIRPORT,ST. CLOUD REGIONAL,ST. CLOUD REGIONAL
AIRPORT,HAWKINS FIELD ARPT,HAWKINS FIELD ARPT
AIRPORT,GREELEY-WELD COUNTY ARPT,GREELEY-WELD COUNTY ARPT
AIRPORT,LORAIN COUNTY REGIONAL ARPT,LORAIN COUNTY REGIONAL ARPT
AIRPORT,GNOSS FIELD ARPT,GNOSS FIELD ARPT
AIRPORT,GOGEBIC-IRON COUNTY ARPT,GOGEBIC-IRON COUNTY ARPT
AIRPORT,W K KELLOGG ARPT,W K KELLOGG ARPT
AIRPORT,GUANAJUATO DEL BAJIO INTL,GUANAJUATO DEL BAJIO INTL
AIRPORT,KLAMATH FALLS INTL,KLAMATH FALLS INTL
AIRPORT,FOUR CORNERS REGIONAL,FOUR CORNERS REGIONAL
AIRPORT,KAPALUA ARPT,KAPALUA ARPT
AIRPORT,ISLAMABAD/BENAZIR BHUTTO INTL,ISLAMABAD/BENAZIR BHUTTO INTL
AIRPORT,RICHARD DOWNING,RICHARD DOWNING
AIRPORT,BOONE COUNTY ARPT,BOONE COUNTY ARPT
AIRPORT,FRANKLIN COUNTY ARPT,FRANKLIN COUNTY ARPT
AIRPORT,UNIV OF OKLAHOMA WESTHEIMER ARPT,UNIV OF OKLAHOMA WESTHEIMER ARPT
AIRPORT,FIUMICINO ARPT,FIUMICINO ARPT
AIRPORT,BLACKHAWK AIRFIELD,BLACKHAWK AIRFIELD
AIRPORT,OLIVE BRANCH ARPT,OLIVE BRANCH ARPT
AIRPORT,JACK NORTHROP FIELD/HAWTHORNE MUNI ARPT,JACK NORTHROP FIELD/HAWTHORNE MUNI ARPT
AIRPORT,NORMAN MANLEY INTL,NORMAN MANLEY INTL
AIRPORT,EASTERN SLOPES REGIONAL ARPT,EASTERN SLOPES REGIONAL ARPT
AIRPORT,WILLOUGHBY LOST NATION MUNI ARPT,WILLOUGHBY LOST NATION MUNI ARPT
AIRPORT,LARAMIE REGIONAL,LARAMIE REGIONAL
AIRPORT,BRUCE CAMPBELL FIELD,BRUCE CAMPBELL FIELD
AIRPORT,ARLINGTON MUNICIPAL ARPT (WA),ARLINGTON MUNICIPAL ARPT (WA)
AIRPORT,IOSCO COUNTY,IOSCO COUNTY
AIRPORT,PANGBORN MEMORIAL,PANGBORN MEMORIAL
AIRPORT,CLARK COUNTY ARPT (SD),CLARK COUNTY ARPT (SD)
AIRPORT,GLASGOW MUNICIPAL ARPT,GLASGOW MUNICIPAL ARPT
AIRPORT,CHAN GURNEY MUNICIPAL ARPT,CHAN GURNEY MUNICIPAL ARPT
AIRPORT,CAIRO INTL,CAIRO INTL
AIRPORT,NORTHERN MAINE REGIONAL,NORTHERN MAINE REGIONAL
AIRPORT,HARDIN COUNTY,HARDIN COUNTY
AIRPORT,LAS CRUCES INTL,LAS CRUCES INTL
AIRPORT,ERROL ARPT,ERROL ARPT
AIRPORT,NEW SMYRNA BEACH MUNICIPAL ARPT,NEW SMYRNA BEACH MUNICIPAL ARPT
AIRPORT,BISBEE DOUGLAS INTL ARPT,BISBEE DOUGLAS INTL ARPT
AIRPORT,MIYAKEJIMA,MIYAKEJIMA
AIRPORT,KEOKUK MUNICIPAL ARPT,KEOKUK MUNICIPAL ARPT
AIRPORT,ALTOONA-BLAIR COUNTY,ALTOONA-BLAIR COUNTY
AIRPORT,BEN GURION ARPT,BEN GURION ARPT
AIRPORT,BOONE INC ARPT,BOONE INC ARPT
AIRPORT,MC CALL MUNICIPAL ARPT,MC CALL MUNICIPAL ARPT
AIRPORT,GATWICK - LONDON,GATWICK - LONDON
AIRPORT,PIERCE CO - THUN FIELD ARPT,PIERCE CO - THUN FIELD ARPT
AIRPORT,STEAMBOAT SPRINGS ARPT/BOB ADAMS FIELD,STEAMBOAT SPRINGS ARPT/BOB ADAMS FIELD
AIRPORT,WHITEMAN AIRPORT,WHITEMAN AIRPORT
AIRPORT,HURON COUNTY MEMORIAL,HURON COUNTY MEMORIAL
AIRPORT,RYAN FIELD ARPT,RYAN FIELD ARPT
AIRPORT,PHOENIX DEER VALLEY ARPT,PHOENIX DEER VALLEY ARPT
AIRPORT,PAGO PAGO INTL,PAGO PAGO INTL
AIRPORT,REDSTONE ARMY AIRFIELD,REDSTONE ARMY AIRFIELD
AIRPORT,SEARCY MUNICIPAL ARPT,SEARCY MUNICIPAL ARPT
AIRPORT,FREEDOM AIR FIELD,FREEDOM AIR FIELD
AIRPORT,VICTORIA INTL,VICTORIA INTL
AIRPORT,SHELL MORGAN CITY HELIPORT,SHELL MORGAN CITY HELIPORT
AIRPORT,CAPITAL CITY ARPT (PA),CAPITAL CITY ARPT (PA)
AIRPORT,ORANGE COUNTY ARPT (VA),ORANGE COUNTY ARPT (VA)
AIRPORT,ARCADIA MUNICIPAL ARPT,ARCADIA MUNICIPAL ARPT
AIRPORT,ROBERT (BOB) CURTIS MEMORIAL ARPT,ROBERT (BOB) CURTIS MEMORIAL ARPT
AIRPORT,SOUTH ST PAUL MUNI ARPT-RICHARD E FLEMING FIELD,SOUTH ST PAUL MUNI ARPT-RICHARD E FLEMING FIELD
AIRPORT,DURANGO-LA PLATA COUNTY ARPT,DURANGO-LA PLATA COUNTY ARPT
AIRPORT,L F WADE INTL ARPT,L F WADE INTL ARPT
AIRPORT,TSTC WACO,TSTC WACO
AIRPORT,LA STATE POLICE HELIPORT,LA STATE POLICE HELIPORT
AIRPORT,LYNDEN PINDLING INTL ARPT,LYNDEN PINDLING INTL ARPT
AIRPORT,CANCUN INTL,CANCUN INTL
AIRPORT,INDIANTOWN,INDIANTOWN
AIRPORT,IDAHO COUNTY ARPT,IDAHO COUNTY ARPT
AIRPORT,GRIFFING SANDUSKY ARPT,GRIFFING SANDUSKY ARPT
AIRPORT,FREDERICK MUNICIPAL ARPT,FREDERICK MUNICIPAL ARPT
AIRPORT,GRTR CUMBERLAND REGIONAL,GRTR CUMBERLAND REGIONAL
AIRPORT,GLENWOOD MUNICIPAL ARPT,GLENWOOD MUNICIPAL ARPT
AIRPORT,PETROL HELI INTRACOASTAL CITY,PETROL HELI INTRACOASTAL CITY
AIRPORT,SOLDOTNA AIRPORT,SOLDOTNA AIRPORT
AIRPORT,HORSESHOE BAY RESORT ARPT,HORSESHOE BAY RESORT ARPT
AIRPORT,CUT BANK MUNICIPAL ARPT,CUT BANK MUNICIPAL ARPT
AIRPORT,FORNEBU (OSLO),FORNEBU (OSLO)
AIRPORT,CLINTON COUNTY ARPT,CLINTON COUNTY ARPT
AIRPORT,PIARCO TRINIDAD,PIARCO TRINIDAD
AIRPORT,MADRID-BARAJAS,MADRID-BARAJAS
AIRPORT,HEFNER-EASLEY AIRSTRIP,HEFNER-EASLEY AIRSTRIP
AIRPORT,FLYING W ARPT,FLYING W ARPT
AIRPORT,DILLANT-HOPKINS ARPT,DILLANT-HOPKINS ARPT
AIRPORT,BRUSSELS NATIONAL,BRUSSELS NATIONAL
AIRPORT,RICHARD LLOYD JONES JR ARPT,RICHARD LLOYD JONES JR ARPT
AIRPORT,OLYMPIA ARPT,OLYMPIA ARPT
AIRPORT,ST. LUCIA-VIGIE,ST. LUCIA-VIGIE
AIRPORT,BARCELONA ARPT,BARCELONA ARPT
AIRPORT,TWIN HILLS ARPT,TWIN HILLS ARPT
AIRPORT,SACRAMENTO MATHER ARPT,SACRAMENTO MATHER ARPT
AIRPORT,KISSIMMEE GATEWAY ARPT,KISSIMMEE GATEWAY ARPT
AIRPORT,WEST HOUSTON ARPT,WEST HOUSTON ARPT
AIRPORT,NORTH LITTLE ROCK MUNICIPAL ARPT,NORTH LITTLE ROCK MUNICIPAL ARPT
AIRPORT,LA AURORA,LA AURORA
AIRPORT,NEWPORT MUNICIPAL ARPT (OR),NEWPORT MUNICIPAL ARPT (OR)
AIRPORT,KAVALA ,KAVALA
AIRPORT,SPARREVOHN LRRS ARPT,SPARREVOHN LRRS ARPT
AIRPORT,CUSTER COUNTY ARPT,CUSTER COUNTY ARPT
AIRPORT,TWO FALLS ARPT,TWO FALLS ARPT
AIRPORT,LAKELAND LINDER INTERNATIONAL AIRPORT,LAKELAND LINDER INTERNATIONAL AIRPORT
AIRPORT,RAFAEL HERNANDEZ ARPT,RAFAEL HERNANDEZ ARPT
AIRPORT,NORMAN CO ADA/TWIN VALLEY,NORMAN CO ADA/TWIN VALLEY
AIRPORT,POLACCA ARPT,POLACCA ARPT
AIRPORT,MCCHAREN FIELD,MCCHAREN FIELD
AIRPORT,SIERRA VISTA MUNI ARPT-LIBBY ARMY AIRFIELD,SIERRA VISTA MUNI ARPT-LIBBY ARMY AIRFIELD
AIRPORT,AMSTERDAM SCHIPHOL,AMSTERDAM SCHIPHOL
AIRPORT,WOODBINE MUNICIPAL ARPT,WOODBINE MUNICIPAL ARPT
AIRPORT,OLORON-HERRERE ARPT,OLORON-HERRERE ARPT
AIRPORT,COLUMBIA REGIONAL,COLUMBIA REGIONAL
AIRPORT,BARKSDALE AIR FORCE BASE ARPT,BARKSDALE AIR FORCE BASE ARPT
AIRPORT,MILANO MALPENSA,MILANO MALPENSA
AIRPORT,SLOULIN FLD INTL ARPT,SLOULIN FLD INTL ARPT
AIRPORT,CALVIN CAMPBELL MUNICIPAL,CALVIN CAMPBELL MUNICIPAL
AIRPORT,KNOXVILLE DOWNTOWN ISLAND ARPT,KNOXVILLE DOWNTOWN ISLAND ARPT
AIRPORT,GILLESPIE FIELD ARPT,GILLESPIE FIELD ARPT
AIRPORT,LAKEWAY AIRPARK ARPT,LAKEWAY AIRPARK ARPT
AIRPORT,KIMPO INTL,KIMPO INTL
AIRPORT,UNIVERSITY ARPT,UNIVERSITY ARPT
AIRPORT,AIRLAKE ARPT,AIRLAKE ARPT
AIRPORT,AUBURN-LEWISTON MUNICIPAL,AUBURN-LEWISTON MUNICIPAL
AIRPORT,MASON COUNTY ARPT (MI),MASON COUNTY ARPT (MI)
AIRPORT,NEOSHO HUGH ROBINSON ARPT,NEOSHO HUGH ROBINSON ARPT
AIRPORT,BEARCE ARPT,BEARCE ARPT
AIRPORT,SCOTTSDALE ARPT,SCOTTSDALE ARPT
AIRPORT,MC MINNVILLE MUNICIPAL ARPT,MC MINNVILLE MUNICIPAL ARPT
AIRPORT,PINE MOUNTAIN LAKE ARPT,PINE MOUNTAIN LAKE ARPT
AIRPORT,LISBON INTL ARPT,LISBON INTL ARPT
AIRPORT,SOUTHWEST MICHIGAN REGIONAL,SOUTHWEST MICHIGAN REGIONAL
AIRPORT,GREEN CASTLE ARPT,GREEN CASTLE ARPT
AIRPORT,COVINGTON MUNICIPAL ARPT,COVINGTON MUNICIPAL ARPT
AIRPORT,SKANEATELES AERO DROME,SKANEATELES AERO DROME
AIRPORT,LAUREL MUNICIPAL,LAUREL MUNICIPAL
AIRPORT,ANTRIM COUNTY ARPT,ANTRIM COUNTY ARPT
AIRPORT,FALMOUTH AIRPARK,FALMOUTH AIRPARK
AIRPORT,THOMASTON-UPSON COUNTY ARPT,THOMASTON-UPSON COUNTY ARPT
AIRPORT,WILGROVE AIR PARK,WILGROVE AIR PARK
AIRPORT,AUCKLAND INTL,AUCKLAND INTL
AIRPORT,GENESEE COUNTY ARPT,GENESEE COUNTY ARPT
AIRPORT,ST. MARYS COUNTY REGIONAL,ST. MARYS COUNTY REGIONAL
AIRPORT,NEW CENTURY AIRCENTER ARPT,NEW CENTURY AIRCENTER ARPT
AIRPORT,RICHLAND ARPT,RICHLAND ARPT
AIRPORT,WITTMAN REGIONAL ARPT,WITTMAN REGIONAL ARPT
AIRPORT,FERANDINA BEACH MUNICIPAL ARPT,FERANDINA BEACH MUNICIPAL ARPT
AIRPORT,YUMA MCAS/YUMA INTL ARPT,YUMA MCAS/YUMA INTL ARPT
AIRPORT,SIKESTON MEMORIAL MUNICIPAL ARPT,SIKESTON MEMORIAL MUNICIPAL ARPT
AIRPORT,WM P GWINN ARPT,WM P GWINN ARPT
AIRPORT,AIR HAVEN ARPT,AIR HAVEN ARPT
AIRPORT,SUMTER ARPT,SUMTER ARPT
AIRPORT,JOHNSTON COUNTY ARPT,JOHNSTON COUNTY ARPT
AIRPORT,HERLONG RECREATIONAL ARPT,HERLONG RECREATIONAL ARPT
AIRPORT,MONMOUTH EXECUTIVE ARPT,MONMOUTH EXECUTIVE ARPT
AIRPORT,ORMOND BEACH MUNICIPAL ARPT,ORMOND BEACH MUNICIPAL ARPT
AIRPORT,BAY MINETTE MUNICIPAL,BAY MINETTE MUNICIPAL
AIRPORT,SITKA (SPB),SITKA (SPB)
AIRPORT,OKMULGEE REGIONAL  ARPT,OKMULGEE REGIONAL  ARPT
AIRPORT,JOSLIN FIELD - MAGIC VALLEY REGIONAL,JOSLIN FIELD - MAGIC VALLEY REGIONAL
AIRPORT,OOSTTENDE,OOSTTENDE
AIRPORT,NEVADA MUNICIPAL ARPT,NEVADA MUNICIPAL ARPT
AIRPORT,LOGAN-CACHE ARPT,LOGAN-CACHE ARPT
AIRPORT,SHANNON INTL,SHANNON INTL
AIRPORT,CHIPPEWA COUNTY INTL ARPT,CHIPPEWA COUNTY INTL ARPT
AIRPORT,CANTERBURY FARM ARPT,CANTERBURY FARM ARPT
AIRPORT,FORD ARPT,FORD ARPT
AIRPORT,RIVERTON REGIONAL,RIVERTON REGIONAL
AIRPORT,NARITA INTL ARPT,NARITA INTL ARPT
AIRPORT,STANSTEAD-LONDON,STANSTEAD-LONDON
AIRPORT,WEIRTON-STEUBENVILLE,WEIRTON-STEUBENVILLE
AIRPORT,SAN PEDRO SULA LA MESA,SAN PEDRO SULA LA MESA
AIRPORT,MANILA-NINOY AQUINO INTL,MANILA-NINOY AQUINO INTL
AIRPORT,PRIEBE ARPT,PRIEBE ARPT
AIRPORT,NORTH PLATTE REGNL ARPT LEE BIRD FIELD,NORTH PLATTE REGNL ARPT LEE BIRD FIELD
AIRPORT,WILEY POST ARPT,WILEY POST ARPT
AIRPORT,EL MONTE ARPT,EL MONTE ARPT
AIRPORT,RABAT-SALE AIRPORT,RABAT-SALE AIRPORT
AIRPORT,FULLERTON MUNICIPAL ARPT,FULLERTON MUNICIPAL ARPT
AIRPORT,BOLTON FIELD ARPT,BOLTON FIELD ARPT
AIRPORT,BLACKWELL-TONKAWA MUNICIPAL,BLACKWELL-TONKAWA MUNICIPAL
AIRPORT,CUBE COVE,CUBE COVE
AIRPORT,RIVERSIDE MUNICIPAL ARPT,RIVERSIDE MUNICIPAL ARPT
AIRPORT,KLAWOCK ARPT,KLAWOCK ARPT
AIRPORT,MURFREESBORO MUNICIPAL ARPT,MURFREESBORO MUNICIPAL ARPT
AIRPORT,RICKENBACKER INTL,RICKENBACKER INTL
AIRPORT,GUNTERSVILLE MUNI ARPT-JOE STARNES FIELD,GUNTERSVILLE MUNI ARPT-JOE STARNES FIELD
AIRPORT,PONCA CITY MUNICIPAL ARPT,PONCA CITY MUNICIPAL ARPT
AIRPORT,GRAVELLY VALLEY,GRAVELLY VALLEY
AIRPORT,LINDEN AIRPORT,LINDEN AIRPORT
AIRPORT,METTEL FIELD ARPT,METTEL FIELD ARPT
AIRPORT,MIDDLE PENINSULA REGIONAL ARPT,MIDDLE PENINSULA REGIONAL ARPT
AIRPORT,STINSON MUNICIPAL ARPT,STINSON MUNICIPAL ARPT
AIRPORT,NEVADA COUNTY AIR PARK,NEVADA COUNTY AIR PARK
AIRPORT,KANSAI INTL,KANSAI INTL
AIRPORT,PANOLA COUNTY ARPT,PANOLA COUNTY ARPT
AIRPORT,BUCKLEY ANGB ARPT,BUCKLEY ANGB ARPT
AIRPORT,FREEPORT INTL,FREEPORT INTL
AIRPORT,EXCELSIOR SPRINGS MEM,EXCELSIOR SPRINGS MEM
AIRPORT,ONIDA MUNICIPAL,ONIDA MUNICIPAL
AIRPORT,PENANG INTL,PENANG INTL
AIRPORT,YOLO COUNTY ARPT,YOLO COUNTY ARPT
AIRPORT,HURON REGIONAL ARPT,HURON REGIONAL ARPT
AIRPORT,JORGE CHAVEZ INTL,JORGE CHAVEZ INTL
AIRPORT,NADI INTL,NADI INTL
AIRPORT,WESTERN NEBRASKA REGNL ARPT/WILLIAM B. HEILIG FIELD,WESTERN NEBRASKA REGNL ARPT/WILLIAM B. HEILIG FIELD
AIRPORT,SHERIDAN COUNTY ARPT,SHERIDAN COUNTY ARPT
AIRPORT,GRAND JUNCTION REGIONAL ARPT,GRAND JUNCTION REGIONAL ARPT
AIRPORT,INDIANAPOLIS METROPOLITAN ARPT,INDIANAPOLIS METROPOLITAN ARPT
AIRPORT,PROVIDENCIALES INTL,PROVIDENCIALES INTL
AIRPORT,LAMAR MUNICIPAL ARPT,LAMAR MUNICIPAL ARPT
AIRPORT,SCAMMON BAY AIRPORT,SCAMMON BAY AIRPORT
AIRPORT,MONTAUK ARPT,MONTAUK ARPT
AIRPORT,TOKYO INTL,TOKYO INTL
AIRPORT,DUSSELDORF,DUSSELDORF
AIRPORT,DAYTON-WRIGHT BROTHERS ARPT,DAYTON-WRIGHT BROTHERS ARPT
AIRPORT,STOCKHOLM ARLANDA,STOCKHOLM ARLANDA
AIRPORT,GARNER FIELD ARPT,GARNER FIELD ARPT
AIRPORT,ERNESTO CORTISSOZ,ERNESTO CORTISSOZ
AIRPORT,CHAUTAUQUA COUNTY/JAMESTOWN ARPT,CHAUTAUQUA COUNTY/JAMESTOWN ARPT
AIRPORT,KING ABDULAZIZ AIR BASE                    ,KING ABDULAZIZ AIR BASE
AIRPORT,HONG KONG INTL,HONG KONG INTL
AIRPORT,BELUGA AIRPORT,BELUGA AIRPORT
AIRPORT,NORTHAMPTON ARPT,NORTHAMPTON ARPT
AIRPORT,DENISON MUNICIPAL ARPT,DENISON MUNICIPAL ARPT
AIRPORT,BIG BEAR CITY,BIG BEAR CITY
AIRPORT,SOUTHWEST OREGON REGIONAL ARPT,SOUTHWEST OREGON REGIONAL ARPT
AIRPORT,CAPT FEAR REGNL JETPORT/HOWIE FRANKLIN FIELD ARPT,CAPT FEAR REGNL JETPORT/HOWIE FRANKLIN FIELD ARPT
AIRPORT,DICKINSON-THEODORE ROOSEVELT RGNL,DICKINSON-THEODORE ROOSEVELT RGNL
AIRPORT,ERIE-OTTAWA INTL ARPT - CARL KELLER FIELD,ERIE-OTTAWA INTL ARPT - CARL KELLER FIELD
AIRPORT,SOUTHEAST IOWA REGIONAL ARPT,SOUTHEAST IOWA REGIONAL ARPT
AIRPORT,ALLIANCE MUNICIPAL ARPT,ALLIANCE MUNICIPAL ARPT
AIRPORT,CHARLES DE GAULLE,CHARLES DE GAULLE
AIRPORT,LIBERAL MID-AMERICA REGNL ARPT,LIBERAL MID-AMERICA REGNL ARPT
AIRPORT,NW ARKANSAS REGIONAL,NW ARKANSAS REGIONAL
AIRPORT,CALKINS FIELD ARPT,CALKINS FIELD ARPT
AIRPORT,LOS MOCHIS,LOS MOCHIS
AIRPORT,CONCORD REGIONAL ARPT,CONCORD REGIONAL ARPT
AIRPORT,BUCHOLZ AAF MARSHALL,BUCHOLZ AAF MARSHALL
AIRPORT,CHARLESTON EXECUTIVE ARPT,CHARLESTON EXECUTIVE ARPT
AIRPORT,ARLINGTON MUNICIPAL ARPT (TX),ARLINGTON MUNICIPAL ARPT (TX)
AIRPORT,FRANCIS S GABRESKI ARPT,FRANCIS S GABRESKI ARPT
AIRPORT,AIRHAVEN,AIRHAVEN
AIRPORT,HAMILTON,HAMILTON
AIRPORT,GRANTLEY ADAMS BARBA,GRANTLEY ADAMS BARBA
AIRPORT,SPRING HILL ARPT,SPRING HILL ARPT
AIRPORT,SANTA FE DE BOGOTA,SANTA FE DE BOGOTA
AIRPORT,RICE LAKE REGIONAL ARPT CARL'S FIELD,RICE LAKE REGIONAL ARPT CARL'S FIELD
AIRPORT,GRIFFITH-MERRILLVILLE ARPT,GRIFFITH-MERRILLVILLE ARPT
AIRPORT,WHITE COUNTY ARPT,WHITE COUNTY ARPT
AIRPORT,ALLENTOWN QUEEN CITY MUNICIPAL,ALLENTOWN QUEEN CITY MUNICIPAL
AIRPORT,MONUMENT VALLEY ARPT (PVT),MONUMENT VALLEY ARPT (PVT)
AIRPORT,RUHES ARPT,RUHES ARPT
AIRPORT,WOKAL FIELD/GLASGOW INTL ARPT,WOKAL FIELD/GLASGOW INTL ARPT
AIRPORT,PITT-GREENVILLE ARPT,PITT-GREENVILLE ARPT
AIRPORT,TRUKEE-TAHOE ARPT,TRUKEE-TAHOE ARPT
AIRPORT,LAJES AIRPORT,LAJES AIRPORT
AIRPORT,CORDOVA MUNICIPAL ARPT,CORDOVA MUNICIPAL ARPT
AIRPORT,LA ROMANA INTL,LA ROMANA INTL
AIRPORT,MURTALA MUHAMMED,MURTALA MUHAMMED
AIRPORT,ELY AIRPORT/YELLAND FIELD,ELY AIRPORT/YELLAND FIELD
AIRPORT,PELLSTON REGNL ARPT OF EMMET COUNTY,PELLSTON REGNL ARPT OF EMMET COUNTY
AIRPORT,COZUMEL ,COZUMEL
AIRPORT,PERRY-WARSAW ARPT,PERRY-WARSAW ARPT
AIRPORT,LAKES REGIONAL ARPT,LAKES REGIONAL ARPT
AIRPORT,NAPER AERO CLUB ARPT,NAPER AERO CLUB ARPT
AIRPORT,MARLBORO ARPT (CLOSED),MARLBORO ARPT (CLOSED)
AIRPORT,MANITOWISH WATERS,MANITOWISH WATERS
AIRPORT,CHAUTAUQUA COUNTY/DUNKIRK ARPT,CHAUTAUQUA COUNTY/DUNKIRK ARPT
AIRPORT,EAST MIDLANDS,EAST MIDLANDS
AIRPORT,MARCO ISLAND ARPT,MARCO ISLAND ARPT
AIRPORT,RICHTERS ARPT,RICHTERS ARPT
AIRPORT,FRIEDMAN MEMORIAL,FRIEDMAN MEMORIAL
AIRPORT,NORFOLK REGNL ARPT/KARL STEFAN MEMORIAL FIELD,NORFOLK REGNL ARPT/KARL STEFAN MEMORIAL FIELD
AIRPORT,GUSTAVUS ARPT,GUSTAVUS ARPT
AIRPORT,HIRAM CURE ARPT,HIRAM CURE ARPT
AIRPORT,WINNIPEG INTL,WINNIPEG INTL
AIRPORT,ANKENY REGIONAL,ANKENY REGIONAL
AIRPORT,VALDOSTA REGIONAL,VALDOSTA REGIONAL
AIRPORT,CAPITAL (BEIJING),CAPITAL (BEIJING)
AIRPORT,MEAD FLYING SERVICE ARPT,MEAD FLYING SERVICE ARPT
AIRPORT,CHESTER ARPT,CHESTER ARPT
AIRPORT,MEADOW LAKE ARPT,MEADOW LAKE ARPT
AIRPORT,MOORE COUNTY ARPT,MOORE COUNTY ARPT
AIRPORT,FAIRMONT MUNICIPAL ARPT,FAIRMONT MUNICIPAL ARPT
AIRPORT,HOUGHTON COUNTY MEM,HOUGHTON COUNTY MEM
AIRPORT,HORSEHOE BEND ARPT,HORSEHOE BEND ARPT
AIRPORT,JACKSON COUNTY ARPT,JACKSON COUNTY ARPT
AIRPORT,ASHLAND/LINEVILLE,ASHLAND/LINEVILLE
AIRPORT,WINDHAM ARPT,WINDHAM ARPT
AIRPORT,FARMVILLE REGIONAL ARPT,FARMVILLE REGIONAL ARPT
AIRPORT,ROSTRAVER,ROSTRAVER
AIRPORT,JENNINGS,JENNINGS
AIRPORT,FORT DODGE REGIONAL,FORT DODGE REGIONAL
AIRPORT,NEW CHITOSE,NEW CHITOSE
AIRPORT,PICKENS COUNTY ARPT (GA),PICKENS COUNTY ARPT (GA)
AIRPORT,INTL DE CARRASCO,INTL DE CARRASCO
AIRPORT,SIGONELLA,SIGONELLA
AIRPORT,KHABAROVSK,KHABAROVSK
AIRPORT,PRESTWICK,PRESTWICK
AIRPORT,PHILIP BILLARD MUNICIPAL ARPT,PHILIP BILLARD MUNICIPAL ARPT
AIRPORT,MORROW COUNTY,MORROW COUNTY
AIRPORT,CORNING MUNICIPAL ARPT (IA),CORNING MUNICIPAL ARPT (IA)
AIRPORT,ONEONTA MUNICIPAL ARPT,ONEONTA MUNICIPAL ARPT
AIRPORT,WEST BRANCH COMMUNITY ARPT,WEST BRANCH COMMUNITY ARPT
AIRPORT,PRIVATE AIR STRIP,PRIVATE AIR STRIP
AIRPORT,HOMER ARPT,HOMER ARPT
AIRPORT,IXTAPA-ZIHUATENEJO,IXTAPA-ZIHUATENEJO
AIRPORT,MANISTEE COUNTY-BLACKER ARPT,MANISTEE COUNTY-BLACKER ARPT
AIRPORT,BEAVER ISLAND ARPT,BEAVER ISLAND ARPT
AIRPORT,WILLIAMSON COUNTY REGIONAL,WILLIAMSON COUNTY REGIONAL
AIRPORT,GLACIER PARK INTL,GLACIER PARK INTL
AIRPORT,FESTUS MEMORIAL ARPT,FESTUS MEMORIAL ARPT
AIRPORT,PITTSFIELD MUNICIPAL ARPT (MA),PITTSFIELD MUNICIPAL ARPT (MA)
AIRPORT,M GRAHAM CLARK - TANEY COUNTY ARPT,M GRAHAM CLARK - TANEY COUNTY ARPT
AIRPORT,CHEROKEE COUNTY ARPT,CHEROKEE COUNTY ARPT
AIRPORT,ROSWELL INTL AIR CENTER,ROSWELL INTL AIR CENTER
AIRPORT,EDWARD G PITKA SR ARPT,EDWARD G PITKA SR ARPT
AIRPORT,CHEROKEE COUNTY REGIONAL ARPT,CHEROKEE COUNTY REGIONAL ARPT
AIRPORT,RENNER FLD/GOODLAND MUNI ARPT,RENNER FLD/GOODLAND MUNI ARPT
AIRPORT,COUNTRY SQUIRE AIRPARK,COUNTRY SQUIRE AIRPARK
AIRPORT,OPA LOCKA WEST,OPA LOCKA WEST
AIRPORT,SCHOLES INTL ARPT AT GALVESTON,SCHOLES INTL ARPT AT GALVESTON
AIRPORT,SOUTH VALLEY REGIONAL ARPT,SOUTH VALLEY REGIONAL ARPT
AIRPORT,ZARAGOZA,ZARAGOZA
AIRPORT,MAKEDONIA,MAKEDONIA
AIRPORT,SOLBERG-HUNTERDON,SOLBERG-HUNTERDON
AIRPORT,UNIVERSITY PARK ARPT,UNIVERSITY PARK ARPT
AIRPORT,SANTIAGO INTL,SANTIAGO INTL
AIRPORT,WATERTOWN INTL ARPT,WATERTOWN INTL ARPT
AIRPORT,SEDONA ARPT,SEDONA ARPT
AIRPORT,SUBIC BAY INTL,SUBIC BAY INTL
AIRPORT,FORT FRANCES MUNICIPAL,FORT FRANCES MUNICIPAL
AIRPORT,PHOENIX-MESA GATEWAY,PHOENIX-MESA GATEWAY
AIRPORT,CLAYTON LAKE STRIP ARPT,CLAYTON LAKE STRIP ARPT
AIRPORT,MIAMI UNIVERSITY ARPT,MIAMI UNIVERSITY ARPT
AIRPORT,DAWSON COMMUNITY ARPT,DAWSON COMMUNITY ARPT
AIRPORT,STURGIS MUNICIPAL ARPT,STURGIS MUNICIPAL ARPT
AIRPORT,TELLURIDE REGIONAL ARPT,TELLURIDE REGIONAL ARPT
AIRPORT,DOWAGIAC MUNICIPAL ARPT,DOWAGIAC MUNICIPAL ARPT
AIRPORT,CONVERSE COUNTY ARPT,CONVERSE COUNTY ARPT
AIRPORT,GUARULHOS INTL,GUARULHOS INTL
AIRPORT,RUSSELLVILLE REGIONAL ARPT,RUSSELLVILLE REGIONAL ARPT
AIRPORT,SKYHAVEN,SKYHAVEN
AIRPORT,REEDSBURG MUNICIPAL,REEDSBURG MUNICIPAL
AIRPORT,WES LUPIEN,WES LUPIEN
AIRPORT,REGINA INTL,REGINA INTL
AIRPORT,PARADISE SKYPARK ARPT,PARADISE SKYPARK ARPT
AIRPORT,COTTON FIELD ARPT,COTTON FIELD ARPT
AIRPORT,DOVER AIR FORCE BASE,DOVER AIR FORCE BASE
AIRPORT,LAGRANGE-CALLAWAY ARPT,LAGRANGE-CALLAWAY ARPT
AIRPORT,EVANSTON-UINTA COUNTY BURNS FIELD,EVANSTON-UINTA COUNTY BURNS FIELD
AIRPORT,MONETT MUNICIPAL ARPT,MONETT MUNICIPAL ARPT
AIRPORT,LAKE VIKING,LAKE VIKING
AIRPORT,MARQUETTE COUNTY,MARQUETTE COUNTY
AIRPORT,ALPINE-CASPARIS MUNICIPAL,ALPINE-CASPARIS MUNICIPAL
AIRPORT,SAWYER COUNTY ARPT,SAWYER COUNTY ARPT
AIRPORT,JACK BARSTOW,JACK BARSTOW
AIRPORT,ELKO REGIONAL ARPT,ELKO REGIONAL ARPT
AIRPORT,GILLETTE-CAMPBELL COUNTY ARPT,GILLETTE-CAMPBELL COUNTY ARPT
AIRPORT,BIDDEFORD MUNICIPAL,BIDDEFORD MUNICIPAL
AIRPORT,THIGPEN FIELD ARPT,THIGPEN FIELD ARPT
AIRPORT,ZANESVILLE MUNICIPAL ARPT,ZANESVILLE MUNICIPAL ARPT
AIRPORT,PORTAGE MUNICIPAL ARPT,PORTAGE MUNICIPAL ARPT
AIRPORT,FREEHOLD ARPT,FREEHOLD ARPT
AIRPORT,ORCAS ISLAND ARPT,ORCAS ISLAND ARPT
AIRPORT,AUGUSTA STATE,AUGUSTA STATE
AIRPORT,MARION COUNTY-BROWN FIELD,MARION COUNTY-BROWN FIELD
AIRPORT,COLLEGE PARK ARPT,COLLEGE PARK ARPT
AIRPORT,JEFFERSON COUNTY ARPT,JEFFERSON COUNTY ARPT
AIRPORT,SUNRIVER,SUNRIVER
AIRPORT,TINIAN INTL,TINIAN INTL
AIRPORT,HEBER SPRINGS MUNICIPAL ARPT,HEBER SPRINGS MUNICIPAL ARPT
AIRPORT,KINGS LAND O' LAKES ARPT,KINGS LAND O' LAKES ARPT
AIRPORT,DANIEL ODUBER QUIROS INTL,DANIEL ODUBER QUIROS INTL
AIRPORT,DAVIS MONTHAN AIR FORCE BASE,DAVIS MONTHAN AIR FORCE BASE
AIRPORT,KERVILLE MUNI ARPT/LOUIS SCHREINER FIELD,KERVILLE MUNI ARPT/LOUIS SCHREINER FIELD
AIRPORT,JOINT BASE ANDREWS,JOINT BASE ANDREWS
AIRPORT,HAIRE ARPT,HAIRE ARPT
AIRPORT,DESTIN EXECUTIVE AIRPORT,DESTIN EXECUTIVE AIRPORT
AIRPORT,BERZ-MACOMB ARPT,BERZ-MACOMB ARPT
AIRPORT,CUBA MUNICIPAL ARPT,CUBA MUNICIPAL ARPT
AIRPORT,BOLINDER FIELD - TOOELE VALLEY ARPT,BOLINDER FIELD - TOOELE VALLEY ARPT
AIRPORT,OCEAN CITY MUNICIPAL  ARPT (MD),OCEAN CITY MUNICIPAL  ARPT (MD)
AIRPORT,THOMAS RUSSELL FIELD,THOMAS RUSSELL FIELD
AIRPORT,HAMMONTON MUNICIPAL,HAMMONTON MUNICIPAL
AIRPORT,RANGE REGIONAL ARPT,RANGE REGIONAL ARPT
AIRPORT,GLENDALE MUNICIPAL ARPT,GLENDALE MUNICIPAL ARPT
AIRPORT,CORTEZ MUNICIPAL ARPT,CORTEZ MUNICIPAL ARPT
AIRPORT,KEARNEY REGIONAL ARPT,KEARNEY REGIONAL ARPT
AIRPORT,PALATKA MUNICIPAL ARPT - LT KAY LARKIN FLD,PALATKA MUNICIPAL ARPT - LT KAY LARKIN FLD
AIRPORT,MELBOURNE ,MELBOURNE
AIRPORT,JORGE NEWBERY,JORGE NEWBERY
AIRPORT,SOUTHWEST MINNESOTA REGNL ARPT-MARSHALL/RYAN FIELD,SOUTHWEST MINNESOTA REGNL ARPT-MARSHALL/RYAN FIELD
AIRPORT,DANVILLE REGIONAL ARPT,DANVILLE REGIONAL ARPT
AIRPORT,PU DONG INTL ARPT,PU DONG INTL ARPT
AIRPORT,FLOYD W. JONES LEBANON ARPT,FLOYD W. JONES LEBANON ARPT
AIRPORT,GANDER INTL,GANDER INTL
AIRPORT,VIRACOPOS-CAMPINAS INTL ARPT,VIRACOPOS-CAMPINAS INTL ARPT
AIRPORT,MALMO-STURUP ARPT,MALMO-STURUP ARPT
AIRPORT,MT PLEASANT REGL ARPT-FAISON FIELD,MT PLEASANT REGL ARPT-FAISON FIELD
AIRPORT,ROBERTS FIELD ARPT,ROBERTS FIELD ARPT
AIRPORT,KUNSAN,KUNSAN
AIRPORT,CAMBRIDGE MUNICIPAL,CAMBRIDGE MUNICIPAL
AIRPORT,HAROLD DAVIDSON FIELD ARPT,HAROLD DAVIDSON FIELD ARPT
AIRPORT,KUALA LUMPUR INTL,KUALA LUMPUR INTL
AIRPORT,LOS CABOS INTL,LOS CABOS INTL
AIRPORT,CLERMONT COUNTY ARPT,CLERMONT COUNTY ARPT
AIRPORT,HOUARI BOUMEDIENE,HOUARI BOUMEDIENE
AIRPORT,DODGE CITY REGIONAL ARPT,DODGE CITY REGIONAL ARPT
AIRPORT,LLANO MUNICIPAL ARPT,LLANO MUNICIPAL ARPT
AIRPORT,REDWOOD FALLS MUNICIPAL ARPT,REDWOOD FALLS MUNICIPAL ARPT
AIRPORT,SCHENECTADY COUNTY,SCHENECTADY COUNTY
AIRPORT,MARTIN STATE ARPT,MARTIN STATE ARPT
AIRPORT,HESLER-NOBLE FIELD ARPT,HESLER-NOBLE FIELD ARPT
AIRPORT,CAPE MAY COUNTY ARPT,CAPE MAY COUNTY ARPT
AIRPORT,COLUMBUS MUNICIPAL ARPT (IN),COLUMBUS MUNICIPAL ARPT (IN)
AIRPORT,ZEPHYRHILLS MUNICIPAL ARPT,ZEPHYRHILLS MUNICIPAL ARPT
AIRPORT,HOUSTON GULF ARPT,HOUSTON GULF ARPT
AIRPORT,STROTHER FIELD ARPT,STROTHER FIELD ARPT
AIRPORT,JOHN F KENNEDY MEMORIAL,JOHN F KENNEDY MEMORIAL
AIRPORT,TRI-CITY ARPT (PARSONS),TRI-CITY ARPT (PARSONS)
AIRPORT,COLUMBUS MUNICIPAL ARPT (NE),COLUMBUS MUNICIPAL ARPT (NE)
AIRPORT,PROVINCETOWN MUNICIPAL ARPT,PROVINCETOWN MUNICIPAL ARPT
AIRPORT,HELENA REGIONAL,HELENA REGIONAL
AIRPORT,PRESCOTT REGIONAL AIRPORT-ERNEST A LOVE FIELD,PRESCOTT REGIONAL AIRPORT-ERNEST A LOVE FIELD
AIRPORT,ADA MUNICIPAL ARPT,ADA MUNICIPAL ARPT
AIRPORT,EAGLE COUNTY REGIONAL,EAGLE COUNTY REGIONAL
AIRPORT,TRADEWIND ARPT,TRADEWIND ARPT
AIRPORT,MUNICH INTL ARPT,MUNICH INTL ARPT
AIRPORT,MULEGE AIRSTRIP,MULEGE AIRSTRIP
AIRPORT,CIAMPINO (ROME),CIAMPINO (ROME)
AIRPORT,OAKLAND/TROY ARPT,OAKLAND/TROY ARPT
AIRPORT,JEFFERSON CITY MEMORIAL ARPT,JEFFERSON CITY MEMORIAL ARPT
AIRPORT,COLD BAY ARPT,COLD BAY ARPT
AIRPORT,NAUSORI INTL ARPT,NAUSORI INTL ARPT
AIRPORT,MT PLEASANT MUNICIPAL ARPT,MT PLEASANT MUNICIPAL ARPT
AIRPORT,EGLIN AIR FORCE BASE/DESTIN-FORT WALTON BEACH AIRPORT,EGLIN AIR FORCE BASE/DESTIN-FORT WALTON BEACH AIRPORT
AIRPORT,RALEIGH EXEC JETPORT AT SANFORD-LEE CNTY ARPT,RALEIGH EXEC JETPORT AT SANFORD-LEE CNTY ARPT
AIRPORT,CAUSEY ARPT,CAUSEY ARPT
AIRPORT,GREATER PORTSMOUTH REGIONAL ARPT,GREATER PORTSMOUTH REGIONAL ARPT
AIRPORT,MEMORIAL FIELD,MEMORIAL FIELD
AIRPORT,JIM HAMILTON L B OWENS ARPT,JIM HAMILTON L B OWENS ARPT
AIRPORT,WARRENTON-FAUQUIER,WARRENTON-FAUQUIER
AIRPORT,BLOCK ISLAND STATE,BLOCK ISLAND STATE
AIRPORT,SONTIMER ARPT,SONTIMER ARPT
AIRPORT,CARRABELLE-THOMPSON,CARRABELLE-THOMPSON
AIRPORT,VIRU VIRU INTL,VIRU VIRU INTL
AIRPORT,GAYLORD REGIONAL ARPT,GAYLORD REGIONAL ARPT
AIRPORT,KINGMAN,KINGMAN
AIRPORT,MANHATTAN REGIONAL,MANHATTAN REGIONAL
AIRPORT,ASHE COUNTY,ASHE COUNTY
AIRPORT,MALCOLM MCKINNON ARPT,MALCOLM MCKINNON ARPT
AIRPORT,ROCHE HARBOR (SPB),ROCHE HARBOR (SPB)
AIRPORT,MILEY MEMORIAL FIELD ARPT,MILEY MEMORIAL FIELD ARPT
AIRPORT,ELKHART MUNICIPAL ARPT,ELKHART MUNICIPAL ARPT
AIRPORT,TIANJIN,TIANJIN
AIRPORT,JOSE MARTI INTL ARPT,JOSE MARTI INTL ARPT
AIRPORT,BARNESVILLE-BRADFIELD ARPT,BARNESVILLE-BRADFIELD ARPT
AIRPORT,CARROLL COUNTY REGNL ARPT/JACK B POAGE FIELD,CARROLL COUNTY REGNL ARPT/JACK B POAGE FIELD
AIRPORT,TROY MUNICIPAL ARPT,TROY MUNICIPAL ARPT
AIRPORT,SASKATOON/JOHN G. DIEFENBAKER INTL,SASKATOON/JOHN G. DIEFENBAKER INTL
AIRPORT,DONA ANA COUNTY ARPT AT SANTA TERESA,DONA ANA COUNTY ARPT AT SANTA TERESA
AIRPORT,COLUMBIA COUNTY ARPT,COLUMBIA COUNTY ARPT
AIRPORT,DAVID'S ARPT,DAVID'S ARPT
AIRPORT,CLINTONVILLE MUNICIPAL ARPT,CLINTONVILLE MUNICIPAL ARPT
AIRPORT,GUNNISON-CRESTED BUTTE REGNL ARPT,GUNNISON-CRESTED BUTTE REGNL ARPT
AIRPORT,SAULT STE MARIE MUNICIPAL,SAULT STE MARIE MUNICIPAL
AIRPORT,DELAND MUNICIPAL ARPT-SIDNEY H TAYLOR FIELD,DELAND MUNICIPAL ARPT-SIDNEY H TAYLOR FIELD
AIRPORT,SULLIVAN COUNTY INTL,SULLIVAN COUNTY INTL
AIRPORT,TOLUCA/LIC ADOLFO,TOLUCA/LIC ADOLFO
AIRPORT,SEASIDE MUNICIPAL ARPT,SEASIDE MUNICIPAL ARPT
AIRPORT,SKAGIT REGIONAL,SKAGIT REGIONAL
AIRPORT,DILLINGHAM AIRFIELD,DILLINGHAM AIRFIELD
AIRPORT,CHARLOTTE-MONROE  EXECUTIVE ARPT,CHARLOTTE-MONROE  EXECUTIVE ARPT
AIRPORT,SAN LUIS VALLEY REGNL ARPT/BERGMAN FIELD,SAN LUIS VALLEY REGNL ARPT/BERGMAN FIELD
AIRPORT,SPACE COAST REGIONAL,SPACE COAST REGIONAL
AIRPORT,WAUTOMA MUNICIPAL,WAUTOMA MUNICIPAL
AIRPORT,NORTHEAST ALABAMA REGIONAL ARPT,NORTHEAST ALABAMA REGIONAL ARPT
AIRPORT,SMITH REYOLDS ARPT,SMITH REYOLDS ARPT
AIRPORT,JAMESTOWN REGIONAL,JAMESTOWN REGIONAL
AIRPORT,SOEKARNO-HATTA,SOEKARNO-HATTA
AIRPORT,GALLATIN FIELD ARPT,GALLATIN FIELD ARPT
AIRPORT,ARDMORE MUNICIPAL,ARDMORE MUNICIPAL
AIRPORT,BENTON FIELD ARPT,BENTON FIELD ARPT
AIRPORT,LAKE HAVASU CITY ARPT,LAKE HAVASU CITY ARPT
AIRPORT,PORTER COUNTY MUNICIPAL,PORTER COUNTY MUNICIPAL
AIRPORT,SAINT HUBERT,SAINT HUBERT
AIRPORT,COUNCIL BLUFFS MUNICIPAL ARPT,COUNCIL BLUFFS MUNICIPAL ARPT
AIRPORT,WESTHEIMER AIR PARK,WESTHEIMER AIR PARK
AIRPORT,BARNES JEWISH HOSPITAL,BARNES JEWISH HOSPITAL
AIRPORT,ST CATHARINES/NIAGARA DISTRICT,ST CATHARINES/NIAGARA DISTRICT
AIRPORT,HAMILTON ISLAND,HAMILTON ISLAND
AIRPORT,MCCORMICK COUNTY,MCCORMICK COUNTY
AIRPORT,TRAVIS AIR FORCE BASE,TRAVIS AIR FORCE BASE
AIRPORT,ST LANDRY PARISH ARPT-AHART FIELD,ST LANDRY PARISH ARPT-AHART FIELD
AIRPORT,STARKS TWIN OAKS,STARKS TWIN OAKS
AIRPORT,SUGAR LAND REGIONAL ARPT,SUGAR LAND REGIONAL ARPT
AIRPORT,ANDERSON REGIONAL,ANDERSON REGIONAL
AIRPORT,LA GRANDE/UNION COUNTY ARPT,LA GRANDE/UNION COUNTY ARPT
AIRPORT,SARATOGA COUNTY ARPT,SARATOGA COUNTY ARPT
AIRPORT,CLARK COUNTY REGIONAL ARPT (IN),CLARK COUNTY REGIONAL ARPT (IN)
AIRPORT,THREE CASTLES ARPK,THREE CASTLES ARPK
AIRPORT,VANDENBERG AIR FORCE BASE,VANDENBERG AIR FORCE BASE
AIRPORT,RED LODGE ARPT,RED LODGE ARPT
AIRPORT,SINGAPORE CHANGI AIRPORT,SINGAPORE CHANGI AIRPORT
AIRPORT,CORONADO ARPT,CORONADO ARPT
AIRPORT,BESSEMER ARPT,BESSEMER ARPT
AIRPORT,SANTA FE MUNICIPAL,SANTA FE MUNICIPAL
AIRPORT,UGNU-KUPARUK ARPT,UGNU-KUPARUK ARPT
AIRPORT,JACQUELINE COCHRAN REGIONAL ARPT,JACQUELINE COCHRAN REGIONAL ARPT
AIRPORT,OKEECHOBEE COUNTY ARPT,OKEECHOBEE COUNTY ARPT
AIRPORT,NORTH FORK VALLEY,NORTH FORK VALLEY
AIRPORT,SLIDELL AIRPORT,SLIDELL AIRPORT
AIRPORT,MUIR ARMY AIRFIELD,MUIR ARMY AIRFIELD
AIRPORT,TOKSOOK BAY ARPT,TOKSOOK BAY ARPT
AIRPORT,SHENANDOAH VALLEY,SHENANDOAH VALLEY
AIRPORT,CONROE/NORTH HOUSTON REGIONAL AIRPORT                ,CONROE/NORTH HOUSTON REGIONAL AIRPORT
AIRPORT,H L SONNY CALLAHAN ARPT,H L SONNY CALLAHAN ARPT
AIRPORT,PORTAGE COUNTY ARPT,PORTAGE COUNTY ARPT
AIRPORT,MANITOWOC COUNTY ARPT,MANITOWOC COUNTY ARPT
AIRPORT,DAUPHIN ISLAND ARPT,DAUPHIN ISLAND ARPT
AIRPORT,KLEBERG COUNTY ARPT,KLEBERG COUNTY ARPT
AIRPORT,CLEARVIEW AIRPARK,CLEARVIEW AIRPARK
AIRPORT,CHESTER COUNTY G O CARLSON ARPT,CHESTER COUNTY G O CARLSON ARPT
AIRPORT,LA CHINITA INTL,LA CHINITA INTL
AIRPORT,KALAELOA ARPT JOHN RODGERS FIELD,KALAELOA ARPT JOHN RODGERS FIELD
AIRPORT,SHAWANO MUNICIPAL ARPT,SHAWANO MUNICIPAL ARPT
AIRPORT,ANNISTON METROPOLITAN ARPT,ANNISTON METROPOLITAN ARPT
AIRPORT,GEORGE R CARR MEMORIAL,GEORGE R CARR MEMORIAL
AIRPORT,EMMONAK ARPT,EMMONAK ARPT
AIRPORT,BOULDER CITY MUNICIPAL ARPT,BOULDER CITY MUNICIPAL ARPT
AIRPORT,BROOKINGS REGIONAL ARPT,BROOKINGS REGIONAL ARPT
AIRPORT,PITTSFIELD MUNICIPAL (ME),PITTSFIELD MUNICIPAL (ME)
AIRPORT,WITHAM FIELD ARPT,WITHAM FIELD ARPT
AIRPORT,T B LETTSOME INTL,T B LETTSOME INTL
AIRPORT,EASTERN OREGON REGNL ARPT AT PENDLETON,EASTERN OREGON REGNL ARPT AT PENDLETON
AIRPORT,WAYNE MUNI ARPT/STAN MORRIS FIELD,WAYNE MUNI ARPT/STAN MORRIS FIELD
AIRPORT,MORGANTOWN ARPT,MORGANTOWN ARPT
AIRPORT,SUMMERSVILLE ARPT,SUMMERSVILLE ARPT
AIRPORT,HAIL,HAIL
AIRPORT,PUNTA GORDA ARPT,PUNTA GORDA ARPT
AIRPORT,TYONEK ARPT,TYONEK ARPT
AIRPORT,CLARKS POINT ARPT,CLARKS POINT ARPT
AIRPORT,ROSEAU MUNI ARPT/RUDY BILLBERG FLD,ROSEAU MUNI ARPT/RUDY BILLBERG FLD
AIRPORT,SANTA MONICA MUNICIPAL,SANTA MONICA MUNICIPAL
AIRPORT,FLAGSTAFF PULLIAM,FLAGSTAFF PULLIAM
AIRPORT,PEARLAND REGIONAL ARPT,PEARLAND REGIONAL ARPT
AIRPORT,NAVAJO LAKE ARPT,NAVAJO LAKE ARPT
AIRPORT,GAINESVILLE MUNICIPAL ARPT,GAINESVILLE MUNICIPAL ARPT
AIRPORT,MCMINN COUNTY ARPT,MCMINN COUNTY ARPT
AIRPORT,SHORT CREEK ARPT,SHORT CREEK ARPT
AIRPORT,CHANDLER FIELD ARPT,CHANDLER FIELD ARPT
AIRPORT,LITCHFIELD MUNICIPAL,LITCHFIELD MUNICIPAL
AIRPORT,AUGUSTO C. SANDINO INTL ARPT               ,AUGUSTO C. SANDINO INTL ARPT
AIRPORT,GREATER KANKAKEE ARPT,GREATER KANKAKEE ARPT
AIRPORT,NAIROBI JOMO KENYATA,NAIROBI JOMO KENYATA
AIRPORT,MOORE AIRPORT (WILDORADO),MOORE AIRPORT (WILDORADO)
AIRPORT,BOCA RATON ARPT,BOCA RATON ARPT
AIRPORT,TAVERNAERO PARK,TAVERNAERO PARK
AIRPORT,RIVERVIEW,RIVERVIEW
AIRPORT,PORT-AU-PRINCE INTL,PORT-AU-PRINCE INTL
AIRPORT,JONES MEMORIAL,JONES MEMORIAL
AIRPORT,ROCK SPRINGS-SWEETWATER CO,ROCK SPRINGS-SWEETWATER CO
AIRPORT,IWAKUNI,IWAKUNI
AIRPORT,ATKINSON MUNICIPAL,ATKINSON MUNICIPAL
AIRPORT,MONTREAL INTL (MIRABEL),MONTREAL INTL (MIRABEL)
AIRPORT,MANLEY HOT SPRINGS ARPT,MANLEY HOT SPRINGS ARPT
AIRPORT,CHARLOTTE AMALIE HARBOR SEAPLANE BASE,CHARLOTTE AMALIE HARBOR SEAPLANE BASE
AIRPORT,GARDEN CITY REGIONAL,GARDEN CITY REGIONAL
AIRPORT,WASHINGTON COUNTY,WASHINGTON COUNTY
AIRPORT,WORTHINGTON MUNICIPAL ARPT,WORTHINGTON MUNICIPAL ARPT
AIRPORT,WINCHESTER REGIONAL ARPT,WINCHESTER REGIONAL ARPT
AIRPORT,PAGE MUNICIPAL,PAGE MUNICIPAL
AIRPORT,INCHEON INTL,INCHEON INTL
AIRPORT,MCCORD FIELD ARPT,MCCORD FIELD ARPT
AIRPORT,PHOENIX GOODYEAR ARPT,PHOENIX GOODYEAR ARPT
AIRPORT,WILLOWS-GLENN COUNTY ARPT,WILLOWS-GLENN COUNTY ARPT
AIRPORT,MASON COUNTY ARPT (WV),MASON COUNTY ARPT (WV)
AIRPORT,RAMSTEIN AIR FORCE BASE,RAMSTEIN AIR FORCE BASE
AIRPORT,SOUTHBRIDGE MUNICIPAL ARPT,SOUTHBRIDGE MUNICIPAL ARPT
AIRPORT,HENDERSON FIELD,HENDERSON FIELD
AIRPORT,MILLARD ARPT,MILLARD ARPT
AIRPORT,WEST BEND MUNICIPAL ARPT,WEST BEND MUNICIPAL ARPT
AIRPORT,OHIO UNIVERSITY ARPT-SNYDER FIELD,OHIO UNIVERSITY ARPT-SNYDER FIELD
AIRPORT,JACKSON REGIONAL AIRPORT,JACKSON REGIONAL AIRPORT
AIRPORT,STAFFORD REGIONAL ARPT,STAFFORD REGIONAL ARPT
AIRPORT,WARREN FIELD ARPT,WARREN FIELD ARPT
AIRPORT,EDMONTON INTL,EDMONTON INTL
AIRPORT,OCONEE COUNTY REGIONAL ARPT,OCONEE COUNTY REGIONAL ARPT
AIRPORT,SPARTANBURG DOWNTOWN MEMORIAL ARPT,SPARTANBURG DOWNTOWN MEMORIAL ARPT
AIRPORT,WALDRONAIRE ARPT,WALDRONAIRE ARPT
AIRPORT,DEVILS LAKE REGIONAL ARPT,DEVILS LAKE REGIONAL ARPT
AIRPORT,PLYMOUTH MUNICIPAL ARPT (MA),PLYMOUTH MUNICIPAL ARPT (MA)
AIRPORT,COLONEL JAMES JABARA ARPT,COLONEL JAMES JABARA ARPT
AIRPORT,MC ALESTER REGIONAL ARPT,MC ALESTER REGIONAL ARPT
AIRPORT,MOUNT OLIVE MUNICIPAL ARPT,MOUNT OLIVE MUNICIPAL ARPT
AIRPORT,LT WARREN EATON ARPT,LT WARREN EATON ARPT
AIRPORT,KASTRUP AIRPORT,KASTRUP AIRPORT
AIRPORT,BOWERMAN ARPT,BOWERMAN ARPT
AIRPORT,BELIZE INTERNATIONAL ARPT,BELIZE INTERNATIONAL ARPT
AIRPORT,HALIFAX INTL,HALIFAX INTL
AIRPORT,FLOYD BENNETT MEMORIAL,FLOYD BENNETT MEMORIAL
AIRPORT,KUUJJUARAPIK,KUUJJUARAPIK
AIRPORT,THUNDER BAY,THUNDER BAY
AIRPORT,CAPODICHINO (NAPLES),CAPODICHINO (NAPLES)
AIRPORT,ASTORIA REGIONAL,ASTORIA REGIONAL
AIRPORT,OWATONNA DEGNER REGIONAL ARPT,OWATONNA DEGNER REGIONAL ARPT
AIRPORT,ADNAN MENDERES,ADNAN MENDERES
AIRPORT,MANCHESTER ,MANCHESTER
AIRPORT,CLAXTON-EVANS COUNTY ARPT,CLAXTON-EVANS COUNTY ARPT
AIRPORT,ST LOUIS REGIONAL,ST LOUIS REGIONAL
AIRPORT,BERMUDA DUNES ARPT,BERMUDA DUNES ARPT
AIRPORT,ORANGE COUNTY ARPT (TX),ORANGE COUNTY ARPT (TX)
AIRPORT,FINLEYVILLE AIRPARK,FINLEYVILLE AIRPARK
AIRPORT,SOUTH ALABAMA REGNL ARPT AT BILL BENTON FIELD,SOUTH ALABAMA REGNL ARPT AT BILL BENTON FIELD
AIRPORT,BROOKSVILLE-TAMPA BAY REGNL ARPT,BROOKSVILLE-TAMPA BAY REGNL ARPT
AIRPORT,PUSAN,PUSAN
AIRPORT,YOUNGSTOWN ELSER METRO,YOUNGSTOWN ELSER METRO
AIRPORT,ATHENS/BEN EPPS ARPT,ATHENS/BEN EPPS ARPT
AIRPORT,NEWTOK ARPT,NEWTOK ARPT
AIRPORT,OCEAN REEF CLUB,OCEAN REEF CLUB
AIRPORT,LONDON,LONDON
AIRPORT,IMPERIAL COUNTY ARPT,IMPERIAL COUNTY ARPT
AIRPORT,SUSSEX COUNTY ARPT,SUSSEX COUNTY ARPT
AIRPORT,VIRGIL I GRISSOM MUNICIPAL,VIRGIL I GRISSOM MUNICIPAL
AIRPORT,DOUBLE EAGLE II ARPT,DOUBLE EAGLE II ARPT
AIRPORT,RULEVILLE-DREW ARPT,RULEVILLE-DREW ARPT
AIRPORT,NEW KENT COUNTY,NEW KENT COUNTY
AIRPORT,SANTA ROSA ROUTE 66,SANTA ROSA ROUTE 66
AIRPORT,SUMMIT AIRPORT,SUMMIT AIRPORT
AIRPORT,SPRINGFIELD-BECKLEY MUNICIPAL ARPT,SPRINGFIELD-BECKLEY MUNICIPAL ARPT
AIRPORT,MECKLENBURG-BRUNSWICK REGIONAL,MECKLENBURG-BRUNSWICK REGIONAL
AIRPORT,INDIANAPOLIS REGIONAL ARPT,INDIANAPOLIS REGIONAL ARPT
AIRPORT,MACTAN CEBU ARPT,MACTAN CEBU ARPT
AIRPORT,HOUSTON-SOUTHWEST ARPT,HOUSTON-SOUTHWEST ARPT
AIRPORT,PORT OCALL HELIPORT,PORT OCALL HELIPORT
AIRPORT,ARTURO MICHELENA INTL,ARTURO MICHELENA INTL
AIRPORT,MIDDLE BASS-EAST POINT,MIDDLE BASS-EAST POINT
AIRPORT,MIAMI COUNTY ARPT,MIAMI COUNTY ARPT
AIRPORT,SPRUCE CREEK ARPT,SPRUCE CREEK ARPT
AIRPORT,NOGALES INTL ARPT,NOGALES INTL ARPT
AIRPORT,GOODSPEED,GOODSPEED
AIRPORT,FLAGLER COUNTY ARPT,FLAGLER COUNTY ARPT
AIRPORT,OMAK ARPT,OMAK ARPT
AIRPORT,CECIL ARPT,CECIL ARPT
AIRPORT,PORTLAND-TROUTDALE ARPT,PORTLAND-TROUTDALE ARPT
AIRPORT,DOUGLAS-CHARLES AIRPORT,DOUGLAS-CHARLES AIRPORT
AIRPORT,FULTON COUNTY ARPT (IN),FULTON COUNTY ARPT (IN)
AIRPORT,TANGIER ISLAND ARPT,TANGIER ISLAND ARPT
AIRPORT,CLARK FIELD MUNICIPAL ARPT,CLARK FIELD MUNICIPAL ARPT
AIRPORT,KAOHSIUNG INTL,KAOHSIUNG INTL
AIRPORT,SANTIAGO CIBAO INTL,SANTIAGO CIBAO INTL
AIRPORT,COLOGNE-BONN,COLOGNE-BONN
AIRPORT,CLARK INTL,CLARK INTL
AIRPORT,ROBT L BRADSHAW INTL,ROBT L BRADSHAW INTL
AIRPORT,MUSKOKA,MUSKOKA
AIRPORT,HOUSTON MEMORIAL ARPT,HOUSTON MEMORIAL ARPT
AIRPORT,LOS ALAMITOS ARMY AIRFIELD,LOS ALAMITOS ARMY AIRFIELD
AIRPORT,WESTERLY STATE ARPT,WESTERLY STATE ARPT
AIRPORT,TAUNTON MUNICIPAL ARPT - KING FIELD,TAUNTON MUNICIPAL ARPT - KING FIELD
AIRPORT,BREMERTON NATIONAL ARPT,BREMERTON NATIONAL ARPT
AIRPORT,CREVE COEUR ARPT,CREVE COEUR ARPT
AIRPORT,MC COOK BEN NELSON REGNL ARPT,MC COOK BEN NELSON REGNL ARPT
AIRPORT,NEWPORT STATE ARPT,NEWPORT STATE ARPT
AIRPORT,HAMILTON MUNICIPAL ARPT,HAMILTON MUNICIPAL ARPT
AIRPORT,DADE-COLLIER TRAINING & TRANSITION ARPT,DADE-COLLIER TRAINING & TRANSITION ARPT
AIRPORT,DAVIS AIRPORT,DAVIS AIRPORT
AIRPORT,FRANCISCO C. ADA/SAIPAN INTL ARPT,FRANCISCO C. ADA/SAIPAN INTL ARPT
AIRPORT,VALENCIA AIRPORT,VALENCIA AIRPORT
AIRPORT,ROBERT SIBLEY ARPT,ROBERT SIBLEY ARPT
AIRPORT,NICE COTE D'AZUR INTL ARPT,NICE COTE D'AZUR INTL ARPT
AIRPORT,LENAWEE COUNTY ARPT,LENAWEE COUNTY ARPT
AIRPORT,BLANDING MUNICIPAL,BLANDING MUNICIPAL
AIRPORT,GUAYMAS INTL,GUAYMAS INTL
AIRPORT,ROOKE FIELD ARPT,ROOKE FIELD ARPT
AIRPORT,GROVETON-TRINITY COUNTY,GROVETON-TRINITY COUNTY
AIRPORT,MINERAL WELLS ARPT,MINERAL WELLS ARPT
AIRPORT,CROSS CITY ARPT,CROSS CITY ARPT
AIRPORT,AUBURN MUNICIPAL (CA),AUBURN MUNICIPAL (CA)
AIRPORT,ADAMS COUNTY- LEGION FIELD,ADAMS COUNTY- LEGION FIELD
AIRPORT,FOX STEPHENS FIELD-GILMER MUNI ARPT,FOX STEPHENS FIELD-GILMER MUNI ARPT
AIRPORT,LAGO VISTA TX - RUSTY ALLEN ARPT,LAGO VISTA TX - RUSTY ALLEN ARPT
AIRPORT,L M CLAYTON,L M CLAYTON
AIRPORT,VALKARIA,VALKARIA
AIRPORT,FERGUS FALLS MUNI ARPT-EINAR MICKELSON FIELD,FERGUS FALLS MUNI ARPT-EINAR MICKELSON FIELD
AIRPORT,BAIYUN AIRPORT,BAIYUN AIRPORT
AIRPORT,YERINGTON MUNICIPAL ARPT,YERINGTON MUNICIPAL ARPT
AIRPORT,KICKAPOO DOWNTOWN ARPT,KICKAPOO DOWNTOWN ARPT
AIRPORT,NEW MARKET,NEW MARKET
AIRPORT,MINUTE MAN AIR FIELD,MINUTE MAN AIR FIELD
AIRPORT,MOUNT AIRY/SURRY COUNTY ARPT,MOUNT AIRY/SURRY COUNTY ARPT
AIRPORT,CARSON ARPT,CARSON ARPT
AIRPORT,PLYMOUTH MUNICIPAL (IN),PLYMOUTH MUNICIPAL (IN)
AIRPORT,JASPER COUNTY ARPT-BELL FIELD,JASPER COUNTY ARPT-BELL FIELD
AIRPORT,HUNTINGBURG ARPT,HUNTINGBURG ARPT
AIRPORT,PALMDALE USAF PLANT 42 ARPT,PALMDALE USAF PLANT 42 ARPT
AIRPORT,WADENA MUNICIPAL,WADENA MUNICIPAL
AIRPORT,HUSLIA ARPT,HUSLIA ARPT
AIRPORT,FAIRMONT MUNI-FRANKMAN FLD,FAIRMONT MUNI-FRANKMAN FLD
AIRPORT,LAMONI MUNICIPAL ARPT,LAMONI MUNICIPAL ARPT
AIRPORT,LAUGHLIN/BULLHEAD INTL ARPT,LAUGHLIN/BULLHEAD INTL ARPT
AIRPORT,GANSNER FIELD,GANSNER FIELD
AIRPORT,WILLOW ISLAND AIRPARK,WILLOW ISLAND AIRPARK
AIRPORT,LAKE CITY MUNICIPAL ARPT,LAKE CITY MUNICIPAL ARPT
AIRPORT,GREENWOOD-LEFLORE ARPT,GREENWOOD-LEFLORE ARPT
AIRPORT,CHESTERFIELD COUNTY ARPT,CHESTERFIELD COUNTY ARPT
AIRPORT,DENTON MUNICIPAL ARPT,DENTON MUNICIPAL ARPT
AIRPORT,JIM HOGG COUNTY ARPT,JIM HOGG COUNTY ARPT
AIRPORT,BOERNE STAGE FIELD,BOERNE STAGE FIELD
AIRPORT,GEORGETOWN COUNTY ARPT,GEORGETOWN COUNTY ARPT
AIRPORT,WINONA MUNI ARPT-MAX CONRAD FIELD,WINONA MUNI ARPT-MAX CONRAD FIELD
AIRPORT,MADISONVILLE MUNICIPAL,MADISONVILLE MUNICIPAL
AIRPORT,SUNDANCE AIRPARK,SUNDANCE AIRPARK
AIRPORT,LAWRENCE SMITH MEMORIAL ARPT,LAWRENCE SMITH MEMORIAL ARPT
AIRPORT,ALMATY INTL ARPT,ALMATY INTL ARPT
AIRPORT,ORANGE COUNTY ARPT (NY),ORANGE COUNTY ARPT (NY)
AIRPORT,MARIANNA MUNICIPAL ARPT,MARIANNA MUNICIPAL ARPT
AIRPORT,PALMYRA (COOPER) AIRPORT,PALMYRA (COOPER) AIRPORT
AIRPORT,SOUTHWEST WASHINGTON REGIONAL ARPT,SOUTHWEST WASHINGTON REGIONAL ARPT
AIRPORT,NORFOLK NAVAL STATION,NORFOLK NAVAL STATION
AIRPORT,CAMDENTON MEMORIAL ARPT,CAMDENTON MEMORIAL ARPT
AIRPORT,DALLAS EXECUTIVE ARPT,DALLAS EXECUTIVE ARPT
AIRPORT,DONALDSON CENTER ARPT,DONALDSON CENTER ARPT
AIRPORT,BAUDETTE INTL ARPT,BAUDETTE INTL ARPT
AIRPORT,MANAS INTL ARPT,MANAS INTL ARPT
AIRPORT,POLLOCK MUNICIPAL,POLLOCK MUNICIPAL
AIRPORT,AEROACRES ARPT,AEROACRES ARPT
AIRPORT,TANSONNHAT,TANSONNHAT
AIRPORT,PARIS MUNICIPAL,PARIS MUNICIPAL
AIRPORT,DUBAI INTL,DUBAI INTL
AIRPORT,ANDERSON MUNI-DARLINGTON FLD,ANDERSON MUNI-DARLINGTON FLD
AIRPORT,DANIEL FIELD ARPT,DANIEL FIELD ARPT
AIRPORT,CLARE MUNICIPAL ARPT,CLARE MUNICIPAL ARPT
AIRPORT,SOUTHERN CALIFORNIA LOGISTICS,SOUTHERN CALIFORNIA LOGISTICS
AIRPORT,LAKE BARKLEY STATE PK ARPT,LAKE BARKLEY STATE PK ARPT
AIRPORT,PETER PRINCE FIELD ARPT,PETER PRINCE FIELD ARPT
AIRPORT,MACOMB MUNICIPAL ARPT,MACOMB MUNICIPAL ARPT
AIRPORT,HILTON HEAD ISLAND,HILTON HEAD ISLAND
AIRPORT,YELLOWSTONE REGIONAL,YELLOWSTONE REGIONAL
AIRPORT,GRAND CANYON WEST,GRAND CANYON WEST
AIRPORT,LEIPZIG-HALLE,LEIPZIG-HALLE
AIRPORT,MIDDLETON MUNI ARPT - MOREY FIELD,MIDDLETON MUNI ARPT - MOREY FIELD
AIRPORT,HARTNESS STATE ARPT (SPRINGFIELD),HARTNESS STATE ARPT (SPRINGFIELD)
AIRPORT,STEVENSVILLE,STEVENSVILLE
AIRPORT,RAMONA ARPT,RAMONA ARPT
AIRPORT,MERRILL MUNICIPAL ARPT,MERRILL MUNICIPAL ARPT
AIRPORT,OUTLAW FIELD ARPT,OUTLAW FIELD ARPT
AIRPORT,GENERAL RAFAEL BUELNA INTL,GENERAL RAFAEL BUELNA INTL
AIRPORT,POTSDAM MUNICIPAL ARPT (DAMON FIELD),POTSDAM MUNICIPAL ARPT (DAMON FIELD)
AIRPORT,NEWARK-HEATH ARPT,NEWARK-HEATH ARPT
AIRPORT,NAGOYA ,NAGOYA
AIRPORT,OCEANSIDE  MUNICIPAL ARPT,OCEANSIDE  MUNICIPAL ARPT
AIRPORT,MERIDEN MARKHAM MUNICIPAL ARPT,MERIDEN MARKHAM MUNICIPAL ARPT
AIRPORT,SHEREMETYEVO INTL,SHEREMETYEVO INTL
AIRPORT,SAN BERNARDINO INTL ARPT,SAN BERNARDINO INTL ARPT
AIRPORT,PRINCETON MUNICIPAL,PRINCETON MUNICIPAL
AIRPORT,SOUTH ALBANY ARPT,SOUTH ALBANY ARPT
AIRPORT,SEYMOUR MUNICIPAL,SEYMOUR MUNICIPAL
AIRPORT,NASA SHUTTLE LANDING FACILITY,NASA SHUTTLE LANDING FACILITY
AIRPORT,FRIDAY HARBOR ARPT,FRIDAY HARBOR ARPT
AIRPORT,RICHARD I BONG ARPT,RICHARD I BONG ARPT
AIRPORT,VIENNA INTL,VIENNA INTL
AIRPORT,DEXTER B FLORENCE MEMORIAL FIELD ARPT,DEXTER B FLORENCE MEMORIAL FIELD ARPT
AIRPORT,GREENWOOD LAKE ARPT,GREENWOOD LAKE ARPT
AIRPORT,BROOKS COUNTY,BROOKS COUNTY
AIRPORT,MONTROSE REGIONAL ARPT,MONTROSE REGIONAL ARPT
AIRPORT,BIRD FIELD AIRPORT,BIRD FIELD AIRPORT
AIRPORT,EDWARD F KNAPP STATE ARPT,EDWARD F KNAPP STATE ARPT
AIRPORT,FERIHEGY ARPT,FERIHEGY ARPT
AIRPORT,JEFFERSON COUNTY INTL,JEFFERSON COUNTY INTL
AIRPORT,PATUXENT RIVER NAS,PATUXENT RIVER NAS
AIRPORT,NEWTON FIELD ARPT,NEWTON FIELD ARPT
AIRPORT,TRIPLE W ARPT,TRIPLE W ARPT
AIRPORT,TREVISO ARPT,TREVISO ARPT
AIRPORT,BEAUFORT COUNTY ARPT,BEAUFORT COUNTY ARPT
AIRPORT,BRADFORD REGIONAL,BRADFORD REGIONAL
AIRPORT,KOKOMO MUNICIPAL ARPT,KOKOMO MUNICIPAL ARPT
AIRPORT,ANDREWS UNIV AIRPARK,ANDREWS UNIV AIRPARK
AIRPORT,MADISON COUNTY ARPT,MADISON COUNTY ARPT
AIRPORT,ELKHART-MORTON COUNTY ARPT,ELKHART-MORTON COUNTY ARPT
AIRPORT,CLAYTON COUNTY ARPT- TARA FIELD,CLAYTON COUNTY ARPT- TARA FIELD
AIRPORT,PADGHAM FIELD,PADGHAM FIELD
AIRPORT,CASTLE ARPT,CASTLE ARPT
AIRPORT,MACTAN-CEBU INTL,MACTAN-CEBU INTL
AIRPORT,HARVEY FIELD,HARVEY FIELD
AIRPORT,HAYS REGIONAL,HAYS REGIONAL
AIRPORT,TEXAS GULF COAST REGIONAL ARPT,TEXAS GULF COAST REGIONAL ARPT
AIRPORT,COLES COUNTY MEMORIAL ARPT,COLES COUNTY MEMORIAL ARPT
AIRPORT,MONROE-WALTON COUNTY,MONROE-WALTON COUNTY
AIRPORT,LEESBURG INTL ARPT,LEESBURG INTL ARPT
AIRPORT,KILLEEN/FT HOOD REGIONAL,KILLEEN/FT HOOD REGIONAL
AIRPORT,SELDOVIA,SELDOVIA
AIRPORT,CUSTER ARPT,CUSTER ARPT
AIRPORT,MIDLAND AIRPARK,MIDLAND AIRPARK
AIRPORT,WINSTON FIELD ARPT,WINSTON FIELD ARPT
AIRPORT,CEDAR CITY REGIONAL,CEDAR CITY REGIONAL
AIRPORT,PETALUMA MUNICIPAL ARPT,PETALUMA MUNICIPAL ARPT
AIRPORT,ARANSAS COUNTY ARPT,ARANSAS COUNTY ARPT
AIRPORT,WILLISTON MUNICIPAL ARPT,WILLISTON MUNICIPAL ARPT
AIRPORT,SUVARNABHUMI INTL ARPT,SUVARNABHUMI INTL ARPT
AIRPORT,TAHITI FAAA,TAHITI FAAA
AIRPORT,FARMINGTON REGIONAL,FARMINGTON REGIONAL
AIRPORT,CHERRY POINT MARINE AIR CORPS AIR ST,CHERRY POINT MARINE AIR CORPS AIR ST
AIRPORT,BASEL-MULHOUSE-FREIBURG,BASEL-MULHOUSE-FREIBURG
AIRPORT,DAKAY-YOFF-LEOPOLD SEDAR SENGHOR,DAKAY-YOFF-LEOPOLD SEDAR SENGHOR
AIRPORT,LEE GILMER MEMORIAL ARPT,LEE GILMER MEMORIAL ARPT
AIRPORT,CAPITOL,CAPITOL
AIRPORT,MARCH ARB ARPT,MARCH ARB ARPT
AIRPORT,ZELIENOPLE MUNICIPAL,ZELIENOPLE MUNICIPAL
AIRPORT,PINCKNEYVILLE-DU QUOIN,PINCKNEYVILLE-DU QUOIN
AIRPORT,PAUMA VALLEY AIR PARK ARPT,PAUMA VALLEY AIR PARK ARPT
AIRPORT,OSCEOLA MUNICIPAL ARPT,OSCEOLA MUNICIPAL ARPT
AIRPORT,MATINICUS ISLAND ARPT,MATINICUS ISLAND ARPT
AIRPORT,ST GEORGE MUNICIPAL ARPT,ST GEORGE MUNICIPAL ARPT
AIRPORT,STUTTGART ,STUTTGART
AIRPORT,MC CLELLAN AIRFIELD,MC CLELLAN AIRFIELD
AIRPORT,HEBER CITY MUNI ARPT - RUSS MCDONALD FIELD,HEBER CITY MUNI ARPT - RUSS MCDONALD FIELD
AIRPORT,GEORGETOWN MUNICIPAL ARPT,GEORGETOWN MUNICIPAL ARPT
AIRPORT,WESTOVER AIR RESERVE BASE/METROPOLITAN ARPT,WESTOVER AIR RESERVE BASE/METROPOLITAN ARPT
AIRPORT,HENRI COANDA INTL ARPT,HENRI COANDA INTL ARPT
AIRPORT,LOPEZ ISLAND ARPT,LOPEZ ISLAND ARPT
AIRPORT,LA CHOLLA AIRPARK ARPT,LA CHOLLA AIRPARK ARPT
AIRPORT,ROSECRANS MEMORIAL ARPT,ROSECRANS MEMORIAL ARPT
AIRPORT,RAS TANAJIB,RAS TANAJIB
AIRPORT,ST CLAIR COUNTY INTL ARPT,ST CLAIR COUNTY INTL ARPT
AIRPORT,SANDPOINT ARPT,SANDPOINT ARPT
AIRPORT,JOSE MARIA CORDOVE ARPT,JOSE MARIA CORDOVE ARPT
AIRPORT,CHEHALIS-CENTRALIA ARPT,CHEHALIS-CENTRALIA ARPT
AIRPORT,BERT MOONEY,BERT MOONEY
AIRPORT,DEER PARK ARPT,DEER PARK ARPT
AIRPORT,PERRY COUNTY MUNICIPAL,PERRY COUNTY MUNICIPAL
AIRPORT,LINCOLN PARK ARPT,LINCOLN PARK ARPT
AIRPORT,FOWLER ARPT,FOWLER ARPT
AIRPORT,WALKER FIELD (IA),WALKER FIELD (IA)
AIRPORT,BOLINGBROOKS CLOW INTL,BOLINGBROOKS CLOW INTL
AIRPORT,NEW RICHMOND REGIONAL,NEW RICHMOND REGIONAL
AIRPORT,CARROLL COUNTY ARPT,CARROLL COUNTY ARPT
AIRPORT,SKY HARBOR,SKY HARBOR
AIRPORT,CORVALLIS MUNICIPAL ARPT,CORVALLIS MUNICIPAL ARPT
AIRPORT,SUDBURY,SUDBURY
AIRPORT,SPANISH FORK-SPRINGVILLE,SPANISH FORK-SPRINGVILLE
AIRPORT,SELAWICK ARPT,SELAWICK ARPT
AIRPORT,CHARLTON BUILDING HELIPORT,CHARLTON BUILDING HELIPORT
AIRPORT,SCOTT AFB/MIDAMERICA ARPT,SCOTT AFB/MIDAMERICA ARPT
AIRPORT,HERNANDO VILLAGE ARPK,HERNANDO VILLAGE ARPK
AIRPORT,INCIRLIK AIR BASE,INCIRLIK AIR BASE
AIRPORT,PLANT CITY ARPT,PLANT CITY ARPT
AIRPORT,WASHINGTON COUNTY MEMORIAL,WASHINGTON COUNTY MEMORIAL
AIRPORT,NORTH PALM BEACH COUNTY GENERAL AVIATION ,NORTH PALM BEACH COUNTY GENERAL AVIATION
AIRPORT,WAUSAU DOWNTOWN ARPT,WAUSAU DOWNTOWN ARPT
AIRPORT,MILLINGTON REGIONAL JETPORT ARPT,MILLINGTON REGIONAL JETPORT ARPT
AIRPORT,ANACORTES,ANACORTES
AIRPORT,RIYAHD AIR BASE,RIYAHD AIR BASE
AIRPORT,DIXON ARPT,DIXON ARPT
AIRPORT,MIAMI VALLEY HOSPITAL HELIPORT,MIAMI VALLEY HOSPITAL HELIPORT
AIRPORT,SEELEY LAKE,SEELEY LAKE
AIRPORT,WILLMAR MUNI ARPT-JOHN L RICE FIELD,WILLMAR MUNI ARPT-JOHN L RICE FIELD
AIRPORT,HENDERSON CITY-COUNTY ARPT,HENDERSON CITY-COUNTY ARPT
AIRPORT,LONDON-LUTON ARPT,LONDON-LUTON ARPT
AIRPORT,POSSUM KINGDOM ARPT,POSSUM KINGDOM ARPT
AIRPORT,SOUTHAMPTON ARPT,SOUTHAMPTON ARPT
AIRPORT,EAST KANSAS CITY ARPT,EAST KANSAS CITY ARPT
AIRPORT,ST. GEORGE  ARPT,ST. GEORGE  ARPT
AIRPORT,SHENZHEN BAOAN INTL ARPT,SHENZHEN BAOAN INTL ARPT
AIRPORT,WHEELER-SACK ARMY AIRFIELD,WHEELER-SACK ARMY AIRFIELD
AIRPORT,BRISTOL INTL,BRISTOL INTL
AIRPORT,GOOSE BAY,GOOSE BAY
AIRPORT,NEW CASTLE MUNICIPAL ARPT,NEW CASTLE MUNICIPAL ARPT
AIRPORT,LIVINGSTON COUNTY SPENCER J HARDY,LIVINGSTON COUNTY SPENCER J HARDY
AIRPORT,EDSON,EDSON
AIRPORT,UMMC HELIPORT,UMMC HELIPORT
AIRPORT,HALF MOON BAY,HALF MOON BAY
AIRPORT,DIAMOND POINT AIRSTRIP,DIAMOND POINT AIRSTRIP
AIRPORT,MAGNOLIA MUNICIPAL,MAGNOLIA MUNICIPAL
AIRPORT,MARLBORO ARPT,MARLBORO ARPT
AIRPORT,GRANT COUNTY,GRANT COUNTY
AIRPORT,HUTCHINSON MUNICIPAL-BUTLER FLD,HUTCHINSON MUNICIPAL-BUTLER FLD
AIRPORT,ELEFTHERIOS VENIZELOS INTL,ELEFTHERIOS VENIZELOS INTL
AIRPORT,KIPNUK ARPT,KIPNUK ARPT
AIRPORT,COVENTRY ARPT,COVENTRY ARPT
AIRPORT,ALLEGHENY GEN HOSP EMERG HELIPORT,ALLEGHENY GEN HOSP EMERG HELIPORT
AIRPORT,SAN SALVADOR INTL,SAN SALVADOR INTL
AIRPORT,DOWNTOWN MANHATTAN/WALL ST HELIP,DOWNTOWN MANHATTAN/WALL ST HELIP
AIRPORT,BAHRAIN INTL,BAHRAIN INTL
AIRPORT,BLACKBUSHE ARPT,BLACKBUSHE ARPT
AIRPORT,ROCK HILL (YORK CO) BRYANT FLD,ROCK HILL (YORK CO) BRYANT FLD
AIRPORT,MCCONNELL AIR FORCE BASE,MCCONNELL AIR FORCE BASE
AIRPORT,TAPPAHANNOCK-ESSEX COUNTY,TAPPAHANNOCK-ESSEX COUNTY
AIRPORT,PENNS LANDING HELIPORT,PENNS LANDING HELIPORT
AIRPORT,LONDON ASHFORD ARPT,LONDON ASHFORD ARPT
AIRPORT,MARSHALL ISLANDS INTL ARPT,MARSHALL ISLANDS INTL ARPT
AIRPORT,EXXON HELIPORT,EXXON HELIPORT
AIRPORT,CAPE TOWN INTL ARPT,CAPE TOWN INTL ARPT
AIRPORT,BOOTHVILLE HELIPORT,BOOTHVILLE HELIPORT
AIRPORT,PICKAWAY COUNTY MEMORIAL ARPT,PICKAWAY COUNTY MEMORIAL ARPT
AIRPORT,FIRST FLIGHT,FIRST FLIGHT
AIRPORT,GRIFFISS INTL,GRIFFISS INTL
AIRPORT,HENDRICKS COUNTY-GORDON GRAHAM FIELD,HENDRICKS COUNTY-GORDON GRAHAM FIELD
AIRPORT,CARLISLE MUNICIPAL,CARLISLE MUNICIPAL
AIRPORT,BURLINGTON-ALAMANCE REGIONAL,BURLINGTON-ALAMANCE REGIONAL
AIRPORT,SEBASTIAN MUNICIPAL,SEBASTIAN MUNICIPAL
AIRPORT,MITCHELL MUNICIPAL ARPT,MITCHELL MUNICIPAL ARPT
AIRPORT,BAY BRIDGE,BAY BRIDGE
AIRPORT,DOHA INTL,DOHA INTL
AIRPORT,CLEVELAND MUNICIPAL ARPT,CLEVELAND MUNICIPAL ARPT
AIRPORT,KITCHENER/WATERLOO REGIONAL,KITCHENER/WATERLOO REGIONAL
AIRPORT,KIT CARSON COUNTY,KIT CARSON COUNTY
AIRPORT,HUMBERSIDE,HUMBERSIDE
AIRPORT,COMPTON/WOODLEY ARPT,COMPTON/WOODLEY ARPT
AIRPORT,CAPE COD COAST GUARD AIR STATION,CAPE COD COAST GUARD AIR STATION
AIRPORT,USAF ACADEMY BULLSEYE AUX AIRSTRIP,USAF ACADEMY BULLSEYE AUX AIRSTRIP
AIRPORT,MC GUIRE AIR FORCE BASE,MC GUIRE AIR FORCE BASE
AIRPORT,PHI VENICE HELIPORT,PHI VENICE HELIPORT
AIRPORT,VIRGINIA HIGHLANDS ARPT,VIRGINIA HIGHLANDS ARPT
AIRPORT,CULLMAN REGIONAL ARPT-FOLSOM FIELD,CULLMAN REGIONAL ARPT-FOLSOM FIELD
AIRPORT,BLUE SPRINGS HELIPORT,BLUE SPRINGS HELIPORT
AIRPORT,HOMESTEAD AIR RESERVE BASE,HOMESTEAD AIR RESERVE BASE
AIRPORT,ENTERPRISE MUNICIPAL ARPT,ENTERPRISE MUNICIPAL ARPT
AIRPORT,GREEN COUNTY,GREEN COUNTY
AIRPORT,COOPERSTOWN MUNICIPAL ARPT,COOPERSTOWN MUNICIPAL ARPT
AIRPORT,JESSE VIERTEL MEMORIAL ARPT,JESSE VIERTEL MEMORIAL ARPT
AIRPORT,ERA HELICOPTERS FOURCHON HELIBASE,ERA HELICOPTERS FOURCHON HELIBASE
AIRPORT,WAYNESVILLE-ST ROBERT REGIONAL FORNEY FIELD,WAYNESVILLE-ST ROBERT REGIONAL FORNEY FIELD
AIRPORT,CLAREMONT MUNICIPAL ARPT,CLAREMONT MUNICIPAL ARPT
AIRPORT,CAVERN CITY AIR TERMINAL,CAVERN CITY AIR TERMINAL
AIRPORT,BELLEVILLE MUNICIPAL,BELLEVILLE MUNICIPAL
AIRPORT,LACONIA MUNICIPAL,LACONIA MUNICIPAL
AIRPORT,FRONT RANGE ARPT,FRONT RANGE ARPT
AIRPORT,POPLAR BLUFF MUNICIPAL,POPLAR BLUFF MUNICIPAL
AIRPORT,NOI BAI INTL ARPT,NOI BAI INTL ARPT
AIRPORT,WAYNE COUNTY,WAYNE COUNTY
AIRPORT,NYPD AIR OPS HELIPORT -PVT,NYPD AIR OPS HELIPORT -PVT
AIRPORT,HUTSON FIELD ARPT,HUTSON FIELD ARPT
AIRPORT,LANGLEY AIR FORCE BASE,LANGLEY AIR FORCE BASE
AIRPORT,MARINA MUNICIPAL ARPT,MARINA MUNICIPAL ARPT
AIRPORT,PINE RIVER REGIONAL ARPT,PINE RIVER REGIONAL ARPT
AIRPORT,CHILLICOTHE MUNICIPAL ARPT,CHILLICOTHE MUNICIPAL ARPT
AIRPORT,FAULKTON MUNICIPAL ARPT,FAULKTON MUNICIPAL ARPT
AIRPORT,NORTH CENTRAL STATE ARPT,NORTH CENTRAL STATE ARPT
AIRPORT,MONTICELO MUNICIPAL ARPT/ELLIS FIELD,MONTICELO MUNICIPAL ARPT/ELLIS FIELD
AIRPORT,ADAK ARPT,ADAK ARPT
AIRPORT,LEA COUNTY REGIONAL ARPT,LEA COUNTY REGIONAL ARPT
AIRPORT,LOUISA COUNTY ARPT/FREEMAN FLD,LOUISA COUNTY ARPT/FREEMAN FLD
AIRPORT,WASHINGTON EXECUTIVE ARPT HYDE FIELD,WASHINGTON EXECUTIVE ARPT HYDE FIELD
AIRPORT,DE KALB TAYLOR MUNICIPAL ARPT,DE KALB TAYLOR MUNICIPAL ARPT
AIRPORT,ONTARIO MUNICIPAL ARPT,ONTARIO MUNICIPAL ARPT
AIRPORT,SCOTT CITY MUNICIPAL ARPT,SCOTT CITY MUNICIPAL ARPT
AIRPORT,FULTON COUNTY ARPT,FULTON COUNTY ARPT
AIRPORT,WILDER ARPT,WILDER ARPT
AIRPORT,SOUTH COUNTY ARPT OF SANTA CLARA COUNTY,SOUTH COUNTY ARPT OF SANTA CLARA COUNTY
AIRPORT,ELK GROVE ARPT,ELK GROVE ARPT
AIRPORT,NORTH TEXAS REGNL ARPT/PERRIN FIELD,NORTH TEXAS REGNL ARPT/PERRIN FIELD
AIRPORT,NAS JRB FORT WORTH,NAS JRB FORT WORTH
AIRPORT,GRANITE FALLS MUNICIPAL ARPT,GRANITE FALLS MUNICIPAL ARPT
AIRPORT,BOLIVAR MUNICIPAL ARPT,BOLIVAR MUNICIPAL ARPT
AIRPORT,GREENSBURG JEANETTE REGIONAL ARPT,GREENSBURG JEANETTE REGIONAL ARPT
AIRPORT,FARIFIELD COUNTY ARPT,FARIFIELD COUNTY ARPT
AIRPORT,CANYONLANDS FIELD,CANYONLANDS FIELD
AIRPORT,CARROLL COUNTY-TOLSON ARPT,CARROLL COUNTY-TOLSON ARPT
AIRPORT,ODESSA-SCHLEMEYER FIELD ARPT,ODESSA-SCHLEMEYER FIELD ARPT
AIRPORT,THROCKMORTON MUNICIPAL,THROCKMORTON MUNICIPAL
AIRPORT,C DAVID DAMPBELL FIELD-CORSICANA MUNI ARPT,C DAVID DAMPBELL FIELD-CORSICANA MUNI ARPT
AIRPORT,DELPHI MUNICIPAL ARPT,DELPHI MUNICIPAL ARPT
AIRPORT,SPRINGERVILLE MUNICIPAL,SPRINGERVILLE MUNICIPAL
AIRPORT,VERNAL ARPT,VERNAL ARPT
AIRPORT,LIEGE ARPT,LIEGE ARPT
AIRPORT,MARCO POLO INTL,MARCO POLO INTL
AIRPORT,HOGUE ARPT,HOGUE ARPT
AIRPORT,BAGRAM AIR BASE,BAGRAM AIR BASE
AIRPORT,GREAT BENT MUNICIPAL,GREAT BENT MUNICIPAL
AIRPORT,STILLWATER REGIONAL ARPT,STILLWATER REGIONAL ARPT
AIRPORT,LONDON-CORBIN ARPT-MAGEE  FIELD,LONDON-CORBIN ARPT-MAGEE  FIELD
AIRPORT,MUELLER FARM ARPT,MUELLER FARM ARPT
AIRPORT,HARBOR SPRINGS ARPT,HARBOR SPRINGS ARPT
AIRPORT,NASH FIELD INDIANOLA (PVT),NASH FIELD INDIANOLA (PVT)
AIRPORT,SHERMAN ARMY AIRFIELD,SHERMAN ARMY AIRFIELD
AIRPORT,PICKENS COUNTY ARPT (SC),PICKENS COUNTY ARPT (SC)
AIRPORT,INDEPENDENCE MUNICIPAL ARPT,INDEPENDENCE MUNICIPAL ARPT
AIRPORT,SHOW LOW REGIONAL ARPT,SHOW LOW REGIONAL ARPT
AIRPORT,TWIN LAKES RANCH ARPT,TWIN LAKES RANCH ARPT
AIRPORT,KNOX COUNTY ARPT,KNOX COUNTY ARPT
AIRPORT,LAKE TEXOMA STATE PARK ARPT,LAKE TEXOMA STATE PARK ARPT
AIRPORT,BOWMAN FIELD ARPT,BOWMAN FIELD ARPT
AIRPORT,BRANSON ARPT,BRANSON ARPT
AIRPORT,GUERNSEY ARPT,GUERNSEY ARPT
AIRPORT,BELFAST INTL ARPT,BELFAST INTL ARPT
AIRPORT,ALDERNEY ARPT,ALDERNEY ARPT
AIRPORT,OSBORNE ARPT,OSBORNE ARPT
AIRPORT,EDINBURGH ARPT,EDINBURGH ARPT
AIRPORT,CANANDAIGUA ARPT,CANANDAIGUA ARPT
AIRPORT,FRENCH LICK MUNICIPAL ARPT,FRENCH LICK MUNICIPAL ARPT
AIRPORT,GLOUCESTERSHIRE ARPT,GLOUCESTERSHIRE ARPT
AIRPORT,FARNBOROUGH ARPT,FARNBOROUGH ARPT
AIRPORT,INVERNESS ARPT,INVERNESS ARPT
AIRPORT,VANCE BRAND ARPT,VANCE BRAND ARPT
AIRPORT,BALDWIN COUNTY ARPT,BALDWIN COUNTY ARPT
AIRPORT,DEMING MUNICIPAL ARPT,DEMING MUNICIPAL ARPT
AIRPORT,JACKSONVILLE NAS (TOWERS FIELD),JACKSONVILLE NAS (TOWERS FIELD)
AIRPORT,CORPUS CHRISTI NAS/TRUAX FIELD,CORPUS CHRISTI NAS/TRUAX FIELD
AIRPORT,SELFRIDGE AIR NATIONAL GUARD BASE,SELFRIDGE AIR NATIONAL GUARD BASE
AIRPORT,SOUTH LAFOURCHE LEONARD MILLER  JR ARPT,SOUTH LAFOURCHE LEONARD MILLER  JR ARPT
AIRPORT,YORK ARPT,YORK ARPT
AIRPORT,ANIMAS AIR PARK,ANIMAS AIR PARK
AIRPORT,DEL RIO INTL ARPT,DEL RIO INTL ARPT
AIRPORT,NORTH ISLAND NAS (HALSEY FIELD),NORTH ISLAND NAS (HALSEY FIELD)
AIRPORT,HOMESTEAD GENERAL AVIATION ARPT,HOMESTEAD GENERAL AVIATION ARPT
AIRPORT,ELOY ALFARO INTL,ELOY ALFARO INTL
AIRPORT,EL RENO REGIONAL ARPT,EL RENO REGIONAL ARPT
AIRPORT,MOUNT WASHINGTON RGNL ARPT,MOUNT WASHINGTON RGNL ARPT
AIRPORT,NORTHWEST FLORIDA BEACHES INTL,NORTHWEST FLORIDA BEACHES INTL
AIRPORT,NEWTON CITY/COUNTY ARPT,NEWTON CITY/COUNTY ARPT
AIRPORT,DILLINGHAM ARPT,DILLINGHAM ARPT
AIRPORT,WATSONVILLE MUNICIPAL ARPT,WATSONVILLE MUNICIPAL ARPT
AIRPORT,SHALZ FIELD ARPT,SHALZ FIELD ARPT
AIRPORT,C.E.F. AIRPORT,C.E.F. AIRPORT
AIRPORT,HOBBY FIELD ARPT,HOBBY FIELD ARPT
AIRPORT,FRANK WILEY FIELD ARPT,FRANK WILEY FIELD ARPT
AIRPORT,DELAWARE AIRPARK,DELAWARE AIRPARK
AIRPORT,CAMPBELL ARPT,CAMPBELL ARPT
AIRPORT,GLADEWATER MUNICIPAL ARPT,GLADEWATER MUNICIPAL ARPT
AIRPORT,METRO HEALTH MEDICAL CENTER HELIPORT,METRO HEALTH MEDICAL CENTER HELIPORT
AIRPORT,SPRINGDALE MUNICIPAL ARPT,SPRINGDALE MUNICIPAL ARPT
AIRPORT,GENERAL WM J FOX AIRFIELD,GENERAL WM J FOX AIRFIELD
AIRPORT,STEEL PIER TAJ MAHAL HELIPORT,STEEL PIER TAJ MAHAL HELIPORT
AIRPORT,AIR LOGICTICS N HELIPORT,AIR LOGICTICS N HELIPORT
AIRPORT,WAKEMAN ARPT,WAKEMAN ARPT
AIRPORT,MOFFETT FEDERAL AIRFIELD,MOFFETT FEDERAL AIRFIELD
AIRPORT,MARICOPA MEDICAL CENTER HELIPORT,MARICOPA MEDICAL CENTER HELIPORT
AIRPORT,GREELEY MUNICIPAL ARPT,GREELEY MUNICIPAL ARPT
AIRPORT,SUMMIT HEALTHCARE RGNL MED CENTER,SUMMIT HEALTHCARE RGNL MED CENTER
AIRPORT,CINCINNATI-BLUE ASH ARPT,CINCINNATI-BLUE ASH ARPT
AIRPORT,VALDEZ PIONEER FIELD ARPT,VALDEZ PIONEER FIELD ARPT
AIRPORT,ROWAN COUNTY ARPT,ROWAN COUNTY ARPT
AIRPORT,VICKSBURG TALLULAH REGIONAL ARPT,VICKSBURG TALLULAH REGIONAL ARPT
AIRPORT,HOUSTON EXECUTIVE ARPT,HOUSTON EXECUTIVE ARPT
AIRPORT,WATERTOWN MUNICIPAL ARPT,WATERTOWN MUNICIPAL ARPT
AIRPORT,AUBURN-OPELIKA RG PITTS,AUBURN-OPELIKA RG PITTS
AIRPORT,PINAL AIRPARK,PINAL AIRPARK
AIRPORT,PHI FOURCHON BASE HELIPORT,PHI FOURCHON BASE HELIPORT
AIRPORT,BARSTOW-DAGGETT ARPT,BARSTOW-DAGGETT ARPT
AIRPORT,SHELL LAKE MUNICIPAL ARPT,SHELL LAKE MUNICIPAL ARPT
AIRPORT,SIDNEY-RICHLAND MUNICIPAL ARPT,SIDNEY-RICHLAND MUNICIPAL ARPT
AIRPORT,AIR LOGISTICS HELIPORT,AIR LOGISTICS HELIPORT
AIRPORT,JASPER COUNTY ARPT,JASPER COUNTY ARPT
AIRPORT,GWINNER-ROGER MELROE FIELD ARPT,GWINNER-ROGER MELROE FIELD ARPT
AIRPORT,MAURICE BISHOP INTL ARPT,MAURICE BISHOP INTL ARPT
AIRPORT,LAKE PALOURDE BASE HELIPORT,LAKE PALOURDE BASE HELIPORT
AIRPORT,PRINCEVILLE ARPT,PRINCEVILLE ARPT
AIRPORT,CHEVRON USA INC SEAPLANE BASE,CHEVRON USA INC SEAPLANE BASE
AIRPORT,JOHN S DUNN HELISTOP,JOHN S DUNN HELISTOP
AIRPORT,KONGIGANAK ARPT,KONGIGANAK ARPT
AIRPORT,ST. MARIES MUNICIPAL,ST. MARIES MUNICIPAL
AIRPORT,ALBERT LEA MUNICIPAL ARPT,ALBERT LEA MUNICIPAL ARPT
AIRPORT,CHEFORNAK ARPT,CHEFORNAK ARPT
AIRPORT,HARRISON COUNTY ARPT,HARRISON COUNTY ARPT
AIRPORT,YAZOO COUNTY ARPT,YAZOO COUNTY ARPT
AIRPORT,CLEVELAND CLINIC FOUNDATION HELIPORT,CLEVELAND CLINIC FOUNDATION HELIPORT
AIRPORT,GEORGE M BRYAN ARPT,GEORGE M BRYAN ARPT
AIRPORT,RANGLEY ARPT,RANGLEY ARPT
AIRPORT,EEK ARPT,EEK ARPT
AIRPORT,ADDINGTON FIELD ARPT,ADDINGTON FIELD ARPT
AIRPORT,DOMODEDOVE INTL ARPT,DOMODEDOVE INTL ARPT
AIRPORT,STENNIS INTL ARPT,STENNIS INTL ARPT
AIRPORT,PAUL C. MILLER-SPARTA ARPT,PAUL C. MILLER-SPARTA ARPT
AIRPORT,PALESTINE MUNICIPAL ARPT,PALESTINE MUNICIPAL ARPT
AIRPORT,FORT WORTH SPINKS ARPT,FORT WORTH SPINKS ARPT
AIRPORT,CORLAND COUNTY ARPT-CHASE FIELD,CORLAND COUNTY ARPT-CHASE FIELD
AIRPORT,ARTHUR DUNN AIR PARK,ARTHUR DUNN AIR PARK
AIRPORT,BRIGHAM & WOMEN'S HOSPITAL HELIPORT,BRIGHAM & WOMEN'S HOSPITAL HELIPORT
AIRPORT,HARDY-ANDERS FLD NATCHEZ-ADAMS CNTY,HARDY-ANDERS FLD NATCHEZ-ADAMS CNTY
AIRPORT,TRACY MUNICIPAL ARPT,TRACY MUNICIPAL ARPT
AIRPORT,BANGALORE INTL ARPT,BANGALORE INTL ARPT
AIRPORT,LOGAN COUNTY ARPT,LOGAN COUNTY ARPT
AIRPORT,DEMOPOLIS MUNICIPAL ARPT,DEMOPOLIS MUNICIPAL ARPT
AIRPORT,DUBLIN INTL ARPT,DUBLIN INTL ARPT
AIRPORT,WENDOVER ARPT,WENDOVER ARPT
AIRPORT,DENNIS F CANTRELL FIELD ARPT,DENNIS F CANTRELL FIELD ARPT
AIRPORT,MIDWEST NATIONAL AIR CENTER ARPT,MIDWEST NATIONAL AIR CENTER ARPT
AIRPORT,ROBERT R WELLS JR ARPT,ROBERT R WELLS JR ARPT
AIRPORT,MOBILE AIRPORT,MOBILE AIRPORT
AIRPORT,LUXEMBOURG INTL ARPT,LUXEMBOURG INTL ARPT
AIRPORT,WAKE ISLAND AIRFIELD,WAKE ISLAND AIRFIELD
AIRPORT,ROTA INTL ARPT,ROTA INTL ARPT
AIRPORT,AK CHIN COMMUNITY AIRFIELD,AK CHIN COMMUNITY AIRFIELD
AIRPORT,BUCKEYE MUNICIPAL ARPT,BUCKEYE MUNICIPAL ARPT
AIRPORT,ANIAK AIRPORT,ANIAK AIRPORT
AIRPORT,MICHIGAN CITY MUNICIPAL ARPT,MICHIGAN CITY MUNICIPAL ARPT
AIRPORT,HANOVER COUNTY MUNICIPAL ARPT,HANOVER COUNTY MUNICIPAL ARPT
AIRPORT,TIPTON ARPT,TIPTON ARPT
AIRPORT,TRENTON MUNICIPAL ARPT,TRENTON MUNICIPAL ARPT
AIRPORT,LEBANON-WARREN COUNTY ARPT,LEBANON-WARREN COUNTY ARPT
AIRPORT,GENERAL ROBERTO FIERRO VILLALOBOS INTL,GENERAL ROBERTO FIERRO VILLALOBOS INTL
AIRPORT,MALAGA ARPT,MALAGA ARPT
AIRPORT,KENTMORR AIRPARK,KENTMORR AIRPARK
AIRPORT,PLATTSBURGH INTL ARPT,PLATTSBURGH INTL ARPT
AIRPORT,PALM BEACH COUNTY PARK ARPT,PALM BEACH COUNTY PARK ARPT
AIRPORT,TORONTO/BUTTONVILLE MUNICIPAL,TORONTO/BUTTONVILLE MUNICIPAL
AIRPORT,SEMINOLE MUNICIPAL ARPT,SEMINOLE MUNICIPAL ARPT
AIRPORT,GUSTAVO ROJAS PINILLA INTL ARPT,GUSTAVO ROJAS PINILLA INTL ARPT
AIRPORT,BOB SIKES ARPT,BOB SIKES ARPT
AIRPORT,TUNICA MUNICIPAL ARPT,TUNICA MUNICIPAL ARPT
AIRPORT,V C BIRD INTL ARPT,V C BIRD INTL ARPT
AIRPORT,WEST PLAINS REGIONAL ARPT,WEST PLAINS REGIONAL ARPT
AIRPORT,UKIAH MUNICIPAL ARPT,UKIAH MUNICIPAL ARPT
AIRPORT,FAYETTE COUNTY ARPT,FAYETTE COUNTY ARPT
AIRPORT,UPSHUR COUNTY REGIONAL ARPT,UPSHUR COUNTY REGIONAL ARPT
AIRPORT,NORTH BIG HORN COUNTY ARPT,NORTH BIG HORN COUNTY ARPT
AIRPORT,MACKINAC COUNTY ARPT,MACKINAC COUNTY ARPT
AIRPORT,GRANT-MILAN MUNI ARPT,GRANT-MILAN MUNI ARPT
AIRPORT,CITIZENS MEDICAL CENTER HELIPORT,CITIZENS MEDICAL CENTER HELIPORT
AIRPORT,VICTORIA HARBOUR,VICTORIA HARBOUR
AIRPORT,DELAWARE MUNICIPAL ARPT-JIM MOORE FIELD,DELAWARE MUNICIPAL ARPT-JIM MOORE FIELD
AIRPORT,AULTMAN HOSPITAL HELIPORT,AULTMAN HOSPITAL HELIPORT
AIRPORT,JAMES CLEMENTS MUNICIPAL ARPT,JAMES CLEMENTS MUNICIPAL ARPT
AIRPORT,GENEVA INTL ARPT,GENEVA INTL ARPT
AIRPORT,HESPERIA ARPT,HESPERIA ARPT
AIRPORT,GALILEO GALILEI ARPT,GALILEO GALILEI ARPT
AIRPORT,CRAWFORDSVILLE MUNI ARPT,CRAWFORDSVILLE MUNI ARPT
AIRPORT,ST LUKE'S NORTHLAND HOSPITAL HELIPORT,ST LUKE'S NORTHLAND HOSPITAL HELIPORT
AIRPORT,SHANDS JACKSONVILLE HOSPITAL HELIPORT,SHANDS JACKSONVILLE HOSPITAL HELIPORT
AIRPORT,AQUASCALIENTES,AQUASCALIENTES
AIRPORT,FREMONT AIRPORT,FREMONT AIRPORT
AIRPORT,HICKORY REGIONAL ARPT,HICKORY REGIONAL ARPT
AIRPORT,IMMOKALEE REGIONAL ARPT,IMMOKALEE REGIONAL ARPT
AIRPORT,MEFFORD FIELD ARPT,MEFFORD FIELD ARPT
AIRPORT,HENDRY MEDICAL HELIPORT,HENDRY MEDICAL HELIPORT
AIRPORT,QUINN FIELD ARPT,QUINN FIELD ARPT
AIRPORT,UNIV OF MD SHOCK TRAUMA CTR HELIPORT,UNIV OF MD SHOCK TRAUMA CTR HELIPORT
AIRPORT,LOUDOUN HOSPITAL CENTER HELIPORT,LOUDOUN HOSPITAL CENTER HELIPORT
AIRPORT,PORT GRAHAM ARPT,PORT GRAHAM ARPT
AIRPORT,MARANA REGIONAL ARPT,MARANA REGIONAL ARPT
AIRPORT,GRAYSON COUNTY ARPT,GRAYSON COUNTY ARPT
AIRPORT,WEST KENTUCKY AIRPARK,WEST KENTUCKY AIRPARK
AIRPORT,HIDDEN LAKE ARPT,HIDDEN LAKE ARPT
AIRPORT,RIO VISTA MUNICIPAL ARPT,RIO VISTA MUNICIPAL ARPT
AIRPORT,EAGLE'S NEST ARPT,EAGLE'S NEST ARPT
AIRPORT,ELIZABETHTON MUNICIPAL ARPT,ELIZABETHTON MUNICIPAL ARPT
AIRPORT,EAST 34TH STREET HELIPORT,EAST 34TH STREET HELIPORT
AIRPORT,PRYOR FIELD REGIONAL ARPT,PRYOR FIELD REGIONAL ARPT
AIRPORT,WINTER HAVEN'S GILBERT ARPT,WINTER HAVEN'S GILBERT ARPT
AIRPORT,CULPEPER REGIONAL ARPT,CULPEPER REGIONAL ARPT
AIRPORT,ST. JOHNS INTL,ST. JOHNS INTL
AIRPORT,PORTERVILLE MUNICIPAL ARPT,PORTERVILLE MUNICIPAL ARPT
AIRPORT,MOJAVE ARPT,MOJAVE ARPT
AIRPORT,HEART OF GEORGIA REGIONAL ARPT,HEART OF GEORGIA REGIONAL ARPT
AIRPORT,ARDMORE DOWNTOWN EXECUTIVE ARPT,ARDMORE DOWNTOWN EXECUTIVE ARPT
AIRPORT,BARTOW MUNICIPAL,BARTOW MUNICIPAL
AIRPORT,HAMMOND NORTHSHORE REGIONAL ARPT,HAMMOND NORTHSHORE REGIONAL ARPT
AIRPORT,MARK ANTON AIRPORT,MARK ANTON AIRPORT
AIRPORT,KAMUZU INTL,KAMUZU INTL
AIRPORT,BEECH FACTORY ARPT,BEECH FACTORY ARPT
AIRPORT,SHOREHAM ARPT,SHOREHAM ARPT
AIRPORT,ROCHESTER ARPT,ROCHESTER ARPT
AIRPORT,BIGGIN HILL ARPT,BIGGIN HILL ARPT
AIRPORT,OLD SARUM AIRFIELD,OLD SARUM AIRFIELD
AIRPORT,RED BLUFF MUNICIPAL ARPT,RED BLUFF MUNICIPAL ARPT
AIRPORT,GARFIELD COUNTY REGIONAL ARPT,GARFIELD COUNTY REGIONAL ARPT
AIRPORT,WEEDON FIELD ARPT,WEEDON FIELD ARPT
AIRPORT,MADISON ARPT,MADISON ARPT
AIRPORT,WAKE MEDICAL CENTER HELIPORT,WAKE MEDICAL CENTER HELIPORT
AIRPORT,MORRIS MUNI ARPT - JAMES R. WASHBURN FIELD,MORRIS MUNI ARPT - JAMES R. WASHBURN FIELD
AIRPORT,GWINNETT COUNTY - BRISCOE FIELD,GWINNETT COUNTY - BRISCOE FIELD
AIRPORT,PRINCETON ARPT,PRINCETON ARPT
AIRPORT,WORLAND MUNICIPAL ARPT,WORLAND MUNICIPAL ARPT
AIRPORT,CLEBURNE REGIONAL ARPT,CLEBURNE REGIONAL ARPT
AIRPORT,BARTLESVILLE MUNICIPAL ARPT,BARTLESVILLE MUNICIPAL ARPT
AIRPORT,LOCKHART MUNICIPAL ARPT,LOCKHART MUNICIPAL ARPT
AIRPORT,THREE RIVERS MUNICIPAL ARPT,THREE RIVERS MUNICIPAL ARPT
AIRPORT,ELDORADO/CAPTAIN JACK THOMAS MEMORIAL ARPT,ELDORADO/CAPTAIN JACK THOMAS MEMORIAL ARPT
AIRPORT,SELETAR ARPT,SELETAR ARPT
AIRPORT,SHANNON AIRPORT,SHANNON AIRPORT
AIRPORT,LANCASTER REGIONAL ARPT,LANCASTER REGIONAL ARPT
AIRPORT,OLD MARISCAL SUCRE INTL ARPT,OLD MARISCAL SUCRE INTL ARPT
AIRPORT,PRICE'S ARPT,PRICE'S ARPT
AIRPORT,CHENA MARINA ARPT,CHENA MARINA ARPT
AIRPORT,LEE C FINE MEMORIAL ARPT,LEE C FINE MEMORIAL ARPT
AIRPORT,BEAR LAKE COUNTY ARPT,BEAR LAKE COUNTY ARPT
AIRPORT,SCHENCK FIELD ARPT,SCHENCK FIELD ARPT
AIRPORT,WINDSOR,WINDSOR
AIRPORT,AUSTIN EXECUTIVE ARPT,AUSTIN EXECUTIVE ARPT
AIRPORT,DRIGGS-REED MEMORIAL ARPT,DRIGGS-REED MEMORIAL ARPT
AIRPORT,CAMBRIDGE-DORCHESTER ARPT,CAMBRIDGE-DORCHESTER ARPT
AIRPORT,DUNSMUIR MUNICIPAL-MOTT ARPT,DUNSMUIR MUNICIPAL-MOTT ARPT
AIRPORT,BURGAS ARPT,BURGAS ARPT
AIRPORT,MAPLE GROVE ARPT,MAPLE GROVE ARPT
AIRPORT,DETROIT LAKES ARPT - WETHING FLD,DETROIT LAKES ARPT - WETHING FLD
AIRPORT,SIERRA BLANCA REGIONAL,SIERRA BLANCA REGIONAL
AIRPORT,MAJORS ARPT,MAJORS ARPT
AIRPORT,OCALA INTL ARPT-JIM TAYLOR FIELD,OCALA INTL ARPT-JIM TAYLOR FIELD
AIRPORT,SHUANGLIU ARPT,SHUANGLIU ARPT
AIRPORT,POHNPEI INTL ARPT,POHNPEI INTL ARPT
AIRPORT,QINGDAO LIUTING INTL ARPT,QINGDAO LIUTING INTL ARPT
AIRPORT,HUMPHREYS COUNTY ARPT,HUMPHREYS COUNTY ARPT
AIRPORT,CLARE COUNTY ARPT,CLARE COUNTY ARPT
AIRPORT,BARABOO WISCONSIN DELLS ARPT,BARABOO WISCONSIN DELLS ARPT
AIRPORT,VASHON MUNICIPAL ARPT,VASHON MUNICIPAL ARPT
AIRPORT,CABELL HUNTINGTON HOSPITAL HELIPORT,CABELL HUNTINGTON HOSPITAL HELIPORT
AIRPORT,TRENTON-ROBBINSVILLE ARPT,TRENTON-ROBBINSVILLE ARPT
AIRPORT,INDIANAPOLIS DOWNTOWN HELIPORT,INDIANAPOLIS DOWNTOWN HELIPORT
AIRPORT,CHILDREN' S MERCY HOSPITAL HELIPORT,CHILDREN' S MERCY HOSPITAL HELIPORT
AIRPORT,UK HOSPITAL HELIPORT,UK HOSPITAL HELIPORT
AIRPORT,PAULDING NORTHWEST ATLANTA ARPT,PAULDING NORTHWEST ATLANTA ARPT
AIRPORT,BIRMINGHAM INTL,BIRMINGHAM INTL
AIRPORT,VIRGINIA TECH/MONTGOMERY EXEC ARPT,VIRGINIA TECH/MONTGOMERY EXEC ARPT
AIRPORT,WARROAD INTL MEMORIAL ARPT,WARROAD INTL MEMORIAL ARPT
AIRPORT,FITCHBURG  MUNICIPAL ARPT,FITCHBURG  MUNICIPAL ARPT
AIRPORT,HOONAH ARPT,HOONAH ARPT
AIRPORT,UNION PARISH ARPT,UNION PARISH ARPT
AIRPORT,GENERAL HERIBERTO JARA INTL ARPT,GENERAL HERIBERTO JARA INTL ARPT
AIRPORT,HELSINKI-VANTAA ARPT,HELSINKI-VANTAA ARPT
AIRPORT,MARIAN HELIPORT,MARIAN HELIPORT
AIRPORT,LEBANON MUNICIPAL ARPT (TN),LEBANON MUNICIPAL ARPT (TN)
AIRPORT,GREEN COUNTY-LEWIS A. JACKSON REGNL ARPT,GREEN COUNTY-LEWIS A. JACKSON REGNL ARPT
AIRPORT,MENA INTERMOUNTAIN MUNICIPAL ARPT,MENA INTERMOUNTAIN MUNICIPAL ARPT
AIRPORT,TAMPA GENERAL HOSPITAL HELIPORT,TAMPA GENERAL HOSPITAL HELIPORT
AIRPORT,SOUTH JERSEY REGIONAL ARPT,SOUTH JERSEY REGIONAL ARPT
AIRPORT,CARUTHERSVILLE MEMORIAL ARPT,CARUTHERSVILLE MEMORIAL ARPT
AIRPORT,GREENWOOD COUNTY ARPT,GREENWOOD COUNTY ARPT
AIRPORT,INVERNESS ARPT (FL),INVERNESS ARPT (FL)
AIRPORT,CROSSVILLE MEMORIAL ARPT/WHITSON FIELD,CROSSVILLE MEMORIAL ARPT/WHITSON FIELD
AIRPORT,GUYMON MUNICIPAL ARPT,GUYMON MUNICIPAL ARPT
AIRPORT,FREEMAN MUNICIPAL ARPT,FREEMAN MUNICIPAL ARPT
AIRPORT,TULLAHOMA REGNL ARPT/WILLIAM NORTHERN FIELD,TULLAHOMA REGNL ARPT/WILLIAM NORTHERN FIELD
AIRPORT,EL ALTO INTL ARPT,EL ALTO INTL ARPT
AIRPORT,NEWNAN COWETA COUNTY ARPT,NEWNAN COWETA COUNTY ARPT
AIRPORT,HATO INTL ARPT,HATO INTL ARPT
AIRPORT,COCHRAN ARPT,COCHRAN ARPT
AIRPORT,ROCKCASTLE HOSPITAL INC HELIPORT,ROCKCASTLE HOSPITAL INC HELIPORT
AIRPORT,WAUCHULA MUNICIPAL ARPT,WAUCHULA MUNICIPAL ARPT
AIRPORT,COTSWOLD ARPT,COTSWOLD ARPT
AIRPORT,POTOMAC AIRFIELD,POTOMAC AIRFIELD
AIRPORT,MIDDLE BASS ISLAND ARPT,MIDDLE BASS ISLAND ARPT
AIRPORT,REGIONAL WEST MEDICAL CENTER HELIPORT,REGIONAL WEST MEDICAL CENTER HELIPORT
AIRPORT,BRIGHAM CITY ARPT,BRIGHAM CITY ARPT
AIRPORT,INGENIERO F ESPINOZA GUTIERREZ INTL ARPT,INGENIERO F ESPINOZA GUTIERREZ INTL ARPT
AIRPORT,BOURLAND FIELD ARPT,BOURLAND FIELD ARPT
AIRPORT,UMATILLA MUNICIPAL ARPT,UMATILLA MUNICIPAL ARPT
AIRPORT,ROHNERVILLE ARPT,ROHNERVILLE ARPT
AIRPORT,DECATUR (JONES) ARPT,DECATUR (JONES) ARPT
AIRPORT,SHAWNEE REGIONAL ARPT,SHAWNEE REGIONAL ARPT
AIRPORT,SPARTA COMMUNITY ARPT-HUNTER FLD,SPARTA COMMUNITY ARPT-HUNTER FLD
AIRPORT,CLAYTON MUNICIPAL ARPT,CLAYTON MUNICIPAL ARPT
AIRPORT,RUSH CITY REGIONAL ARPT,RUSH CITY REGIONAL ARPT
AIRPORT,LMH HELIPORT,LMH HELIPORT
AIRPORT,KAKE ARPT,KAKE ARPT
AIRPORT,AURORA STATE ARPT,AURORA STATE ARPT
AIRPORT,HUNTSVILLE MUNICIPAL ARPT,HUNTSVILLE MUNICIPAL ARPT
AIRPORT,BENTONVILLE MUNI/LOUISE M THADEN FLD,BENTONVILLE MUNI/LOUISE M THADEN FLD
AIRPORT,PIKE COUNTY ARPT - HATCHER FIELD,PIKE COUNTY ARPT - HATCHER FIELD
AIRPORT,RENOWN REGIONAL MEDICAL CENTER,RENOWN REGIONAL MEDICAL CENTER
AIRPORT,HALLIBURTON FIELD ARPT,HALLIBURTON FIELD ARPT
AIRPORT,OCEANO COUNTY ARPT,OCEANO COUNTY ARPT
AIRPORT,EAGLE RIVER UNION ARPT,EAGLE RIVER UNION ARPT
AIRPORT,PALM BEACH COUNTY GLADES AIRPORT,PALM BEACH COUNTY GLADES AIRPORT
AIRPORT,WEXFORD COUNTY ARPT,WEXFORD COUNTY ARPT
AIRPORT,CIUDAD DEL ESTE GARCIA,CIUDAD DEL ESTE GARCIA
AIRPORT,POLSON ARPT,POLSON ARPT
AIRPORT,RED WING,RED WING
AIRPORT,RICHTON-PERRY COUNTY ARPT,RICHTON-PERRY COUNTY ARPT
AIRPORT,L G HOSPITAL HELIPORT,L G HOSPITAL HELIPORT
AIRPORT,LOS BANOS MUNICIPAL ARPT,LOS BANOS MUNICIPAL ARPT
AIRPORT,BIG SANDY REGIONAL ARPT,BIG SANDY REGIONAL ARPT
AIRPORT,MEDICAL CENTER HOSPITAL HELIPORT,MEDICAL CENTER HOSPITAL HELIPORT
AIRPORT,OCEAN SHORES MUNICIPAL ARPT,OCEAN SHORES MUNICIPAL ARPT
AIRPORT,FRANKFURT HAHN ARPT,FRANKFURT HAHN ARPT
AIRPORT,STATESVILLE REGIONAL ARPT,STATESVILLE REGIONAL ARPT
AIRPORT,ASHLAND REGIONAL ARPT,ASHLAND REGIONAL ARPT
AIRPORT,LITTLE RIVER ARPT,LITTLE RIVER ARPT
AIRPORT,CHARLES W BAKER ARPT,CHARLES W BAKER ARPT
AIRPORT,HEYDAR ALIYEV INTL ARPT,HEYDAR ALIYEV INTL ARPT
AIRPORT,SUFFOLK EXECUTIVE ARPT,SUFFOLK EXECUTIVE ARPT
AIRPORT,ST JOSEPH HOSPITAL HELIPORT,ST JOSEPH HOSPITAL HELIPORT
AIRPORT,KENNETT MEMORIAL ARPT,KENNETT MEMORIAL ARPT
AIRPORT,PASO ROBLES MUNICIPAL ARPT,PASO ROBLES MUNICIPAL ARPT
AIRPORT,MACDILL AIR FORCE BASE,MACDILL AIR FORCE BASE
AIRPORT,CRAM FIELD ARPT,CRAM FIELD ARPT
AIRPORT,WARSAW CHOPIN ARPT,WARSAW CHOPIN ARPT
AIRPORT,GARNETT MUNICIPAL ARPT,GARNETT MUNICIPAL ARPT
AIRPORT,GENERAL IGNACIO P GARCIA INTL,GENERAL IGNACIO P GARCIA INTL
AIRPORT,SEMINOLE LAKE GLIDERPORT,SEMINOLE LAKE GLIDERPORT
AIRPORT,BRISTOW US LLC HELIPORT,BRISTOW US LLC HELIPORT
AIRPORT,EDUARDO GOMES INTL ARPT,EDUARDO GOMES INTL ARPT
AIRPORT,SALGADO FILHO ARPT,SALGADO FILHO ARPT
AIRPORT,CLAY CENTER MUNICIPAL APRT,CLAY CENTER MUNICIPAL APRT
AIRPORT,PORT ALLEN ARPT,PORT ALLEN ARPT
AIRPORT,THOMASVILLE REGIONAL ARPT,THOMASVILLE REGIONAL ARPT
AIRPORT,LA BELLE MUNICIPAL ARPT,LA BELLE MUNICIPAL ARPT
AIRPORT,POSTE ARPT,POSTE ARPT
AIRPORT,MC CURTAIN COUNTY REGNL ARPT,MC CURTAIN COUNTY REGNL ARPT
AIRPORT,CORNING MUNICIPAL ARPT (AR),CORNING MUNICIPAL ARPT (AR)
AIRPORT,MOUNT VERNON ARPT,MOUNT VERNON ARPT
AIRPORT,FAYATTE REGIONAL AIR CENTER ARPT,FAYATTE REGIONAL AIR CENTER ARPT
AIRPORT,JOHAN A PENGEL INTL,JOHAN A PENGEL INTL
AIRPORT,PUT IN BAY,PUT IN BAY
AIRPORT,LUMBERTON ARPT,LUMBERTON ARPT
AIRPORT,IOWA FALLS MUNICIPAL ARPT,IOWA FALLS MUNICIPAL ARPT
AIRPORT,ROBERT S KERR ARPT,ROBERT S KERR ARPT
AIRPORT,ANDREWS COUNTY ARPT,ANDREWS COUNTY ARPT
AIRPORT,QUINCY MUNICIPAL ARPT,QUINCY MUNICIPAL ARPT
AIRPORT,BLAIR MUNICIPAL ARPT,BLAIR MUNICIPAL ARPT
AIRPORT,WOOD COUNTY REGIONAL AIRPORT,WOOD COUNTY REGIONAL AIRPORT
AIRPORT,RECIFE/GUARARAPES-GILBERTO FREYRE INTL ARPT,RECIFE/GUARARAPES-GILBERTO FREYRE INTL ARPT
AIRPORT,COX FIELD ARPT,COX FIELD ARPT
AIRPORT,RANTOUL NATL AVIATION CENTER ARPT,RANTOUL NATL AVIATION CENTER ARPT
AIRPORT,SAC CITY MUNICIPAL ARPT,SAC CITY MUNICIPAL ARPT
AIRPORT,ST CHARLES COUNTY SMARTT ARPT,ST CHARLES COUNTY SMARTT ARPT
AIRPORT,YELLOWSTONE ARPT,YELLOWSTONE ARPT
AIRPORT,BRUNSWICK EXECUTIVE ARPT,BRUNSWICK EXECUTIVE ARPT
AIRPORT,POCONO MOUNTAINS MUNI ARPT,POCONO MOUNTAINS MUNI ARPT
AIRPORT,STAN STAMPER MUNICIPAL ARPT,STAN STAMPER MUNICIPAL ARPT
AIRPORT,PALACIOS MUNICIPAL ARPT,PALACIOS MUNICIPAL ARPT
AIRPORT,TANCREDO NEVES INTL ARPT,TANCREDO NEVES INTL ARPT
AIRPORT,GRISSOM AIR RESERVE BASE,GRISSOM AIR RESERVE BASE
AIRPORT,LEXINGTON COUNTY ARPT AT PELION,LEXINGTON COUNTY ARPT AT PELION
AIRPORT,MCCARLEY FIELD ARPT,MCCARLEY FIELD ARPT
AIRPORT,MIDDLETOWN REGIONAL ARPT/HOOK FLD,MIDDLETOWN REGIONAL ARPT/HOOK FLD
AIRPORT,MUSCATINE MUNICIPAL ARPT,MUSCATINE MUNICIPAL ARPT
AIRPORT,MOREHEAD-ROWAN CNTY/C A THOMAS RGNL ARPT,MOREHEAD-ROWAN CNTY/C A THOMAS RGNL ARPT
AIRPORT,WADSWORTH MUNI ARPT,WADSWORTH MUNI ARPT
AIRPORT,CONSTANTA INTL ARPT,CONSTANTA INTL ARPT
AIRPORT,SANDUSKY COUNTY REGIONAL ARPT,SANDUSKY COUNTY REGIONAL ARPT
AIRPORT,BRANDON MUNICIPAL,BRANDON MUNICIPAL
AIRPORT,CHEVRON USA INC HELIPORT,CHEVRON USA INC HELIPORT
AIRPORT,SKY RANCH ARPT,SKY RANCH ARPT
AIRPORT,LIMA ALLEN COUNTY,LIMA ALLEN COUNTY
AIRPORT,DOBBINS AIR RESERVE BASE,DOBBINS AIR RESERVE BASE
AIRPORT,MERCY HOSPITAL MED CENTER PVT HELI,MERCY HOSPITAL MED CENTER PVT HELI
AIRPORT,LOUISIANA REGIONAL ARPT,LOUISIANA REGIONAL ARPT
AIRPORT,SULTAN MAHMUD ARPT,SULTAN MAHMUD ARPT
AIRPORT,IOWA CITY MUNICIPAL ARPT,IOWA CITY MUNICIPAL ARPT
AIRPORT,WEST WOODWARD ARPT,WEST WOODWARD ARPT
AIRPORT,PONCIANO ARRIAGA INTL ARPT,PONCIANO ARRIAGA INTL ARPT
AIRPORT,THE O'NEILL MUNICIPAL ARPT,THE O'NEILL MUNICIPAL ARPT
AIRPORT,CURRITUCK COUNTY REGIONAL ARPT,CURRITUCK COUNTY REGIONAL ARPT
AIRPORT,MARISCAL SUCRE INTL ARPT,MARISCAL SUCRE INTL ARPT
AIRPORT,ST PAUL ISLAND ARPT,ST PAUL ISLAND ARPT
AIRPORT,BLAIRSTOWN ARPT,BLAIRSTOWN ARPT
AIRPORT,KING FAISAL NAVAL BASE,KING FAISAL NAVAL BASE
AIRPORT,RUSTON REGIONAL ARPT,RUSTON REGIONAL ARPT
AIRPORT,SOUTHLAND FIELD ARPT,SOUTHLAND FIELD ARPT
AIRPORT,BIRCHWOOD ARPT,BIRCHWOOD ARPT
AIRPORT,MARSHALL MEMORIAL MUNICIPAL ARPT,MARSHALL MEMORIAL MUNICIPAL ARPT
AIRPORT,LEE ARPT,LEE ARPT
AIRPORT,GUTHRIE-EDMOND REGNL ARPT,GUTHRIE-EDMOND REGNL ARPT
AIRPORT,DUKE UNIV NORTH HELIPORT,DUKE UNIV NORTH HELIPORT
AIRPORT,SOUTH BIMINI ARPT,SOUTH BIMINI ARPT
AIRPORT,SCAPPOOSE INDUSTRIAL AIRPARK,SCAPPOOSE INDUSTRIAL AIRPARK
AIRPORT,SPANISH PEAKS AIRFIELD,SPANISH PEAKS AIRFIELD
AIRPORT,MAGEE CREEK AERODROME,MAGEE CREEK AERODROME
AIRPORT,FREEWAY ARPT,FREEWAY ARPT
AIRPORT,HOXIE-SHERIDAN COUNTY ARPT,HOXIE-SHERIDAN COUNTY ARPT
AIRPORT,HAMID KARZAI INTL ARPT,HAMID KARZAI INTL ARPT
AIRPORT,IRAAN MUNICIPAL ARPT,IRAAN MUNICIPAL ARPT
AIRPORT,THE SEA RANCH ARPT,THE SEA RANCH ARPT
AIRPORT,UC DAVIS MEDICAL CENTER TOWER II HELI,UC DAVIS MEDICAL CENTER TOWER II HELI
AIRPORT,DOUGLAS MUNICIPAL ARPT,DOUGLAS MUNICIPAL ARPT
AIRPORT,DAVIDSON COUNTY ARPT,DAVIDSON COUNTY ARPT
AIRPORT,UNIV OF MISSISSIPPI MEDICAL CENTER HELI,UNIV OF MISSISSIPPI MEDICAL CENTER HELI
AIRPORT,RAFAEL NUNEZ INTERNATIONAL ARPT,RAFAEL NUNEZ INTERNATIONAL ARPT
AIRPORT,SULLIVAN REGIONAL ARPT,SULLIVAN REGIONAL ARPT
AIRPORT,LODI ARPT,LODI ARPT
AIRPORT,SEBRING REGIONAL ARPT,SEBRING REGIONAL ARPT
AIRPORT,BOUNTIFUL SKYPARK,BOUNTIFUL SKYPARK
AIRPORT,DEL NORTE INTL ARPT,DEL NORTE INTL ARPT
AIRPORT,GREGORY MUNICIPAL ARPT,GREGORY MUNICIPAL ARPT
AIRPORT,SHELTER COVE ARPT,SHELTER COVE ARPT
AIRPORT,SPRINGHILL ARPT,SPRINGHILL ARPT
AIRPORT,PRISHTINA INTERNATIONAL ARPT,PRISHTINA INTERNATIONAL ARPT
AIRPORT,BEND MUNICIPAL ARPT,BEND MUNICIPAL ARPT
AIRPORT,MILLER FIELD ARPT,MILLER FIELD ARPT
AIRPORT,PORT BOUET ARPT,PORT BOUET ARPT
AIRPORT,GARRETT COUNTY ARPT,GARRETT COUNTY ARPT
AIRPORT,CALDWELL INDUSTRIAL ARPT,CALDWELL INDUSTRIAL ARPT
AIRPORT,JOHN BELL WILLIAMS ARPT,JOHN BELL WILLIAMS ARPT
AIRPORT,PHILIP ARPT,PHILIP ARPT
AIRPORT,ATOKA MUNICIPAL ARPT,ATOKA MUNICIPAL ARPT
AIRPORT,LAKE CUMBERLAND REGIONAL ARPT,LAKE CUMBERLAND REGIONAL ARPT
AIRPORT,INOVA FAIRFAX HOSPITAL HELIPORT,INOVA FAIRFAX HOSPITAL HELIPORT
AIRPORT,MOULTRIE MUNICIPAL ARPT,MOULTRIE MUNICIPAL ARPT
AIRPORT,ZHENGZHOU XINZHENG ARPT,ZHENGZHOU XINZHENG ARPT
AIRPORT,STEVENS FIELD ARPT,STEVENS FIELD ARPT
AIRPORT,MC ELROY AIRFIELD,MC ELROY AIRFIELD
AIRPORT,GREENE COUNTY RGNL ARPT,GREENE COUNTY RGNL ARPT
AIRPORT,HARRELL FIELD ARPT,HARRELL FIELD ARPT
AIRPORT,KEYSTONE AIRPARK,KEYSTONE AIRPARK
AIRPORT,H A CLARK MEMORIAL FIELD ARPT,H A CLARK MEMORIAL FIELD ARPT
AIRPORT,MISSION FIELD ARPT,MISSION FIELD ARPT
AIRPORT,FAIRFIELD COUNTY ARPT,FAIRFIELD COUNTY ARPT
AIRPORT,MID-WAY REGIONAL ARPT,MID-WAY REGIONAL ARPT
AIRPORT,MC GREGOR EXECUTIVE ARPT,MC GREGOR EXECUTIVE ARPT
AIRPORT,WAIMEA-KOHALA ARPT,WAIMEA-KOHALA ARPT
AIRPORT,ABERNATHY FIELD ARPT,ABERNATHY FIELD ARPT
AIRPORT,DOYLESTOWN ARPT,DOYLESTOWN ARPT
AIRPORT,BABELTHUAP / KOROR ARPT,BABELTHUAP / KOROR ARPT
AIRPORT,PLANTATION AIRPARK,PLANTATION AIRPARK
AIRPORT,EPHRATA MUNICIPAL ARPT,EPHRATA MUNICIPAL ARPT
AIRPORT,MUSKOGEE-DAVIS REGIONAL ARPT,MUSKOGEE-DAVIS REGIONAL ARPT
AIRPORT,BERLIN REGIONAL ARPT,BERLIN REGIONAL ARPT
AIRPORT,SCOTT & WHITE MEMORIAL HOSPITAL HELIPORT,SCOTT & WHITE MEMORIAL HOSPITAL HELIPORT
AIRPORT,TREASURE CAY ARPT,TREASURE CAY ARPT
AIRPORT,AKUTAN ARPT,AKUTAN ARPT
AIRPORT,WARREN MUNICIPAL ARPT,WARREN MUNICIPAL ARPT
AIRPORT,ANSON COUNTY ARPT-JEFF CLOUD FIELD,ANSON COUNTY ARPT-JEFF CLOUD FIELD
AIRPORT,IOWA COUNTY ARPT,IOWA COUNTY ARPT
AIRPORT,SOUTH TEXAS INTL ARPT AT EDINBURG,SOUTH TEXAS INTL ARPT AT EDINBURG
AIRPORT,CHEROKEE COUNTY AIRPORT,CHEROKEE COUNTY AIRPORT
AIRPORT,NORTHERN ELEUTHERA ARPT,NORTHERN ELEUTHERA ARPT
AIRPORT,DEXTER MUNICIPAL ARPT,DEXTER MUNICIPAL ARPT
AIRPORT,NEW BRAUNFELS MUNICIPAL ARPT,NEW BRAUNFELS MUNICIPAL ARPT
AIRPORT,GUSTINE AIRPORT,GUSTINE AIRPORT
AIRPORT,HIDDEN VALLEY AIRPARK,HIDDEN VALLEY AIRPARK
AIRPORT,NEPHI MUNICIPAL ARPT,NEPHI MUNICIPAL ARPT
AIRPORT,RAF LAKENHEATH ARPT,RAF LAKENHEATH ARPT
AIRPORT,MARSHALLTOWN MUNICIPAL ARPT,MARSHALLTOWN MUNICIPAL ARPT
AIRPORT,DARLINGTON COUNTY ARPT,DARLINGTON COUNTY ARPT
AIRPORT,SKYHAVEN ARPT,SKYHAVEN ARPT
AIRPORT,LOGAN COUNTY ARPT (IL),LOGAN COUNTY ARPT (IL)
AIRPORT,SALINE COUNTY REGIONAL ARPT,SALINE COUNTY REGIONAL ARPT
AIRPORT,AL AHSA ARPT,AL AHSA ARPT
AIRPORT,TIOGA MUNICIPAL ARPT,TIOGA MUNICIPAL ARPT
AIRPORT,DECK ARPT,DECK ARPT
AIRPORT,MAJOR GILBERT FIELD ARPT,MAJOR GILBERT FIELD ARPT
AIRPORT,WILLIAMSBURG-JAMESTOWN ARPT,WILLIAMSBURG-JAMESTOWN ARPT
AIRPORT,CLAREMORE REGIONAL ARPT,CLAREMORE REGIONAL ARPT
AIRPORT,GRANTS PASS ARPT,GRANTS PASS ARPT
AIRPORT,MORA MUNICIPAL ARPT,MORA MUNICIPAL ARPT
AIRPORT,WATERVILLE ROBERT LAFLEUR ARPT,WATERVILLE ROBERT LAFLEUR ARPT
AIRPORT,OLNEY-NOBLE ARPT,OLNEY-NOBLE ARPT
AIRPORT,CONWAY-HORRY COUNTY ARPT,CONWAY-HORRY COUNTY ARPT
AIRPORT,SILVER SPRINGS ARPT,SILVER SPRINGS ARPT
AIRPORT,BULVERDE AIRPARK,BULVERDE AIRPARK
AIRPORT,STEVENS POINT MUNICIPAL ARPT,STEVENS POINT MUNICIPAL ARPT
AIRPORT,BULT FIELD ARPT,BULT FIELD ARPT
AIRPORT,LINCOLN REGNL ARPT/KARL HARDER FLD,LINCOLN REGNL ARPT/KARL HARDER FLD
AIRPORT,KELLY FIELD AIRPORT,KELLY FIELD AIRPORT
AIRPORT,AKRON FULTON INTL ARPT,AKRON FULTON INTL ARPT
AIRPORT,DUPONT-LAPEER ARPT,DUPONT-LAPEER ARPT
AIRPORT,WEST MEMPHIS MUNICIPAL ARPT,WEST MEMPHIS MUNICIPAL ARPT
AIRPORT,CLOVERDALE MUNICIPAL ARPT,CLOVERDALE MUNICIPAL ARPT
AIRPORT,CANTRELL FIELD ARPT,CANTRELL FIELD ARPT
AIRPORT,TORREON INTL ARPT,TORREON INTL ARPT
AIRPORT,BRIDGEPORT MUNICIPAL ARPT,BRIDGEPORT MUNICIPAL ARPT
AIRPORT,BAKERSFIELD MUNICIPAL ARPT,BAKERSFIELD MUNICIPAL ARPT
AIRPORT,RAWLINS MUNICIPAL ARPT/HARVEY FIELD,RAWLINS MUNICIPAL ARPT/HARVEY FIELD
AIRPORT,ABEL SANTAMARIA ARPT,ABEL SANTAMARIA ARPT
AIRPORT,HALE COUNTY ARPT,HALE COUNTY ARPT
AIRPORT,HENDERSON EXECUTIVE ARPT,HENDERSON EXECUTIVE ARPT
AIRPORT,FRENCH VALLEY ARPT,FRENCH VALLEY ARPT
AIRPORT,BELFAST MUNICIPAL ARPT,BELFAST MUNICIPAL ARPT
AIRPORT,AMES MUNICIPAL ARPT,AMES MUNICIPAL ARPT
AIRPORT,NUECES COUNTY ARPT,NUECES COUNTY ARPT
AIRPORT,QUEBEC/JEAN LESAGE INTL,QUEBEC/JEAN LESAGE INTL
AIRPORT,JUAN GUALBERTO GOMEZ ARPT,JUAN GUALBERTO GOMEZ ARPT
AIRPORT,MINDEN ARPT,MINDEN ARPT
AIRPORT,BOYCEVILLE MUNICIPAL ARPT,BOYCEVILLE MUNICIPAL ARPT
AIRPORT,DOOR COUNTY CHERRYLAND ARPT,DOOR COUNTY CHERRYLAND ARPT
AIRPORT,MAMMOTH YOSEMITE ARPT,MAMMOTH YOSEMITE ARPT
AIRPORT,HERITAGE FIELD ARPT,HERITAGE FIELD ARPT
AIRPORT,AIKEN REGIONAL ARPT,AIKEN REGIONAL ARPT
AIRPORT,COLORADO SPRINGS EAST ARPT,COLORADO SPRINGS EAST ARPT
AIRPORT,AITKIN MUNI ARPT-STEVE KURTZ FIELD,AITKIN MUNI ARPT-STEVE KURTZ FIELD
AIRPORT,STEPHENVILLE,STEPHENVILLE
AIRPORT,HATTIESBURG BOBBY L CHAIN MUNICIPAL ARPT,HATTIESBURG BOBBY L CHAIN MUNICIPAL ARPT
AIRPORT,ATLANTA REGIONAL ARPT - FALCON FIELD,ATLANTA REGIONAL ARPT - FALCON FIELD
AIRPORT,BURNET MUNI ARPT-KATE CRADDOCK FIELD,BURNET MUNI ARPT-KATE CRADDOCK FIELD
AIRPORT,TONOPAH ARPT,TONOPAH ARPT
AIRPORT,FRESNO CHANDLER EXECUTIVE ARPT,FRESNO CHANDLER EXECUTIVE ARPT
AIRPORT,HOLA ARPT,HOLA ARPT
AIRPORT,FERGUSON ARPT,FERGUSON ARPT
AIRPORT,GRAND PRAIRIE MUNI ARPT,GRAND PRAIRIE MUNI ARPT
AIRPORT,SKAGWAY ARPT,SKAGWAY ARPT
AIRPORT,BRASILIA INTERNATIONAL ARPT,BRASILIA INTERNATIONAL ARPT
AIRPORT,DELANO MUNICIPAL ARPT,DELANO MUNICIPAL ARPT
AIRPORT,FERNANDO LUIS RIBAS DOMINICCI ARPT,FERNANDO LUIS RIBAS DOMINICCI ARPT
AIRPORT,CHASE FIELD INDUSTRIAL ARPT,CHASE FIELD INDUSTRIAL ARPT
AIRPORT,DRAUGHON-MILLER CENTRAL TEXAS REGIONAL ARPT,DRAUGHON-MILLER CENTRAL TEXAS REGIONAL ARPT
AIRPORT,CLAYTON MUNI AIRPORT,CLAYTON MUNI AIRPORT
AIRPORT,HOLDENVILLE MUNI ARPT,HOLDENVILLE MUNI ARPT
AIRPORT,CASCADE ARPT,CASCADE ARPT
AIRPORT,PARK RAPIDS MUNICIPAL ARPT-KONSHOK FIELD,PARK RAPIDS MUNICIPAL ARPT-KONSHOK FIELD
AIRPORT,PORTLAND MUNICIPAL ARPT,PORTLAND MUNICIPAL ARPT
AIRPORT,GEAUGA COUNTY ARPT,GEAUGA COUNTY ARPT
AIRPORT,ATMAUTLUAK ARPT,ATMAUTLUAK ARPT
AIRPORT,GALESBURG MUNICIPAL AIRPORT,GALESBURG MUNICIPAL AIRPORT
AIRPORT,ROLLA NATIONAL ARPT,ROLLA NATIONAL ARPT
AIRPORT,LUCAS FIELD AIRPORT,LUCAS FIELD AIRPORT
AIRPORT,ROSEBURG REGIONAL ARPT,ROSEBURG REGIONAL ARPT
AIRPORT,GEORGE T LEWIS ARPT,GEORGE T LEWIS ARPT
AIRPORT,DANIELSON ARPT,DANIELSON ARPT
AIRPORT,COLLIDGE MUNICIPAL ARPT,COLLIDGE MUNICIPAL ARPT
AIRPORT,UNIVERSITY OF TEXAS MEDICAL BRANCH EMERGENCY ROOM HELIPORT,UNIVERSITY OF TEXAS MEDICAL BRANCH EMERGENCY ROOM HELIPORT
AIRPORT,RUSSELL -LOGAN COUNTY ARPT,RUSSELL -LOGAN COUNTY ARPT
AIRPORT,WALTER J KOLADZA AIRPORT,WALTER J KOLADZA AIRPORT
AIRPORT,ZACATECAS INTL ARPT,ZACATECAS INTL ARPT
AIRPORT,TRACY MUNICIPAL AIRPORT,TRACY MUNICIPAL AIRPORT
AIRPORT,MADISON MUNICIPAL ARPT,MADISON MUNICIPAL ARPT
AIRPORT,SAINT LOUIS CHILDREN'S HOSPITAL HELIPORT,SAINT LOUIS CHILDREN'S HOSPITAL HELIPORT
AIRPORT,VOLK FIELD ARPT,VOLK FIELD ARPT
AIRPORT,NEHALEM BAY STATE ARPT,NEHALEM BAY STATE ARPT
AIRPORT,PENNRIDGE ARPT,PENNRIDGE ARPT
AIRPORT,PELLA MUNICIPAL ARPT,PELLA MUNICIPAL ARPT
AIRPORT,COMANCHE COUNTY-CITY ARPT,COMANCHE COUNTY-CITY ARPT
AIRPORT,VACLAV HAVEL ARPT PRAGUE,VACLAV HAVEL ARPT PRAGUE
AIRPORT,PROSSER ARPT,PROSSER ARPT
AIRPORT,LE ROY ARPT,LE ROY ARPT
AIRPORT,CHEBOYGAN COUNTY ARPT,CHEBOYGAN COUNTY ARPT
AIRPORT,ATHENS MUNICIPAL ARPT,ATHENS MUNICIPAL ARPT
AIRPORT,LEONARD M THOMPSON INTL ARPT,LEONARD M THOMPSON INTL ARPT
AIRPORT,SULPHUR SPRINGS MUNICIPAL ARPT,SULPHUR SPRINGS MUNICIPAL ARPT
AIRPORT,DURANT REGIONAL ARPT-EAKER FIELD,DURANT REGIONAL ARPT-EAKER FIELD
AIRPORT,NORTHEAST OHIO REGIONAL ARPT,NORTHEAST OHIO REGIONAL ARPT
AIRPORT,HOLLISTER MUNICIPAL ARPT,HOLLISTER MUNICIPAL ARPT
AIRPORT,CASA GRANDE MUNICIPAL ARPT,CASA GRANDE MUNICIPAL ARPT
AIRPORT,O. R. TAMBO INTL APRT,O. R. TAMBO INTL APRT
AIRPORT,WHARTON REGIONAL ARPT,WHARTON REGIONAL ARPT
AIRPORT,LAKE ELMO ARPT,LAKE ELMO ARPT
AIRPORT,BUTLER MUNCIPAL ARPT,BUTLER MUNCIPAL ARPT
AIRPORT,BRANSON WEST MUNICIPAL AIRPORT-EMERSON FIELD,BRANSON WEST MUNICIPAL AIRPORT-EMERSON FIELD
AIRPORT,BEAUFORT MARINE CORPS AIR STATION (MERRITT FIELD),BEAUFORT MARINE CORPS AIR STATION (MERRITT FIELD)
AIRPORT,INDIANA COUNTY ARPT,INDIANA COUNTY ARPT
AIRPORT,ROANOKE MUNICIPAL ARPT,ROANOKE MUNICIPAL ARPT
AIRPORT,MARSHFIELD MUNICIPAL ARPT,MARSHFIELD MUNICIPAL ARPT
AIRPORT,CHESAPEAKE REGIONAL AIRPORT,CHESAPEAKE REGIONAL AIRPORT
AIRPORT,LAS VEGAS MUNICIPAL AIRPORT,LAS VEGAS MUNICIPAL AIRPORT
AIRPORT,PRIEST RIVER MUNICIPAL AIRPORT,PRIEST RIVER MUNICIPAL AIRPORT
AIRPORT,AIRGLADES AIRPORT,AIRGLADES AIRPORT
AIRPORT,MUSIC CITY EXECUTIVE AIRPORT ,MUSIC CITY EXECUTIVE AIRPORT
AIRPORT,FREMONT MUNICIPAL AIRPORT,FREMONT MUNICIPAL AIRPORT
AIRPORT,BLAKELY ISLAND AIRPORT,BLAKELY ISLAND AIRPORT
AIRPORT,PLUM ISLAND AIRPORT,PLUM ISLAND AIRPORT
AIRPORT,MONTICELLO REGIONAL AIRPORT,MONTICELLO REGIONAL AIRPORT
AIRPORT,GREENVILLE MUNICIPAL AIRPORT,GREENVILLE MUNICIPAL AIRPORT
AIRPORT,WETASKIWIN,WETASKIWIN
AIRPORT,MARION MUNICIPAL AIRPORT,MARION MUNICIPAL AIRPORT
AIRPORT,BALD MOUNTAIN AIRPORT,BALD MOUNTAIN AIRPORT
AIRPORT,INTERMOUNTAIN MEDICAL CENTER HELIPORT,INTERMOUNTAIN MEDICAL CENTER HELIPORT
AIRPORT,COULTER FIELD ARPT,COULTER FIELD ARPT
AIRPORT,TRINITY CENTER ARPT,TRINITY CENTER ARPT
AIRPORT,BROOKS FIELD ARPT (MI),BROOKS FIELD ARPT (MI)
AIRPORT,CRANDON/STEVE CONWAY MUNI ARPT,CRANDON/STEVE CONWAY MUNI ARPT
AIRPORT,GRAHAM MUNICIPAL ARPT,GRAHAM MUNICIPAL ARPT
AIRPORT,SHELBY-CLEVELAND COUNTY REGIONAL AIRPORT,SHELBY-CLEVELAND COUNTY REGIONAL AIRPORT
AIRPORT,RALPH M HALL/ROCKWALL MUNICIPAL AIRPORT,RALPH M HALL/ROCKWALL MUNICIPAL AIRPORT
AIRPORT,SANTA PAULA AIRPORT,SANTA PAULA AIRPORT
AIRPORT,TAOS REGIONAL AIRPORT,TAOS REGIONAL AIRPORT
AIRPORT,JAARS-TOWNSEND AIRPORT,JAARS-TOWNSEND AIRPORT
AIRPORT,SECHELT-GIBSONS,SECHELT-GIBSONS
AIRPORT,MELBOURNE MUNICIPAL APRT - JOHN E MILLER FIELD,MELBOURNE MUNICIPAL APRT - JOHN E MILLER FIELD
AIRPORT,RIDGELAND-CLAUDE DEAN AIRPORT,RIDGELAND-CLAUDE DEAN AIRPORT
AIRPORT,GENERAL DEWITT SPAIN AIRPORT,GENERAL DEWITT SPAIN AIRPORT
AIRPORT,GASTONIA MUNICIPAL AIRPORT,GASTONIA MUNICIPAL AIRPORT
AIRPORT,ARKANSAS INTERNATIONAL ARPT,ARKANSAS INTERNATIONAL ARPT
AIRPORT,FRANKLIN FIELD ARPT,FRANKLIN FIELD ARPT
AIRPORT,HUANGSHAN TUNXI INTL,HUANGSHAN TUNXI INTL
AIRPORT,WESTERN REGIONAL AIRPORT,WESTERN REGIONAL AIRPORT
AIRPORT,CLARION COUNTY AIRPORT,CLARION COUNTY AIRPORT
AIRPORT,WILLISTON BASIN INTL AIRPORT,WILLISTON BASIN INTL AIRPORT
AIRPORT,GIBSON COUNTY AIRPORT,GIBSON COUNTY AIRPORT
AIRPORT,BUTLER COUNTY ARPT/K W SCHOLTER FIELD,BUTLER COUNTY ARPT/K W SCHOLTER FIELD
AIRPORT,ENTERPRISE MUNCIPAL ARPT,ENTERPRISE MUNCIPAL ARPT
AIRPORT,LEE COUNTY AIRPORT-BUTTERS FIELD,LEE COUNTY AIRPORT-BUTTERS FIELD
AIRPORT,CLARENCE E PAGE MUNICIPAL AIRPORT,CLARENCE E PAGE MUNICIPAL AIRPORT
AIRPORT,SCHOOLCRAFT COUNTY AIRPORT,SCHOOLCRAFT COUNTY AIRPORT
AIRPORT,TILLAMOOK AIRPORT,TILLAMOOK AIRPORT
AIRPORT,HELO KEARNY HELIPORT,HELO KEARNY HELIPORT
AIRPORT,MANDA AIRSTRIP,MANDA AIRSTRIP
AIRPORT,BUFFALO-LANCASTER REGIONAL AIRPORT,BUFFALO-LANCASTER REGIONAL AIRPORT
AIRPORT,PANOLA COUNTY AIRPORT-SHARPE FIELD,PANOLA COUNTY AIRPORT-SHARPE FIELD
AIRPORT,BARROW COUNTY ARPT,BARROW COUNTY ARPT
AIRPORT,THOMSON-MCDUFFIE COUNTY ARPT,THOMSON-MCDUFFIE COUNTY ARPT
AIRPORT,MACON COUNTY AIRPORT,MACON COUNTY AIRPORT
AIRPORT,QUAKERTOWN AIRPORT,QUAKERTOWN AIRPORT
AIRPORT,JACKSONVILLE MUNICIPAL ARPT,JACKSONVILLE MUNICIPAL ARPT
AIRPORT,JULIAN CARROLL ARPT,JULIAN CARROLL ARPT
AIRPORT,SOUTH FOX ISLAND ARPT,SOUTH FOX ISLAND ARPT
AIRPORT,GRENADA MUNICIPAL ARPT,GRENADA MUNICIPAL ARPT
AIRPORT,PECIS MUNICIPAL ARPT,PECIS MUNICIPAL ARPT
AIRPORT,LANCASTER COUNTY-MC WHIRTER FLD ARPT,LANCASTER COUNTY-MC WHIRTER FLD ARPT
AIRPORT,SHARPE FARMS ARPT,SHARPE FARMS ARPT
AIRPORT,COLSTRIP ARPT,COLSTRIP ARPT
AIRPORT,BRISBANE INTL ARPT,BRISBANE INTL ARPT
AIRPORT,INDEPENDENCE STATE ARPT,INDEPENDENCE STATE ARPT
AIRPORT,SANTA MARIA ARPT,SANTA MARIA ARPT
AIRPORT,TAMPA NORTH AERO PARK,TAMPA NORTH AERO PARK
AIRPORT,UMASS MEMORIAL MEDICAL CENTER-UNIVERSITY CAMPUS HELIPORT,UMASS MEMORIAL MEDICAL CENTER-UNIVERSITY CAMPUS HELIPORT
AIRPORT,YAP INTERNATIONAL AIRPORT,YAP INTERNATIONAL AIRPORT
AIRPORT,BROWN COUNTY AIRPORT,BROWN COUNTY AIRPORT
AIRPORT,ROCHE HARBOR ARPT,ROCHE HARBOR ARPT
AIRPORT,ESTHERVILLE MUNICIPAL ARPT,ESTHERVILLE MUNICIPAL ARPT
AIRPORT,IONIA COUNTY,IONIA COUNTY
AIRPORT,TOMAHAWK REGIONAL ARPT,TOMAHAWK REGIONAL ARPT
AIRPORT,SANDSTONE MUNICIPAL ARPT,SANDSTONE MUNICIPAL ARPT
AIRPORT,BISHOP ARPT,BISHOP ARPT
AIRPORT,REDLANDS MUNICIPAL ARPT,REDLANDS MUNICIPAL ARPT
AIRPORT,SUTTER COUNTY AIRPORT,SUTTER COUNTY AIRPORT
AIRPORT,PERRY-HOUSTON COUNTY AIRPORT,PERRY-HOUSTON COUNTY AIRPORT
AIRPORT,LINCOLNTON-LINCOLN COUNTY REGIONAL AIRPORT,LINCOLNTON-LINCOLN COUNTY REGIONAL AIRPORT
AIRPORT,EL MIRAGE FIELD ADELANTO AIRPORT,EL MIRAGE FIELD ADELANTO AIRPORT
AIRPORT,EARLY COUNTY ARPT,EARLY COUNTY ARPT
AIRPORT,LONESOME PINE AIRPORT,LONESOME PINE AIRPORT
AIRPORT,HENDERSON-OXFORD AIRPORT,HENDERSON-OXFORD AIRPORT
AIRPORT,LINATE AIRPORT,LINATE AIRPORT
AIRPORT,BURNS MUNICIPAL AIRPORT,BURNS MUNICIPAL AIRPORT
AIRPORT,DEFIANCE MEMORIAL AIRPORT,DEFIANCE MEMORIAL AIRPORT
AIRPORT,NAMPA MUNCIPAL AIRPORT,NAMPA MUNCIPAL AIRPORT
AIRPORT,PORT HEIDEN AIRPORT,PORT HEIDEN AIRPORT
AIRPORT,COTTAGE GROVE STATE ARPT,COTTAGE GROVE STATE ARPT
AIRPORT,WISSOTA ARPT,WISSOTA ARPT
AIRPORT,SEWARD ARPT,SEWARD ARPT
AIRPORT,HUNTSVILLE-MADISON,HUNTSVILLE-MADISON
AIRPORT,ELLINGTON AIRPORT,ELLINGTON AIRPORT
AIRPORT,FT WALTON BEACH ARPT,FT WALTON BEACH ARPT
AIRPORT,NUIQSUT ARPT,NUIQSUT ARPT
AIRPORT,CONGO TOWN ,CONGO TOWN
AIRPORT,TUZLA AIR BASE,TUZLA AIR BASE
AIRPORT,SAN CLEMENTE ISLAND NALF,SAN CLEMENTE ISLAND NALF
AIRPORT,WALLBLAKE,WALLBLAKE
AIRPORT,DYERSBURG REGIONAL ARPT,DYERSBURG REGIONAL ARPT
AIRPORT,MANDAN MUNICIPAL,MANDAN MUNICIPAL
AIRPORT,CEDAR MILLS,CEDAR MILLS
AIRPORT,PRICE COUNTY ARPT,PRICE COUNTY ARPT
AIRPORT,JERSEY ARPT,JERSEY ARPT
AIRPORT,FIELD OF DREAMS ARPT,FIELD OF DREAMS ARPT
AIRPORT,XOXOCOTLÁN INTL,XOXOCOTLÁN INTL
AIRPORT,HILLTOP LAKES AIRPORT,HILLTOP LAKES AIRPORT
AIRPORT,DRIFTWOOD RANCH AIRPORT,DRIFTWOOD RANCH AIRPORT
AIRPORT,MARV SKIE-LINCOLN COUNTY,MARV SKIE-LINCOLN COUNTY
AIRPORT,NORTHEASTERN REGIONAL,NORTHEASTERN REGIONAL
AIRPORT,HANCOCK COUNTY AIRPORT-RON LEWIS FIELD,HANCOCK COUNTY AIRPORT-RON LEWIS FIELD
AIRPORT,EL COYOTE RANCH AIRPORT,EL COYOTE RANCH AIRPORT
AIRPORT,EXUMA INTERNATIONAL ARPT,EXUMA INTERNATIONAL ARPT
AIRPORT,GROVE MUNICIPAL AIRPORT,GROVE MUNICIPAL AIRPORT
AIRPORT,LAPD HOOPER HELIPORT,LAPD HOOPER HELIPORT
AIRPORT,NEW ULM MUNICIPAL AIRPORT,NEW ULM MUNICIPAL AIRPORT
AIRPORT,KENDALLVILLE MUNICIPAL ARPT,KENDALLVILLE MUNICIPAL ARPT
AIRPORT,BROOKERIDGE AIR PARK,BROOKERIDGE AIR PARK
AIRPORT,MAVERICK COUNTY MEMORIAL INTERNATIONAL AIRPORT,MAVERICK COUNTY MEMORIAL INTERNATIONAL AIRPORT
AIRPORT,STAFFORD ARPT,STAFFORD ARPT
AIRPORT,LA PORTE MUNICIPAL AIRPORT,LA PORTE MUNICIPAL AIRPORT
AIRPORT,HARDING COUNTY ARPT,HARDING COUNTY ARPT
AIRPORT,KASIGLUK ARPT,KASIGLUK ARPT
AIRPORT,UPPER CUMBERLAND REGIONAL ARPT,UPPER CUMBERLAND REGIONAL ARPT
AIRPORT,AVIANO AIR BASE,AVIANO AIR BASE
AIRPORT,AEROPUERTO INTERNACIONAL DE PUEBLA,AEROPUERTO INTERNACIONAL DE PUEBLA
AIRPORT,WRIGHT-PATTERSON AIR FORCE BASE,WRIGHT-PATTERSON AIR FORCE BASE
AIRPORT,SELMA,SELMA
AIRPORT,ILIAMNA AIRPORT,ILIAMNA AIRPORT
AIRPORT,ARGYLE INTERNATIONAL AIRPORT,ARGYLE INTERNATIONAL AIRPORT
AIRPORT,BATESVILLE REGIONAL AIRPORT,BATESVILLE REGIONAL AIRPORT
AIRPORT,WALDEN-JACKSON COUNTY ARPT,WALDEN-JACKSON COUNTY ARPT
AIRPORT,WILBARGER COUNTY AIRPORT,WILBARGER COUNTY AIRPORT
AIRPORT,TOWER MUNICIPAL AIRPORT,TOWER MUNICIPAL AIRPORT
AIRPORT,EAST GEORGIA REGIONAL AIRPORT,EAST GEORGIA REGIONAL AIRPORT
AIRPORT,BAXLEY MUNCIPAL AIRPORT,BAXLEY MUNCIPAL AIRPORT
AIRPORT,PAULS VALLEY MUNICIPAL AIRPORT,PAULS VALLEY MUNICIPAL AIRPORT
AIRPORT,CALVADA MEADOWS ARPT,CALVADA MEADOWS ARPT
AIRPORT,WILKES-BARRE WYOMING VALLEY AIRPORT,WILKES-BARRE WYOMING VALLEY AIRPORT
AIRPORT,LOUISVILLE WINSTON COUNTY AIRPORT,LOUISVILLE WINSTON COUNTY AIRPORT
AIRPORT,WINNEMUCCA MUNICIPAL AIRPORT,WINNEMUCCA MUNICIPAL AIRPORT
AIRPORT,ARENS FIELD ARPT,ARENS FIELD ARPT
AIRPORT,SOUTH HAVEN AREA REGIONAL AIRPORT,SOUTH HAVEN AREA REGIONAL AIRPORT
AIRPORT,MARION COUNTY REGIONAL ARPT,MARION COUNTY REGIONAL ARPT
AIRPORT,BROKEN BOW MUNICIPAL/KEITH GLAZE FIELD,BROKEN BOW MUNICIPAL/KEITH GLAZE FIELD
AIRPORT,OAKHILL AIRPARK,OAKHILL AIRPARK
AIRPORT,BROOKHAVEN AIRPORT,BROOKHAVEN AIRPORT
AIRPORT,HARRISBURG-RALEIGH AIRPORT,HARRISBURG-RALEIGH AIRPORT
AIRPORT,OLD BRIDGE AIRPORT,OLD BRIDGE AIRPORT
AIRPORT,SUMMERVILLE AIRPORT,SUMMERVILLE AIRPORT
AIRPORT,SPRINGFIELD ROBERTSON COUNTY AIRPORT,SPRINGFIELD ROBERTSON COUNTY AIRPORT
AIRPORT,PIERSON MUNICIPAL AIRPORT,PIERSON MUNICIPAL AIRPORT
AIRPORT,BELL HELICOPTER HURST HELIPORT,BELL HELICOPTER HURST HELIPORT
AIRPORT,CLEVELAND MUNICIPAL AIRPORT,CLEVELAND MUNICIPAL AIRPORT
AIRPORT,VACA MOO AIRPORT,VACA MOO AIRPORT
AIRPORT,RENO/STEAD ARPT,RENO/STEAD ARPT
AIRPORT,TWELVE OAKS AIRPORT,TWELVE OAKS AIRPORT
AIRPORT,CORAL CREEK ARPT,CORAL CREEK ARPT
AIRPORT,CENTRAL BAPTIST HOSPITAL HELIPORT,CENTRAL BAPTIST HOSPITAL HELIPORT
AIRPORT,SIOUX COUNTY REGIONAL AIRPORT,SIOUX COUNTY REGIONAL AIRPORT
AIRPORT,PAOLI MUNICIPAL AIRPORT,PAOLI MUNICIPAL AIRPORT
AIRPORT,MANUEL CRESCENCIO REJÓN INTL,MANUEL CRESCENCIO REJÓN INTL
AIRPORT,EAST TROY MUNICIPAL ARPT,EAST TROY MUNICIPAL ARPT
AIRPORT,IRON COUNTY AIRPORT,IRON COUNTY AIRPORT
AIRPORT,ABBEVILLE CHRIS CRUSTA MEMORIAL APRT,ABBEVILLE CHRIS CRUSTA MEMORIAL APRT
AIRPORT,DIOMEDE HELIPORT,DIOMEDE HELIPORT
AIRPORT,WOODCREST FARMS AIRSTRIP,WOODCREST FARMS AIRSTRIP
AIRPORT,FOSTORIA METROPOLITAN AIRPORT,FOSTORIA METROPOLITAN AIRPORT
AIRPORT,KADENA AIRPORT,KADENA AIRPORT
AIRPORT,"UNION COUNTY AIRPORT, TROY SHELTON FIELD","UNION COUNTY AIRPORT, TROY SHELTON FIELD"
AIRPORT,BRANCH COUNTY MEMORIAL AIRPORT,BRANCH COUNTY MEMORIAL AIRPORT
AIRPORT,ENNIS-BIG SKY AIRPORT,ENNIS-BIG SKY AIRPORT
AIRPORT,HUTCHINSON COUNTY AIRPORT,HUTCHINSON COUNTY AIRPORT
AIRPORT,DJIBOUTI-AMBOULI INTL ARPT,DJIBOUTI-AMBOULI INTL ARPT
AIRPORT,SUWANNEE COUNTY AIRPORT,SUWANNEE COUNTY AIRPORT
AIRPORT,SEQUIM VALLEY ARPT,SEQUIM VALLEY ARPT
AIRPORT,CAMDEN COUNTY AIRPORT,CAMDEN COUNTY AIRPORT
AIRPORT,WILLIAMSBURG RGNL ARPT,WILLIAMSBURG RGNL ARPT
AIRPORT,MOUNT PLEASANT REGIONAL AIRPORT,MOUNT PLEASANT REGIONAL AIRPORT
AIRPORT,MADILL MUNICIPAL AIRPORT,MADILL MUNICIPAL AIRPORT
AIRPORT,BIBB COUNTY AIRPORT,BIBB COUNTY AIRPORT
AIRPORT,HALL-MILLER MUNICIPAL AIRPORT,HALL-MILLER MUNICIPAL AIRPORT
AIRPORT,MOUNT PLEASANT MUNICIPAL ARPT,MOUNT PLEASANT MUNICIPAL ARPT
AIRPORT,SOUTH ARKANSAS REGIONAL,SOUTH ARKANSAS REGIONAL
AIRPORT,LONGVILLE MUNICIPAL ARPT,LONGVILLE MUNICIPAL ARPT
AIRPORT,TOULOUSE BLAGNAC AIRPORT,TOULOUSE BLAGNAC AIRPORT
AIRPORT,EDGAR COUNTY AIRPORT,EDGAR COUNTY AIRPORT
AIRPORT,EAGLE LAKE AIRPORT,EAGLE LAKE AIRPORT
AIRPORT,JEROME COUNTY AIRPORT,JEROME COUNTY AIRPORT
AIRPORT,GREATER MORRIS COUNTY AIRPORT,GREATER MORRIS COUNTY AIRPORT
AIRPORT,BELL SOUTH AIRFIELD HELIPORT,BELL SOUTH AIRFIELD HELIPORT
AIRPORT,TOCCOA RG LETOURNEAU FIELD ARPT,TOCCOA RG LETOURNEAU FIELD ARPT
AIRPORT,COLORADO AIR AND SPACE PORT AIRPORT,COLORADO AIR AND SPACE PORT AIRPORT
AIRPORT,OSLO GARDERMOEN AIRPORT,OSLO GARDERMOEN AIRPORT
AIRPORT,NEW GARDEN,NEW GARDEN
AIRPORT,GRIMES FIELD AIRPORT,GRIMES FIELD AIRPORT
AIRPORT,PITTSFIELD PENSTONE MUNICIPAL ARPT,PITTSFIELD PENSTONE MUNICIPAL ARPT
AIRPORT,MORAN FIELD ARPT,MORAN FIELD ARPT
AIRPORT,ROLLA MUNICIPAL ARPT,ROLLA MUNICIPAL ARPT
AIRPORT,SOUTH TEXAS REGIONAL ARPT AT HONDO,SOUTH TEXAS REGIONAL ARPT AT HONDO
AIRPORT,FORT CLARK SPRINGS ARPT,FORT CLARK SPRINGS ARPT
AIRPORT,GILA BEND MUNICIPAL,GILA BEND MUNICIPAL
AIRPORT,MADISON MUNICIPAL AIRPORT,MADISON MUNICIPAL AIRPORT
AIRPORT,NORTH WEALD AIRFIELD,NORTH WEALD AIRFIELD
AIRPORT,BAXTER COUNTY AIRPORT,BAXTER COUNTY AIRPORT
AIRPORT,HABERSHAM COUNTY AIRPORT,HABERSHAM COUNTY AIRPORT
AIRPORT,WEATHERFORD STAFFORD AIRPORT,WEATHERFORD STAFFORD AIRPORT
AIRPORT,EUREKA MUNICIPAL AIRPORT,EUREKA MUNICIPAL AIRPORT
AIRPORT,MASSEY RANCH AIRPARK,MASSEY RANCH AIRPARK
AIRPORT,CHEDDI JAGAN INTl ARPT,CHEDDI JAGAN INTl ARPT
AIRPORT,GRAVETTE FIELD ARPT,GRAVETTE FIELD ARPT
AIRPORT,RIVERTON HOSPITAL HELIPORT,RIVERTON HOSPITAL HELIPORT
AIRPORT,GOLD BEACH MUNICIPAL AIRPORT,GOLD BEACH MUNICIPAL AIRPORT
AIRPORT,ENID WOODRING REGIONAL ARPT,ENID WOODRING REGIONAL ARPT
AIRPORT,CENTER MUNICIPAL AIRPORT,CENTER MUNICIPAL AIRPORT
AIRPORT,OZARK-BLACKWELL FIELD ARPT,OZARK-BLACKWELL FIELD ARPT
AIRPORT,KIMBALL MUNICIPAL AIRPORT/ROBERT E ARRAJ FIELD,KIMBALL MUNICIPAL AIRPORT/ROBERT E ARRAJ FIELD
AIRPORT,APALACHICOLA REGIONAL ARPT,APALACHICOLA REGIONAL ARPT
AIRPORT,BENSON MUNCIPAL AIRPORT,BENSON MUNCIPAL AIRPORT
AIRPORT,ST MARYS MUNICIPAL AIRPORT,ST MARYS MUNICIPAL AIRPORT
AIRPORT,AK-CHIN REGIONAL AIRPORT,AK-CHIN REGIONAL AIRPORT
AIRPORT,KESTREL AIRPARK,KESTREL AIRPARK
AIRPORT,MAYVILLE MUNCIPAL AIRPORT,MAYVILLE MUNCIPAL AIRPORT
AIRPORT,FOREST LAKE AIRPORT,FOREST LAKE AIRPORT
AIRPORT,KUWAIT INTL AIRPORT,KUWAIT INTL AIRPORT
AIRPORT,SCOTTSBORO MUNICIPAL AIRPORT-WORD FIELD,SCOTTSBORO MUNICIPAL AIRPORT-WORD FIELD
AIRPORT,MUHLENBERG COUNTY ARPT,MUHLENBERG COUNTY ARPT
AIRPORT,SUSANVILLE MUNICIPAL ARPT,SUSANVILLE MUNICIPAL ARPT
AIRPORT,FALWELL ARPT,FALWELL ARPT
AIRPORT,INDUCTOTHERM ARPT,INDUCTOTHERM ARPT
AIRPORT,PRESTON ARPT,PRESTON ARPT
AIRPORT,NURNBERG,NURNBERG
AIRPORT,ODELL-WILLIAMSON MUNICIPAL ARPT,ODELL-WILLIAMSON MUNICIPAL ARPT
AIRPORT,DEERFIELD RESORT AIRPORT,DEERFIELD RESORT AIRPORT
AIRPORT,MUSTANG BEACH AIRPORT,MUSTANG BEACH AIRPORT
AIRPORT,CARROLL COUNTY AIRPORT,CARROLL COUNTY AIRPORT
AIRPORT,BIGGS ARMY AIRFIELD (FORT BLISS),BIGGS ARMY AIRFIELD (FORT BLISS)
AIRPORT,MORELIA INTL ARPT,MORELIA INTL ARPT
AIRPORT,JESUP-WAYNE COUNTY AIRPORT,JESUP-WAYNE COUNTY AIRPORT
AIRPORT,BAY CITY REGIONAL AIRPORT,BAY CITY REGIONAL AIRPORT
AIRPORT,SALEM MEMORIAL AIRPORT,SALEM MEMORIAL AIRPORT
AIRPORT,NIGHTMUTE AIRPORT,NIGHTMUTE AIRPORT
AIRPORT,MYKONOS-MANTO MAVROGENOUS INTL,MYKONOS-MANTO MAVROGENOUS INTL
AIRPORT,SHELBYVILLE MUNICIPAL AIRPORT,SHELBYVILLE MUNICIPAL AIRPORT
AIRPORT,HUNTER ARMY AIRFIELD,HUNTER ARMY AIRFIELD
AIRPORT,CAPE CANAVERAL SPACE FORCE STATION SKID STRIP AIRPORT,CAPE CANAVERAL SPACE FORCE STATION SKID STRIP AIRPORT
AIRPORT,WOODWORTH AIRPORT,WOODWORTH AIRPORT
AIRPORT,COLUSA COUNTY ARPT,COLUSA COUNTY ARPT
AIRPORT,TAYLOR MUNICIPAL AIRPORT,TAYLOR MUNICIPAL AIRPORT
AIRPORT,COMAYAGUA INTL,COMAYAGUA INTL
AIRPORT,COLLEGEDALE MINICIPAL AIRPORT,COLLEGEDALE MINICIPAL AIRPORT
AIRPORT,ECU HEALTH MEDICAL CENTER HELIPORT,ECU HEALTH MEDICAL CENTER HELIPORT
AIRPORT,SANDERSON FIELD AIRPORT,SANDERSON FIELD AIRPORT
AIRPORT,BAHIAS DE HUATULCO INTL ARPT,BAHIAS DE HUATULCO INTL ARPT
AIRPORT,HURLBURT FIELD ARPT,HURLBURT FIELD ARPT
AIRPORT,GRANT COUNTY AIRPORT,GRANT COUNTY AIRPORT
AIRPORT,CURTIS FIELD AIRPORT,CURTIS FIELD AIRPORT
AIRPORT,HILL AIR FORCE BASE,HILL AIR FORCE BASE
AIRPORT,JEKYLL ISLAND ARPT,JEKYLL ISLAND ARPT
AIRPORT,TEHACHAPI MUNICIPAL ARPT,TEHACHAPI MUNICIPAL ARPT
AIRPORT,BUCKINGHAM FIELD ARPT,BUCKINGHAM FIELD ARPT
AIRPORT,MILLER AIR PARK ARPT,MILLER AIR PARK ARPT
AIRPORT,RUCKEL AIRPORT,RUCKEL AIRPORT
AIRPORT,BLUE RIDGE ARPT,BLUE RIDGE ARPT
AIRPORT,HICKS AIRFIELD,HICKS AIRFIELD
AIRPORT,LAMPSON FIELD ARPT,LAMPSON FIELD ARPT
AIRPORT,PECAN PLANTATION ARPT,PECAN PLANTATION ARPT
AIRPORT,VINTON VETERANS MEMORIAL AIRPARK,VINTON VETERANS MEMORIAL AIRPARK
AIRPORT,THUNDER RIDGE AIRPARK,THUNDER RIDGE AIRPARK
AIRPORT,TOPTON AIR ESTATES ARPT,TOPTON AIR ESTATES ARPT
AIRPORT,DINWIDDIE COUNTY ARPT,DINWIDDIE COUNTY ARPT
AIRPORT,CORNELL MUNICIPAL ARPT,CORNELL MUNICIPAL ARPT
AIRPORT,CHEWELAH MUNICIPAL AIRPORT,CHEWELAH MUNICIPAL AIRPORT
AIRPORT,FRAZIER LAKE AIRPARK,FRAZIER LAKE AIRPARK
AIRPORT,GILLESPIE COUNTY,GILLESPIE COUNTY
AIRPORT,ISLESBORO,ISLESBORO
AIRPORT,ORR REGIONAL ARPT,ORR REGIONAL ARPT
AIRPORT,HARRY P WILLIAMS MEMORIAL ARPT,HARRY P WILLIAMS MEMORIAL ARPT
AIRPORT,MARION MUNICIPAL ARPT,MARION MUNICIPAL ARPT
AIRPORT,LEO GOETZ COUNTY ARPT,LEO GOETZ COUNTY ARPT
AIRPORT,EAGLE'S NEST AIRPORT,EAGLE'S NEST AIRPORT
AIRPORT,FLAGLER HOSPITAL HELIPORT,FLAGLER HOSPITAL HELIPORT
AIRPORT,UNIVERSITY-OXFORD AIRPORT,UNIVERSITY-OXFORD AIRPORT
AIRPORT,CONCORD MUNICIPAL AIRPORT,CONCORD MUNICIPAL AIRPORT
AIRPORT,COLUMBIA GORGE REGNL /THE DALLES MUNI ARPT,COLUMBIA GORGE REGNL /THE DALLES MUNI ARPT
AIRPORT,HENRYETTA MUNICIPAL ARPT,HENRYETTA MUNICIPAL ARPT
AIRPORT,MONMOUTH MUNICIPAL,MONMOUTH MUNICIPAL
AIRPORT,GILMER COUNTY AIRPORT,GILMER COUNTY AIRPORT
AIRPORT,CAP-HAÏTIEN INTERNATIONAL,CAP-HAÏTIEN INTERNATIONAL
AIRPORT,KENMORE AIR HARBOR SEAPLANE BASE,KENMORE AIR HARBOR SEAPLANE BASE
AIRPORT,BERKELEY COUNTY AIRPORT,BERKELEY COUNTY AIRPORT
AIRPORT,Walker County Airport-Bevill Field,Walker County Airport-Bevill Field
AIRPORT,LOWCOUNTRY REGIONAL AIRPORT,LOWCOUNTRY REGIONAL AIRPORT
AIRPORT,HAYFORK ARPT,HAYFORK ARPT
AIRPORT,BANNING MUNICIPAL AIRPORT,BANNING MUNICIPAL AIRPORT
AIRPORT,TRI-COUNTY REGIONAL AIRPORT,TRI-COUNTY REGIONAL AIRPORT
AIRPORT,FLY HIGH HELIPORT,FLY HIGH HELIPORT
AIRPORT,MARLBORO COUNTY JETPORT-H E AVENT FIELD,MARLBORO COUNTY JETPORT-H E AVENT FIELD
AIRPORT,BRNO-TURANY AIRPORT,BRNO-TURANY AIRPORT
AIRPORT,PRIEST LAKE USFS,PRIEST LAKE USFS
AIRPORT,ISTANBUL AIRPORT,ISTANBUL AIRPORT
AIRPORT,ARCO MORGAN CITY HELIPORT,ARCO MORGAN CITY HELIPORT
AIRPORT,FREEDOM SPRINGS RANCH AIRPORT,FREEDOM SPRINGS RANCH AIRPORT
AIRPORT,OCEANA NAVAL AIR STATION,OCEANA NAVAL AIR STATION
AIRPORT,JIMMY CARTER REGIONAL AIRPORT,JIMMY CARTER REGIONAL AIRPORT
AIRPORT,CHAMBERLAIN MUNICIPAL AIRPORT,CHAMBERLAIN MUNICIPAL AIRPORT
AIRPORT,VAIDEN FIELD AIRPORT,VAIDEN FIELD AIRPORT
AIRPORT,FITZGERALD MUNICIPAL,FITZGERALD MUNICIPAL
AIRPORT,GREENSBORO EXECUTIVE AIRPORT,GREENSBORO EXECUTIVE AIRPORT
AIRPORT,FRANKLIN REGIONAL AIRPORT,FRANKLIN REGIONAL AIRPORT
AIRPORT,DALTON AIRPORT,DALTON AIRPORT
AIRPORT,KATAMA AIRPARK,KATAMA AIRPARK
AIRPORT,CARROLL COUNTY-TOLSON AIRPORT,CARROLL COUNTY-TOLSON AIRPORT
AIRPORT,EAGLE NECK AIRPORT,EAGLE NECK AIRPORT
AIRPORT,SALUDA COUNTY AIRPORT,SALUDA COUNTY AIRPORT
AIRPORT,HAZLEHURST AIRPORT,HAZLEHURST AIRPORT
AIRPORT,LURAY CAVERNS AIRPORT,LURAY CAVERNS AIRPORT
AIRPORT,FARIBAULT MUNICIPAL AIRPORT,FARIBAULT MUNICIPAL AIRPORT
AIRPORT,EMMETT MUNICIPAL AIRPORT,EMMETT MUNICIPAL AIRPORT
AIRPORT,KARLUK ARPT,KARLUK ARPT
AIRPORT,BRENNER FIELD ARPT,BRENNER FIELD ARPT
AIRPORT,ROYALTON AIRPORT,ROYALTON AIRPORT
AIRPORT,NORTHUMBERLAND COUNTY AIRPORT,NORTHUMBERLAND COUNTY AIRPORT
AIRPORT,SEBASTIAN COVE AIRPORT,SEBASTIAN COVE AIRPORT
AIRPORT,ORLANDO APOPKA AIRPORT,ORLANDO APOPKA AIRPORT
AIRPORT,ALPINE AIRSTRIP,ALPINE AIRSTRIP
AIRPORT,THE LANDINGS AIRPORT,THE LANDINGS AIRPORT
AIRPORT,OROVILLE HOSPITAL HELIPORT,OROVILLE HOSPITAL HELIPORT
AIRPORT,LA ISABELA  INTL ARPT,LA ISABELA  INTL ARPT
AIRPORT,MATECANA INTERNATIONAL AIRPORT,MATECANA INTERNATIONAL AIRPORT
AIRPORT,TAVARES SEAPLANE BASE,TAVARES SEAPLANE BASE
AIRPORT,RUSSELL COUNTY AIRPORT,RUSSELL COUNTY AIRPORT
AIRPORT,LANETT REGIONAL AIRPORT,LANETT REGIONAL AIRPORT
AIRPORT,BRANDYWINE ARPT,BRANDYWINE ARPT
AIRPORT,EPHRAIM- GIBRALTAR ARPT,EPHRAIM- GIBRALTAR ARPT
AIRPORT,ANTONE RANCH ARPT,ANTONE RANCH ARPT
AIRPORT,SCHAFER/USFS,SCHAFER/USFS
AIRPORT,KEMPEGOWDA INTERNATIONAL AIRPORT,KEMPEGOWDA INTERNATIONAL AIRPORT
AIRPORT,COTTONWOOD AIRPORT,COTTONWOOD AIRPORT
AIRPORT,BELEN REGIONAL AIRPORT,BELEN REGIONAL AIRPORT
AIRPORT,ST- GEORGES AERODOME,ST- GEORGES AERODOME
AIRPORT,QUAHADI RANCH ARPT,QUAHADI RANCH ARPT
AIRPORT,NAVASOTA MUNICIPAL AIRPORT,NAVASOTA MUNICIPAL AIRPORT
AIRPORT,JACK FISH LANDING AIRPORT,JACK FISH LANDING AIRPORT
AIRPORT,GROVE CITY AIRPORT,GROVE CITY AIRPORT
AIRPORT,MANATEE AIRPORT,MANATEE AIRPORT
AIRPORT,CYNTHIANA-HARRISON COUNTY AIRPORT,CYNTHIANA-HARRISON COUNTY AIRPORT
AIRPORT,RIVER FALLS AIRPORT,RIVER FALLS AIRPORT
AIRPORT,WEST 30TH ST HELIPORT,WEST 30TH ST HELIPORT
AIRPORT,TALLADEGA MUNICIPAL AIRPORT,TALLADEGA MUNICIPAL AIRPORT
AIRPORT,CHERRY RIDGE AIRPORT,CHERRY RIDGE AIRPORT
AIRPORT,KIGALI INTL AIRPORT,KIGALI INTL AIRPORT
AIRPORT,ROMEO STATE AIRPORT,ROMEO STATE AIRPORT
AIRPORT,CHARLEVOIX MUNICIPAL AIRPORT,CHARLEVOIX MUNICIPAL AIRPORT
AIRPORT,MONROE COUNTY ARPT,MONROE COUNTY ARPT
AIRPORT,BRUNSWICK NOVANT MEDICAL CENTER HELIPORT,BRUNSWICK NOVANT MEDICAL CENTER HELIPORT
AIRPORT,ERIE MUNICIPAL AIRPORT,ERIE MUNICIPAL AIRPORT
AIRPORT,WINDOW ROCK AIRPORT,WINDOW ROCK AIRPORT
AIRPORT,WILLITS MUNICIPAL AIRPORT-ELLIS FIELD,WILLITS MUNICIPAL AIRPORT-ELLIS FIELD
AIRPORT,VALLE AIRPORT,VALLE AIRPORT
AIRPORT,LIVINGSTON MUNICIPAL AIRPORT,LIVINGSTON MUNICIPAL AIRPORT
AIRPORT,GATLINBURG- PIGEON FORGE ARPT,GATLINBURG- PIGEON FORGE ARPT
AIRPORT,EASTPORT MUNICIPAL AIRPORT,EASTPORT MUNICIPAL AIRPORT
AIRPORT,DODGE COUNTY AIRPORT,DODGE COUNTY AIRPORT
AIRPORT,CARILION WESTLAKE CENTER HELIPORT,CARILION WESTLAKE CENTER HELIPORT
AIRPORT,FALSE PASS AIRPORT,FALSE PASS AIRPORT
AIRPORT,NEW ORLEANS NAVAL AIR STATION JOINT RESERVE BASE - ALVIN CALLENDER FIELD,NEW ORLEANS NAVAL AIR STATION JOINT RESERVE BASE - ALVIN CALLENDER FIELD
AIRPORT,BRYON ARPT,BRYON ARPT
AIRPORT,AUGUSTA MUNICIPAL AIRPORT,AUGUSTA MUNICIPAL AIRPORT
AIRPORT,JUAN MANUEL GALVEZ INTERNATIONAL AIRPORT,JUAN MANUEL GALVEZ INTERNATIONAL AIRPORT
AIRPORT,DIAMONDHEAD AIRPORT,DIAMONDHEAD AIRPORT
AIRPORT,CHEVAK AIRPORT,CHEVAK AIRPORT
AIRPORT,RICHMOND COUNTY AIRPORT,RICHMOND COUNTY AIRPORT
AIRPORT,HENRY COUNTY AIRPORT,HENRY COUNTY AIRPORT
AIRPORT,ERLANGER MEDICAL CENTER HELIPORT,ERLANGER MEDICAL CENTER HELIPORT
AIRPORT,GAMBELL ARPT,GAMBELL ARPT
AIRPORT,SOUTHWEST LUBBOCK AIRPORT,SOUTHWEST LUBBOCK AIRPORT
AIRPORT,COCHISE COLLEGE AIRPORT,COCHISE COLLEGE AIRPORT
AIRPORT,ALEXANDER FIELD SOUTH WOOD COUNTY ARPT,ALEXANDER FIELD SOUTH WOOD COUNTY ARPT
AIRPORT,BEAUMONT MUNICIPAL AIRPORT,BEAUMONT MUNICIPAL AIRPORT
AIRPORT,MARYLAND AIRPORT,MARYLAND AIRPORT
AIRPORT,RIDDICK FIELD AIRPORT,RIDDICK FIELD AIRPORT
AIRPORT,W H 'BUD' BARRON ARPT,W H 'BUD' BARRON ARPT
AIRPORT,NANAIMO,NANAIMO
AIRPORT,SKY MANOR ARPT,SKY MANOR ARPT
AIRPORT,JOSEPH STATE,JOSEPH STATE
AIRPORT,WATTS-WOODLAND ARPT,WATTS-WOODLAND ARPT
AIRPORT,PLACERVILLE ARPT,PLACERVILLE ARPT
AIRPORT,KODIAK MUNICIPAL ARPT,KODIAK MUNICIPAL ARPT
AIRPORT,JAY KAY RANCH ARPT,JAY KAY RANCH ARPT
AIRPORT,TALKEETNA ARPT,TALKEETNA ARPT
AIRPORT,MALLARDS LANDING,MALLARDS LANDING
AIRPORT,HAYSFIELD ARPT,HAYSFIELD ARPT
AIRPORT,THRALL LAKE ARPT,THRALL LAKE ARPT
AIRPORT,CRAIG-MOFFAT AIRPORT,CRAIG-MOFFAT AIRPORT
AIRPORT,SHARJAH INTERNATIONAL AIRPORT,SHARJAH INTERNATIONAL AIRPORT
AIRPORT,TICONDEROGA MUNICIPAL AIRPORT,TICONDEROGA MUNICIPAL AIRPORT
AIRPORT,CHERRYSTONE ARPT,CHERRYSTONE ARPT
AIRPORT,CHINLE MUNICIPAL ARPT,CHINLE MUNICIPAL ARPT
AIRPORT,WARWICK MUNICIPAL ARPT,WARWICK MUNICIPAL ARPT
AIRPORT,CHICKASHA MUNICIPAL AIRPORT,CHICKASHA MUNICIPAL AIRPORT
AIRPORT,RICHARD ARTHUR FIELD AIRPORT,RICHARD ARTHUR FIELD AIRPORT
AIRPORT,KOBELT AIRPORT,KOBELT AIRPORT
AIRPORT,PENN YAN ARPT,PENN YAN ARPT
AIRPORT,DAVENPORT MUNICIPAL ARPT,DAVENPORT MUNICIPAL ARPT
AIRPORT,POINT MUGU NAVAL AIR STATION ,POINT MUGU NAVAL AIR STATION
AIRPORT,WASECA MUNICIPAL AIRPORT/MAYNARD RICHARD STENSRUD FIELD,WASECA MUNICIPAL AIRPORT/MAYNARD RICHARD STENSRUD FIELD
AIRPORT,GLENCOE MUNICIPAL AIRPORT,GLENCOE MUNICIPAL AIRPORT
AIRPORT,SUSSES AIRPORT,SUSSES AIRPORT
AIRPORT,DAYBREAK AIRPORT,DAYBREAK AIRPORT
AIRPORT,WELSH AIRPORT,WELSH AIRPORT
AIRPORT,LADD ARMY AIRFIELD,LADD ARMY AIRFIELD
AIRPORT,RAY COMMUNITY ARPT,RAY COMMUNITY ARPT
AIRPORT,BUTLER FARM SHOW,BUTLER FARM SHOW
AIRPORT,FORT ATKINSON MUNICIPAL AIRPORT,FORT ATKINSON MUNICIPAL AIRPORT
AIRPORT,WALLACE-PENDER AIRPROT,WALLACE-PENDER AIRPROT
AIRPORT,DE QUINCY INDUSTRIAL AIRPARK,DE QUINCY INDUSTRIAL AIRPARK
AIRPORT,DONA  ANA COUNTY INTERNATIONAL JETPORT AIRPORT,DONA  ANA COUNTY INTERNATIONAL JETPORT AIRPORT
AIRPORT,MCMASTER GLIDERPORT,MCMASTER GLIDERPORT
AIRPORT,VIDANT EDGECOMBE HOSPITAL HELIPORT,VIDANT EDGECOMBE HOSPITAL HELIPORT
AIRPORT,VENETIE AIRPORT,VENETIE AIRPORT
AIRPORT,TULUM INTERNATIONAL AIRPORT,TULUM INTERNATIONAL AIRPORT
AIRPORT,FUQUAY AIRPORT/ ANGIER FIELD,FUQUAY AIRPORT/ ANGIER FIELD
AIRPORT,TRI-COUNTY AIRPORT AT HENRY JOYNER FIELD,TRI-COUNTY AIRPORT AT HENRY JOYNER FIELD
AIRPORT,SHAKTOOIK AIRPORT,SHAKTOOIK AIRPORT
AIRPORT,LAKE WALES MUNICIPAL AIRPORT,LAKE WALES MUNICIPAL AIRPORT
AIRPORT,FAYETTEVILLE MUNICIPAL AIRPORT,FAYETTEVILLE MUNICIPAL AIRPORT
AIRPORT,RANDALL ARPT,RANDALL ARPT
AIRPORT,LE MARS MUNICIPAL AIRPORT,LE MARS MUNICIPAL AIRPORT
AIRPORT,EAGLES NEST AIRPORT,EAGLES NEST AIRPORT
AIRPORT,GRANBURY REGIONAL AIRPORT,GRANBURY REGIONAL AIRPORT
AIRPORT,CRETE MUNICIPAL AIRPORT,CRETE MUNICIPAL AIRPORT
AIRPORT,SMOKETOWN AIRPORT,SMOKETOWN AIRPORT
AIRPORT,CABLE AIRPORT,CABLE AIRPORT
AIRPORT,ST VINCENT HOSPITAL HELIPORT,ST VINCENT HOSPITAL HELIPORT
AIRPORT,LUMBERTON REGIONAL AIRPORT,LUMBERTON REGIONAL AIRPORT
AIRPORT,BASIN HARBOR AIRPORT,BASIN HARBOR AIRPORT
AIRPORT,HOPKINSVILLE-CHRISTIAN COUNTY AIRPORT,HOPKINSVILLE-CHRISTIAN COUNTY AIRPORT
AIRPORT,BURLINGTON MUNICIPAL AIRPORT,BURLINGTON MUNICIPAL AIRPORT
AIRPORT,MILFORD MUNICIPAL AIRPORT/BEN AND JUDY BRISCOE FIELD,MILFORD MUNICIPAL AIRPORT/BEN AND JUDY BRISCOE FIELD
AIRPORT,ARKANSAS CHILDREN'S HOSPITAL HELIPORT,ARKANSAS CHILDREN'S HOSPITAL HELIPORT
AIRPORT,RAVALLI COUNTY AIRPORT,RAVALLI COUNTY AIRPORT
AIRPORT,PIONEERS MEMORIAL HOSPITAL HELIPORT,PIONEERS MEMORIAL HOSPITAL HELIPORT
AIRPORT,DICKSON MUNICIPAL AIRPORT,DICKSON MUNICIPAL AIRPORT
AIRPORT,FRANKLIN COUNTY STATE AIRPORT,FRANKLIN COUNTY STATE AIRPORT
AIRPORT,STANFORD HEALTH CARE EAST HELIPORT,STANFORD HEALTH CARE EAST HELIPORT
AIRPORT,CLEVELAND REGIONAL JETPORT,CLEVELAND REGIONAL JETPORT
AIRPORT,FREMONT COUNTY AIRPORT,FREMONT COUNTY AIRPORT
AIRPORT,COLUMBUS-LOWNDES COUNTY AIRPORT,COLUMBUS-LOWNDES COUNTY AIRPORT
AIRPORT,PRATT REGIONAL AIRPORT,PRATT REGIONAL AIRPORT
AIRPORT,ETMC - ATHENS HELIPORT,ETMC - ATHENS HELIPORT
AIRPORT,WOODS AND LAKES AIRPARK,WOODS AND LAKES AIRPARK
AIRPORT,SOMERSET AIRPORT,SOMERSET AIRPORT
AIRPORT,LEWIS GALE MEMORIAL CENTER HELIPORT,LEWIS GALE MEMORIAL CENTER HELIPORT
AIRPORT,FRANCISCO SÁ CARNEIRO AIRPORT,FRANCISCO SÁ CARNEIRO AIRPORT
AIRPORT,UMIAT ARPT,UMIAT ARPT
AIRPORT,CHETEK MUNICIPAL/SOUTHWORTH AIRPORT,CHETEK MUNICIPAL/SOUTHWORTH AIRPORT
AIRPORT,WARNER SPRINGS GLIDERPORT,WARNER SPRINGS GLIDERPORT
AIRPORT,STANLY MEMORIAL HOSPITAL HELIPORT,STANLY MEMORIAL HOSPITAL HELIPORT
AIRPORT,CAPE LISBURNE LRRS AIRPORT,CAPE LISBURNE LRRS AIRPORT
AIRPORT,LIBERTY MUNICIPAL AIRPORT,LIBERTY MUNICIPAL AIRPORT
AIRPORT,VERMILION REGIONAL ARPT,VERMILION REGIONAL ARPT
AIRPORT,BROOKNEAL/CAMPBELL COUNTY AIRPORT,BROOKNEAL/CAMPBELL COUNTY AIRPORT
AIRPORT,HASTINGS AIRPORT,HASTINGS AIRPORT
AIRPORT,Welke Airport,Welke Airport
AIRPORT,MARTIN COUNTY AIRPORT,MARTIN COUNTY AIRPORT
AIRPORT,DEFUNIAK SPRINGS ARPT,DEFUNIAK SPRINGS ARPT
AIRPORT,PORT ANGELES COAST GUARD AIR STATION AIRPORT,PORT ANGELES COAST GUARD AIR STATION AIRPORT
AIRPORT,MESA DEL RAY AIRPORT,MESA DEL RAY AIRPORT
AIRPORT,EFFINGHAM COUNTY REGIONAL AIRPORT,EFFINGHAM COUNTY REGIONAL AIRPORT
AIRPORT,Lake Anna Airport,Lake Anna Airport
AIRPORT,ELROY MUNICIPAL AIRPORT,ELROY MUNICIPAL AIRPORT
AIRPORT,GUANTANAMO LEEWARD POINT AIRPORT,GUANTANAMO LEEWARD POINT AIRPORT
AIRPORT,ESCAPE RANCH AIRPORT,ESCAPE RANCH AIRPORT
AIRPORT,Downtown Airport,Downtown Airport
AIRPORT,NEW RIVER VALLEY AIRPORT,NEW RIVER VALLEY AIRPORT
AIRPORT,SHUNGNAK AIRPORT,SHUNGNAK AIRPORT
AIRPORT,LYNEHAM (UK),LYNEHAM (UK)
AIRPORT,FELIPE ÁNGELES INTERNATIONAL AIRPORT,FELIPE ÁNGELES INTERNATIONAL AIRPORT
AIRPORT,Huber Airpark Civic Club LLC Airport,Huber Airpark Civic Club LLC Airport
AIRPORT,RICHARD B HELGESON AIRPORT,RICHARD B HELGESON AIRPORT
AIRPORT,FLYING CIRCUS AERODROME,FLYING CIRCUS AERODROME
AIRPORT,JACKSON COUNTY AIRPORT,JACKSON COUNTY AIRPORT
AIRPORT,OTTUMWA HOSPITAL HELIPORT,OTTUMWA HOSPITAL HELIPORT
AIRPORT,LOYOLA U MED CTR HELIPORT,LOYOLA U MED CTR HELIPORT
AIRPORT,SISTERS EAGLE,SISTERS EAGLE
AIRPORT,Laguna Army Airfield (Yuma Proving Ground),Laguna Army Airfield (Yuma Proving Ground)
AIRPORT,THEDA CLARK REGIONAL MEDICAL CENTER HELIPORT,THEDA CLARK REGIONAL MEDICAL CENTER HELIPORT
AIRPORT,BOUNDARY BAY,BOUNDARY BAY
AIRPORT,THIBODAUX MUNICIPAL ARPT,THIBODAUX MUNICIPAL ARPT
AIRPORT,MOUNT ROYAL AIRPORT,MOUNT ROYAL AIRPORT
AIRPORT,TACHIKAWA/YOKOTA AB ARPT,TACHIKAWA/YOKOTA AB ARPT
AIRPORT,COMMUNITY HOSPITAL OF WILLIAM CO HELIPORT,COMMUNITY HOSPITAL OF WILLIAM CO HELIPORT
AIRPORT,ST JAMES MUNICIPAL AIRPORT,ST JAMES MUNICIPAL AIRPORT
AIRPORT,DECATUR COUNTY INDUSTRIAL AIR PARK,DECATUR COUNTY INDUSTRIAL AIR PARK
AIRPORT,BETZ ARPT,BETZ ARPT
AIRPORT,FALLBROOK COMMUNITY AIRPARK,FALLBROOK COMMUNITY AIRPARK
AIRPORT,OLCOTT-NEWFANE ARPT,OLCOTT-NEWFANE ARPT
AIRPORT,RICHMOND MUNICIPAL ARPT,RICHMOND MUNICIPAL ARPT
AIRPORT,ERA HELICOPTERS CAMERON BASE HELIPORT,ERA HELICOPTERS CAMERON BASE HELIPORT
AIRPORT,HIGHLAND COUNTY ARPT,HIGHLAND COUNTY ARPT
AIRPORT,ALLEN C PERKINSON AIRPORT/BLACKSTONE ARMY AIRFIELD,ALLEN C PERKINSON AIRPORT/BLACKSTONE ARMY AIRFIELD
AIRPORT,BIGFORK MUNICIPAL AIRPORT,BIGFORK MUNICIPAL AIRPORT
