AIRPORT_ID,AIRPORT,Reported_Strikes,Damage_Records,No_Damage_Records,Damage_Rate_Pct,Damage_Rate_CI95_Lower,Damage_Rate_CI95_Upper
ZZZZ,UNKNOWN,41026,4269,36757,10.405596451031053,10.113833055695217,10.704774247921572
KDEN,DENVER INTL AIRPORT,10690,236,10454,2.2076707202993453,1.9458212254879685,2.5038575503786946
KDFW,DALLAS/FORT WORTH INTL ARPT,8414,265,8149,3.1495127169004036,2.7971788652661034,3.544608321606123
KORD,CHICAGO O'HARE INTL ARPT,6864,265,6599,3.8607226107226102,3.430151525599955,4.342910683639117
KJFK,JOHN F KENNEDY INTL,6372,318,6054,4.990583804143126,4.482517249468484,5.552888899893822
KMEM,MEMPHIS INTL,5203,195,5008,3.747837785892754,3.264936368599475,4.29898875637456
KSLC,SALT LAKE CITY INTL,4125,363,3762,8.799999999999999,7.973350644283707,9.703316825836723
KATL,HARTSFIELD - JACKSON ATLANTA INTL ARPT,3987,141,3846,3.5364936042136947,3.006427763738933,4.156011356871616
KDTW,DETROIT METRO WAYNE COUNTY ARPT,3976,113,3863,2.8420523138832996,2.3692975705030124,3.4058468473049732
KSMF,SACRAMENTO INTL,3951,459,3492,11.617312072892938,10.655216329784704,12.653975117984029
KMCO,ORLANDO INTL,3948,303,3645,7.674772036474165,6.884952437580516,8.546880660183323
KLGA,LA GUARDIA ARPT,3517,215,3302,6.113164628945124,5.368252920138756,6.953846432470574
KCLT,CHARLOTTE/DOUGLAS INTL ARPT,3488,119,3369,3.411697247706422,2.8586637856100263,4.067240298928057
KSDF,MUHAMMAD ALI INTERNATIONAL,3363,131,3232,3.8953315492120133,3.292258115612391,4.603616760116839
KMCI,KANSAS CITY INTL,3273,139,3134,4.246868316529178,3.6079654627488327,4.993048391567469
KEWR,NEWARK LIBERTY INTL ARPT,3164,195,2969,6.163084702907712,5.377106901110387,7.055383410273869
KAUS,AUSTIN-BERGSTROM INTL,3139,106,3033,3.376871615164065,2.799766439227396,4.067954797503083
KPHL,PHILADELPHIA INTL,3065,193,2872,6.2969004893964104,5.490441419860166,7.212775324855497
KCVG,CINCINNATI/NORTHERN KENTUCKY INTL ARPT,3036,79,2957,2.6021080368906455,2.0929091461489824,3.231105105119899
KIAH,GEORGE BUSH INTERCONTINENTAL/ HOUSTON ARPT,2999,85,2914,2.834278092697566,2.297994987762323,3.491241447486209
KLAX,LOS ANGELES INTL,2922,166,2756,5.68104038329911,4.898442301267035,6.580019143809143
KBNA,NASHVILLE INTL,2716,90,2626,3.313696612665685,2.7037111659979405,4.055564815368034
KBOS,GENERAL EDWARD LAWRENCE LOGAN INTL ARPT,2705,181,2524,6.691312384473198,5.809747948077757,7.695715051309139
KBWI,BALTIMORE/WASH INTL THURGOOD MARSHAL ARPT,2657,138,2519,5.193827625141137,4.41288143797365,6.104151969802298
KPDX,PORTLAND INTL (OR),2652,165,2487,6.221719457013575,5.364189831104334,7.205897180108986
KIAD,WASHINGTON DULLES INTL ARPT,2580,182,2398,7.054263565891474,6.128718780916063,8.107509941463823
KSFO,SAN FRANCISCO INTL ARPT,2505,179,2326,7.145708582834331,6.201234906467147,8.221421350508185
KCLE,CLEVELAND-HOPKINS INTL ARPT,2493,75,2418,3.0084235860409145,2.4068001744496716,3.754647952656188
KMSP,MINNEAPOLIS-ST PAUL INTL/WOLD-CHAMBERLAIN ARPT,2361,130,2231,5.506141465480729,4.656234029264504,6.50060624282814
KMSY,LOUIE ARMSTRONG NEW ORLEANS INTL ARPT,2322,118,2204,5.0818260120585705,4.260352364420605,6.051682642606529
KIND,INDIANAPOLIS INTL ARPT,2303,67,2236,2.909248805905341,2.2973546746326963,3.677984074243689
KFLL,FORT LAUDERDALE/HOLLYWOOD INTL,2300,106,2194,4.608695652173913,3.8248496060168313,5.543919496858992
KPIT,PITTSBURGH INTL ARPT,2276,86,2190,3.7785588752196833,3.069864544179441,4.643022175669867
KDAL,DALLAS LOVE FIELD ARPT,2263,86,2177,3.8002651347768452,3.087557972322845,4.66956100767117
KTEB,TETERBORO AIRPORT,2244,110,2134,4.901960784313726,4.083139313427708,5.874928906325856
KSEA,SEATTLE-TACOMA INTL,2241,112,2129,4.99776885319054,4.170096025920141,5.979466419822134
KMDW,CHICAGO MIDWAY INTL ARPT,2124,91,2033,4.28436911487759,3.5025132312230305,5.231294774034505
KDCA,RONALD REAGAN WASHINGTON NATIONAL ARPT,2009,150,1859,7.466401194624191,6.396409316881353,8.698747698951388
KCMH,JOHN GLENN COLUMBUS INTL ARPT,2003,66,1937,3.2950574138791815,2.598354048652515,4.170570813180128
KOMA,EPPLEY AIRFIELD,1993,87,1906,4.365278474661315,3.5525964885620964,5.353548094964209
KRSW,SOUTHWEST FLORIDA INTL ARPT,1954,95,1859,4.861821903787104,3.993608277989178,5.907172255022277
KHOU,WILLIAM P HOBBY ARPT,1923,81,1842,4.212168486739469,3.401929210247307,5.2049848194269535
KSJC,NORMAN Y. MINETA SAN JOSE INTL ARPT,1910,111,1799,5.81151832460733,4.8482641855606134,6.952169037335159
KTPA,TAMPA INTL,1885,103,1782,5.464190981432361,4.525785719298803,6.58375358775585
KSAT,SAN ANTONIO INTL,1880,82,1798,4.361702127659575,3.5277739110387016,5.381764980129219
KPHX,PHOENIX SKY HARBOR INTL ARPT,1869,66,1803,3.5313001605136436,2.7852780212333776,4.467956849243656
KSTL,LAMBERT-ST LOUIS INTL,1848,122,1726,6.6017316017316015,5.5572089607214,7.826311530448041
KOAK,METRO OAKLAND INTL,1813,133,1680,7.335907335907336,6.223836414845508,8.62839946526644
PHNL,DANIEL K. INOUYE INTERNATIONAL AIRPORT,1715,41,1674,2.39067055393586,1.7671031128128234,3.22705108964539
KMIA,MIAMI INTL,1662,137,1525,8.243080625752105,7.0151727342175425,9.663579915494172
PHLI,LIHUE ARPT,1479,21,1458,1.4198782961460445,0.9305398212340877,2.160929962187149
KMKE,GENERAL MITCHELL INTL,1392,52,1340,3.7356321839080464,2.8600056100101576,4.86591400723008
KJAX,JACKSONVILLE INTL,1337,45,1292,3.3657442034405385,2.5248270822800913,4.473881788327741
KOKC,WILL ROGERS WORLD ARPT,1273,28,1245,2.199528672427337,1.5260970298547318,3.160592376254844
KGRR,GERALD R. FORD INTL ARPT,1254,25,1229,1.9936204146730463,1.353959315701082,2.926516063710762
KDSM,DES MOINES INTL,1216,39,1177,3.2072368421052633,2.354917539117253,4.354281425731954
KBDL,BRADLEY INTL,1203,34,1169,2.826267664172901,2.029448067738414,3.9234126888016316
KMDT,HARRISBURG INTL,1201,37,1164,3.0807660283097418,2.2432440372537754,4.217489058283431
KONT,ONTARIO INTL ARPT,1184,40,1144,3.3783783783783785,2.490685530784617,4.567629315235257
KRDU,RALEIGH-DURHAM INTL,1085,55,1030,5.0691244239631335,3.9150413241090325,6.540253550737779
KACY,ATLANTIC CITY INTL,1077,18,1059,1.6713091922005572,1.0597522613798087,2.6264122977933386
KSRQ,SARASOTA-BRADENTON INTL ARPT,1038,44,994,4.238921001926782,3.1726502081992423,5.642662983364618
KALB,ALBANY INTL,1024,39,985,3.80859375,2.798413816670973,5.164058221822117
KSFB,ORLANDO SANFORD INTL ARPT,1022,91,931,8.904109589041095,7.308372916000814,10.807640316451444
KLIT,BILL AND  HILLARY CLINTON NATL ARPT/ADAMS FIELD,1014,36,978,3.5502958579881656,2.575332651006208,4.875885691808627
KBHM,BIRMINGHAM-SHUTTLESWORTH INTL,999,60,939,6.006006006006006,4.694348847969056,7.654720037884901
KPVD,RHODE ISLAND TF GREEN INTERNATIONAL AIRPORT,997,36,961,3.6108324974924777,2.6194337817693696,4.958348756446469
KRIC,RICHMOND INTL,981,41,940,4.17940876656473,3.095572097317794,5.6207128362187255
KLGB,LONG BEACH-DAUGH FLD,957,24,933,2.507836990595611,1.690949611682841,3.7044870555055907
KBUF,BUFFALO-NIAGARA INTL,944,39,905,4.13135593220339,3.0367062706816252,5.5978166285032165
KDAY,JAMES M COX DAYTON INTL,926,23,903,2.4838012958963285,1.6606901830129528,3.6995346122640056
KMFE,MC ALLEN MILLER INTL,909,13,896,1.4301430143014302,0.8376544471822819,2.43143407814347
KBKL,BURKE LAKEFRONT,888,35,853,3.9414414414414414,2.847469491023839,5.432207079344711
KCHS,CHARLESTON AFB/INTL ARPT,887,29,858,3.269447576099211,2.285888544551453,4.656041423694305
KORF,NORFOLK INTL,876,64,812,7.30593607305936,5.7627123901399795,9.22198485536421
KHPN,WESTCHESTER COUNTY ARPT,873,63,810,7.216494845360824,5.680960549340704,9.126913529626352
KCOS,CITY OF COLORADO SPRINGS MUNI APRT,857,19,838,2.2170361726954493,1.423837716787948,3.4367080560929164
PHOG,KAHULUI ARPT,847,17,830,2.0070838252656436,1.2568327356332938,3.1907166084514333
KSBA,SANTA BARBARA MUNICIPAL,843,41,802,4.863582443653618,3.6051476102882978,6.5315296620611
KDAB,DAYTONA BEACH INTL,840,74,766,8.80952380952381,7.075481865329546,10.91860612464393
KSAN,SAN DIEGO INTL,819,37,782,4.517704517704518,3.295131837561463,6.164963519795287
KIWA,PHOENIX-MESA GATEWAY,786,33,753,4.198473282442748,3.0049331443020786,5.837548690030274
KTUL,TULSA INTL,768,39,729,5.078125,3.736743322082688,6.866675825058384
KHSV,HUNTSVILLE INTL ARPT-CARL T JONES FIELD,763,7,756,0.9174311926605505,0.44509481015455027,1.8815395299751458
KLAS,HARRY REID INTERNATIONAL AIRPORT,759,60,699,7.905138339920949,6.190678536631764,10.04356983157469
KMMU,MORRISTOWN MUNICIPAL ARPT,742,51,691,6.873315363881402,5.266173415191633,8.924721809746208
KABE,LEHIGH VALLEY INTL,732,23,709,3.1420765027322406,2.1026968186311668,4.67071745965916
KTYS,MCGHEE TYSON ARPT,729,11,718,1.5089163237311385,0.8445987817055146,2.6816202538950846
KSAV,SAVANNAH/HILTON HEAD INTL ARPT,727,29,698,3.988995873452544,2.7915324548969593,5.670164306754264
KLEX,BLUE GRASS ARPT,711,18,693,2.5316455696202533,1.6072720960742553,3.9662143937998646
KCRP,CORPUS CHRISTI INTL ARPT,689,27,662,3.9187227866473147,2.7069355828757105,5.641523862977425
KSNA,JOHN WAYNE-ORANGE COUNTY ARPT,685,42,643,6.131386861313868,4.567831635285273,8.184243732985168
KABQ,ALBUQUERQUE INTL SUNPORT,671,31,640,4.619970193740686,3.2735595477042163,6.48304111236179
KPBI,PALM BEACH INTL,663,63,600,9.502262443438914,7.497617730635985,11.97351304464858
KMSN,DANE COUNTY REGIONAL ARPT-TRUAX FLD,655,17,638,2.595419847328244,1.6266489689078858,4.117007776507096
KBTR,"BATON ROUGE METROPOLITAN, RYAN FIELD",653,15,638,2.2970903522205206,1.3969109017048214,3.7552597281700226
KPIE,ST. PETE-CLEARWATER INTL ARPT,649,41,608,6.317411402157165,4.690668870068375,8.458248110712262
KPWM,PORTLAND INTL JETPORT (ME),648,20,628,3.0864197530864197,2.006706023693995,4.719099754887794
KBUR,BOB HOPE ARPT,646,35,611,5.41795665634675,3.9211653445416994,7.441849888708989
KPIA,PEORIA INTL ARPT,636,26,610,4.088050314465408,2.8048254038125187,5.922584630170893
KTUS,TUCSON INTL,628,12,616,1.910828025477707,1.096380657172623,3.3100401926099803
KEVV,EVANSVILLE REGIONAL,626,17,609,2.7156549520766773,1.702305346820058,4.305808439249327
KMYR,MYRTLE BEACH INTL,610,22,588,3.606557377049181,2.3935763753353925,5.4002258042497
KELP,EL PASO INTL ARPT,607,21,586,3.459637561779242,2.2737604789002663,5.230901940948021
KRFD,CHICAGO/ROCKFORD INTL ARPT,603,28,575,4.643449419568822,3.2319096834651004,6.629246835797916
KROC,GREATER ROCHESTER INTL,593,33,560,5.564924114671164,3.989653008893347,7.712212276636349
KLCK,RICKENBACKER INTL,588,7,581,1.1904761904761905,0.5778306162749238,2.4367597741268323
KCID,THE EASTERN IOWA ARPT,587,28,559,4.770017035775128,3.3205478625989144,6.807648933293589
KAPA,CENTENNIAL ARPT,584,33,551,5.650684931506849,4.051568206667625,7.829455524895435
KBOI,BOISE AIR TERMINAL/GOWEN FIELD,580,31,549,5.344827586206897,3.7906293196665484,7.486676031647919
KFWA,FORT WAYNE INTL,579,13,566,2.2452504317789295,1.3167372075497583,3.8032816792283985
KPSM,PORTSMOUTH INTL ARPT AT PEASE,578,7,571,1.2110726643598615,0.5878482069060473,2.478553370430465
TJSJ,LUIS MUNOZ MARIN INTL,576,26,550,4.513888888888888,3.098740063643238,6.531752125947851
PHTO,HILO INTL ARPT,565,10,555,1.7699115044247788,0.9641580681004104,3.2270965799422076
KSGF,SPRINGFIELD-BRANSON NATIONAL,565,18,547,3.185840707964602,2.0245212256117395,4.979467230928709
KMLI,QUAD CITY ARPT,563,28,535,4.9733570159857905,3.463013213686884,7.094010124049796
KGSO,PIEDMONT TRIAD INTL,556,33,523,5.935251798561151,4.257107648715362,8.218135348589591
KSBN,SOUTH BEND REGIONAL,548,19,529,3.4671532846715327,2.230677784859892,5.3514979699219145
KGNV,GAINESVILLE REG ARPT,547,15,532,2.742230347349177,1.6687317279780483,4.47488560230347
KICT,WICHITA DWIGHT D EISENHOWER NATL ARPT,541,36,505,6.654343807763401,4.845003405034143,9.074932223963348
KVNY,VAN NUYS ARPT,537,19,518,3.5381750465549344,2.276603456007922,5.45978368580957
KAGS,AUGUSTA REGIONAL ARPT AT BUSH FLD,537,8,529,1.48975791433892,0.7567648549603312,2.9118878522278733
KHVN,TWEED-NEW HAVEN ARPT,525,9,516,1.7142857142857144,0.9044514830167805,3.225632080757325
KMAF,MIDLAND INTL,511,14,497,2.73972602739726,1.6388717071622982,4.545865501330566
KPNS,PENSACOLA INTL ARPT,510,23,487,4.509803921568627,3.0236337819925563,6.67616475514418
KCHA,LOVELL FIELD ARPT,506,7,499,1.383399209486166,0.6716908677985257,2.827748958218025
KMKC,CHARLES B WHEELER DOWNTOWN ARPT,497,23,474,4.627766599597585,3.1032253070472797,6.848344211139709
KLAN,CAPITAL REGION INTL ARPT,492,17,475,3.4552845528455287,2.168300756313214,5.463491332127933
KILM,WILMINGTON INTL,490,15,475,3.061224489795918,1.8637493319933325,4.988974294367833
KEYW,KEY WEST INTL ARPT,485,18,467,3.711340206185567,2.360266563608824,5.789939965459079
KRNO,RENO TAHOE INTL,472,25,447,5.296610169491525,3.6130419747942537,7.701983865737554
PANC,TED STEVENS ANCHORAGE INTL,472,49,423,10.38135593220339,7.941972380624453,13.460443885628859
KISP,LONG ISLAND MAC ARTHUR,470,22,448,4.680851063829787,3.111186122078809,6.9853524680323185
KILN,WILMINGTON AIR PARK,464,19,445,4.094827586206897,2.636886364553747,6.306653500220996
KMHT,MANCHESTER AIRPORT,464,17,447,3.6637931034482754,2.2998543889022613,5.788695239860978
KGFK,GRAND FORKS INTL,456,42,414,9.210526315789473,6.886323154058044,12.216254777125215
KJAN,JACKSON EVERS INTL,442,29,413,6.561085972850679,4.606743052540647,9.264012839237958
KFSD,JOE FOSS FIELD ARPT,434,53,381,12.211981566820276,9.458701862289235,15.628361587140871
KGPT,GULFPORT-BILOXI INTL APRT,433,12,421,2.771362586605081,1.592295517030525,4.781090167849303
KLNK,LINCOLN ARPT,429,28,401,6.526806526806526,4.553931052742796,9.27135745926714
KBED,LAURENCE G HANSCOM FIELD ARPT,422,20,402,4.739336492890995,3.0886291074001053,7.206654397076676
KCAE,COLUMBIA METRO,422,19,403,4.502369668246446,2.901030566336696,6.924594736592844
KSHV,SHREVEPORT REGIONAL,408,21,387,5.147058823529411,3.390807115399101,7.740074272008096
KGSP,GREENVILLE-SPARTANBURG INTL,398,9,389,2.261306532663317,1.194137762110197,4.241237768944826
KBJC,ROCKY MOUNTAIN METROPOLITAN ARPT,395,13,382,3.2911392405063293,1.9332544722388316,5.548813596889364
KAVL,ASHEVILLE REGIONAL ARPT,394,17,377,4.314720812182741,2.7110693375165686,6.800655932037948
KLBB,LUBBOCK PRESTON SMITH INTL ARPT,393,17,376,4.325699745547073,2.71801200524723,6.817681833301953
KROA,ROANOKE REGNL ARPT/WOODRUM FIELD,393,14,379,3.5623409669211195,2.133650537788088,5.890105036224312
KBFI,BOEING FIELD/KING COUNTY INTL ARPT,392,34,358,8.673469387755102,6.273061588957282,11.876016223986078
KPHF,NEWPORT NEWS/WILLIAMSBURG INTL,380,45,335,11.842105263157894,8.96911906015388,15.47888240711804
KGEG,SPOKANE INTERNATIONAL,373,24,349,6.434316353887399,4.361596695343043,9.395270911630286
KPGD,PUNTA GORDA ARPT,372,18,354,4.838709677419355,3.0823070281159075,7.518328984502174
KLFT,LAFAYETTE REGIONAL,372,16,356,4.301075268817205,2.6645228887359953,6.8718349811751605
KYIP,WILLOW RUN ARPT,368,12,356,3.260869565217391,1.8749993547498505,5.612489941767806
KMFR,ROGUE VALLEY INTL - MEDFORD ARPT,366,6,360,1.639344262295082,0.7534260800557812,3.5299211691449575
KBTV,BURLINGTON INTL,365,11,354,3.0136986301369864,1.6909622071610861,5.315188942817658
KMLB,MELBOURNE INTL,357,36,321,10.084033613445378,7.373117577218726,13.644858177239744
KAFW,FORT WORTH ALLIANCE,355,19,336,5.352112676056338,3.4527966084571053,8.207389947393724
KFAT,FRESNO YOSEMITE INTL,352,17,335,4.829545454545454,3.0368716651038734,7.597522964416675
KPWK,CHICAGO EXECUTIVE ARPT,352,42,310,11.931818181818182,8.949671235224258,15.735919207264763
KEUG,MAHLON SWEET FLD,349,19,330,5.444126074498568,3.5126266052868957,8.345839063160362
KHRL,VALLEY INTL,343,14,329,4.081632653061225,2.4466418235021434,6.733802506128442
KTVC,CHERRY CAPITAL ARPT,342,8,334,2.3391812865497075,1.1899491152413981,4.547243865591445
KGRB,AUSTIN STRAUBEL INTL,338,17,321,5.029585798816568,3.163601710583,7.906320733028309
KMWH,GRANT COUNTY ARPT,334,30,304,8.982035928143713,6.3640316269946275,12.532871537091738
KEFD,ELLINGTON FIELD ARPT,330,16,314,4.848484848484849,3.0061239731602947,7.72998560695195
PGUM,GUAM INTL ARPT,328,5,323,1.524390243902439,0.6528305553588654,3.5183161604236046
KFTW,FORT WORTH MEACHAM INTL ARPT,326,13,313,3.9877300613496933,2.3450007543783777,6.702251017381158
KXNA,NW ARKANSAS REGIONAL,323,10,313,3.0959752321981426,1.6901853451823834,5.604357332371512
KSYR,SYRACUSE HANCOCK INTL,322,40,282,12.422360248447205,9.256704981513868,16.47407954691958
KGON,GROTON-NEW LONDON AR,319,33,286,10.344827586206897,7.461268610841543,14.172126837576505
KTTN,TRENTON MERCER ARPT,311,29,282,9.32475884244373,6.570965207515444,13.071165946690352
KPDK,DEKALB-PEACHTREE ARPT,308,27,281,8.766233766233766,6.094489333345563,12.453901901178636
KRAP,RAPID CITY REGIONAL,304,5,299,1.644736842105263,0.704516541271293,3.7918218353483706
KBMI,CENTRAL ILLINOIS REGNL ARPT,303,8,295,2.6402640264026402,1.3437923205604465,5.122605977453904
KFAR,HECTOR INTERNATIONAL,301,13,288,4.318936877076411,2.541092232525206,7.248122887720849
KADS,ADDISON AIRPORT,298,25,273,8.389261744966444,5.746798378200739,12.09090192553473
KCMI,UNIV OF ILLINOIS -WILLARD ARPT,295,9,286,3.050847457627119,1.6131880614609102,5.6955668106854045
KAMA,RICK HUSBAND AMARILLO INTL,291,16,275,5.498281786941581,3.4123609078775443,8.743861280578901
KPAE,SNOHOMISH CO (PAINE FIELD),289,15,274,5.190311418685121,3.1702722696737737,8.386009351516657
KORL,EXECUTIVE ARPT,281,57,224,20.284697508896798,15.99837636683929,25.372546981435683
KAVP,WILKES-BARRE/SCRANTON INTL,278,13,265,4.676258992805756,2.752877290227335,7.835197713604606
KMBS,MBS INTL,269,15,254,5.5762081784386615,3.4080025769991806,8.995384589767177
KBIL,BILLINGS LOGAN INTL,268,7,261,2.6119402985074625,1.2708489864946375,5.292384896766792
KFNT,BISHOP INTL ARPT,259,18,241,6.94980694980695,4.440931142683624,10.717095592810299
KBIS,BISMARCK MUNICIPAL ARPT,257,24,233,9.33852140077821,6.35578662893156,13.518957276948479
KDPA,DUPAGE AIRPORT,255,25,230,9.803921568627452,6.728996967972262,14.071987108775833
KSWF,STEWART INTL AIRPORT,255,17,238,6.666666666666667,4.203621707364739,10.415975760739306
KCOU,COLUMBIA REGIONAL,250,9,241,3.5999999999999996,1.9053062687361855,6.699114756028863
KFXE,FORT LAUDERDALE EXECUTIVE ARPT,248,24,224,9.67741935483871,6.589567956605226,13.995434679972691
KCRW,YEAGER ARPT,246,12,234,4.878048780487805,2.8121334959833852,8.33156715274765
KBLI,BELLINGHAM INTL,244,13,231,5.327868852459016,3.139710144046686,8.900883525458353
PHJR,KALAELOA ARPT JOHN RODGERS FIELD,241,3,238,1.2448132780082988,0.4242276777351603,3.5953506945675855
KTLH,TALLAHASSEE INTERNATIONAL AIRPORT,239,16,223,6.694560669456067,4.162374106522773,10.596876367860528
KTRI,TRI-CITIES REGIONAL TN/VA ARPT,238,9,229,3.7815126050420167,2.00197954050187,7.029386444506497
KMHR,SACRAMENTO MATHER ARPT,232,10,222,4.310344827586207,2.357853393525097,7.751304617614584
KMOB,MOBILE REGIONAL,232,11,221,4.741379310344827,2.6678127092839907,8.289372113071352
KLSE,LA CROSSE MUNICIPAL AIRPORT,231,13,218,5.627705627705628,3.3179822766051075,9.389136053367094
RPLC,CLARK INTL,230,5,225,2.1739130434782608,0.9320420004020076,4.987178531787303
KATW,OUTAGAMIE COUNTY REGIONAL,228,10,218,4.385964912280701,2.399519068415856,7.884053853786198
KABR,ABERDEEN REGIONAL ARPT,228,7,221,3.070175438596491,1.4949774318321027,6.20062163235655
PAFA,FAIRBANKS INTL ARPT,225,8,217,3.5555555555555554,1.8124435806270038,6.8580079456689145
KTOL,TOLEDO EXPRESS ARPT,224,8,216,3.571428571428571,1.8205838595204071,6.887922400969336
KLAL,LAKELAND LINDER INTERNATIONAL AIRPORT,220,17,203,7.727272727272727,4.880197718586927,12.0253283319774
KSUX,SIOUX GATEWAY ARPT/COL. BUD DAY FIELD,218,12,206,5.5045871559633035,3.1765260886545894,9.373689921327308
KASE,ASPEN-PITKIN COUNTY ARPT/SARDY FIELD,217,5,212,2.3041474654377883,0.9881021947313298,5.2795575215540085
TIST,CYRIL E KING ARPT,212,10,202,4.716981132075472,2.582028661381731,8.463849426994189
KHEF,MANASSAS REGNL ARPT/HARRY P. DAVIS FIELD,211,29,182,13.744075829383887,9.742806423915075,19.04193545102907
KUNV,UNIVERSITY PARK ARPT,210,4,206,1.9047619047619049,0.743144193250105,4.794412577743004
KBGR,BANGOR INTL,210,9,201,4.285714285714286,2.270827634074077,7.943087712612443
KCAK,AKRON-CANTON REGIONAL,210,21,189,10.0,6.633909536660759,14.803266391689949
KRST,ROCHESTER INTL,202,13,189,6.435643564356436,3.7992121685707905,10.69814890907338
KLRD,LAREDO INTL,202,11,191,5.445544554455446,3.067550195350162,9.486569088604103
KAPC,NAPA COUNTY ARPT,197,21,176,10.65989847715736,7.078506431695731,15.746247005839125
KAZO,KALAMAZOO/BATTLE CREEK INTL,197,11,186,5.583756345177665,3.146119203262686,9.720537903631506
PHMK,MOLOKAI ARPT,196,6,190,3.061224489795918,1.4103666502553218,6.516711595715485
KCPS,ST LOUIS DOWNTOWN,189,16,173,8.465608465608465,5.277883944836154,13.308147284939995
KOSU,OHIO STATE UNIVERSITY,189,17,172,8.994708994708994,5.691632041733404,13.931519809319482
KLUK,CINCINNATI MUNI ARPT-LUNKEN FIELD,188,24,164,12.76595744680851,8.730755398545643,18.292372014903783
KMLU,MONROE REGIONAL ARPT,188,7,181,3.723404255319149,1.815093746565364,7.485078895864642
KAPF,NAPLES MUNICIPAL,183,34,149,18.579234972677597,13.610973830641255,24.839563951094725
KHYA,CAPE COD GATEWAY AIRPORT,181,11,170,6.077348066298343,3.427005402307322,10.553397277608886
KERI,ERIE INTL ARPT-TOM RIDGE FIELD,180,11,169,6.111111111111111,3.446235687613602,10.610212907263728
KMSO,MISSOULA INTL ARPT,180,10,170,5.555555555555555,3.045294395962398,9.923261143153884
KPUB,PUEBLO MEMORIAL ARPT,179,8,171,4.4692737430167595,2.2817546303287717,8.570042772450465
PHJH,KAPALUA ARPT,179,0,179,0.0,1.734723475976807e-16,2.1010535895551117
KILG,NEW CASTLE COUNTY,178,24,154,13.48314606741573,9.230748131279093,19.2784598827287
KFMY,PAGE FIELD ARPT,178,14,164,7.865168539325842,4.742645453333765,12.76797917821369
LFPG,CHARLES DE GAULLE,178,5,173,2.8089887640449436,1.2056556667503493,6.406243920582802
KSPI,ABRAHAM LINCOLN CAPITAL ARPT,177,11,166,6.214689265536723,3.5052438203876366,10.78438865355641
MPTO,TOCUMEN INTL,175,16,159,9.142857142857142,5.706101902645581,14.33487290411079
KHIO,PORTLAND-HILLSBORO ARPT,174,21,153,12.068965517241379,8.030815573173891,17.745830610846046
KLMT,KLAMATH FALLS INTL,174,10,164,5.747126436781609,3.1513103919128884,10.254776822777039
KBZN,GALLATIN FIELD ARPT,173,5,168,2.8901734104046244,1.2406768562089943,6.58644074507939
KSUS,SPIRIT OF ST LOUIS,168,28,140,16.666666666666664,11.790055491853225,23.03364261151639
PGSN,FRANCISCO C. ADA/SAIPAN INTL ARPT,165,2,163,1.2121212121212122,0.3330322143986535,4.311320836034414
KTKI,MCKINNEY NATIONAL ARPT,164,14,150,8.536585365853659,5.1530066586361185,13.818213825439345
KNEW,LAKEFRONT AIRPORT,163,20,143,12.269938650306749,8.084950251524008,18.19242901120183
KCLL,EASTERWOOD FIELD AIRPORT,161,9,152,5.590062111801243,2.968466687954458,10.281586696628075
KPSC,TRI-CITIES,159,16,143,10.062893081761008,6.289312296890967,15.720788316220183
KORH,WORCESTER REGIONAL,157,2,155,1.2738853503184715,0.35003598469303465,4.525319644696378
MROC,JUAN SANTAMARIA INTL,156,5,151,3.205128205128205,1.3766356790267202,7.2829372982207525
KSTS,CHARLES M. SCHULZ-SONOMA COUNTY ARPT,155,10,145,6.451612903225806,3.5417675946101226,11.467902416268638
KHTS,TRI-STATE ARPT/MILTON J. FERGUSON FIELD,154,18,136,11.688311688311687,7.5225365883374185,17.718971353802036
KSCK,STOCKTON METRO,154,10,144,6.493506493506493,3.5650162878397373,11.539746968488124
KVRB,VERO BEACH MUNICIPAL,151,31,120,20.52980132450331,14.85688648621369,27.665019771536166
KPAO,PALO ALTO ARPT OF SANTA CLARA COUNTY,151,25,126,16.55629139072848,11.47301018082327,23.29904074089286
KBLV,SCOTT AFB/MIDAMERICA ARPT,150,3,147,2.0,0.6824627715648315,5.714766586424165
KHDN,YAMPA VALLEY,147,5,142,3.4013605442176873,1.4614209257501933,7.714827536212554
KBDR,IGOR I SIKORSKY MEMORIAL,146,22,124,15.068493150684931,10.16638993381026,21.761726156781407
KELM,ELMIRA/CORNING REGIONAL ARPT,145,9,136,6.206896551724138,3.299470764785982,11.374921340646905
PASI,SITKA ROCKY GUTIERREZ ARPT,145,14,131,9.655172413793103,5.838671440720313,15.554272467434394
TISX,HENRY E ROHLSEN ARPT,145,7,138,4.827586206896552,2.3578565673748915,9.629114816969269
PAJN,JUNEAU INTL ARPT,145,21,124,14.482758620689657,9.671747603267105,21.12716882869815
KPSP,PALM SPRINGS INTL,144,5,139,3.4722222222222223,1.4920522321761263,7.870400555131369
KVQQ,CECIL ARPT,144,5,139,3.4722222222222223,1.4920522321761263,7.870400555131369
KRVS,RICHARD LLOYD JONES JR ARPT,144,10,134,6.944444444444445,3.815472872177901,12.31097597577829
KECG,ELIZABETH CITY CGAS/REGIONAL ARPT,144,9,135,6.25,3.322627105031893,11.451022530794559
KBGM,GREATER BINGHAMTON ARPT/EDWIN A LINK FIELD,144,8,136,5.555555555555555,2.841626714922487,10.579223708774224
KBFM,MOBILE DOWNTOWN ARPT,143,5,138,3.4965034965034967,1.5025500353481138,7.92366161039805
KCMA,CAMARILLO,139,13,126,9.352517985611511,5.547186434555986,15.344206549000624
KAGC,ALLEGHENY COUNTY ARPT,139,11,128,7.913669064748201,4.476081737326672,13.615006573081498
MSLP,EL SALVADOR INTL,137,7,130,5.109489051094891,2.4967626448697153,10.171085490908352
KSQL,SAN CARLOS ARPT,137,13,124,9.48905109489051,5.629419132076919,15.558638941674019
KACK,NANTUCKET MEMORIAL,137,16,121,11.678832116788321,7.317839887053718,18.13032315568366
KMOT,MINOT INTL AIRPORT,137,10,127,7.2992700729927,4.01281888655423,12.91513421821027
KOPF,OPA-LOCKA EXECUTIVE ARPT,130,24,106,18.461538461538463,12.731550896860321,26.001996819245882
KPTK,OAKLAND COUNTY INTL,129,18,111,13.953488372093023,9.011944437190833,20.979865357331363
KPRC,PRESCOTT REGIONAL AIRPORT-ERNEST A LOVE FIELD,128,12,116,9.375,5.444326547008603,15.673135619712674
CYYZ,TORONTO/LESTER B. PEARSON INTL,127,8,119,6.299212598425196,3.2261301754602045,11.938465794017395
EDDK,COLOGNE-BONN,126,2,124,1.5873015873015872,0.436371038878235,5.602987687446764
KCHO,CHARLOTTESVILLE-ALBEMARLE ARPT,126,12,114,9.523809523809524,5.532106791219582,15.910635750461976
KJAC,JACKSON HOLE,125,14,111,11.200000000000001,6.789776657366933,17.923980390046324
KDXR,DANBURY MUNICIPAL ARPT,124,30,94,24.193548387096776,17.504889877225967,32.43315845758836
KOQU,QUONSET STATE ARPT,123,8,115,6.504065040650407,3.3322237047724244,12.310593793587735
KECP,NORTHWEST FLORIDA BEACHES INTL,122,6,116,4.918032786885246,2.2731860243578907,10.315337961351128
KGTF,GREAT FALLS INTL,122,7,115,5.737704918032787,2.80680850456799,11.371015045037227
KGRI,CENTRAL NEBRASKA REGIONAL,121,5,116,4.132231404958678,1.7777223901032022,9.30960747430097
KGPI,GLACIER PARK INTL,121,6,115,4.958677685950414,2.2921361584731135,10.397223798464317
KSTP,ST. PAUL DOWNTOWN ARPT/HOLMAN FIELD,121,37,84,30.57851239669421,23.071844479394095,39.28044834607433
KCSG,COLUMBUS ARPT,118,14,104,11.864406779661017,7.200339980192419,18.933262992847986
KDTO,DENTON MUNICIPAL ARPT,117,6,111,5.128205128205128,2.371205527747629,10.738187264138608
KGJT,GRAND JUNCTION REGIONAL ARPT,117,3,114,2.564102564102564,0.8757897045422923,7.268425532594589
CYVR,VANCOUVER INTL,116,12,104,10.344827586206897,6.017210366825829,17.21478920594356
KFSM,FORT SMITH REGIONAL ARPT,115,9,106,7.82608695652174,4.171723449969325,14.207026078815208
KCNO,CHINO AIRPORT,115,23,92,20.0,13.71296827840679,28.226554582274993
KGYY,GARY/CHICAGO INTL ARPT,115,10,105,8.695652173913043,4.791798016486901,15.269863893147434
KBAK,COLUMBUS MUNICIPAL ARPT (IN),114,4,110,3.508771929824561,1.3727719127262943,8.675971485190908
MMUN,CANCUN INTL,114,18,96,15.789473684210526,10.227178824604191,23.582273864429222
MMGL,MIGUEL HIDALGO Y COSTILLA GUADALAJARA INTL,111,4,107,3.6036036036036037,1.4101074357880556,8.901138663186531
KSBP,SAN LUIS COUNTY REGIONAL ARPT,111,16,95,14.414414414414415,9.07144233038228,22.138154192132205
KUES,WAUKESHA COUNTY ARPT,111,5,106,4.504504504504505,1.9391474108555011,10.113627890080746
KHGR,HAGERSTOWN REGNL ARPT-RICHARD A HENSON FIELD,110,7,103,6.363636363636363,3.116412133993078,12.555890433785304
KSGJ,NORTHEAST FLORIDA REGIONAL,110,16,94,14.545454545454545,9.155843665444213,22.32790217087573
KPVU,PROVO MUNICIPAL ARPT,109,9,100,8.256880733944955,4.404621104078656,14.951361086886378
KABI,ABILENE REGIONAL ARPT,109,4,105,3.669724770642202,1.4361469198727863,9.057855292077416
KMGM,MONTGOMERY REGIONAL ARPT,109,7,102,6.422018348623854,3.145324596985614,12.665865602373488
KFNL,FORT COLLINS-LOVELAND MUNI ARPT,109,8,101,7.339449541284404,3.765663179125689,13.81792301603638
KLOU,BOWMAN FIELD,108,9,99,8.333333333333332,4.4459900413239355,15.083058184023338
MNMG,AUGUSTO C. SANDINO INTL ARPT,108,6,102,5.555555555555555,2.570737919718203,11.593580187318892
KRDG,READING REGNL ARPT/CARL A SPAATZ FIELD,107,21,86,19.626168224299064,13.21031003473682,28.14744734155511
KTYR,TYLER POUNDS REGIONAL ARPT,107,6,101,5.607476635514018,2.5950008789329404,11.697106055647577
KBAF,WESTFIELD-BARNES MUNICIPAL ARPT,107,1,106,0.9345794392523363,0.16516291511190045,5.105060538898146
KTMB,KENDALL-TAMIAMI EXECUTIVE ARPT,106,13,93,12.264150943396226,7.309052037980972,19.85879693727066
KFRG,REPUBLIC AIRPORT,105,26,79,24.761904761904763,17.494869705401502,33.81051353042008
ZGGG,BAIYUN AIRPORT,104,2,102,1.9230769230769231,0.528960072405658,6.742445396355932
KDIK,DICKINSON-THEODORE ROOSEVELT RGNL,104,1,103,0.9615384615384616,0.16993291044208914,5.246900667694733
PMDY,HENDERSON FIELD,103,11,92,10.679611650485436,6.068671335514591,18.11816225739304
KFOE,TOPEKA REGIONAL AIRPORT,103,8,95,7.766990291262135,3.9879879368479614,14.583055551830604
KLAF,PURDUE UNIV ARPT,102,13,89,12.745098039215685,7.601761416527755,20.592823699343512
KLYH,LYNCHBURG REGNL ARPT/PRESTON GLENN FIELD,102,7,95,6.862745098039216,3.3637792813023633,13.493108747601207
KMTJ,MONTROSE REGIONAL ARPT,101,1,100,0.9900990099009901,0.1749866201761846,5.396847460951917
KDRO,DURANGO-LA PLATA COUNTY ARPT,101,4,97,3.9603960396039604,1.5506895291526046,9.744063698573793
KCRG,CRAIG MUNICIPAL ARPT,98,14,84,14.285714285714285,8.704391046440051,22.56141781752124
KIDA,IDAHO FALLS REGIONAL ARPT,98,7,91,7.142857142857142,3.502800789949942,14.016169846803606
KRNT,RENTON MUNICIPAL ARPT,98,13,85,13.26530612244898,7.918911601863514,21.383063229639532
KDWH,DAVID WAYNE HOOKS MEMORIAL ARPT,97,29,68,29.896907216494846,21.694502760133393,39.6309819604581
KSGR,SUGAR LAND REGIONAL ARPT,96,18,78,18.75,12.202372252361302,27.70243696543969
KGGG,EAST TEXAS REGIONAL ARPT,96,12,84,12.5,7.297128992395069,20.588642068966127
KDLH,DULUTH INTL ARPT,96,8,88,8.333333333333332,4.283011146065737,15.590067811002259
KBCT,BOCA RATON ARPT,96,6,90,6.25,2.8956279687604516,12.971104936160943
KMFD,MANSFIELD LAHM MUNICIPAL,94,6,88,6.382978723404255,2.9579332197396004,13.23313479223077
KDVT,PHOENIX DEER VALLEY ARPT,94,6,88,6.382978723404255,2.9579332197396004,13.23313479223077
KCKB,NORTH CENTRAL WEST VIRGINIA ARPT,94,17,77,18.085106382978726,11.60924487313244,27.06714635513856
KSLE,MCNARY FLD ARPT,93,15,78,16.129032258064516,10.024990095644243,24.920322662509275
KDEN*,DENVER STAPLETON ARPT,91,17,74,18.681318681318682,12.003656211187943,27.896134597908485
KRDM,ROBERTS FIELD ARPT,91,3,88,3.296703296703297,1.1274202463345788,9.249460784774133
KFPR,TREASURE COAST INTERNATIONAL AIRPORT,91,29,62,31.868131868131865,23.195859191577632,42.00928285579399
KVPS,EGLIN AIR FORCE BASE/DESTIN-FORT WALTON BEACH AIRPORT,91,6,85,6.593406593406594,3.056586995063987,13.646631845613525
KGTR,GOLDEN TRIANGLE REGIONAL,91,0,91,0.0,0.0,4.050543221539915
KEWN,COASTAL CAROLINA REGIONAL ARPT,90,5,85,5.555555555555555,2.3960618284343185,12.353899809048416
KCCR,BUCHANAN FIELD ARPT,90,6,84,6.666666666666667,3.0909506550389256,13.79026194150674
KMTN,MARTIN STATE ARPT,90,11,79,12.222222222222221,6.963544351908197,20.573923039952124
KPIR,PIERRE REGIONAL ARPT,90,3,87,3.3333333333333335,1.1400183632439498,9.347441356112924
KMRY,MONTEREY PENINSULA,90,5,85,5.555555555555555,2.3960618284343185,12.353899809048416
KISN,SLOULIN FLD INTL ARPT,88,3,85,3.4090909090909087,1.1660785880160494,9.549762599419708
KUGN,WAUKEGAN REGIONAL ARPT,88,15,73,17.045454545454543,10.610728809302103,26.237061298884168
KEGE,EAGLE COUNTY REGIONAL,87,5,82,5.747126436781609,2.4795272156794534,12.75754478657502
ZSPD,PU DONG INTL ARPT,86,5,81,5.813953488372093,2.508656569078512,12.898014727959827
KISM,KISSIMMEE GATEWAY ARPT,86,28,58,32.55813953488372,23.585553745183333,43.022342819437064
KITH,ITHACA TOMPKINS REGIONAL ARPT,86,6,80,6.976744186046512,3.236497351786072,14.396314174277574
KMCN,MIDDLE GEORGIA REGIONAL,84,5,79,5.952380952380952,2.5690182263433017,13.188436100535988
KSAC,SACRAMENTO EXECUTIVE ARPT,84,24,60,28.57142857142857,20.01489861065545,39.002241332150675
KBTL,W K KELLOGG ARPT,83,1,82,1.2048192771084338,0.21299225877048286,6.513737787658879
TJBQ,RAFAEL HERNANDEZ ARPT,82,2,80,2.4390243902439024,0.6714229565123541,8.463541909007393
KSTJ,ROSECRANS MEMORIAL ARPT,82,0,82,0.0,0.0,4.47521947400794
KBRO,BROWNSVILLE/SOUTH PADRE ISLAND INTL ARPT,82,6,76,7.317073170731707,3.396431451476119,15.058024197067244
MMMX,BENITO JUAREZ INTL,82,2,80,2.4390243902439024,0.6714229565123541,8.463541909007393
KTWF,JOSLIN FIELD - MAGIC VALLEY REGIONAL,81,2,79,2.4691358024691357,0.6797444910187036,8.562891197134277
KIXD,NEW CENTURY AIRCENTER ARPT,81,8,73,9.876543209876543,5.089950757441662,18.29668975853163
KHWD,HAYWARD EXECUTIVE ARPT,81,15,66,18.51851851851852,11.556188621286035,28.331790860477625
KJQF,CONCORD REGIONAL ARPT,81,11,70,13.580246913580247,7.755383801327821,22.70325912855563
KGKY,ARLINGTON MUNICIPAL ARPT (TX),81,6,75,7.4074074074074066,3.438916189352608,15.233056050680583
KFCM,FLYING CLOUD ARPT,80,16,64,20.0,12.70273637929335,30.04644779658116
KOAJ,ALBERT J ELLIS,80,4,76,5.0,1.9613237127295569,12.1624525510822
KIAG,NIAGARA FALLS INTL,80,8,72,10.0,5.154699917768554,18.510878983397458
PHNY,LANAI ARPT,79,1,78,1.2658227848101267,0.22379362307692122,6.827736043177712
KBFL,MEADOWS FIELD ARPT,79,8,71,10.126582278481013,5.221118365843358,18.73013317927407
KYKM,YAKIMA AIR TERMINAL/MCALLISTER FIELD,78,7,71,8.974358974358974,4.415244718641106,17.384915591030257
EGLL,HEATHROW - LONDON,78,7,71,8.974358974358974,4.415244718641106,17.384915591030257
KPNE,NORTHEAST PHILADELPHIA ARPT,78,12,66,15.384615384615385,9.025416205339184,24.99346905594603
KMVY,MARTHA'S VINEYARD,78,8,70,10.256410256410255,5.289271527803498,18.954633772190636
KPFN,PANAMA CITY - BAY COUNTY INTL,77,4,73,5.194805194805195,2.038438860493938,12.609465188906373
KCPR,CASPER/NATRONA COUNTY INTL ARPT,75,5,70,6.666666666666667,2.8809638090317202,14.675250169375618
KMWA,WILLIAMSON COUNTY REGIONAL,73,12,61,16.43835616438356,9.661201862809403,26.571255556088687
MKJS,SANGSTER INTL,72,6,66,8.333333333333332,3.8751897130490347,17.012555271233996
SAEZ,MINISTRO PISTARINI,72,6,66,8.333333333333332,3.8751897130490347,17.012555271233996
KFTY,FULTON COUNTY ARPT - BROWN FIELD,72,18,54,25.0,16.438921125325756,36.09372586524407
KOTH,SOUTHWEST OREGON REGIONAL ARPT,71,5,66,7.042253521126761,3.045315340626454,15.44921176729214
SKBO,SANTA FE DE BOGOTA,71,6,65,8.450704225352112,3.9305972354112027,17.236240459133008
KSBD,SAN BERNARDINO INTL ARPT,70,1,69,1.4285714285714286,0.25261814032348645,7.658369703926908
MDSD,LAS AMERICAS INTERNATIONAL AIRPORT,69,4,65,5.797101449275362,2.2772020303367495,13.979442524423167
KFWS,FORT WORTH SPINKS ARPT,69,8,61,11.594202898550725,5.993426545958408,21.24595314916087
PADQ,KODIAK AIRPORT,69,12,57,17.391304347826086,10.238268593034995,27.983846242443633
KHFD,HARTFORD-BRAINARD ARPT,69,18,51,26.08695652173913,17.185419574593983,37.51079797142367
KFAY,FAYETTEVILLE REGNL ARPT/GRANNIS FIELD,68,4,64,5.88235294117647,2.3110391480533066,14.171889962656925
KCGX,MERRILL C MEIGS ARPT,68,6,62,8.823529411764707,4.106755602017401,17.94397823464548
KXWA,WILLISTON BASIN INTL AIRPORT,68,0,68,0.0,0.0,5.347319658804926
KBHB,HANCOCK COUNTY-BAR HARBOR,67,6,61,8.955223880597014,4.169038288133413,18.192963699399336
KOJC,JOHNSON COUNTY EXECUTIVE ARPT,67,10,57,14.925373134328357,8.314184208625061,25.34061748981201
KFLG,FLAGSTAFF PULLIAM,67,6,61,8.955223880597014,4.169038288133413,18.192963699399336
KHXD,HILTON HEAD ISLAND,67,3,64,4.477611940298507,1.5343696938151803,12.35803251053932
KHWO,NORTH PERRY ARPT,67,5,62,7.462686567164178,3.2295572977927915,16.309244762013876
KABY,SOUTHWEST GEORGIA REGIONAL ARPT,67,5,62,7.462686567164178,3.2295572977927915,16.309244762013876
KMYF,MONTGOMERY-GIBBS EXECUTIVE AIRPORT,66,5,61,7.575757575757576,3.279155406460817,16.539405451251493
WMKP,PENANG INTL,66,0,66,0.0,0.0,5.500446725160935
KOXR,OXNARD ARPT,65,7,58,10.76923076923077,5.315354431925605,20.601533031468616
KPOC,BRACKETT FIELD ARPT,65,5,60,7.6923076923076925,3.330301045885137,16.776146218559614
KMTH,THE FLORIDA KEYS MARATHON,65,2,63,3.076923076923077,0.8478819400945352,10.542905025926007
KCGF,CUYAHOGA COUNTY ARPT,65,11,54,16.923076923076923,9.721118666132769,27.8166491951604
KEAT,PANGBORN MEMORIAL,64,5,59,7.8125,3.383067809543547,17.019752878647772
KJLN,JOPLIN REGIONAL,64,9,55,14.0625,7.578487006414436,24.616508394637428
KSJT,SAN ANGELO REGNL ARPT/MATHIS FIELD,64,5,59,7.8125,3.383067809543547,17.019752878647772
KFIN,FLAGLER COUNTY ARPT,64,19,45,29.6875,19.904999589075246,41.77043259412798
KPUW,PULLMAN/MOSCOW REGIONAL ARPT,63,3,60,4.761904761904762,1.6325872842212417,13.091177556835826
KHUF,TERRE HAUTE INTL ARPT-HULMAN FIELD,63,6,57,9.523809523809524,4.43828799438878,19.261922652872805
KEWB,NEW BEDFORD REGIONAL ARPT,63,14,49,22.22222222222222,13.72488386182315,33.91251560198382
MMMY,GENERAL ESCOBEDO INTL,63,3,60,4.761904761904762,1.6325872842212417,13.091177556835826
LEMD,MADRID-BARAJAS,63,4,59,6.349206349206349,2.496521390048502,15.219392053076735
KSAF,SANTA FE MUNICIPAL,62,6,56,9.67741935483871,4.51112577973332,19.54904286744415
KALO,WATERLOO REGIONAL ARPT,62,4,58,6.451612903225806,2.5372494807644004,15.447732658187267
VIDP,INDIRA GANDHI INTL,62,3,59,4.838709677419355,1.6591385000846108,13.288250384754152
KUIN,QUINCY REGIONAL ARPT - BALDWIN FLD,62,4,58,6.451612903225806,2.5372494807644004,15.447732658187267
KLWB,GREENBRIER VALLEY ARPT,61,5,56,8.19672131147541,3.5519042911066308,17.7948854241379
KLBF,NORTH PLATTE REGNL ARPT LEE BIRD FIELD,60,5,55,8.333333333333332,3.611992405048589,18.06916846811248
KCWA,CENTRAL WISCONSIN ARPT,60,3,57,5.0,1.714919117914121,13.700734625099836
EDDF,FRANKFURT MAIN,59,8,51,13.559322033898304,7.034090749685569,24.539898454917758
KFFZ,FALCON FIELD ARPT,59,7,52,11.864406779661017,5.867508277914,22.523875773415053
KLWS,LEWISTON-NEZ PERCE CO ARPT,58,2,56,3.4482758620689653,0.9507728866485675,11.729364755327056
KRHV,REID-HILLVIEW ARPT OF SANTA CLARA CNTY,57,13,44,22.807017543859647,13.841760968495652,35.206258807447114
KNGP,CORPUS CHRISTI NAS/TRUAX FIELD,57,7,50,12.280701754385964,6.077983003507501,23.24668958892925
KMQY,SMYRNA ARPT,57,11,46,19.298245614035086,11.132633377760481,31.34093733701362
KRDD,REDDING MUNICIPAL,57,10,47,17.543859649122805,9.81874713359661,29.367599050593153
KEVB,NEW SMYRNA BEACH MUNICIPAL ARPT,57,13,44,22.807017543859647,13.841760968495652,35.206258807447114
KGYR,PHOENIX GOODYEAR ARPT,57,3,54,5.263157894736842,1.805996809628102,14.369777660471303
KOCF,OCALA INTL ARPT-JIM TAYLOR FIELD,57,7,50,12.280701754385964,6.077983003507501,23.24668958892925
MRLB,DANIEL ODUBER QUIROS INTL,56,4,52,7.142857142857142,2.8125581246379636,16.975682831486203
KOUN,UNIV OF OKLAHOMA WESTHEIMER ARPT,56,2,54,3.571428571428571,0.9849218502577639,12.119005852210082
KBPT,JACK BROOKS REGIONAL ARPT,56,4,52,7.142857142857142,2.8125581246379636,16.975682831486203
KMHK,MANHATTAN REGIONAL,56,3,53,5.357142857142857,1.838544792866792,14.607539536429218
NSTU,PAGO PAGO INTL,55,7,48,12.727272727272727,6.304130417480197,24.017274846822605
MDST,SANTIAGO CIBAO INTL,54,3,51,5.555555555555555,1.9072922503838907,15.107451463482944
WSSS,SINGAPORE CHANGI AIRPORT,54,1,53,1.8518518518518516,0.32764033153519845,9.771665358487208
EHAM,AMSTERDAM SCHIPHOL,54,13,41,24.074074074074073,14.644154703850742,36.94777912923824
KYNG,YOUNGSTOWN-WARREN RGNL ARPT,54,6,48,11.11111111111111,5.192951817556753,22.19494893207673
KCDW,ESSEX COUNTY AIRPORT,54,16,38,29.629629629629626,19.137265695067047,42.82782517378859
U42,SOUTH VALLEY REGIONAL ARPT,53,4,49,7.547169811320755,2.973907359890181,17.858722263484246
KSMX,SANTA MARIA PUBLIC ARPT/CAPT G ALLAN HANCOCK FIELD,53,10,43,18.867924528301888,10.585211943149554,31.358716447325026
MDPC,PUNTA CANA INTL,52,3,49,5.769230769230769,1.9813812690573196,15.642755575159178
KLVK,LIVERMORE MUNICIPAL ARPT,52,10,42,19.230769230769234,10.795930648521072,31.89912106919475
KPAH,BARKLEY REGIONAL ARPT,52,6,46,11.538461538461538,5.396895756082726,22.971918891062053
KSWO,STILLWATER REGIONAL ARPT,51,3,48,5.88235294117647,2.0206272864052077,15.924873938941971
RIGG,OIL RIG,51,1,50,1.9607843137254901,0.3469603253442241,10.304807675589373
KACT,WACO REGIONAL ARPT,51,7,44,13.725490196078432,6.811015331542726,25.721952342631628
KTOA,ZAMPERINI FIELD ARPT,50,3,47,6.0,2.0614596364630478,16.217343370877003
KEKO,ELKO REGIONAL ARPT,50,4,46,8.0,3.1549003255790686,18.838502545063704
MTPP,PORT-AU-PRINCE INTL,50,2,48,4.0,1.1038652660826578,13.460337877954668
RJBB,KANSAI INTL,50,7,43,14.000000000000002,6.950745262022862,26.18645719852809
PAOT,RALPH WIEN MEMORIAL ARPT,50,5,45,10.0,4.347512399157111,21.36049033478839
KMGW,MORGANTOWN MUNICIPAL ARPT-WALTER L. BILL HART FIELD,50,8,42,16.0,8.337321362087696,28.51448096176598
KMKG,MUSKEGON COUNTY ARPT,49,5,44,10.204081632653061,4.437889248703988,21.756624164970088
KDBQ,DUBUQUE REGIONAL ARPT,49,4,45,8.16326530612245,3.2202296241712225,19.189387041486135
KBVY,BEVERLY MUNICIPAL ARPT,49,6,43,12.244897959183673,5.734747759809824,24.24466240188096
CYUL,MONTREAL/PIERRE-ELLIOTT-TRUDEAU INTL,49,3,46,6.122448979591836,2.1039764955529185,16.520743422087726
KSDL,SCOTTSDALE ARPT,48,5,43,10.416666666666668,4.532105090117825,22.16768812614093
KHUM,HOUMA-TERREBONNE ARPT,48,7,41,14.583333333333334,7.248157413793963,27.167447042858605
KEAU,CHIPPEWA VALLEY REGIONAL ARPT,48,2,46,4.166666666666666,1.1501652078965612,13.975911147771471
KGEU,GLENDALE MUNICIPAL ARPT,47,2,45,4.25531914893617,1.1748029370569721,14.24878719385944
KSEE,GILLESPIE FIELD ARPT,47,10,37,21.27659574468085,11.989580124247315,34.904302050979275
MHLM,SAN PEDRO SULA LA MESA,46,5,41,10.869565217391305,4.733076082742689,23.038103012631456
RKSI,INCHEON INTL,46,3,43,6.521739130434782,2.242745446634356,17.50300910378136
MUHA,JOSE MARTI INTL ARPT,45,4,41,8.88888888888889,3.5110548134203152,20.733851168365703
KPWA,WILEY POST ARPT,45,11,34,24.444444444444443,14.235335025509283,38.673660584790134
KLNS,LANCASTER ARPT (PA),45,6,39,13.333333333333334,6.25706363434968,26.17758224129731
KLEB,LEBANON MUNICIPAL ARPT (NH),45,2,43,4.444444444444445,1.2273869040444336,14.827779183880615
KAUG,AUGUSTA STATE,45,4,41,8.88888888888889,3.5110548134203152,20.733851168365703
MMPR,PUERTO VALLARTA,45,4,41,8.88888888888889,3.5110548134203152,20.733851168365703
VABB,BOMBAY/MUMBAI,44,6,38,13.636363636363635,6.402867407860049,26.709737521740962
KPMP,POMPANO BEACH AIRPARK,44,9,35,20.454545454545457,11.153127823467596,34.50086368183322
KCRQ,MC CLELLAN-PALOMAR ARPT,44,6,38,13.636363636363635,6.402867407860049,26.709737521740962
PGRO,ROTA INTL ARPT,44,1,43,2.272727272727273,0.40231483856370126,11.807979131537632
KANE,ANOKA COUNTY-BLAINE,44,22,22,50.0,35.83152109593147,64.16847890406852
KOXC,WATERBURY-OXFORD ARPT,44,2,42,4.545454545454546,1.2554846366981078,15.135271525303162
KLCH,LAKE CHARLES REGIONAL,44,7,37,15.909090909090908,7.926576557718398,29.366490563782556
KLPR,LORAIN COUNTY REGIONAL ARPT,44,11,33,25.0,14.574066080685743,39.440849808414946
KSUN,FRIEDMAN MEMORIAL,44,2,42,4.545454545454546,1.2554846366981078,15.135271525303162
KRYY,COBB COUNTY ARPT-MC COLLUM FIELD,43,7,36,16.27906976744186,8.116524502857546,29.972695335918242
KWWD,CAPE MAY COUNTY ARPT,43,1,42,2.3255813953488373,0.4116981177419918,12.059267861216883
KDHN,DOTHAN REGIONAL ARPT,42,4,38,9.523809523809524,3.7661638828312096,22.06539522505333
KHST,HOMESTEAD AIR RESERVE BASE,42,2,40,4.761904761904762,1.3157248639206365,15.79013531547973
LIMC,MILANO MALPENSA,42,1,41,2.380952380952381,0.421529549910029,12.321481165248253
KPIH,POCATELLO REGIONAL ARPT,42,4,38,9.523809523809524,3.7661638828312096,22.06539522505333
KLBE,ARNOLD PALMER REGIONAL,42,4,38,9.523809523809524,3.7661638828312096,22.06539522505333
KIPT,WILLIAMSPORT REGIONAL ARPT,42,8,34,19.047619047619047,9.981889609856436,33.30106735499644
KAEX,ALEXANDRIA INTL,42,0,42,0.0,0.0,8.380161250916197
CYYC,CALGARY INTL,41,6,35,14.634146341463413,6.884154529455409,28.44375526858926
KSAW,SAWYER INTL,41,5,36,12.195121951219512,5.323257997340825,25.544507648844867
PAKT,KETCHIKAN INTL ARPT,41,5,36,12.195121951219512,5.323257997340825,25.544507648844867
KMCC,MC CLELLAN AIRFIELD,41,7,34,17.073170731707318,8.525143995273899,31.262909954629762
WMKK,KUALA LUMPUR INTL,40,1,39,2.5,0.44267174077949195,12.881659488007779
KEMT,EL MONTE ARPT,40,5,35,12.5,5.459419773541284,26.112420670238144
KLAW,LAWTON-FORT SILL REGIONAL ARPT,40,2,38,5.0,1.3820377146101097,16.5041708179252
KHLN,HELENA REGIONAL,40,8,32,20.0,10.499864973166874,34.75760738185667
KPGV,PITT-GREENVILLE ARPT,40,5,35,12.5,5.459419773541284,26.112420670238144
SEGU,JOSÉ JOAQUÍN DE OLMEDO INTERNATIONAL AIRPORT,40,4,36,10.0,3.957888759557486,23.052074380473897
KVLD,VALDOSTA REGIONAL,40,8,32,20.0,10.499864973166874,34.75760738185667
KSBY,SALISBURY-OCEAN CITY WICOMICO REGNL ARPT,40,8,32,20.0,10.499864973166874,34.75760738185667
ESMS,MALMO-STURUP ARPT,40,6,34,15.0,7.061091708507434,29.072626039020026
RPLB,SUBIC BAY INTL,39,7,32,17.94871794871795,8.977151811469994,32.66835162444276
KBKX,BROOKINGS REGIONAL ARPT,39,4,35,10.256410256410255,4.061265558286986,23.57915870224483
KSLI,LOS ALAMITOS ARMY AIRFIELD,39,3,36,7.6923076923076925,2.650691407349569,20.32137312805527
KSDM,BROWN FIELD MUNICIPAL ARPT,39,4,35,10.256410256410255,4.061265558286986,23.57915870224483
KCXY,CAPITAL CITY ARPT (PA),39,6,33,15.384615384615385,7.247373845051469,29.729769865734312
KFDK,FREDERICK MUNICIPAL ARPT,39,7,32,17.94871794871795,8.977151811469994,32.66835162444276
KFLO,FLORENCE REGIONAL,39,4,35,10.256410256410255,4.061265558286986,23.57915870224483
KFOK,FRANCIS S GABRESKI ARPT,38,8,30,21.052631578947366,11.07466035209593,36.34608837644217
LIRF,FIUMICINO ARPT,38,2,36,5.263157894736842,1.45539024485368,17.28576688106884
KARR,AURORA MUNICIPAL ARPT,38,6,32,15.789473684210526,7.443762223722684,30.41712263727689
KBKV,BROOKSVILLE-TAMPA BAY REGNL ARPT,37,9,28,24.324324324324326,13.361203432663304,40.11760249070895
KASH,BOIRE FIELD,37,4,33,10.81081081081081,4.2851205205062675,24.708846415167162
MGGT,LA AURORA,37,9,28,24.324324324324326,13.361203432663304,40.11760249070895
KLBL,LIBERAL MID-AMERICA REGNL ARPT,37,6,31,16.216216216216218,7.651103235297099,31.136799295455862
KOMN,ORMOND BEACH MUNICIPAL ARPT,37,11,26,29.72972972972973,17.4893023464082,45.783439172043586
KGCC,GILLETTE-CAMPBELL COUNTY ARPT,37,2,35,5.405405405405405,1.495066277053994,17.70496506353991
MYNN,LYNDEN PINDLING INTL ARPT,37,0,37,0.0,0.0,9.406095745514378
KJEF,JEFFERSON CITY MEMORIAL ARPT,37,7,30,18.91891891891892,9.479858757337126,34.2050115709556
KFMH,CAPE COD COAST GUARD AIR STATION,37,1,36,2.7027027027027026,0.4786851054907726,13.824378437563368
KCXO,CONROE/NORTH HOUSTON REGIONAL AIRPORT,36,7,29,19.444444444444446,9.752972019453349,35.0283620635152
KDEC,DECATUR ARPT,36,4,32,11.11111111111111,4.406568908741834,25.31512901503632
KOWB,OWENSBORO-DAVIESS,36,4,32,11.11111111111111,4.406568908741834,25.31512901503632
LEBL,BARCELONA ARPT,36,0,36,0.0,0.0,9.642183044857635
KPOU,DUTCHESS COUNTY ARPT,36,5,31,13.88888888888889,6.081725363115097,28.65985128039319
KJST,JOHN MURTHA JOHNSTOWN-CAMBRIA COUNTY ARPT,36,5,31,13.88888888888889,6.081725363115097,28.65985128039319
KGRK,KILLEEN/FT HOOD REGIONAL,36,0,36,0.0,0.0,9.642183044857635
KGTU,GEORGETOWN MUNICIPAL ARPT,36,7,29,19.444444444444446,9.752972019453349,35.0283620635152
KCFO,COLORADO AIR AND SPACE PORT AIRPORT,36,0,36,0.0,0.0,9.642183044857635
KSTC,ST. CLOUD REGIONAL,36,2,34,5.555555555555555,1.5369663767066846,18.144974107611212
KMIC,CRYSTAL ARPT,36,6,30,16.666666666666664,7.870340628564097,31.891114734674318
PHDH,DILLINGHAM AIRFIELD,35,1,34,2.857142857142857,0.5061361365853362,14.53340909327131
KMQS,CHESTER COUNTY G O CARLSON ARPT,35,6,29,17.142857142857142,8.10252994485672,32.68260763958882
MMSD,LOS CABOS INTL,34,2,32,5.88235294117647,1.628231306384245,19.093936889463713
KFUL,FULLERTON MUNICIPAL ARPT,34,4,30,11.76470588235294,4.6713709734361215,26.621174796298774
KRBD,DALLAS EXECUTIVE ARPT,34,3,31,8.823529411764707,3.046539030431013,22.96081795236041
KCOE,COEUR D'ALENE ARPT-PAPPY BOYINGTON FIELD,34,2,32,5.88235294117647,1.628231306384245,19.093936889463713
KCHD,CHANDLER MUNICIPAL ARPT,34,8,26,23.52941176470588,12.436838109244345,39.99646280826443
KJVL,SOUTHERN WISCONSIN REGIONAL ARPT,33,5,28,15.151515151515152,6.650359257960956,30.920213138460483
KTIX,SPACE COAST REGIONAL,33,7,26,21.21212121212121,10.67588656643618,37.75197758712936
KNQA,MILLINGTON REGIONAL JETPORT ARPT,33,1,32,3.0303030303030303,0.5369272089651724,15.319061673168067
KLZU,GWINNETT COUNTY - BRISCOE FIELD,33,10,23,30.303030303030305,17.375347814547222,47.33845397473445
KSMO,SANTA MONICA MUNICIPAL,33,2,31,6.0606060606060606,1.6780530429070948,19.606581717798193
KOWD,NORWOOD MEMORIAL ARPT,32,7,25,21.875,11.023696931531854,38.755330790444845
TXKF,L F WADE INTL ARPT,32,3,29,9.375,3.2400962626319516,24.21849933577883
PABE,BETHEL ARPT,32,3,29,9.375,3.2400962626319516,24.21849933577883
KJHW,CHAUTAUQUA COUNTY/JAMESTOWN ARPT,32,2,30,6.25,1.7310203195157234,20.14746724800358
ZBAA,CAPITAL (BEIJING),32,2,30,6.25,1.7310203195157234,20.14746724800358
KINT,SMITH REYOLDS ARPT,32,8,24,25.0,13.25224398262155,42.10689177024663
KART,WATERTOWN INTL ARPT,32,5,27,15.625,6.8643191066272164,31.75449255356653
KBQK,BRUNSWICK GOLDEN ISLES,32,2,30,6.25,1.7310203195157234,20.14746724800358
KTTD,PORTLAND-TROUTDALE ARPT,32,4,28,12.5,4.970053844474301,28.068649784827958
PADU,UNALASKA ARPT,32,9,23,28.125,15.564406845647866,45.37483693811179
1G3,KENT STATE UNIVERSITY,31,8,23,25.806451612903224,13.701543736869759,43.2464724277151
VHHH,HONG KONG INTL,31,5,26,16.129032258064516,7.092519905439934,32.63470272497887
RCTP,TAIBEI INTL,31,0,31,0.0,0.0,11.025900073475386
KGCK,GARDEN CITY REGIONAL,31,2,29,6.451612903225806,1.7874407775063148,20.718988318746433
KTXK,TEXARKANA-WEBB FIELD,31,5,26,16.129032258064516,7.092519905439934,32.63470272497887
SBGR,GUARULHOS INTL,31,4,27,12.903225806451612,5.134201164644764,28.852756954385356
KCGI,CAPE GIRARDEAU REGIONAL ARPT,31,3,28,9.67741935483871,3.346403609464399,24.900289998177037
KVCT,VICTORIA REGIONAL,31,4,27,12.903225806451612,5.134201164644764,28.852756954385356
S50,AUBURN MUNICIPAL ARPT (WA),30,5,25,16.666666666666664,7.336434240351683,33.564705185680175
KOGD,OGDEN-HINCKLEY ARPT,30,9,21,30.0,16.664562643958934,47.876121011660175
KJYO,LEESBURG EXECUTIVE ARPT,30,17,13,56.666666666666664,39.197009545408726,72.62276256938489
KPBG,PLATTSBURGH INTL ARPT,30,0,30,0.0,0.0,11.3517091390478
KDET,COLEMAN A YOUNG MUNICIPAL ARPT,30,12,18,40.0,24.590394326083402,57.67994750172616
KRAL,RIVERSIDE MUNICIPAL ARPT,29,2,27,6.896551724137931,1.9120864097994432,21.964947595851925
KMWC,LAWRENCE J TIMMERMAN ARPT,29,2,27,6.896551724137931,1.9120864097994432,21.964947595851925
KHHR,JACK NORTHROP FIELD/HAWTHORNE MUNI ARPT,29,5,24,17.24137931034483,7.597745271479928,34.54880057281511
KNUQ,MOFFETT FEDERAL AIRFIELD,28,0,28,0.0,0.0,12.064720365810762
KHTO,EAST HAMPTON ARPT,28,16,12,57.14285714285714,39.070478985615395,73.49170381926878
MWCR,OWEN ROBERTS INTL,28,2,26,7.142857142857142,1.9811647447770795,22.645738425917862
KLEE,LEESBURG INTL ARPT,28,8,20,28.57142857142857,15.25381584832997,47.0596357370175
RJTT,TOKYO INTL,28,6,22,21.428571428571427,10.212321701189422,39.53894707927388
KBBG,BRANSON ARPT,28,1,27,3.571428571428571,0.633235649754188,17.712576118498664
PHKO,KONA INTL ARPT AT KEAHOLE,28,1,27,3.571428571428571,0.633235649754188,17.712576118498664
EBBR,BRUSSELS NATIONAL,28,3,25,10.714285714285714,3.7117692054799494,27.196225367657078
RJAA,NARITA INTL ARPT,27,4,23,14.814814814814813,5.91583185964489,32.479063346829484
KESN,EASTON/NEWNAM FIELD ARPT,27,7,20,25.925925925925924,13.170208422866777,44.67893040261568
KRIW,RIVERTON REGIONAL,27,0,27,0.0,6.938893903907228e-16,12.455903714463581
SCEL,SANTIAGO INTL,27,1,26,3.7037037037037033,0.6567976533097597,18.283853934156518
KGXY,GREELEY-WELD COUNTY ARPT,27,3,24,11.11111111111111,3.851964789498724,28.058182543972947
VVTS,TANSONNHAT,27,0,27,0.0,6.938893903907228e-16,12.455903714463581
KROW,ROSWELL INTL AIR CENTER,26,1,25,3.8461538461538463,0.6821808976989876,18.893176991958406
KBVO,BARTLESVILLE MUNICIPAL ARPT,26,0,26,0.0,0.0,12.873304380462175
PAEN,KENAI MUNICIPAL ARPT,26,7,19,26.923076923076923,13.704275525067386,46.083403419761304
KSPG,ALBERT WHITTED,26,2,24,7.6923076923076925,2.135463918337556,24.141947480515054
KIMT,FORD ARPT,26,1,25,3.8461538461538463,0.6821808976989876,18.893176991958406
KSUA,WITHAM FIELD ARPT,26,6,20,23.076923076923077,11.033699683676687,42.05192575195679
KMIV,MILLVILLE MUNICIPAL ARPT,25,6,19,24.0,11.496157730326725,43.43005995523856
PAKW,KLAWOCK ARPT,25,7,18,28.000000000000004,14.283673837381569,47.5769718965583
PALH,LAKE HOOD (SPB),25,2,23,8.0,2.2219933691091933,24.966512122957816
PTPN,POHNPEI INTL ARPT,25,1,24,4.0,0.7096050386699165,19.544472405022525
KDMA,DAVIS MONTHAN AIR FORCE BASE,25,1,24,4.0,0.7096050386699165,19.544472405022525
KRIV,MARCH ARB ARPT,25,3,22,12.0,4.166741357068093,29.956192183373492
KJWN,JOHN C TUNE ARPT,25,6,19,24.0,11.496157730326725,43.43005995523856
KGMU,GREENVILLE DOWNTOWN ARPT,25,5,20,20.0,8.860454100652488,39.131335536538245
KPLN,PELLSTON REGNL ARPT OF EMMET COUNTY,25,1,24,4.0,0.7096050386699165,19.544472405022525
KMCW,MASON CITY MUNICIPAL,25,2,23,8.0,2.2219933691091933,24.966512122957816
KBFF,WESTERN NEBRASKA REGNL ARPT/WILLIAM B. HEILIG FIELD,25,9,16,36.0,20.247656431735635,55.48184539895337
KPKB,MID-OHIO VALLEY REGIONAL,25,5,20,20.0,8.860454100652488,39.131335536538245
KMDH,SOUTHERN ILLINOIS,25,7,18,28.000000000000004,14.283673837381569,47.5769718965583
KJZI,CHARLESTON EXECUTIVE ARPT,24,12,12,50.0,31.42713162776308,68.57286837223691
KGLS,SCHOLES INTL ARPT AT GALVESTON,24,9,15,37.5,21.159133433631457,57.29038096209293
KFTG,FRONT RANGE ARPT,24,2,22,8.333333333333332,2.31583278429735,25.849215201450598
KLWM,LAWRENCE MUNICIPAL ARPT (MA),24,3,21,12.5,4.344255039315584,31.004288147857572
KGCN,GRAND CANYON NATIONAL,24,6,18,25.0,11.999203479342329,44.89982531210644
KSLN,SALINA REGIONAL AIRPORT,24,5,19,20.833333333333336,9.24468910478809,40.470844485235475
KBMG,MONROE COUNTY,24,8,16,33.33333333333333,17.971978688379643,53.29404050591954
TJMZ,EUGENIO MARIA DE HOSTOS ARPT,24,0,24,0.0,0.0,13.798057582897535
KIFP,LAUGHLIN/BULLHEAD INTL ARPT,24,2,22,8.333333333333332,2.31583278429735,25.849215201450598
KSHR,SHERIDAN COUNTY ARPT,24,2,22,8.333333333333332,2.31583278429735,25.849215201450598
KCIC,CHICO MUNICIPAL ARPT,24,7,17,29.166666666666668,14.914460334164279,49.168063658709706
KSLK,ADIRONDACK REGIONAL ARPT,23,3,20,13.043478260869565,4.5375765143447016,32.12789797301819
KARB,ANN ARBOR MUNICIPAL,23,6,17,26.08695652173913,12.548445889248969,46.47039054375056
KALS,SAN LUIS VALLEY REGNL ARPT/BERGMAN FIELD,23,3,20,13.043478260869565,4.5375765143447016,32.12789797301819
KCMX,HOUGHTON COUNTY MEM,23,1,22,4.3478260869565215,0.7716466962126745,20.991586494059142
PADL,DILLINGHAM ARPT,23,1,22,4.3478260869565215,0.7716466962126745,20.991586494059142
KTYQ,INDIANAPOLIS EXECUTIVE ARPT,23,4,19,17.391304347826086,6.9785403506127714,37.138054785295665
KMDD,MIDLAND AIRPARK,23,2,21,8.695652173913043,2.417949540723341,26.796404298094018
MDPP,PUERTO PLATA INTL,23,2,21,8.695652173913043,2.417949540723341,26.796404298094018
LIPZ,MARCO POLO INTL,23,1,22,4.3478260869565215,0.7716466962126745,20.991586494059142
KBKW,RALEIGH COUNTY MEMORIAL,22,8,14,36.36363636363637,19.732972772607898,57.04865065628195
VTBS,SUVARNABHUMI INTL ARPT,22,1,21,4.545454545454546,0.8069219301147859,21.798489499518052
KVCV,SOUTHERN CALIFORNIA LOGISTICS,22,2,20,9.090909090909092,2.529489628283779,27.81538065838578
KRUT,RUTLAND-SOUTHERN VERMONT REGNL ARPT,22,3,19,13.636363636363635,4.748917264236269,33.33541187947
KALN,ST LOUIS REGIONAL,22,2,20,9.090909090909092,2.529489628283779,27.81538065838578
CYOW,OTTAWA/MACDONALD-CARTIER INTL,22,3,19,13.636363636363635,4.748917264236269,33.33541187947
KAOO,ALTOONA-BLAIR COUNTY,22,10,12,45.45454545454545,26.920014432004848,65.34052671095844
KDUJ,DUBOIS REGIONAL ARPT,22,1,21,4.545454545454546,0.8069219301147859,21.798489499518052
KRHI,RHINELANDER-ONEIDA COUNTY,22,4,18,18.181818181818183,7.306766024105121,38.517021976637864
KRIL,GARFIELD COUNTY REGIONAL ARPT,22,0,22,0.0,1.3877787807814457e-15,14.865952572596125
KSBM,SHEBOYGAN COUNTY MEMORIAL ARPT,21,6,15,28.57142857142857,13.813675745628204,49.95677382283758
KOLM,OLYMPIA ARPT,21,2,19,9.523809523809524,2.6518208796947245,28.914583860740674
KTZR,BOLTON FIELD ARPT,21,2,19,9.523809523809524,2.6518208796947245,28.914583860740674
KAWO,ARLINGTON MUNICIPAL ARPT (WA),21,2,19,9.523809523809524,2.6518208796947245,28.914583860740674
KMCK,MC COOK BEN NELSON REGNL ARPT,21,1,20,4.761904761904762,0.8455769471923293,22.669816586235463
LOWW,VIENNA INTL,21,1,20,4.761904761904762,0.8455769471923293,22.669816586235463
KACV,ARCATA AIRPORT,21,4,17,19.047619047619047,7.667440615177301,40.000986539273285
VTBD,DON MUEANG INTL ARPT,21,1,20,4.761904761904762,0.8455769471923293,22.669816586235463
TNCA,ORANJESTAD/REINA BEA,21,2,19,9.523809523809524,2.6518208796947245,28.914583860740674
KTME,HOUSTON EXECUTIVE ARPT,21,5,16,23.809523809523807,10.627856389112262,45.09158197234592
KPMD,PALMDALE USAF PLANT 42 ARPT,21,1,20,4.761904761904762,0.8455769471923293,22.669816586235463
KGUC,GUNNISON-CRESTED BUTTE REGNL ARPT,21,1,20,4.761904761904762,0.8455769471923293,22.669816586235463
KESC,DELTA COUNTY ARPT,21,6,15,28.57142857142857,13.813675745628204,49.95677382283758
KTUP,TUPELO REGIONAL ARPT,20,2,18,10.0,2.7865893984153205,30.103820641179336
KCDC,CEDAR CITY REGIONAL,20,4,16,20.0,8.065635327119999,41.60217220257599
KMOD,MODESTO CITY-COUNTY ARPT-HARRY SHAM FIELD,20,1,19,5.0,0.8881219432873135,23.613589351256675
KDTN,SHREVEPORT DOWNTOWN ARPT,20,7,13,35.0,18.118954786794465,56.714948978053535
KENW,KENOSHA REGIONAL ARPT,20,2,18,10.0,2.7865893984153205,30.103820641179336
KLUL,HESLER-NOBLE FIELD ARPT,20,3,17,15.0,5.236779195949584,36.04232958869574
MBPV,PROVIDENCIALES INTL,20,1,19,5.0,0.8881219432873135,23.613589351256675
KHON,HURON REGIONAL ARPT,20,2,18,10.0,2.7865893984153205,30.103820641179336
KWVI,WATSONVILLE MUNICIPAL ARPT,20,2,18,10.0,2.7865893984153205,30.103820641179336
3CK,LAKE IN THE HILLS,20,8,12,40.0,21.880396741419272,61.342205768479396
KBAZ,NEW BRAUNFELS MUNICIPAL ARPT,20,4,16,20.0,8.065635327119999,41.60217220257599
KPQI,NORTHERN MAINE REGIONAL,20,2,18,10.0,2.7865893984153205,30.103820641179336
SKCL,CALI/VALLE,19,2,17,10.526315789473683,2.9357941395096594,31.3945504948417
KHAO,BUTLER COUNTY REGIONAL,19,2,17,10.526315789473683,2.9357941395096594,31.3945504948417
SBKP,VIRACOPOS-CAMPINAS INTL ARPT,19,3,16,15.789473684210526,5.520371039927826,37.56592764317668
KHQZ,MESQUITE METRO ARPT,19,6,13,31.57894736842105,15.364171004428599,53.98998982493537
KWST,WESTERLY STATE ARPT,19,3,16,15.789473684210526,5.520371039927826,37.56592764317668
KCOD,YELLOWSTONE REGIONAL,19,1,18,5.263157894736842,0.9351752490529969,24.63921533654521
KFDY,FINDLAY ARPT,19,4,15,21.052631578947366,8.507538491591577,43.33471424026609
KWAL,WALLOPS FLIGHT FACILITY,19,0,19,0.0,0.0,16.818436536845052
KALW,WALLA WALLA REGIONAL,19,0,19,0.0,0.0,16.818436536845052
KSNS,SALINAS MUNICIPAL ARPT,19,2,17,10.526315789473683,2.9357941395096594,31.3945504948417
KRNM,RAMONA ARPT,19,4,15,21.052631578947366,8.507538491591577,43.33471424026609
KBRD,BRAINERD LAKES REGIONAL ARPT,19,5,14,26.31578947368421,11.806238339540162,48.791968441070644
PVT,PRIVATE AIR STRIP,19,19,0,100.0,83.18156346315496,100.0
MMLO,GUANAJUATO DEL BAJIO INTL,19,1,18,5.263157894736842,0.9351752490529969,24.63921533654521
KCRE,GRAND STRAND ARPT,19,2,17,10.526315789473683,2.9357941395096594,31.3945504948417
KSSI,MALCOLM MCKINNON ARPT,19,4,15,21.052631578947366,8.507538491591577,43.33471424026609
KTIW,TACOMA NARROWS ARPT,19,3,16,15.789473684210526,5.520371039927826,37.56592764317668
X59,VALKARIA,18,3,15,16.666666666666664,5.836470400465757,39.222499638359245
KTCL,TUSCALOOSA REGIONAL ARPT,18,1,17,5.555555555555555,0.9874935830924525,25.75779980200754
PAMR,MERRILL FIELD ARPT,18,1,17,5.555555555555555,0.9874935830924525,25.75779980200754
KARA,ACADIANA REGIONAL ARPT,18,0,18,0.0,0.0,17.58845505823749
PABR,WILEY POST-WILL ROGERS MEM,18,2,16,11.11111111111111,3.101886845358279,32.80024486660421
KGFL,FLOYD BENNETT MEMORIAL,18,1,17,5.555555555555555,0.9874935830924525,25.75779980200754
KATY,WATERTOWN REGIONAL ARPT,18,6,12,33.33333333333333,16.27855436366286,56.25093065574964
SBGL,GALEAO INTL (RIO),18,1,17,5.555555555555555,0.9874935830924525,25.75779980200754
KCYS,CHEYENNE REGIONAL ARPT/JERRY OLSON FIELD,18,3,15,16.666666666666664,5.836470400465757,39.222499638359245
TLPL,HEWANORRA ST LUCIA,18,0,18,0.0,0.0,17.58845505823749
KFOD,FORT DODGE REGIONAL,18,3,15,16.666666666666664,5.836470400465757,39.222499638359245
SVMI,SIMON BOLIVAR INTL,18,5,13,27.77777777777778,12.499569146355475,50.87307754619452
KROG,ROGERS MUNICIPAL ARPT-CARTER FIELD,17,1,16,5.88235294117647,1.046013064516424,26.9825452035628
KFYV,DRAKE FIELD ARPT,17,3,14,17.647058823529413,6.19101371254899,41.02992901737578
KLOZ,LONDON-CORBIN ARPT-MAGEE  FIELD,17,2,15,11.76470588235294,3.287908001292092,34.33684249770991
KJXN,JACKSON COUNTY ARPT-REYNOLDS FIELD,17,7,10,41.17647058823529,21.610786039131384,63.994925614484465
PAYA,YAKUTAT ARPT,17,5,12,29.411764705882355,13.279793865556403,53.13353332621391
KJNX,JOHNSTON COUNTY ARPT,17,4,13,23.52941176470588,9.55488907167594,47.262245889171595
MMCZ,COZUMEL,17,4,13,23.52941176470588,9.55488907167594,47.262245889171595
KPVC,PROVINCETOWN MUNICIPAL ARPT,17,4,13,23.52941176470588,9.55488907167594,47.262245889171595
UAAA,ALMATY INTL ARPT,17,2,15,11.76470588235294,3.287908001292092,34.33684249770991
MMQT,INGENIERO F ESPINOZA GUTIERREZ INTL ARPT,17,1,16,5.88235294117647,1.046013064516424,26.9825452035628
LLBG,BEN GURION ARPT,17,6,11,35.294117647058826,17.309486143904902,58.700033278788176
ZGSZ,SHENZHEN BAOAN INTL ARPT,17,2,15,11.76470588235294,3.287908001292092,34.33684249770991
KCWF,CHENNAULT INTL ARPT,17,1,16,5.88235294117647,1.046013064516424,26.9825452035628
KLVN,AIRLAKE ARPT,17,2,15,11.76470588235294,3.287908001292092,34.33684249770991
KHKS,HAWKINS FIELD ARPT,17,1,16,5.88235294117647,1.046013064516424,26.9825452035628
KNYL,YUMA MCAS/YUMA INTL ARPT,17,2,15,11.76470588235294,3.287908001292092,34.33684249770991
KCEF,WESTOVER AIR RESERVE BASE/METROPOLITAN ARPT,17,1,16,5.88235294117647,1.046013064516424,26.9825452035628
MZBZ,BELIZE INTERNATIONAL ARPT,17,1,16,5.88235294117647,1.046013064516424,26.9825452035628
KASX,JOHN F KENNEDY MEMORIAL,17,3,14,17.647058823529413,6.19101371254899,41.02992901737578
TBPB,GRANTLEY ADAMS BARBA,16,1,15,6.25,1.1119057308331208,28.32926836802987
MMTO,TOLUCA/LIC ADOLFO,16,3,13,18.75,6.591478773586765,43.00935986845823
EGKK,GATWICK - LONDON,16,1,15,6.25,1.1119057308331208,28.32926836802987
KVEL,VERNAL ARPT,16,1,15,6.25,1.1119057308331208,28.32926836802987
KMGJ,ORANGE COUNTY ARPT (NY),16,4,12,25.0,10.181901984237346,49.49876892939864
KBVS,SKAGIT REGIONAL,16,4,12,25.0,10.181901984237346,49.49876892939864
MYGF,FREEPORT INTL,16,1,15,6.25,1.1119057308331208,28.32926836802987
KAPN,ALPENA COUNTY REG,16,7,9,43.75,23.09836333518552,66.82180439322347
KMHV,MOJAVE ARPT,16,2,14,12.5,3.4976749337057136,36.02333143674828
KFHR,FRIDAY HARBOR ARPT,16,4,12,25.0,10.181901984237346,49.49876892939864
KHYI,SAN MARCOS MUNICIPAL ARPT,16,4,12,25.0,10.181901984237346,49.49876892939864
1G0,WOOD COUNTY REGIONAL AIRPORT,15,1,14,6.666666666666667,1.1866588606194854,29.81707755242399
TGPY,MAURICE BISHOP INTL ARPT,15,1,14,6.666666666666667,1.1866588606194854,29.81707755242399
KWYS,YELLOWSTONE ARPT,15,1,14,6.666666666666667,1.1866588606194854,29.81707755242399
KRME,GRIFFISS INTL,15,0,15,0.0,0.0,20.388926630434785
KBLM,MONMOUTH EXECUTIVE ARPT,15,9,6,60.0,35.746442756507705,80.17577191740534
KREI,REDLANDS MUNICIPAL ARPT,15,2,13,13.333333333333334,3.73604698913593,37.88249920651624
LSZH,ZURICH,15,2,13,13.333333333333334,3.73604698913593,37.88249920651624
CYMX,MONTREAL INTL (MIRABEL),15,0,15,0.0,0.0,20.388926630434785
CO80,FOWLER ARPT,15,0,15,0.0,0.0,20.388926630434785
KLOM,WINGS FIELD ARPT,15,8,7,53.333333333333336,30.11663015105079,75.19077474025354
KPIB,HATTIESBURG-LAUREL,15,7,8,46.666666666666664,24.80922525974644,69.8833698489492
KHYS,HAYS REGIONAL,15,1,14,6.666666666666667,1.1866588606194854,29.81707755242399
KRKD,KNOX COUNTY REGIONAL,15,4,11,26.666666666666668,10.89727610318281,51.95088965768675
KUAO,AURORA STATE ARPT,15,3,12,20.0,7.047420643610414,45.18593533465045
KCLM,WILLIAM R FAIRCHILD INTL ARPT,15,2,13,13.333333333333334,3.73604698913593,37.88249920651624
CYWG,WINNIPEG INTL,15,2,13,13.333333333333334,3.73604698913593,37.88249920651624
CYHM,HAMILTON,15,3,12,20.0,7.047420643610414,45.18593533465045
KOLV,OLIVE BRANCH ARPT,15,7,8,46.666666666666664,24.80922525974644,69.8833698489492
KRYN,RYAN FIELD ARPT,15,4,11,26.666666666666668,10.89727610318281,51.95088965768675
KBVI,BEAVER COUNTY ARPT,15,2,13,13.333333333333334,3.73604698913593,37.88249920651624
KBJI,BEMIDJI REGIONAL ARPT,15,3,12,20.0,7.047420643610414,45.18593533465045
KGVT,MAJORS ARPT,14,1,13,7.142857142857142,1.2721886112291636,31.469269553957812
KLGU,LOGAN-CACHE ARPT,14,5,9,35.714285714285715,16.344490737202737,61.23599531785959
KFKL,VENANGO REGIONAL,14,2,12,14.285714285714285,4.009307373792118,39.941907763863696
KADM,ARDMORE MUNICIPAL,14,2,12,14.285714285714285,4.009307373792118,39.941907763863696
KOSH,WITTMAN REGIONAL ARPT,14,8,6,57.14285714285714,32.59026690286936,78.61949006959948
TKPK,ROBT L BRADSHAW INTL,14,0,14,0.0,0.0,21.531701192718142
KNGU,NORFOLK NAVAL STATION,14,2,12,14.285714285714285,4.009307373792118,39.941907763863696
KJKA,JACK EDWARDS ARPT,14,2,12,14.285714285714285,4.009307373792118,39.941907763863696
MHTG,TONCONTIN INTL,14,9,5,64.28571428571429,38.76400468214042,83.65550926279727
KBIV,TULIP CITY ARPT,14,5,9,35.714285714285715,16.344490737202737,61.23599531785959
KMQJ,INDIANAPOLIS REGIONAL ARPT,14,3,11,21.428571428571427,7.571248336916369,47.589723773208284
CO90,USAF ACADEMY BULLSEYE AUX AIRSTRIP,14,0,14,0.0,0.0,21.531701192718142
KTVL,LAKE TAHOE ARPT,14,3,11,21.428571428571427,7.571248336916369,47.589723773208284
PACD,COLD BAY ARPT,14,3,11,21.428571428571427,7.571248336916369,47.589723773208284
KDED,DELAND MUNICIPAL ARPT-SIDNEY H TAYLOR FIELD,14,4,10,28.57142857142857,11.721187910109098,54.64954117248438
EGCC,MANCHESTER,14,0,14,0.0,0.0,21.531701192718142
KTVF,THIEF RIVER FALLS REGIONAL,14,3,11,21.428571428571427,7.571248336916369,47.589723773208284
KVGT,NORTH LAS VEGAS,14,2,12,14.285714285714285,4.009307373792118,39.941907763863696
KSFZ,NORTH CENTRAL STATE ARPT,14,1,13,7.142857142857142,1.2721886112291636,31.469269553957812
KAST,ASTORIA REGIONAL,14,5,9,35.714285714285715,16.344490737202737,61.23599531785959
KWHP,WHITEMAN AIRPORT,14,3,11,21.428571428571427,7.571248336916369,47.589723773208284
KDRT,DEL RIO INTL ARPT,14,0,14,0.0,0.0,21.531701192718142
EGSS,STANSTEAD-LONDON,14,1,13,7.142857142857142,1.2721886112291636,31.469269553957812
KMKT,MANKATO REGIONAL ARPT,14,3,11,21.428571428571427,7.571248336916369,47.589723773208284
KJVY,CLARK COUNTY REGIONAL ARPT (IN),13,11,2,84.61538461538461,57.764829491368985,95.6742736817262
KMEI,KEY FIELD AIRPORT,13,0,13,0.0,0.0,22.810184305529166
KISO,KINSTON REGIONAL JETPORT AT STALLINGS FIELD,13,4,9,30.76923076923077,12.680497161618087,57.63111218666236
KIKV,ANKENY REGIONAL,13,5,8,38.46153846153847,17.70944658123682,64.47751902773146
TTPP,PIARCO TRINIDAD,13,4,9,30.76923076923077,12.680497161618087,57.63111218666236
KGAO,SOUTH LAFOURCHE LEONARD MILLER  JR ARPT,13,2,11,15.384615384615385,4.325726318273798,42.23517050863101
KTVY,BOLINDER FIELD - TOOELE VALLEY ARPT,13,1,12,7.6923076923076925,1.3710066379696322,33.31453392824736
KIWD,GOGEBIC-IRON COUNTY ARPT,13,3,10,23.076923076923077,8.179379092465714,50.256873995126924
KFMN,FOUR CORNERS REGIONAL,13,3,10,23.076923076923077,8.179379092465714,50.256873995126924
PGWT,TINIAN INTL,13,2,11,15.384615384615385,4.325726318273798,42.23517050863101
KAHN,ATHENS/BEN EPPS ARPT,13,6,7,46.15384615384615,23.205754301488142,70.85656756816796
KFHU,SIERRA VISTA MUNI ARPT-LIBBY ARMY AIRFIELD,13,1,12,7.6923076923076925,1.3710066379696322,33.31453392824736
MKJP,NORMAN MANLEY INTL,13,0,13,0.0,0.0,22.810184305529166
KVIS,VISALIA MUNICIPAL ARPT,13,2,11,15.384615384615385,4.325726318273798,42.23517050863101
KPHN,ST CLAIR COUNTY INTL ARPT,13,3,10,23.076923076923077,8.179379092465714,50.256873995126924
CYEG,EDMONTON INTL,13,2,11,15.384615384615385,4.325726318273798,42.23517050863101
KBID,BLOCK ISLAND STATE,13,2,11,15.384615384615385,4.325726318273798,42.23517050863101
KSSF,STINSON MUNICIPAL ARPT,13,7,6,53.84615384615385,29.14343243183205,76.79424569851186
KVNC,VENICE MUNICIPAL AIRPORT,13,3,10,23.076923076923077,8.179379092465714,50.256873995126924
KSHD,SHENANDOAH VALLEY,13,1,12,7.6923076923076925,1.3710066379696322,33.31453392824736
KSFF,FELTS FIELD ARPT,13,1,12,7.6923076923076925,1.3710066379696322,33.31453392824736
KEEN,DILLANT-HOPKINS ARPT,13,6,7,46.15384615384615,23.205754301488142,70.85656756816796
KASW,WARSAW MUNICIPAL (IN),13,3,10,23.076923076923077,8.179379092465714,50.256873995126924
EDDM,MUNICH INTL ARPT,13,2,11,15.384615384615385,4.325726318273798,42.23517050863101
KHUT,HUTCHINSON MUNICIPAL,12,3,9,25.0,8.894003962896138,53.231033912065996
KHEG,HERLONG RECREATIONAL ARPT,12,1,11,8.333333333333332,1.4864709450773477,35.38859217985952
KHIB,RANGE REGIONAL ARPT,12,2,10,16.666666666666664,4.696414761482223,44.80363573846727
YSSY,SYDNEY INTL ARPT,12,5,7,41.66666666666667,19.325746190524658,68.04926643446272
KHOT,MEMORIAL FIELD,12,4,8,33.33333333333333,13.811783989736135,60.9382412602386
SVMC,LA CHINITA INTL,12,2,10,16.666666666666664,4.696414761482223,44.80363573846727
KVLL,OAKLAND/TROY ARPT,12,5,7,41.66666666666667,19.325746190524658,68.04926643446272
KBEH,SOUTHWEST MICHIGAN REGIONAL,12,5,7,41.66666666666667,19.325746190524658,68.04926643446272
KMRB,EASTERN WEST VIRGINIA REGIONAL ARPT,12,2,10,16.666666666666664,4.696414761482223,44.80363573846727
LGAV,ELEFTHERIOS VENIZELOS INTL,12,2,10,16.666666666666664,4.696414761482223,44.80363573846727
KLAR,LARAMIE REGIONAL,12,0,12,0.0,0.0,24.25007574992425
KCEC,JACK MCNAMARA FIELD ARPT,12,1,11,8.333333333333332,1.4864709450773477,35.38859217985952
KSPS,SHEPPARD AFB/WICHITA FALLS MUNI ARPT,12,1,11,8.333333333333332,1.4864709450773477,35.38859217985952
KMGY,DAYTON-WRIGHT BROTHERS ARPT,12,3,9,25.0,8.894003962896138,53.231033912065996
KFFC,ATLANTA REGIONAL ARPT - FALCON FIELD,12,5,7,41.66666666666667,19.325746190524658,68.04926643446272
KPYM,PLYMOUTH MUNICIPAL ARPT (MA),12,3,9,25.0,8.894003962896138,53.231033912065996
PASC,DEADHORSE ARPT,12,0,12,0.0,0.0,24.25007574992425
KMER,CASTLE ARPT,12,2,10,16.666666666666664,4.696414761482223,44.80363573846727
KRCM,SKYHAVEN,12,2,10,16.666666666666664,4.696414761482223,44.80363573846727
RPLL,MANILA-NINOY AQUINO INTL,12,0,12,0.0,0.0,24.25007574992425
KMKY,MARCO ISLAND ARPT,12,5,7,41.66666666666667,19.325746190524658,68.04926643446272
KTRK,TRUKEE-TAHOE ARPT,12,4,8,33.33333333333333,13.811783989736135,60.9382412602386
KLXT,LEE'S SUMMIT MUNICIPAL ARPT,12,3,9,25.0,8.894003962896138,53.231033912065996
SUMU,INTL DE CARRASCO,12,3,9,25.0,8.894003962896138,53.231033912065996
KEBG,SOUTH TEXAS INTL ARPT AT EDINBURG,12,1,11,8.333333333333332,1.4864709450773477,35.38859217985952
KAAO,COLONEL JAMES JABARA ARPT,12,6,6,50.0,25.377817039342222,74.62218296065778
KBDN,BEND MUNICIPAL ARPT,12,2,10,16.666666666666664,4.696414761482223,44.80363573846727
KPVG,HAMPTON ROADS EXECUTIVE,12,7,5,58.333333333333336,31.95073356553728,80.67425380947535
LFSB,BASEL-MULHOUSE-FREIBURG,12,1,11,8.333333333333332,1.4864709450773477,35.38859217985952
KGGW,WOKAL FIELD/GLASGOW INTL ARPT,11,3,8,27.27272727272727,9.745880573921466,56.56502930102463
KIAB,MCCONNELL AIR FORCE BASE,11,2,9,18.181818181818183,5.136660067100063,47.69861375782448
SKRG,JOSE MARIA CORDOVE ARPT,11,1,10,9.090909090909092,1.6231752262825971,37.73646254862038
EINN,SHANNON INTL,11,3,8,27.27272727272727,9.745880573921466,56.56502930102463
WIII,SOEKARNO-HATTA,11,0,11,0.0,2.7755575615628914e-15,25.88400172488141
KGLH,GREENVILLE MID-DELTA ARPT,11,1,10,9.090909090909092,1.6231752262825971,37.73646254862038
KLWC,LAWRENCE MUNICIPAL  ARPT (KS),11,5,6,45.45454545454545,21.270957543988047,71.99122443100117
KIRK,KIRKSVILLE REGIONAL,11,1,10,9.090909090909092,1.6231752262825971,37.73646254862038
KILE,SKYLARK FIELD,11,4,7,36.36363636363637,15.166223614131383,64.62032231083627
KMBT,MURFREESBORO MUNICIPAL ARPT,11,2,9,18.181818181818183,5.136660067100063,47.69861375782448
DNMM,MURTALA MUHAMMED,11,1,10,9.090909090909092,1.6231752262825971,37.73646254862038
PAOM,NOME ARPT,11,2,9,18.181818181818183,5.136660067100063,47.69861375782448
45LA,AIR LOGICTICS N HELIPORT,11,2,9,18.181818181818183,5.136660067100063,47.69861375782448
KGYH,DONALDSON CENTER ARPT,11,4,7,36.36363636363637,15.166223614131383,64.62032231083627
KLDJ,LINDEN AIRPORT,11,7,4,63.63636363636363,35.37967768916373,84.83377638586862
MMAS,AQUASCALIENTES,11,0,11,0.0,2.7755575615628914e-15,25.88400172488141
KUUU,NEWPORT STATE ARPT,11,3,8,27.27272727272727,9.745880573921466,56.56502930102463
MMMZ,GENERAL RAFAEL BUELNA INTL,11,3,8,27.27272727272727,9.745880573921466,56.56502930102463
TAPA,V C BIRD INTL ARPT,10,0,10,0.0,0.0,27.75401687666166
TJPS,MERCEDITA ARPT,10,1,9,10.0,1.7875749515721129,40.41563854975721
KGSH,GOSHEN MUNICIPAL ARPT,10,1,9,10.0,1.7875749515721129,40.41563854975721
KDTS,DESTIN EXECUTIVE AIRPORT,10,4,6,40.0,16.817758120350966,68.73304525498135
KBFD,BRADFORD REGIONAL,10,2,8,20.0,5.6680947980693315,50.98431532792765
KMTO,COLES COUNTY MEMORIAL ARPT,10,0,10,0.0,0.0,27.75401687666166
KLOT,LEWIS UNIVERSITY ARPT,10,5,5,50.0,23.65895936154873,76.34104063845126
KMCE,MERCED MUNICIPAL,10,2,8,20.0,5.6680947980693315,50.98431532792765
OMDB,DUBAI INTL,10,2,8,20.0,5.6680947980693315,50.98431532792765
KETB,WEST BEND MUNICIPAL ARPT,10,2,8,20.0,5.6680947980693315,50.98431532792765
KAUO,AUBURN-OPELIKA RG PITTS,10,4,6,40.0,16.817758120350966,68.73304525498135
KSFM,SANFORD REGIONAL ARPT,10,3,7,30.0,10.778928748621183,60.322678002043475
KMYV,YUBA COUNTY ARPT,10,3,7,30.0,10.778928748621183,60.322678002043475
KOGS,OGDENSBURG INTL ARPT,10,2,8,20.0,5.6680947980693315,50.98431532792765
KBWG,BOWLING GREEN-WARREN COUNTY REGNL ARPT,10,3,7,30.0,10.778928748621183,60.322678002043475
KUCA,ONEIDA COUNTY ARPT,10,6,4,60.0,31.266954745018637,83.18224187964903
KUMP,INDIANAPOLIS METROPOLITAN ARPT,10,3,7,30.0,10.778928748621183,60.322678002043475
KAFJ,WASHINGTON COUNTY,10,8,2,80.0,49.01568467207233,94.33190520193067
KSNY,SIDNEY MUNI ARPT/LLOYD W. CARR FIELD,10,2,8,20.0,5.6680947980693315,50.98431532792765
KLNA,PALM BEACH COUNTY PARK ARPT,10,3,7,30.0,10.778928748621183,60.322678002043475
TNCC,HATO INTL ARPT,10,2,8,20.0,5.6680947980693315,50.98431532792765
KIGQ,LANSING MUNICIPAL ARPT,10,5,5,50.0,23.65895936154873,76.34104063845126
SKBQ,ERNESTO CORTISSOZ,10,2,8,20.0,5.6680947980693315,50.98431532792765
KONZ,GROSSE ILE MUNICIPAL ARPT,9,4,5,44.44444444444444,18.8775429471914,73.33526542559703
KORS,ORCAS ISLAND ARPT,9,4,5,44.44444444444444,18.8775429471914,73.33526542559703
KHVR,HAVRE CITY-COUNTY ARPT,9,0,9,0.0,0.0,29.91527535509594
LEVC,VALENCIA AIRPORT,9,1,8,11.11111111111111,1.9890371327130536,43.50062147680601
PKMJ,MARSHALL ISLANDS INTL ARPT,9,2,7,22.22222222222222,6.322376231222723,54.74166563271946
KEKA,MURRAY FIELD AIRPORT,9,7,2,77.77777777777779,45.25833436728054,93.67762376877728
KCIU,CHIPPEWA COUNTY INTL ARPT,9,4,5,44.44444444444444,18.8775429471914,73.33526542559703
KUKI,UKIAH MUNICIPAL ARPT,9,1,8,11.11111111111111,1.9890371327130536,43.50062147680601
KTRM,JACQUELINE COCHRAN REGIONAL ARPT,9,4,5,44.44444444444444,18.8775429471914,73.33526542559703
KSUT,CAPT FEAR REGNL JETPORT/HOWIE FRANKLIN FIELD ARPT,9,2,7,22.22222222222222,6.322376231222723,54.74166563271946
KAVQ,MARANA REGIONAL ARPT,9,2,7,22.22222222222222,6.322376231222723,54.74166563271946
KJMS,JAMESTOWN REGIONAL,9,2,7,22.22222222222222,6.322376231222723,54.74166563271946
KEXX,DAVIDSON COUNTY ARPT,9,3,6,33.33333333333333,12.058159868274293,64.58026525009102
PAWG,WRANGELL ARPT,9,0,9,0.0,0.0,29.91527535509594
KCQX,CHATHAM MUNICIPAL ARPT,9,3,6,33.33333333333333,12.058159868274293,64.58026525009102
65NJ,HELO KEARNY HELIPORT,9,3,6,33.33333333333333,12.058159868274293,64.58026525009102
KDVO,GNOSS FIELD ARPT,9,5,4,55.55555555555556,26.66473457440297,81.1224570528086
KMSL,NORTHWEST ALABAMA REGIONAL ARPT,9,2,7,22.22222222222222,6.322376231222723,54.74166563271946
KSGT,STUTTGART MUNICIPAL ARPT,9,6,3,66.66666666666666,35.419734749908976,87.9418401317257
KARW,BEAUFORT COUNTY ARPT,9,1,8,11.11111111111111,1.9890371327130536,43.50062147680601
KLNQ,BOOTHVILLE HELIPORT,9,1,8,11.11111111111111,1.9890371327130536,43.50062147680601
KLNN,WILLOUGHBY LOST NATION MUNI ARPT,9,5,4,55.55555555555556,26.66473457440297,81.1224570528086
MMAA,GEN JUAN ALVAREZ INTL ARPT,9,0,9,0.0,0.0,29.91527535509594
KGAI,MONTGOMERY CO AIRPARK,9,6,3,66.66666666666666,35.419734749908976,87.9418401317257
TNCM,PRINCESS JULIANA,9,1,8,11.11111111111111,1.9890371327130536,43.50062147680601
KPSF,PITTSFIELD MUNICIPAL ARPT (MA),9,3,6,33.33333333333333,12.058159868274293,64.58026525009102
KEQY,CHARLOTTE-MONROE  EXECUTIVE ARPT,9,3,6,33.33333333333333,12.058159868274293,64.58026525009102
KGED,SUSSEX COUNTY ARPT,9,1,8,11.11111111111111,1.9890371327130536,43.50062147680601
PTYA,YAP INTERNATIONAL AIRPORT,8,0,8,0.0,0.0,32.441561951087685
EKCH,KASTRUP AIRPORT,8,1,7,12.5,2.241690886329617,47.08948057698615
KMIE,DELAWARE COUNTY REGIONAL ARPT,8,0,8,0.0,0.0,32.441561951087685
KMKL,JACKSON REGIONAL AIRPORT,8,3,5,37.5,13.684175946152106,69.42621454161981
KBVU,BOULDER CITY MUNICIPAL ARPT,8,1,7,12.5,2.241690886329617,47.08948057698615
KCLS,CHEHALIS-CENTRALIA ARPT,8,3,5,37.5,13.684175946152106,69.42621454161981
KCNY,CANYONLANDS FIELD,8,0,8,0.0,0.0,32.441561951087685
KADW,JOINT BASE ANDREWS,8,1,7,12.5,2.241690886329617,47.08948057698615
KXLL,ALLENTOWN QUEEN CITY MUNICIPAL,8,3,5,37.5,13.684175946152106,69.42621454161981
KUZA,ROCK HILL (YORK CO) BRYANT FLD,8,1,7,12.5,2.241690886329617,47.08948057698615
6N5,EAST 34TH STREET HELIPORT,8,1,7,12.5,2.241690886329617,47.08948057698615
KEAR,KEARNEY REGIONAL ARPT,8,1,7,12.5,2.241690886329617,47.08948057698615
KSGS,SOUTH ST PAUL MUNI ARPT-RICHARD E FLEMING FIELD,8,2,6,25.0,7.147768885802764,59.073012089741084
KSEF,SEBRING REGIONAL ARPT,8,5,3,62.5,30.573785458380186,86.3158240538479
9G0,BUFFALO AIRFIELD ARPT,8,3,5,37.5,13.684175946152106,69.42621454161981
PAGS,GUSTAVUS ARPT,8,0,8,0.0,0.0,32.441561951087685
5KE,KETCHIKAN HARBOR (SPB),8,2,6,25.0,7.147768885802764,59.073012089741084
KVUO,PEARSON FIELD ARPT,8,5,3,62.5,30.573785458380186,86.3158240538479
KMMV,MC MINNVILLE MUNICIPAL ARPT,8,0,8,0.0,0.0,32.441561951087685
PASD,SAND POINT ARPT,8,1,7,12.5,2.241690886329617,47.08948057698615
PHHN,HANA ARPT,8,1,7,12.5,2.241690886329617,47.08948057698615
EGBB,BIRMINGHAM INTL,8,1,7,12.5,2.241690886329617,47.08948057698615
KFCI,CHESTERFIELD COUNTY ARPT,8,4,4,50.0,21.521252682444185,78.47874731755581
KOBE,OKEECHOBEE COUNTY ARPT,8,5,3,62.5,30.573785458380186,86.3158240538479
PACV,MERLE K (MUDHOLE) SMITH ARPT,8,1,7,12.5,2.241690886329617,47.08948057698615
KOKV,WINCHESTER REGIONAL ARPT,8,6,2,75.0,40.926987910258916,92.85223111419724
PAPG,PETERSBURG JAMES A JOHNSON ARPT,8,3,5,37.5,13.684175946152106,69.42621454161981
KRAC,JOHN H BATTEN ARPT,8,3,5,37.5,13.684175946152106,69.42621454161981
KIOW,IOWA CITY MUNICIPAL ARPT,8,2,6,25.0,7.147768885802764,59.073012089741084
KSCH,SCHENECTADY COUNTY,8,1,7,12.5,2.241690886329617,47.08948057698615
2W6,ST. MARYS COUNTY REGIONAL,8,4,4,50.0,21.521252682444185,78.47874731755581
KFHB,FERANDINA BEACH MUNICIPAL ARPT,8,3,5,37.5,13.684175946152106,69.42621454161981
KHSA,STENNIS INTL ARPT,8,0,8,0.0,0.0,32.441561951087685
4B8,ROBERTSON FIELD,8,4,4,50.0,21.521252682444185,78.47874731755581
KOXB,OCEAN CITY MUNICIPAL  ARPT (MD),8,7,1,87.5,52.91051942301386,97.75830911367038
KSGH,SPRINGFIELD-BECKLEY MUNICIPAL ARPT,8,3,5,37.5,13.684175946152106,69.42621454161981
FAOR,O. R. TAMBO INTL APRT,8,1,7,12.5,2.241690886329617,47.08948057698615
KDVL,DEVILS LAKE REGIONAL ARPT,8,2,6,25.0,7.147768885802764,59.073012089741084
Z41,LAKE HOOD STRIP ARPT,8,1,7,12.5,2.241690886329617,47.08948057698615
KPDT,EASTERN OREGON REGNL ARPT AT PENDLETON,8,0,8,0.0,0.0,32.441561951087685
KGGE,GEORGETOWN COUNTY ARPT,8,5,3,62.5,30.573785458380186,86.3158240538479
PHLU,KALAUPAPA ARPT,8,2,6,25.0,7.147768885802764,59.073012089741084
KHKY,HICKORY REGIONAL ARPT,8,0,8,0.0,0.0,32.441561951087685
KHWY,WARRENTON-FAUQUIER,8,5,3,62.5,30.573785458380186,86.3158240538479
KAXN,CHANDLER FIELD ARPT,8,5,3,62.5,30.573785458380186,86.3158240538479
KPNC,PONCA CITY MUNICIPAL ARPT,8,4,4,50.0,21.521252682444185,78.47874731755581
KAIA,ALLIANCE MUNICIPAL ARPT,7,0,7,0.0,0.0,35.433884297520656
KRLD,RICHLAND ARPT,7,2,5,28.57142857142857,8.221716570901549,64.10709098517873
KCKN,CROOKSTON MUNI ARPT-KIRKWOOD FIELD,7,2,5,28.57142857142857,8.221716570901549,64.10709098517873
F45,NORTH PALM BEACH COUNTY GENERAL AVIATION,7,4,3,57.14285714285714,25.04542304090258,84.17830777373732
KGVL,LEE GILMER MEMORIAL ARPT,7,3,4,42.857142857142854,15.821692226262684,74.95457695909742
ETAR,RAMSTEIN AIR FORCE BASE,7,2,5,28.57142857142857,8.221716570901549,64.10709098517873
SVVA,ARTURO MICHELENA INTL,7,1,6,14.285714285714285,2.567895594897479,51.313450331903
KEUL,CALDWELL INDUSTRIAL ARPT,7,2,5,28.57142857142857,8.221716570901549,64.10709098517873
KPGA,PAGE MUNICIPAL,7,2,5,28.57142857142857,8.221716570901549,64.10709098517873
LFPO,ORLY,7,3,4,42.857142857142854,15.821692226262684,74.95457695909742
KRMN,STAFFORD REGIONAL ARPT,7,3,4,42.857142857142854,15.821692226262684,74.95457695909742
33N,DELAWARE AIRPARK,7,6,1,85.71428571428571,48.68654966809701,97.43210440510252
KLRO,MT PLEASANT REGL ARPT-FAISON FIELD,7,3,4,42.857142857142854,15.821692226262684,74.95457695909742
KMSS,MASSENA INTL ARPT-RICHARDS FIELD,7,3,4,42.857142857142854,15.821692226262684,74.95457695909742
X51,HOMESTEAD GENERAL AVIATION ARPT,7,3,4,42.857142857142854,15.821692226262684,74.95457695909742
KPCW,ERIE-OTTAWA INTL ARPT - CARL KELLER FIELD,7,3,4,42.857142857142854,15.821692226262684,74.95457695909742
KMTC,SELFRIDGE AIR NATIONAL GUARD BASE,7,2,5,28.57142857142857,8.221716570901549,64.10709098517873
KDIJ,DRIGGS-REED MEMORIAL ARPT,7,1,6,14.285714285714285,2.567895594897479,51.313450331903
KGBD,GREAT BENT MUNICIPAL,7,2,5,28.57142857142857,8.221716570901549,64.10709098517873
PAHO,HOMER ARPT,7,0,7,0.0,0.0,35.433884297520656
KMQI,DARE COUNTY REGIONAL ARPT,7,4,3,57.14285714285714,25.04542304090258,84.17830777373732
KBRL,SOUTHEAST IOWA REGIONAL ARPT,7,2,5,28.57142857142857,8.221716570901549,64.10709098517873
KDKX,KNOXVILLE DOWNTOWN ISLAND ARPT,7,2,5,28.57142857142857,8.221716570901549,64.10709098517873
KBUY,BURLINGTON-ALAMANCE REGIONAL,7,5,2,71.42857142857143,35.892909014821264,91.77828342909844
S43,HARVEY FIELD,7,6,1,85.71428571428571,48.68654966809701,97.43210440510252
KMBL,MANISTEE COUNTY-BLACKER ARPT,7,1,6,14.285714285714285,2.567895594897479,51.313450331903
KAUM,AUSTIN MUNICIPAL,7,3,4,42.857142857142854,15.821692226262684,74.95457695909742
CYKF,KITCHENER/WATERLOO REGIONAL,7,1,6,14.285714285714285,2.567895594897479,51.313450331903
3S8,GRANTS PASS ARPT,7,3,4,42.857142857142854,15.821692226262684,74.95457695909742
KOFK,NORFOLK REGNL ARPT/KARL STEFAN MEMORIAL FIELD,7,2,5,28.57142857142857,8.221716570901549,64.10709098517873
KUTA,TUNICA MUNICIPAL ARPT,7,2,5,28.57142857142857,8.221716570901549,64.10709098517873
KTEX,TELLURIDE REGIONAL ARPT,7,1,6,14.285714285714285,2.567895594897479,51.313450331903
KTBN,WAYNESVILLE-ST ROBERT REGIONAL FORNEY FIELD,7,0,7,0.0,0.0,35.433884297520656
7LS3,LAKE PALOURDE BASE HELIPORT,7,0,7,0.0,0.0,35.433884297520656
KUNI,OHIO UNIVERSITY ARPT-SNYDER FIELD,7,4,3,57.14285714285714,25.04542304090258,84.17830777373732
LERT,ROTA,7,2,5,28.57142857142857,8.221716570901549,64.10709098517873
EGNX,EAST MIDLANDS,7,3,4,42.857142857142854,15.821692226262684,74.95457695909742
KHRO,BOONE COUNTY ARPT,7,1,6,14.285714285714285,2.567895594897479,51.313450331903
RCKH,KAOHSIUNG INTL,7,0,7,0.0,0.0,35.433884297520656
RJNA,NAGOYA,7,0,7,0.0,0.0,35.433884297520656
O69,PETALUMA MUNICIPAL ARPT,7,4,3,57.14285714285714,25.04542304090258,84.17830777373732
KRNV,CLEVELAND MUNICIPAL ARPT,7,2,5,28.57142857142857,8.221716570901549,64.10709098517873
KMVN,MOUNT VERNON ARPT,7,1,6,14.285714285714285,2.567895594897479,51.313450331903
H2O,REMOTE_WATER,7,6,1,85.71428571428571,48.68654966809701,97.43210440510252
KHLG,WHEELING OHIO COUNTY ARPT,7,3,4,42.857142857142854,15.821692226262684,74.95457695909742
KHDC,HAMMOND NORTHSHORE REGIONAL ARPT,7,1,6,14.285714285714285,2.567895594897479,51.313450331903
SKCG,RAFAEL NUNEZ INTERNATIONAL ARPT,7,0,7,0.0,0.0,35.433884297520656
6B6,MINUTE MAN AIR FIELD,7,4,3,57.14285714285714,25.04542304090258,84.17830777373732
KCOI,MERRIT ISLAND ARPT,7,6,1,85.71428571428571,48.68654966809701,97.43210440510252
KSPA,SPARTANBURG DOWNTOWN MEMORIAL ARPT,7,3,4,42.857142857142854,15.821692226262684,74.95457695909742
KMCD,MACKINAC ISLAND ARPT,7,3,4,42.857142857142854,15.821692226262684,74.95457695909742
KRSN,RUSTON REGIONAL ARPT,7,3,4,42.857142857142854,15.821692226262684,74.95457695909742
KCCO,NEWNAN COWETA COUNTY ARPT,7,1,6,14.285714285714285,2.567895594897479,51.313450331903
KRWI,ROCKY MOUNT-WILSON REGNL ARPT,7,2,5,28.57142857142857,8.221716570901549,64.10709098517873
KNIP,JACKSONVILLE NAS (TOWERS FIELD),7,1,6,14.285714285714285,2.567895594897479,51.313450331903
EDDT,BERLIN TEGEL,7,1,6,14.285714285714285,2.567895594897479,51.313450331903
KBWD,BROWNWOOD REGIONAL ARPT,7,4,3,57.14285714285714,25.04542304090258,84.17830777373732
MMCU,GENERAL ROBERTO FIERRO VILLALOBOS INTL,6,0,6,0.0,0.0,39.03430336530645
KGPZ,GRAND RAPIDS/ITASCA COUNTY ARPT-GORDON NEWSTROM FIELD,6,2,4,33.33333333333333,9.676933255921682,70.00116786584712
KHQM,BOWERMAN ARPT,6,5,1,83.33333333333334,43.649056343635394,96.99474141282697
KHZY,NORTHEAST OHIO REGIONAL ARPT,6,1,5,16.666666666666664,3.005258587173032,56.350943656364606
KHMT,HEMET-RYAN ARPT,6,2,4,33.33333333333333,9.676933255921682,70.00116786584712
KHAF,HALF MOON BAY,6,0,6,0.0,0.0,39.03430336530645
LICZ,SIGONELLA,6,0,6,0.0,0.0,39.03430336530645
KEGV,EAGLE RIVER UNION ARPT,6,1,5,16.666666666666664,3.005258587173032,56.350943656364606
SLVR,VIRU VIRU INTL,6,2,4,33.33333333333333,9.676933255921682,70.00116786584712
SPIM,JORGE CHAVEZ INTL,6,4,2,66.66666666666666,29.998832134152863,90.3230667440783
KCEZ,CORTEZ MUNICIPAL ARPT,6,1,5,16.666666666666664,3.005258587173032,56.350943656364606
KRKP,ARANSAS COUNTY ARPT,6,3,3,50.0,18.761280689940868,81.23871931005912
KADF,DEXTER B FLORENCE MEMORIAL FIELD ARPT,6,3,3,50.0,18.761280689940868,81.23871931005912
KRKS,ROCK SPRINGS-SWEETWATER CO,6,2,4,33.33333333333333,9.676933255921682,70.00116786584712
KCNW,TSTC WACO,6,0,6,0.0,0.0,39.03430336530645
KVCB,NUT TREE AIRPORT,6,2,4,33.33333333333333,9.676933255921682,70.00116786584712
KUDD,BERMUDA DUNES ARPT,6,2,4,33.33333333333333,9.676933255921682,70.00116786584712
KUKF,WILKES COUNTY AIRPORT,6,1,5,16.666666666666664,3.005258587173032,56.350943656364606
KUVA,GARNER FIELD ARPT,6,3,3,50.0,18.761280689940868,81.23871931005912
KCDR,CHADRON MUNICIPAL ARPT,6,3,3,50.0,18.761280689940868,81.23871931005912
KLMO,VANCE BRAND ARPT,6,2,4,33.33333333333333,9.676933255921682,70.00116786584712
KLCI,LACONIA MUNICIPAL,6,2,4,33.33333333333333,9.676933255921682,70.00116786584712
KAID,ANDERSON MUNI-DARLINGTON FLD,6,1,5,16.666666666666664,3.005258587173032,56.350943656364606
NZAA,AUCKLAND INTL,6,0,6,0.0,0.0,39.03430336530645
N51,SOLBERG-HUNTERDON,6,5,1,83.33333333333334,43.649056343635394,96.99474141282697
KCEW,BOB SIKES ARPT,6,3,3,50.0,18.761280689940868,81.23871931005912
KSRC,SEARCY MUNICIPAL ARPT,6,2,4,33.33333333333333,9.676933255921682,70.00116786584712
KOKM,OKMULGEE REGIONAL  ARPT,6,6,0,100.0,60.96569663469354,99.99999999999999
KJBR,JONESBORO MUNICIPAL ARPT,6,4,2,66.66666666666666,29.998832134152863,90.3230667440783
KANJ,SAULT STE MARIE MUNICIPAL,6,3,3,50.0,18.761280689940868,81.23871931005912
KMOP,MT PLEASANT MUNICIPAL ARPT,6,6,0,100.0,60.96569663469354,99.99999999999999
KAUW,WAUSAU DOWNTOWN ARPT,6,3,3,50.0,18.761280689940868,81.23871931005912
KEYE,EAGLE CREEK AIRPARK,6,2,4,33.33333333333333,9.676933255921682,70.00116786584712
KSRR,SIERRA BLANCA REGIONAL,6,0,6,0.0,0.0,39.03430336530645
2G2,JEFFERSON COUNTY ARPT,6,3,3,50.0,18.761280689940868,81.23871931005912
KINL,FALLS INTL ARPT,6,2,4,33.33333333333333,9.676933255921682,70.00116786584712
KGIF,WINTER HAVEN'S GILBERT ARPT,6,3,3,50.0,18.761280689940868,81.23871931005912
KKLS,SOUTHWEST WASHINGTON REGIONAL ARPT,6,1,5,16.666666666666664,3.005258587173032,56.350943656364606
KFME,TIPTON ARPT,6,3,3,50.0,18.761280689940868,81.23871931005912
KSOW,SHOW LOW REGIONAL ARPT,6,3,3,50.0,18.761280689940868,81.23871931005912
KSMD,SMITH FIELD ARPT,6,1,5,16.666666666666664,3.005258587173032,56.350943656364606
KSKY,GRIFFING SANDUSKY ARPT,6,6,0,100.0,60.96569663469354,99.99999999999999
A29,SITKA (SPB),6,3,3,50.0,18.761280689940868,81.23871931005912
KCVO,CORVALLIS MUNICIPAL ARPT,6,1,5,16.666666666666664,3.005258587173032,56.350943656364606
KCUB,JIM HAMILTON L B OWENS ARPT,6,4,2,66.66666666666666,29.998832134152863,90.3230667440783
KRFI,RUSK COUNTY ARPT,6,5,1,83.33333333333334,43.649056343635394,96.99474141282697
KRMG,RICHARD B RUSSELL,6,3,3,50.0,18.761280689940868,81.23871931005912
KSVC,GRANT COUNTY,6,1,5,16.666666666666664,3.005258587173032,56.350943656364606
KMWK,MOUNT AIRY/SURRY COUNTY ARPT,6,1,5,16.666666666666664,3.005258587173032,56.350943656364606
KMQT,MARQUETTE COUNTY,6,0,6,0.0,0.0,39.03430336530645
KMRH,MICHAEL J SMITH FIELD ARPT,6,3,3,50.0,18.761280689940868,81.23871931005912
LHBP,FERIHEGY ARPT,6,0,6,0.0,0.0,39.03430336530645
KVDF,TAMPA EXECUTIVE ARPT,6,2,4,33.33333333333333,9.676933255921682,70.00116786584712
KFLD,FOND DU LAC COUNTY ARPT,6,1,5,16.666666666666664,3.005258587173032,56.350943656364606
MD71,UNIV OF MD SHOCK TRAUMA CTR HELIPORT,6,0,6,0.0,0.0,39.03430336530645
PAKI,KIPNUK ARPT,6,4,2,66.66666666666666,29.998832134152863,90.3230667440783
PAKN,KING SALMON,6,1,5,16.666666666666664,3.005258587173032,56.350943656364606
PAKU,UGNU-KUPARUK ARPT,6,2,4,33.33333333333333,9.676933255921682,70.00116786584712
KFLY,MEADOW LAKE ARPT,6,4,2,66.66666666666666,29.998832134152863,90.3230667440783
MHPR,COMAYAGUA INTL,6,0,6,0.0,0.0,39.03430336530645
KBDH,WILLMAR MUNI ARPT-JOHN L RICE FIELD,6,3,3,50.0,18.761280689940868,81.23871931005912
KSOP,MOORE COUNTY ARPT,6,0,6,0.0,0.0,39.03430336530645
I68,LEBANON-WARREN COUNTY ARPT,6,1,5,16.666666666666664,3.005258587173032,56.350943656364606
KEKY,BESSEMER ARPT,6,5,1,83.33333333333334,43.649056343635394,96.99474141282697
KEKM,ELKHART MUNICIPAL ARPT,6,1,5,16.666666666666664,3.005258587173032,56.350943656364606
KHNB,HUNTINGBURG ARPT,6,2,4,33.33333333333333,9.676933255921682,70.00116786584712
KLBX,TEXAS GULF COAST REGIONAL ARPT,6,4,2,66.66666666666666,29.998832134152863,90.3230667440783
KPCM,PLANT CITY ARPT,6,4,2,66.66666666666666,29.998832134152863,90.3230667440783
EDDL,DUSSELDORF,6,2,4,33.33333333333333,9.676933255921682,70.00116786584712
26N,OCEAN CITY MUNICIPAL (NJ),6,4,2,66.66666666666666,29.998832134152863,90.3230667440783
KHSD,SUNDANCE AIRPARK,6,3,3,50.0,18.761280689940868,81.23871931005912
EIDW,DUBLIN INTL ARPT,6,0,6,0.0,0.0,39.03430336530645
EBLG,LIEGE ARPT,6,2,4,33.33333333333333,9.676933255921682,70.00116786584712
TLPC,ST. LUCIA-VIGIE,6,2,4,33.33333333333333,9.676933255921682,70.00116786584712
1B1,COLUMBIA COUNTY ARPT,6,6,0,100.0,60.96569663469354,99.99999999999999
TUPJ,T B LETTSOME INTL,5,0,5,0.0,0.0,43.4491494752081
KHOB,LEA COUNTY REGIONAL ARPT,5,0,5,0.0,0.0,43.4491494752081
KHYR,SAWYER COUNTY ARPT,5,4,1,80.0,37.55282641185388,96.37768390302125
KHEZ,HARDY-ANDERS FLD NATCHEZ-ADAMS CNTY,5,0,5,0.0,0.0,43.4491494752081
KIGM,KINGMAN,5,1,4,20.0,3.6223160969787447,62.44717358814613
5B2,SARATOGA COUNTY ARPT,5,1,4,20.0,3.6223160969787447,62.44717358814613
MPHO,PANAMA PACIFIC INTL ARPT,5,0,5,0.0,0.0,43.4491494752081
4G4,YOUNGSTOWN ELSER METRO,5,3,2,60.0,23.07199322088371,88.23817688407468
KEDC,AUSTIN EXECUTIVE ARPT,5,2,3,40.0,11.76182311592533,76.9280067791163
KLDM,MASON COUNTY ARPT (MI),5,3,2,60.0,23.07199322088371,88.23817688407468
KLEW,AUBURN-LEWISTON MUNICIPAL,5,1,4,20.0,3.6223160969787447,62.44717358814613
KLHM,LINCOLN REGNL ARPT/KARL HARDER FLD,5,3,2,60.0,23.07199322088371,88.23817688407468
KDMW,CARROLL COUNTY REGNL ARPT/JACK B POAGE FIELD,5,3,2,60.0,23.07199322088371,88.23817688407468
KDOV,DOVER AIR FORCE BASE,5,0,5,0.0,0.0,43.4491494752081
KCNM,CAVERN CITY AIR TERMINAL,5,1,4,20.0,3.6223160969787447,62.44717358814613
KMBO,BRUCE CAMPBELL FIELD,5,5,0,100.0,56.550850524791905,100.0
P08,COLLIDGE MUNICIPAL ARPT,5,1,4,20.0,3.6223160969787447,62.44717358814613
KMCF,MACDILL AIR FORCE BASE,5,2,3,40.0,11.76182311592533,76.9280067791163
KWVL,WATERVILLE ROBERT LAFLEUR ARPT,5,0,5,0.0,0.0,43.4491494752081
KCEU,OCONEE COUNTY REGIONAL ARPT,5,4,1,80.0,37.55282641185388,96.37768390302125
KXNX,MUSIC CITY EXECUTIVE AIRPORT,5,2,3,40.0,11.76182311592533,76.9280067791163
KMAC,MACON DOWNTOWN ARPT,5,2,3,40.0,11.76182311592533,76.9280067791163
KEZS,SHAWANO MUNICIPAL ARPT,5,4,1,80.0,37.55282641185388,96.37768390302125
5C1,BOERNE STAGE FIELD,5,4,1,80.0,37.55282641185388,96.37768390302125
MDLR,LA ROMANA INTL,5,1,4,20.0,3.6223160969787447,62.44717358814613
KVPZ,PORTER COUNTY MUNICIPAL,5,4,1,80.0,37.55282641185388,96.37768390302125
KDZB,HORSESHOE BAY RESORT ARPT,5,3,2,60.0,23.07199322088371,88.23817688407468
KDDC,DODGE CITY REGIONAL ARPT,5,0,5,0.0,0.0,43.4491494752081
KFCH,FRESNO CHANDLER EXECUTIVE ARPT,5,0,5,0.0,0.0,43.4491494752081
KDAN,DANVILLE REGIONAL ARPT,5,3,2,60.0,23.07199322088371,88.23817688407468
KMAI,MARIANNA MUNICIPAL ARPT,5,2,3,40.0,11.76182311592533,76.9280067791163
PACK,CHEFORNAK ARPT,5,3,2,60.0,23.07199322088371,88.23817688407468
E45,PINE MOUNTAIN LAKE ARPT,5,4,1,80.0,37.55282641185388,96.37768390302125
EPWA,WARSAW CHOPIN ARPT,5,0,5,0.0,0.0,43.4491494752081
KGVQ,GENESEE COUNTY ARPT,5,3,2,60.0,23.07199322088371,88.23817688407468
KGPM,GRAND PRAIRIE MUNI ARPT,5,0,5,0.0,0.0,43.4491494752081
KGOK,GUTHRIE-EDMOND REGNL ARPT,5,4,1,80.0,37.55282641185388,96.37768390302125
TJIG,FERNANDO LUIS RIBAS DOMINICCI ARPT,5,0,5,0.0,0.0,43.4491494752081
PLPA,PALMYRA (COOPER) AIRPORT,5,1,4,20.0,3.6223160969787447,62.44717358814613
KGHG,MARSHFIELD MUNI ARPT-GEORGE HARLOW FIELD,5,2,3,40.0,11.76182311592533,76.9280067791163
EGPK,PRESTWICK,5,2,3,40.0,11.76182311592533,76.9280067791163
KPCZ,WAUPACA MUNICIPAL ARPT,5,4,1,80.0,37.55282641185388,96.37768390302125
EDDS,STUTTGART,5,1,4,20.0,3.6223160969787447,62.44717358814613
Y31,WEST BRANCH COMMUNITY ARPT,5,4,1,80.0,37.55282641185388,96.37768390302125
K15,GRND GLAIZE-OSAGE BEACH,5,4,1,80.0,37.55282641185388,96.37768390302125
I69,CLERMONT COUNTY ARPT,5,3,2,60.0,23.07199322088371,88.23817688407468
KSER,FREEMAN MUNICIPAL ARPT,5,1,4,20.0,3.6223160969787447,62.44717358814613
KSVH,STATESVILLE REGIONAL ARPT,5,1,4,20.0,3.6223160969787447,62.44717358814613
KBJJ,WAYNE COUNTY,5,2,3,40.0,11.76182311592533,76.9280067791163
KSZT,SANDPOINT ARPT,5,3,2,60.0,23.07199322088371,88.23817688407468
KMWL,MINERAL WELLS ARPT,5,4,1,80.0,37.55282641185388,96.37768390302125
KSGU,ST GEORGE MUNICIPAL ARPT,5,0,5,0.0,0.0,43.4491494752081
KBOW,BARTOW MUNICIPAL,5,2,3,40.0,11.76182311592533,76.9280067791163
KMTP,MONTAUK ARPT,5,5,0,100.0,56.550850524791905,100.0
KGAF,HUTSON FIELD ARPT,5,0,5,0.0,0.0,43.4491494752081
KAXH,HOUSTON-SOUTHWEST ARPT,5,1,4,20.0,3.6223160969787447,62.44717358814613
KNKT,CHERRY POINT MARINE AIR CORPS AIR ST,5,1,4,20.0,3.6223160969787447,62.44717358814613
KIPL,IMPERIAL COUNTY ARPT,5,3,2,60.0,23.07199322088371,88.23817688407468
KGAS,GALLIA-MEIGS REGIONAL ARPT,5,3,2,60.0,23.07199322088371,88.23817688407468
KGBG,GALESBURG MUNICIPAL AIRPORT,5,0,5,0.0,0.0,43.4491494752081
KTBR,STATESBORO -BULLOCH COUNTY ARPT,5,3,2,60.0,23.07199322088371,88.23817688407468
KBTM,BERT MOONEY,5,2,3,40.0,11.76182311592533,76.9280067791163
PASX,SOLDOTNA AIRPORT,5,2,3,40.0,11.76182311592533,76.9280067791163
KMNE,MINDEN ARPT,5,0,5,0.0,0.0,43.4491494752081
KMLE,MILLARD ARPT,5,1,4,20.0,3.6223160969787447,62.44717358814613
KMML,SOUTHWEST MINNESOTA REGNL ARPT-MARSHALL/RYAN FIELD,5,5,0,100.0,56.550850524791905,100.0
KTOP,PHILIP BILLARD MUNICIPAL ARPT,5,3,2,60.0,23.07199322088371,88.23817688407468
KTTS,NASA SHUTTLE LANDING FACILITY,5,1,4,20.0,3.6223160969787447,62.44717358814613
KBYI,BURLEY MUNICIPAL AIRPORT,5,0,5,0.0,0.0,43.4491494752081
KBXM,BRUNSWICK EXECUTIVE ARPT,5,1,4,20.0,3.6223160969787447,62.44717358814613
KCJR,CULPEPER REGIONAL ARPT,5,2,3,40.0,11.76182311592533,76.9280067791163
O22,COLUMBIA ARPT,5,4,1,80.0,37.55282641185388,96.37768390302125
KJMR,MORA MUNICIPAL ARPT,5,1,4,20.0,3.6223160969787447,62.44717358814613
MYSM,SAN SALVADOR INTL,5,1,4,20.0,3.6223160969787447,62.44717358814613
KMJX,ROBT J MILLER AIR PARK,5,3,2,60.0,23.07199322088371,88.23817688407468
7LS4,PETROL HELI INTRACOASTAL CITY,5,2,3,40.0,11.76182311592533,76.9280067791163
7D5,PRIEBE ARPT,5,1,4,20.0,3.6223160969787447,62.44717358814613
KVAY,SOUTH JERSEY REGIONAL ARPT,5,2,3,40.0,11.76182311592533,76.9280067791163
KAEG,DOUBLE EAGLE II ARPT,5,1,4,20.0,3.6223160969787447,62.44717358814613
KRCR,FULTON COUNTY ARPT (IN),5,1,4,20.0,3.6223160969787447,62.44717358814613
RKSS,KIMPO INTL,5,3,2,60.0,23.07199322088371,88.23817688407468
CYXU,LONDON,5,2,3,40.0,11.76182311592533,76.9280067791163
KSDY,SIDNEY-RICHLAND MUNICIPAL ARPT,5,1,4,20.0,3.6223160969787447,62.44717358814613
CYHZ,HALIFAX INTL,5,0,5,0.0,0.0,43.4491494752081
ESSA,STOCKHOLM ARLANDA,5,0,5,0.0,0.0,43.4491494752081
PJON,JOHNSTON ATOLL ARPT,5,0,5,0.0,0.0,43.4491494752081
EGGW,LONDON-LUTON ARPT,5,1,4,20.0,3.6223160969787447,62.44717358814613
07FA,OCEAN REEF CLUB,5,1,4,20.0,3.6223160969787447,62.44717358814613
X26,SEBASTIAN MUNICIPAL,5,2,3,40.0,11.76182311592533,76.9280067791163
KCTY,CROSS CITY ARPT,4,3,1,75.0,30.06360524426366,95.44139373553637
PAFE,KAKE ARPT,4,0,4,0.0,0.0,48.990002040399915
PAGA,EDWARD G PITKA SR ARPT,4,0,4,0.0,0.0,48.990002040399915
PAGY,SKAGWAY ARPT,4,1,3,25.0,4.558606264463622,69.93639475573634
KEZM,HEART OF GEORGIA REGIONAL ARPT,4,1,3,25.0,4.558606264463622,69.93639475573634
KWBW,WILKES-BARRE WYOMING VALLEY AIRPORT,4,2,2,50.0,15.003570882017147,84.99642911798286
KWRI,MC GUIRE AIR FORCE BASE,4,1,3,25.0,4.558606264463622,69.93639475573634
KMCB,MC COMB (PIKE COUNTY) ARPT,4,1,3,25.0,4.558606264463622,69.93639475573634
KMCX,WHITE COUNTY ARPT,4,2,2,50.0,15.003570882017147,84.99642911798286
KCLI,CLINTONVILLE MUNICIPAL ARPT,4,3,1,75.0,30.06360524426366,95.44139373553637
3MY,MOUNT HAWLEY AUXILIARY ARPT,4,3,1,75.0,30.06360524426366,95.44139373553637
OETN,RAS TANAJIB,4,1,3,25.0,4.558606264463622,69.93639475573634
KVGC,HAMILTON MUNICIPAL ARPT,4,1,3,25.0,4.558606264463622,69.93639475573634
KFFM,FERGUS FALLS MUNI ARPT-EINAR MICKELSON FIELD,4,1,3,25.0,4.558606264463622,69.93639475573634
KEOK,KEOKUK MUNICIPAL ARPT,4,3,1,75.0,30.06360524426366,95.44139373553637
KELY,ELY AIRPORT/YELLAND FIELD,4,0,4,0.0,0.0,48.990002040399915
50R,LOCKHART MUNICIPAL ARPT,4,1,3,25.0,4.558606264463622,69.93639475573634
LKPR,VACLAV HAVEL ARPT PRAGUE,4,1,3,25.0,4.558606264463622,69.93639475573634
M17,BOLIVAR MUNICIPAL ARPT,4,2,2,50.0,15.003570882017147,84.99642911798286
4MS6,UNIV OF MISSISSIPPI MEDICAL CENTER HELI,4,0,4,0.0,0.0,48.990002040399915
KVTA,NEWARK-HEATH ARPT,4,1,3,25.0,4.558606264463622,69.93639475573634
KLCQ,LAKE CITY MUNICIPAL ARPT,4,1,3,25.0,4.558606264463622,69.93639475573634
KDLZ,DELAWARE MUNICIPAL ARPT-JIM MOORE FIELD,4,2,2,50.0,15.003570882017147,84.99642911798286
KLGC,LAGRANGE-CALLAWAY ARPT,4,2,2,50.0,15.003570882017147,84.99642911798286
4D0,ABRAMS MUNICIPAL ARPT,4,2,2,50.0,15.003570882017147,84.99642911798286
MMTC,TORREON INTL ARPT,4,0,4,0.0,0.0,48.990002040399915
1O2,LAMPSON FIELD ARPT,4,1,3,25.0,4.558606264463622,69.93639475573634
KIGX,HORACE WILLIAMS ARPT,4,3,1,75.0,30.06360524426366,95.44139373553637
VVNB,NOI BAI INTL ARPT,4,0,4,0.0,0.0,48.990002040399915
KGYI,NORTH TEXAS REGNL ARPT/PERRIN FIELD,4,2,2,50.0,15.003570882017147,84.99642911798286
VOBL,KEMPEGOWDA INTERNATIONAL AIRPORT,4,0,4,0.0,0.0,48.990002040399915
1G4,GRAND CANYON WEST,4,1,3,25.0,4.558606264463622,69.93639475573634
W00,FREEWAY ARPT,4,0,4,0.0,0.0,48.990002040399915
SMJP,JOHAN A PENGEL INTL,4,0,4,0.0,0.0,48.990002040399915
KHIG,HIGGINSVILLE INDUSTRIAL MUNICIPAL ARPT,4,3,1,75.0,30.06360524426366,95.44139373553637
P19,STELLAR AIRPARK,4,1,3,25.0,4.558606264463622,69.93639475573634
OR81,OLINGER AIRPARK,4,0,4,0.0,0.0,48.990002040399915
KCVC,COVINGTON MUNICIPAL ARPT,4,0,4,0.0,0.0,48.990002040399915
KCTJ,WEST GEORGIA REGNL ARPT-O V GRAY FIELD,4,2,2,50.0,15.003570882017147,84.99642911798286
MUVR,JUAN GUALBERTO GOMEZ ARPT,4,0,4,0.0,0.0,48.990002040399915
MMZC,ZACATECAS INTL ARPT,4,0,4,0.0,0.0,48.990002040399915
KEHR,HENDERSON CITY-COUNTY ARPT,4,2,2,50.0,15.003570882017147,84.99642911798286
KESF,ESLER REGIONAL ARPT,4,2,2,50.0,15.003570882017147,84.99642911798286
KDYB,SUMMERVILLE AIRPORT,4,1,3,25.0,4.558606264463622,69.93639475573634
KEDE,NORTHEASTERN REGIONAL,4,2,2,50.0,15.003570882017147,84.99642911798286
KLWA,SOUTH HAVEN AREA REGIONAL AIRPORT,4,3,1,75.0,30.06360524426366,95.44139373553637
KTPL,DRAUGHON-MILLER CENTRAL TEXAS REGIONAL ARPT,4,3,1,75.0,30.06360524426366,95.44139373553637
KTCY,TRACY MUNICIPAL ARPT,4,3,1,75.0,30.06360524426366,95.44139373553637
KTTA,RALEIGH EXEC JETPORT AT SANFORD-LEE CNTY ARPT,4,3,1,75.0,30.06360524426366,95.44139373553637
KMMK,MERIDEN MARKHAM MUNICIPAL ARPT,4,1,3,25.0,4.558606264463622,69.93639475573634
KMNM,MENOMINEE-MARINETTE TWIN CO ARPT,4,1,3,25.0,4.558606264463622,69.93639475573634
KTPF,PETER O KNIGHT ARPT,4,0,4,0.0,0.0,48.990002040399915
KIYA,ABBEVILLE CHRIS CRUSTA MEMORIAL APRT,4,1,3,25.0,4.558606264463622,69.93639475573634
KAIZ,LEE C FINE MEMORIAL ARPT,4,2,2,50.0,15.003570882017147,84.99642911798286
KSPK,SPANISH FORK-SPRINGVILLE,4,1,3,25.0,4.558606264463622,69.93639475573634
KAUN,AUBURN MUNICIPAL (CA),4,3,1,75.0,30.06360524426366,95.44139373553637
KBEC,BEECH FACTORY ARPT,4,2,2,50.0,15.003570882017147,84.99642911798286
KSBS,STEAMBOAT SPRINGS ARPT/BOB ADAMS FIELD,4,3,1,75.0,30.06360524426366,95.44139373553637
CKU,CORDOVA MUNICIPAL ARPT,4,2,2,50.0,15.003570882017147,84.99642911798286
KFWQ,ROSTRAVER,4,4,0,100.0,51.009997959600085,100.0
KFYJ,MIDDLE PENINSULA REGIONAL ARPT,4,3,1,75.0,30.06360524426366,95.44139373553637
KGCM,CLAREMORE REGIONAL ARPT,4,2,2,50.0,15.003570882017147,84.99642911798286
KSUW,RICHARD I BONG ARPT,4,2,2,50.0,15.003570882017147,84.99642911798286
KSUU,TRAVIS AIR FORCE BASE,4,1,3,25.0,4.558606264463622,69.93639475573634
KTDZ,TOLEDO EXECUTIVE ARPT,4,3,1,75.0,30.06360524426366,95.44139373553637
KSXL,SUMMERSVILLE ARPT,4,1,3,25.0,4.558606264463622,69.93639475573634
KMPV,EDWARD F KNAPP STATE ARPT,4,0,4,0.0,0.0,48.990002040399915
KMTW,MANITOWOC COUNTY ARPT,4,1,3,25.0,4.558606264463622,69.93639475573634
KMSV,SULLIVAN COUNTY INTL,4,1,3,25.0,4.558606264463622,69.93639475573634
KBTN,BRITTON MUNICIPAL ARPT SD,4,3,1,75.0,30.06360524426366,95.44139373553637
KJGG,WILLIAMSBURG-JAMESTOWN ARPT,4,4,0,100.0,51.009997959600085,100.0
KCGZ,CASA GRANDE MUNICIPAL ARPT,4,2,2,50.0,15.003570882017147,84.99642911798286
N57,NEW GARDEN,4,2,2,50.0,15.003570882017147,84.99642911798286
6J0,LEXINGTON COUNTY ARPT AT PELION,4,2,2,50.0,15.003570882017147,84.99642911798286
7M3,BEARCE ARPT,4,4,0,100.0,51.009997959600085,100.0
7B2,NORTHAMPTON ARPT,4,1,3,25.0,4.558606264463622,69.93639475573634
KTIP,RANTOUL NATL AVIATION CENTER ARPT,4,0,4,0.0,0.0,48.990002040399915
KCDI,CAMBRIDGE MUNICIPAL,4,1,3,25.0,4.558606264463622,69.93639475573634
KMLC,MC ALESTER REGIONAL ARPT,4,3,1,75.0,30.06360524426366,95.44139373553637
CYXE,SASKATOON/JOHN G. DIEFENBAKER INTL,4,1,3,25.0,4.558606264463622,69.93639475573634
CYYJ,VICTORIA INTL,4,1,3,25.0,4.558606264463622,69.93639475573634
KONP,NEWPORT MUNICIPAL ARPT (OR),4,0,4,0.0,0.0,48.990002040399915
KSEZ,SEDONA ARPT,4,4,0,100.0,51.009997959600085,100.0
KMZJ,PINAL AIRPARK,4,0,4,0.0,0.0,48.990002040399915
KSEP,CLARK FIELD MUNICIPAL ARPT,4,1,3,25.0,4.558606264463622,69.93639475573634
KPHK,PALM BEACH COUNTY GLADES AIRPORT,4,1,3,25.0,4.558606264463622,69.93639475573634
KPWT,BREMERTON NATIONAL ARPT,4,2,2,50.0,15.003570882017147,84.99642911798286
EGTO,ROCHESTER ARPT,4,1,3,25.0,4.558606264463622,69.93639475573634
EGPH,EDINBURGH ARPT,4,0,4,0.0,0.0,48.990002040399915
KIKK,GREATER KANKAKEE ARPT,4,2,2,50.0,15.003570882017147,84.99642911798286
KGLW,GLASGOW MUNICIPAL ARPT,4,2,2,50.0,15.003570882017147,84.99642911798286
2LS0,BRISTOW US LLC HELIPORT,4,0,4,0.0,0.0,48.990002040399915
2I0,MADISONVILLE MUNICIPAL,4,3,1,75.0,30.06360524426366,95.44139373553637
KRRT,WARROAD INTL MEMORIAL ARPT,4,2,2,50.0,15.003570882017147,84.99642911798286
KOLF,L M CLAYTON,4,3,1,75.0,30.06360524426366,95.44139373553637
KODO,ODESSA-SCHLEMEYER FIELD ARPT,4,3,1,75.0,30.06360524426366,95.44139373553637
KOLS,NOGALES INTL ARPT,4,1,3,25.0,4.558606264463622,69.93639475573634
KANB,ANNISTON METROPOLITAN ARPT,4,1,3,25.0,4.558606264463622,69.93639475573634
KAND,ANDERSON REGIONAL,4,4,0,100.0,51.009997959600085,100.0
KOZW,LIVINGSTON COUNTY SPENCER J HARDY,4,3,1,75.0,30.06360524426366,95.44139373553637
HDAM,DJIBOUTI-AMBOULI INTL ARPT,4,1,3,25.0,4.558606264463622,69.93639475573634
EDDP,LEIPZIG-HALLE,4,0,4,0.0,0.0,48.990002040399915
F72,FRANKLIN FIELD ARPT,4,0,4,0.0,0.0,48.990002040399915
GOOY,DAKAY-YOFF-LEOPOLD SEDAR SENGHOR,4,3,1,75.0,30.06360524426366,95.44139373553637
KPKD,PARK RAPIDS MUNICIPAL ARPT-KONSHOK FIELD,4,2,2,50.0,15.003570882017147,84.99642911798286
KPLU,PIERCE CO - THUN FIELD ARPT,4,2,2,50.0,15.003570882017147,84.99642911798286
KPJC,ZELIENOPLE MUNICIPAL,4,4,0,100.0,51.009997959600085,100.0
KPSO,STEVENS FIELD ARPT,4,0,4,0.0,0.0,48.990002040399915
KOZS,CAMDENTON MEMORIAL ARPT,4,4,0,100.0,51.009997959600085,100.0
KPAN,PAYSON ARPT,4,4,0,100.0,51.009997959600085,100.0
HECA,CAIRO INTL,4,1,3,25.0,4.558606264463622,69.93639475573634
KGWB,DE KALB COUNTY ARPT,4,1,3,25.0,4.558606264463622,69.93639475573634
KGPH,MIDWEST NATIONAL AIR CENTER ARPT,4,3,1,75.0,30.06360524426366,95.44139373553637
28J,PALATKA MUNICIPAL ARPT - LT KAY LARKIN FLD,4,0,4,0.0,0.0,48.990002040399915
12N,AEROFLEX-ANDOVER,4,2,2,50.0,15.003570882017147,84.99642911798286
0LA7,EXXON HELIPORT,4,1,3,25.0,4.558606264463622,69.93639475573634
06FA,WM P GWINN ARPT,4,2,2,50.0,15.003570882017147,84.99642911798286
0B8,ELIZABETH FIELD ARPT,3,2,1,66.66666666666666,20.76549551264879,93.85096847238394
KRNP,OWOSSO COMMUNITY ARPT,3,2,1,66.66666666666666,20.76549551264879,93.85096847238394
KPOV,PORTAGE COUNTY ARPT,3,2,1,66.66666666666666,20.76549551264879,93.85096847238394
KPPO,LA PORTE MUNICIPAL AIRPORT,3,1,2,33.33333333333333,6.14903152761605,79.23450448735122
H68,HEFNER-EASLEY AIRSTRIP,3,3,0,100.0,43.84939195509823,100.0
H71,MID-AMERICA INDUSTRIAL,3,2,1,66.66666666666666,20.76549551264879,93.85096847238394
KPLB,CLINTON COUNTY ARPT,3,1,2,33.33333333333333,6.14903152761605,79.23450448735122
KPSN,PALESTINE MUNICIPAL ARPT,3,1,2,33.33333333333333,6.14903152761605,79.23450448735122
KPTD,POTSDAM MUNICIPAL ARPT (DAMON FIELD),3,3,0,100.0,43.84939195509823,100.0
KPOF,POPLAR BLUFF MUNICIPAL,3,1,2,33.33333333333333,6.14903152761605,79.23450448735122
KRPH,GRAHAM MUNICIPAL ARPT,3,2,1,66.66666666666666,20.76549551264879,93.85096847238394
KHFY,GREENWOOD MUNICIPAL ARPT,3,0,3,0.0,0.0,56.15060804490177
KGOO,NEVADA COUNTY AIR PARK,3,3,0,100.0,43.84939195509823,100.0
KHYW,CONWAY-HORRY COUNTY ARPT,3,0,3,0.0,0.0,56.15060804490177
KHBV,JIM HOGG COUNTY ARPT,3,2,1,66.66666666666666,20.76549551264879,93.85096847238394
SKPE,MATECANA INTERNATIONAL AIRPORT,3,1,2,33.33333333333333,6.14903152761605,79.23450448735122
KGDB,GRANITE FALLS MUNICIPAL ARPT,3,1,2,33.33333333333333,6.14903152761605,79.23450448735122
KIDP,INDEPENDENCE MUNICIPAL ARPT,3,1,2,33.33333333333333,6.14903152761605,79.23450448735122
SEQU,OLD MARISCAL SUCRE INTL ARPT,3,1,2,33.33333333333333,6.14903152761605,79.23450448735122
E38,ALPINE-CASPARIS MUNICIPAL,3,1,2,33.33333333333333,6.14903152761605,79.23450448735122
D25,MANITOWISH WATERS,3,3,0,100.0,43.84939195509823,100.0
KRTS,RENO/STEAD ARPT,3,2,1,66.66666666666666,20.76549551264879,93.85096847238394
F44,ATHENS MUNICIPAL ARPT,3,1,2,33.33333333333333,6.14903152761605,79.23450448735122
KPBX,PIKE COUNTY ARPT - HATCHER FIELD,3,1,2,33.33333333333333,6.14903152761605,79.23450448735122
CYQX,GANDER INTL,3,1,2,33.33333333333333,6.14903152761605,79.23450448735122
KSFQ,SUFFOLK EXECUTIVE ARPT,3,2,1,66.66666666666666,20.76549551264879,93.85096847238394
KOQN,BRANDYWINE ARPT,3,2,1,66.66666666666666,20.76549551264879,93.85096847238394
C29,MIDDLETON MUNI ARPT - MOREY FIELD,3,2,1,66.66666666666666,20.76549551264879,93.85096847238394
C35,REEDSBURG MUNICIPAL,3,2,1,66.66666666666666,20.76549551264879,93.85096847238394
C56,BULT FIELD ARPT,3,0,3,0.0,0.0,56.15060804490177
AK28,CHENA MARINA ARPT,3,0,3,0.0,0.0,56.15060804490177
KORK,NORTH LITTLE ROCK MUNICIPAL ARPT,3,2,1,66.66666666666666,20.76549551264879,93.85096847238394
KOTM,OTTUMWA REGIONAL ARPT,3,3,0,100.0,43.84939195509823,100.0
KOPL,ST LANDRY PARISH ARPT-AHART FIELD,3,1,2,33.33333333333333,6.14903152761605,79.23450448735122
KOPN,THOMASTON-UPSON COUNTY ARPT,3,2,1,66.66666666666666,20.76549551264879,93.85096847238394
KSKX,TAOS REGIONAL AIRPORT,3,0,3,0.0,0.0,56.15060804490177
KSME,LAKE CUMBERLAND REGIONAL ARPT,3,1,2,33.33333333333333,6.14903152761605,79.23450448735122
KSJS,BIG SANDY REGIONAL ARPT,3,0,3,0.0,0.0,56.15060804490177
I40,RICHARD DOWNING,3,1,2,33.33333333333333,6.14903152761605,79.23450448735122
HKLU,MANDA AIRSTRIP,3,0,3,0.0,0.0,56.15060804490177
I18,JACKSON COUNTY ARPT,3,2,1,66.66666666666666,20.76549551264879,93.85096847238394
KSMS,SUMTER ARPT,3,3,0,100.0,43.84939195509823,100.0
KSNL,SHAWNEE REGIONAL ARPT,3,0,3,0.0,0.0,56.15060804490177
KSPB,SCAPPOOSE INDUSTRIAL AIRPARK,3,3,0,100.0,43.84939195509823,100.0
KSPW,SPENCER MUNICIPAL AIRPORT,3,3,0,100.0,43.84939195509823,100.0
KSJX,BEAVER ISLAND ARPT,3,3,0,100.0,43.84939195509823,100.0
KSKF,KELLY FIELD AIRPORT,3,1,2,33.33333333333333,6.14903152761605,79.23450448735122
KGLR,GAYLORD REGIONAL ARPT,3,1,2,33.33333333333333,6.14903152761605,79.23450448735122
KGEV,ASHE COUNTY,3,2,1,66.66666666666666,20.76549551264879,93.85096847238394
KGLD,RENNER FLD/GOODLAND MUNI ARPT,3,1,2,33.33333333333333,6.14903152761605,79.23450448735122
3G3,WADSWORTH MUNI ARPT,3,1,2,33.33333333333333,6.14903152761605,79.23450448735122
KIRS,KIRSCH MUNICIPAL ARPT,3,2,1,66.66666666666666,20.76549551264879,93.85096847238394
KGLE,GAINESVILLE MUNICIPAL ARPT,3,0,3,0.0,0.0,56.15060804490177
2IS,AIRGLADES AIRPORT,3,2,1,66.66666666666666,20.76549551264879,93.85096847238394
PKWA,BUCHOLZ AAF MARSHALL,3,0,3,0.0,0.0,56.15060804490177
PTRO,BABELTHUAP / KOROR ARPT,3,0,3,0.0,0.0,56.15060804490177
S24,SANDUSKY COUNTY REGIONAL ARPT,3,2,1,66.66666666666666,20.76549551264879,93.85096847238394
2B7,PITTSFIELD MUNICIPAL (ME),3,3,0,100.0,43.84939195509823,100.0
KAOH,LIMA ALLEN COUNTY,3,2,1,66.66666666666666,20.76549551264879,93.85096847238394
KSRB,UPPER CUMBERLAND REGIONAL ARPT,3,3,0,100.0,43.84939195509823,100.0
KSSQ,SHELL LAKE MUNICIPAL ARPT,3,2,1,66.66666666666666,20.76549551264879,93.85096847238394
KSTF,GEORGE M BRYAN ARPT,3,0,3,0.0,0.0,56.15060804490177
KAEL,ALBERT LEA MUNICIPAL ARPT,3,2,1,66.66666666666666,20.76549551264879,93.85096847238394
KONO,ONTARIO MUNICIPAL ARPT,3,1,2,33.33333333333333,6.14903152761605,79.23450448735122
KOFP,HANOVER COUNTY MUNICIPAL ARPT,3,2,1,66.66666666666666,20.76549551264879,93.85096847238394
KAMN,GRATIOT COMMUNITY,3,3,0,100.0,43.84939195509823,100.0
KANP,LEE ARPT,3,2,1,66.66666666666666,20.76549551264879,93.85096847238394
KANQ,TRI-STATE STEUBEN COUNTY ARPT,3,3,0,100.0,43.84939195509823,100.0
87Y,BLACKHAWK AIRFIELD,3,3,0,100.0,43.84939195509823,100.0
KACZ,WALLACE-PENDER AIRPROT,3,2,1,66.66666666666666,20.76549551264879,93.85096847238394
KAVC,MECKLENBURG-BRUNSWICK REGIONAL,3,2,1,66.66666666666666,20.76549551264879,93.85096847238394
9D4,DECK ARPT,3,1,2,33.33333333333333,6.14903152761605,79.23450448735122
KSUZ,SALINE COUNTY REGIONAL ARPT,3,0,3,0.0,0.0,56.15060804490177
9B1,MARLBORO ARPT,3,0,3,0.0,0.0,56.15060804490177
KFLP,MARION COUNTY REGIONAL ARPT,3,3,0,100.0,43.84939195509823,100.0
KFRM,FAIRMONT MUNICIPAL ARPT,3,1,2,33.33333333333333,6.14903152761605,79.23450448735122
KITR,KIT CARSON COUNTY,3,0,3,0.0,0.0,56.15060804490177
KFZY,OSWEGO COUNTY,3,2,1,66.66666666666666,20.76549551264879,93.85096847238394
KEVW,EVANSTON-UINTA COUNTY BURNS FIELD,3,2,1,66.66666666666666,20.76549551264879,93.85096847238394
KEWK,NEWTON CITY/COUNTY ARPT,3,0,3,0.0,0.0,56.15060804490177
KIWS,WEST HOUSTON ARPT,3,0,3,0.0,0.0,56.15060804490177
KNZY,NORTH ISLAND NAS (HALSEY FIELD),3,0,3,0.0,0.0,56.15060804490177
KASG,SPRINGDALE MUNICIPAL ARPT,3,3,0,100.0,43.84939195509823,100.0
KSYM,MOREHEAD-ROWAN CNTY/C A THOMAS RGNL ARPT,3,0,3,0.0,0.0,56.15060804490177
KTAN,TAUNTON MUNICIPAL ARPT - KING FIELD,3,2,1,66.66666666666666,20.76549551264879,93.85096847238394
KAKR,AKRON FULTON INTL ARPT,3,2,1,66.66666666666666,20.76549551264879,93.85096847238394
KNTD,POINT MUGU NAVAL AIR STATION,3,1,2,33.33333333333333,6.14903152761605,79.23450448735122
7A5,ROANOKE MUNICIPAL ARPT,3,1,2,33.33333333333333,6.14903152761605,79.23450448735122
KTHA,TULLAHOMA REGNL ARPT/WILLIAM NORTHERN FIELD,3,1,2,33.33333333333333,6.14903152761605,79.23450448735122
KSXU,SANTA ROSA ROUTE 66,3,0,3,0.0,0.0,56.15060804490177
KTMK,TILLAMOOK AIRPORT,3,2,1,66.66666666666666,20.76549551264879,93.85096847238394
7FL6,SPRUCE CREEK ARPT,3,3,0,100.0,43.84939195509823,100.0
KBIH,BISHOP ARPT,3,1,2,33.33333333333333,6.14903152761605,79.23450448735122
KTNT,DADE-COLLIER TRAINING & TRANSITION ARPT,3,2,1,66.66666666666666,20.76549551264879,93.85096847238394
KTOI,TROY MUNICIPAL ARPT,3,3,0,100.0,43.84939195509823,100.0
KMTV,BLUE RIDGE ARPT,3,2,1,66.66666666666666,20.76549551264879,93.85096847238394
6D6,GREENVILLE MUNICIPAL,3,2,1,66.66666666666666,20.76549551264879,93.85096847238394
KBDG,BLANDING MUNICIPAL,3,1,2,33.33333333333333,6.14903152761605,79.23450448735122
KUNO,WEST PLAINS REGIONAL ARPT,3,1,2,33.33333333333333,6.14903152761605,79.23450448735122
KUTS,HUNTSVILLE MUNICIPAL ARPT,3,1,2,33.33333333333333,6.14903152761605,79.23450448735122
77MI,DAVID'S ARPT,3,2,1,66.66666666666666,20.76549551264879,93.85096847238394
3W2,PUT IN BAY,3,1,2,33.33333333333333,6.14903152761605,79.23450448735122
3I2,MASON COUNTY ARPT (WV),3,3,0,100.0,43.84939195509823,100.0
3J7,GREENE COUNTY RGNL ARPT,3,2,1,66.66666666666666,20.76549551264879,93.85096847238394
OAIX,BAGRAM AIR BASE,3,0,3,0.0,0.0,56.15060804490177
KENV,WENDOVER ARPT,3,0,3,0.0,0.0,56.15060804490177
KFET,FREMONT MUNICIPAL AIRPORT,3,2,1,66.66666666666666,20.76549551264879,93.85096847238394
KFFA,FIRST FLIGHT,3,1,2,33.33333333333333,6.14903152761605,79.23450448735122
KEOS,NEOSHO HUGH ROBINSON ARPT,3,2,1,66.66666666666666,20.76549551264879,93.85096847238394
KERV,KERVILLE MUNI ARPT/LOUIS SCHREINER FIELD,3,3,0,100.0,43.84939195509823,100.0
PAEM,EMMONAK ARPT,3,2,1,66.66666666666666,20.76549551264879,93.85096847238394
P10,POLACCA ARPT,3,2,1,66.66666666666666,20.76549551264879,93.85096847238394
P72,PENNS LANDING HELIPORT,3,0,3,0.0,0.0,56.15060804490177
KMMH,MAMMOTH YOSEMITE ARPT,3,0,3,0.0,0.0,56.15060804490177
KCBE,GRTR CUMBERLAND REGIONAL,3,1,2,33.33333333333333,6.14903152761605,79.23450448735122
KCBF,COUNCIL BLUFFS MUNICIPAL ARPT,3,2,1,66.66666666666666,20.76549551264879,93.85096847238394
KBTA,BLAIR MUNICIPAL ARPT,3,0,3,0.0,0.0,56.15060804490177
KBTF,BOUNTIFUL SKYPARK,3,1,2,33.33333333333333,6.14903152761605,79.23450448735122
KBML,BERLIN REGIONAL ARPT,3,3,0,100.0,43.84939195509823,100.0
KBPI,MILEY MEMORIAL FIELD ARPT,3,2,1,66.66666666666666,20.76549551264879,93.85096847238394
KWJF,GENERAL WM J FOX AIRFIELD,3,1,2,33.33333333333333,6.14903152761605,79.23450448735122
KWLW,WILLOWS-GLENN COUNTY ARPT,3,1,2,33.33333333333333,6.14903152761605,79.23450448735122
KVMR,HAROLD DAVIDSON FIELD ARPT,3,2,1,66.66666666666666,20.76549551264879,93.85096847238394
KCFJ,CRAWFORDSVILLE MUNI ARPT,3,0,3,0.0,0.0,56.15060804490177
KZPH,ZEPHYRHILLS MUNICIPAL ARPT,3,2,1,66.66666666666666,20.76549551264879,93.85096847238394
KMGE,DOBBINS AIR RESERVE BASE,3,0,3,0.0,0.0,56.15060804490177
KMHE,MITCHELL MUNICIPAL ARPT,3,1,2,33.33333333333333,6.14903152761605,79.23450448735122
LIPH,TREVISO ARPT,3,1,2,33.33333333333333,6.14903152761605,79.23450448735122
L45,BAKERSFIELD MUNICIPAL ARPT,3,0,3,0.0,0.0,56.15060804490177
KYKN,CHAN GURNEY MUNICIPAL ARPT,3,2,1,66.66666666666666,20.76549551264879,93.85096847238394
MYBS,SOUTH BIMINI ARPT,3,0,3,0.0,0.0,56.15060804490177
MYEF,EXUMA INTERNATIONAL ARPT,3,0,3,0.0,0.0,56.15060804490177
MYEH,NORTHERN ELEUTHERA ARPT,3,0,3,0.0,0.0,56.15060804490177
KLKU,LOUISA COUNTY ARPT/FREEMAN FLD,3,2,1,66.66666666666666,20.76549551264879,93.85096847238394
KEDW,EDWARDS AIR FORCE BASE,3,0,3,0.0,0.0,56.15060804490177
KEHO,SHELBY-CLEVELAND COUNTY REGIONAL AIRPORT,3,2,1,66.66666666666666,20.76549551264879,93.85096847238394
N07,LINCOLN PARK ARPT,3,3,0,100.0,43.84939195509823,100.0
KLNC,LANCASTER REGIONAL ARPT,3,1,2,33.33333333333333,6.14903152761605,79.23450448735122
OBBI,BAHRAIN INTL,3,1,2,33.33333333333333,6.14903152761605,79.23450448735122
N87,TRENTON-ROBBINSVILLE ARPT,3,2,1,66.66666666666666,20.76549551264879,93.85096847238394
KCWC,KICKAPOO DOWNTOWN ARPT,3,1,2,33.33333333333333,6.14903152761605,79.23450448735122
KDKB,DE KALB TAYLOR MUNICIPAL ARPT,3,3,0,100.0,43.84939195509823,100.0
KDLL,BARABOO WISCONSIN DELLS ARPT,3,3,0,100.0,43.84939195509823,100.0
KCQF,H L SONNY CALLAHAN ARPT,3,1,2,33.33333333333333,6.14903152761605,79.23450448735122
KCKP,CHEROKEE COUNTY REGIONAL ARPT,3,2,1,66.66666666666666,20.76549551264879,93.85096847238394
KMDQ,MADISON COUNTY EXECUTIVE ARPT/TOM SHARP JR FIELD,3,0,3,0.0,0.0,56.15060804490177
KCKI,WILLIAMSBURG RGNL ARPT,3,3,0,100.0,43.84939195509823,100.0
M34,KENTUCKY DAM STATE PARK,3,2,1,66.66666666666666,20.76549551264879,93.85096847238394
LSGG,GENEVA INTL ARPT,3,1,2,33.33333333333333,6.14903152761605,79.23450448735122
LTAG,INCIRLIK AIR BASE,3,0,3,0.0,0.0,56.15060804490177
LTBA,ATAURK INTL,3,1,2,33.33333333333333,6.14903152761605,79.23450448735122
LPPT,LISBON INTL ARPT,3,0,3,0.0,0.0,56.15060804490177
4V1,SPANISH PEAKS AIRFIELD,3,0,3,0.0,0.0,56.15060804490177
4N1,GREENWOOD LAKE ARPT,3,0,3,0.0,0.0,56.15060804490177
KDUG,BISBEE DOUGLAS INTL ARPT,3,2,1,66.66666666666666,20.76549551264879,93.85096847238394
KDRM,DRUMMOND ISLAND ARPT,3,2,1,66.66666666666666,20.76549551264879,93.85096847238394
KDUA,DURANT REGIONAL ARPT-EAKER FIELD,3,2,1,66.66666666666666,20.76549551264879,93.85096847238394
KLRY,LAWRENCE SMITH MEMORIAL ARPT,3,3,0,100.0,43.84939195509823,100.0
48A,COCHRAN ARPT,3,1,2,33.33333333333333,6.14903152761605,79.23450448735122
MHRO,JUAN MANUEL GALVEZ INTERNATIONAL AIRPORT,3,0,3,0.0,0.0,56.15060804490177
MMSP,PONCIANO ARRIAGA INTL ARPT,3,0,3,0.0,0.0,56.15060804490177
4G7,FAIRMONT MUNI-FRANKMAN FLD,3,2,1,66.66666666666666,20.76549551264879,93.85096847238394
MMMG,MULEGE AIRSTRIP,3,1,2,33.33333333333333,6.14903152761605,79.23450448735122
4A7,CLAYTON COUNTY ARPT- TARA FIELD,3,3,0,100.0,43.84939195509823,100.0
4B0,SOUTH ALBANY ARPT,3,2,1,66.66666666666666,20.76549551264879,93.85096847238394
X21,ARTHUR DUNN AIR PARK,3,2,1,66.66666666666666,20.76549551264879,93.85096847238394
X06,ARCADIA MUNICIPAL ARPT,3,3,0,100.0,43.84939195509823,100.0
W29,BAY BRIDGE,3,1,2,33.33333333333333,6.14903152761605,79.23450448735122
W78,WILLIAM M TUCK ARPT,3,2,1,66.66666666666666,20.76549551264879,93.85096847238394
EFHK,HELSINKI-VANTAA ARPT,3,0,3,0.0,0.0,56.15060804490177
EGBJ,GLOUCESTERSHIRE ARPT,3,0,3,0.0,0.0,56.15060804490177
KPTN,HARRY P WILLIAMS MEMORIAL ARPT,3,1,2,33.33333333333333,6.14903152761605,79.23450448735122
EGJB,GUERNSEY ARPT,3,0,3,0.0,0.0,56.15060804490177
TQPF,WALLBLAKE,3,0,3,0.0,0.0,56.15060804490177
TVSA,ARGYLE INTERNATIONAL AIRPORT,3,1,2,33.33333333333333,6.14903152761605,79.23450448735122
TDPD,DOUGLAS-CHARLES AIRPORT,3,0,3,0.0,0.0,56.15060804490177
SYCJ,CHEDDI JAGAN INTl ARPT,3,1,2,33.33333333333333,6.14903152761605,79.23450448735122
KHND,HENDERSON EXECUTIVE ARPT,3,1,2,33.33333333333333,6.14903152761605,79.23450448735122
X50,MASSEY RANCH AIRPARK,3,0,3,0.0,0.0,56.15060804490177
X60,WILLISTON MUNICIPAL ARPT,3,2,1,66.66666666666666,20.76549551264879,93.85096847238394
12Y,LE SUEUR MUNICIPAL,3,1,2,33.33333333333333,6.14903152761605,79.23450448735122
15TE,ARCO HIGH ISLAND HELIPORT,3,1,2,33.33333333333333,6.14903152761605,79.23450448735122
08C,RIVERVIEW,3,2,1,66.66666666666666,20.76549551264879,93.85096847238394
ZBTJ,TIANJIN,3,1,2,33.33333333333333,6.14903152761605,79.23450448735122
1I9,DELPHI MUNICIPAL ARPT,3,1,2,33.33333333333333,6.14903152761605,79.23450448735122
0IL1,LOYOLA U MED CTR HELIPORT,2,0,2,0.0,0.0,65.76280471103807
ZUUU,SHUANGLIU ARPT,2,0,2,0.0,0.0,65.76280471103807
ZSQD,QINGDAO LIUTING INTL ARPT,2,0,2,0.0,0.0,65.76280471103807
ZHCC,ZHENGZHOU XINZHENG ARPT,2,0,2,0.0,0.0,65.76280471103807
1H0,CREVE COEUR ARPT,2,1,1,50.0,9.452865480086615,90.54713451991339
1KY4,CENTRAL BAPTIST HOSPITAL HELIPORT,2,0,2,0.0,0.0,65.76280471103807
1AZ0,MOBILE AIRPORT,2,1,1,50.0,9.452865480086615,90.54713451991339
1B9,MANSFIELD MUNICIPAL,2,1,1,50.0,9.452865480086615,90.54713451991339
1F0,ARDMORE DOWNTOWN EXECUTIVE ARPT,2,2,0,100.0,34.23719528896193,100.0
UUEE,SHEREMETYEVO INTL,2,0,2,0.0,0.0,65.76280471103807
12V,ONA AIRPARK ARPT,2,1,1,50.0,9.452865480086615,90.54713451991339
KIDI,INDIANA COUNTY ARPT,2,1,1,50.0,9.452865480086615,90.54713451991339
KIFA,IOWA FALLS MUNICIPAL ARPT,2,1,1,50.0,9.452865480086615,90.54713451991339
KGNT,GRANT-MILAN MUNI ARPT,2,0,2,0.0,0.0,65.76280471103807
KGTB,WHEELER-SACK ARMY AIRFIELD,2,0,2,0.0,0.0,65.76280471103807
KHWV,BROOKHAVEN AIRPORT,2,1,1,50.0,9.452865480086615,90.54713451991339
KHBZ,HEBER SPRINGS MUNICIPAL ARPT,2,2,0,100.0,34.23719528896193,100.0
KHCD,HUTCHINSON MUNICIPAL-BUTLER FLD,2,1,1,50.0,9.452865480086615,90.54713451991339
KHDO,SOUTH TEXAS REGIONAL ARPT AT HONDO,2,1,1,50.0,9.452865480086615,90.54713451991339
1TT8,BULVERDE AIRPARK,2,2,0,100.0,34.23719528896193,100.0
20N,KINGSTON-ULSTER ARPT,2,2,0,100.0,34.23719528896193,100.0
1Q5,GRAVELLY VALLEY,2,2,0,100.0,34.23719528896193,100.0
1R8,BAY MINETTE MUNICIPAL,2,2,0,100.0,34.23719528896193,100.0
1S9,CHEWELAH MUNICIPAL AIRPORT,2,2,0,100.0,34.23719528896193,100.0
SGES,CIUDAD DEL ESTE GARCIA,2,0,2,0.0,0.0,65.76280471103807
KGDV,DAWSON COMMUNITY ARPT,2,2,0,100.0,34.23719528896193,100.0
KGEO,BROWN COUNTY AIRPORT,2,0,2,0.0,0.0,65.76280471103807
KSBO,EAST GEORGIA REGIONAL AIRPORT,2,2,0,100.0,34.23719528896193,100.0
KRUE,RUSSELLVILLE REGIONAL ARPT,2,1,1,50.0,9.452865480086615,90.54713451991339
KRUQ,ROWAN COUNTY ARPT,2,1,1,50.0,9.452865480086615,90.54713451991339
KRWF,REDWOOD FALLS MUNICIPAL ARPT,2,1,1,50.0,9.452865480086615,90.54713451991339
KRYW,LAGO VISTA TX - RUSTY ALLEN ARPT,2,1,1,50.0,9.452865480086615,90.54713451991339
E16,SOUTH COUNTY ARPT OF SANTA CLARA COUNTY,2,1,1,50.0,9.452865480086615,90.54713451991339
D38,CANANDAIGUA ARPT,2,0,2,0.0,0.0,65.76280471103807
28NJ,STEEL PIER TAJ MAHAL HELIPORT,2,0,2,0.0,0.0,65.76280471103807
KAAF,APALACHICOLA REGIONAL ARPT,2,0,2,0.0,0.0,65.76280471103807
KPBH,PRICE COUNTY ARPT,2,0,2,0.0,0.0,65.76280471103807
KPEA,PELLA MUNICIPAL ARPT,2,0,2,0.0,0.0,65.76280471103807
KPEQ,PECIS MUNICIPAL ARPT,2,0,2,0.0,0.0,65.76280471103807
CYQA,MUSKOKA,2,0,2,0.0,0.0,65.76280471103807
CYQB,QUEBEC/JEAN LESAGE INTL,2,0,2,0.0,0.0,65.76280471103807
CYQG,WINDSOR,2,1,1,50.0,9.452865480086615,90.54713451991339
KRZL,JASPER COUNTY ARPT,2,0,2,0.0,0.0,65.76280471103807
50D,IRON COUNTY AIRPORT,2,2,0,100.0,34.23719528896193,100.0
M54,LEBANON MUNICIPAL ARPT (TN),2,0,2,0.0,0.0,65.76280471103807
M83,MCCHAREN FIELD,2,1,1,50.0,9.452865480086615,90.54713451991339
4LA4,CHEVRON USA INC HELIPORT,2,0,2,0.0,0.0,65.76280471103807
M05,CARUTHERSVILLE MEMORIAL ARPT,2,1,1,50.0,9.452865480086615,90.54713451991339
LS99,PHI FOURCHON BASE HELIPORT,2,0,2,0.0,0.0,65.76280471103807
LL22,BROOKERIDGE AIR PARK,2,1,1,50.0,9.452865480086615,90.54713451991339
KCNH,CLAREMONT MUNICIPAL ARPT,2,2,0,100.0,34.23719528896193,100.0
KLVJ,PEARLAND REGIONAL ARPT,2,0,2,0.0,0.0,65.76280471103807
KLVS,LAS VEGAS MUNICIPAL AIRPORT,2,1,1,50.0,9.452865480086615,90.54713451991339
KDUH,TOLEDO SUBURBAN ARPT,2,2,0,100.0,34.23719528896193,100.0
KLNL,KINGS LAND O' LAKES ARPT,2,2,0,100.0,34.23719528896193,100.0
KDQH,DOUGLAS MUNICIPAL ARPT,2,0,2,0.0,0.0,65.76280471103807
57AZ,LA CHOLLA AIRPARK ARPT,2,1,1,50.0,9.452865480086615,90.54713451991339
56S,SEASIDE MUNICIPAL ARPT,2,2,0,100.0,34.23719528896193,100.0
4S1,GOLD BEACH MUNICIPAL AIRPORT,2,1,1,50.0,9.452865480086615,90.54713451991339
42J,KEYSTONE AIRPARK,2,0,2,0.0,0.0,65.76280471103807
MMBT,BAHIAS DE HUATULCO INTL ARPT,2,0,2,0.0,0.0,65.76280471103807
MMGM,GUAYMAS INTL,2,0,2,0.0,0.0,65.76280471103807
KCYO,PICKAWAY COUNTY MEMORIAL ARPT,2,0,2,0.0,0.0,65.76280471103807
KDBN,W H 'BUD' BARRON ARPT,2,1,1,50.0,9.452865480086615,90.54713451991339
KLRU,LAS CRUCES INTL,2,1,1,50.0,9.452865480086615,90.54713451991339
KLSN,LOS BANOS MUNICIPAL ARPT,2,1,1,50.0,9.452865480086615,90.54713451991339
KLUG,ELLINGTON AIRPORT,2,1,1,50.0,9.452865480086615,90.54713451991339
0A9,ELIZABETHTON MUNICIPAL ARPT,2,1,1,50.0,9.452865480086615,90.54713451991339
MMZH,IXTAPA-ZIHUATENEJO,2,0,2,0.0,0.0,65.76280471103807
4I3,KNOX COUNTY ARPT,2,1,1,50.0,9.452865480086615,90.54713451991339
46N,SKY PARK,2,2,0,100.0,34.23719528896193,100.0
49A,GILMER COUNTY AIRPORT,2,2,0,100.0,34.23719528896193,100.0
MMHO,GENERAL IGNACIO P GARCIA INTL,2,0,2,0.0,0.0,65.76280471103807
MMLM,LOS MOCHIS,2,0,2,0.0,0.0,65.76280471103807
MMMD,MANUEL CRESCENCIO REJÓN INTL,2,0,2,0.0,0.0,65.76280471103807
KLKR,LANCASTER COUNTY-MC WHIRTER FLD ARPT,2,1,1,50.0,9.452865480086615,90.54713451991339
KEIK,ERIE MUNICIPAL AIRPORT,2,0,2,0.0,0.0,65.76280471103807
KDYL,DOYLESTOWN ARPT,2,1,1,50.0,9.452865480086615,90.54713451991339
MUSC,ABEL SANTAMARIA ARPT,2,0,2,0.0,0.0,65.76280471103807
MMOX,XOXOCOTLÁN INTL,2,0,2,0.0,0.0,65.76280471103807
MMPB,AEROPUERTO INTERNACIONAL DE PUEBLA,2,0,2,0.0,0.0,65.76280471103807
LIRA,CIAMPINO (ROME),2,0,2,0.0,0.0,65.76280471103807
LIRN,CAPODICHINO (NAPLES),2,0,2,0.0,0.0,65.76280471103807
N66,ONEONTA MUNICIPAL ARPT,2,2,0,100.0,34.23719528896193,100.0
KLLR,LITTLE RIVER ARPT,2,0,2,0.0,0.0,65.76280471103807
KDMN,DEMING MUNICIPAL ARPT,2,0,2,0.0,0.0,65.76280471103807
KDNL,DANIEL FIELD ARPT,2,0,2,0.0,0.0,65.76280471103807
KLFK,ANGELINA COUNTY,2,1,1,50.0,9.452865480086615,90.54713451991339
KLGD,LA GRANDE/UNION COUNTY ARPT,2,1,1,50.0,9.452865480086615,90.54713451991339
KLGF,Laguna Army Airfield (Yuma Proving Ground),2,0,2,0.0,0.0,65.76280471103807
KLHX,LA JUNTA MUNICIPAL ARPT,2,0,2,0.0,0.0,65.76280471103807
OAKB,HAMID KARZAI INTL ARPT,2,0,2,0.0,0.0,65.76280471103807
O41,WATTS-WOODLAND ARPT,2,1,1,50.0,9.452865480086615,90.54713451991339
NTAA,TAHITI FAAA,2,1,1,50.0,9.452865480086615,90.54713451991339
NY0,FULTON COUNTY ARPT,2,0,2,0.0,0.0,65.76280471103807
O03,MORGANTOWN ARPT,2,0,2,0.0,0.0,65.76280471103807
NC92,DUKE UNIV NORTH HELIPORT,2,0,2,0.0,0.0,65.76280471103807
NE41,REGIONAL WEST MEDICAL CENTER HELIPORT,2,0,2,0.0,0.0,65.76280471103807
N14,FLYING W ARPT,2,1,1,50.0,9.452865480086615,90.54713451991339
KCNI,CHEROKEE COUNTY AIRPORT,2,1,1,50.0,9.452865480086615,90.54713451991339
KCOF,PATRICK AIR FORCE BASE,2,0,2,0.0,0.0,65.76280471103807
KCXP,CARSON ARPT,2,0,2,0.0,0.0,65.76280471103807
KCSV,CROSSVILLE MEMORIAL ARPT/WHITSON FIELD,2,1,1,50.0,9.452865480086615,90.54713451991339
KCUT,CUSTER COUNTY ARPT,2,2,0,100.0,34.23719528896193,100.0
KCVX,CHARLEVOIX MUNICIPAL AIRPORT,2,0,2,0.0,0.0,65.76280471103807
KDKK,CHAUTAUQUA COUNTY/DUNKIRK ARPT,2,0,2,0.0,0.0,65.76280471103807
KCRS,C DAVID DAMPBELL FIELD-CORSICANA MUNI ARPT,2,0,2,0.0,0.0,65.76280471103807
KWDR,BARROW COUNTY ARPT,2,2,0,100.0,34.23719528896193,100.0
65G,MAPLE GROVE ARPT,2,0,2,0.0,0.0,65.76280471103807
66R,ROBERT R WELLS JR ARPT,2,2,0,100.0,34.23719528896193,100.0
KVKX,POTOMAC AIRFIELD,2,0,2,0.0,0.0,65.76280471103807
KVSF,HARTNESS STATE ARPT (SPRINGFIELD),2,1,1,50.0,9.452865480086615,90.54713451991339
63C,ADAMS COUNTY- LEGION FIELD,2,1,1,50.0,9.452865480086615,90.54713451991339
KMLJ,BALDWIN COUNTY ARPT,2,1,1,50.0,9.452865480086615,90.54713451991339
KMLS,FRANK WILEY FIELD ARPT,2,0,2,0.0,0.0,65.76280471103807
KMFI,MARSHFIELD MUNICIPAL ARPT,2,0,2,0.0,0.0,65.76280471103807
KCPK,CHESAPEAKE REGIONAL AIRPORT,2,0,2,0.0,0.0,65.76280471103807
KCEV,METTEL FIELD ARPT,2,0,2,0.0,0.0,65.76280471103807
KCFD,COULTER FIELD ARPT,2,1,1,50.0,9.452865480086615,90.54713451991339
KWRL,WORLAND MUNICIPAL ARPT,2,0,2,0.0,0.0,65.76280471103807
KXBP,BRIDGEPORT MUNICIPAL ARPT,2,1,1,50.0,9.452865480086615,90.54713451991339
KXMR,CAPE CANAVERAL SPACE FORCE STATION SKID STRIP AIRPORT,2,0,2,0.0,0.0,65.76280471103807
KVTN,MILLER FIELD ARPT,2,1,1,50.0,9.452865480086615,90.54713451991339
KMIW,MARSHALLTOWN MUNICIPAL ARPT,2,0,2,0.0,0.0,65.76280471103807
KCGC,CRYSTAL RIVER AIRPORT,2,1,1,50.0,9.452865480086615,90.54713451991339
KCGE,CAMBRIDGE-DORCHESTER ARPT,2,0,2,0.0,0.0,65.76280471103807
KCGS,COLLEGE PARK ARPT,2,2,0,100.0,34.23719528896193,100.0
KCHK,CHICKASHA MUNICIPAL AIRPORT,2,1,1,50.0,9.452865480086615,90.54713451991339
KCHN,WAUCHULA MUNICIPAL ARPT,2,2,0,100.0,34.23719528896193,100.0
KCHT,CHILLICOTHE MUNICIPAL ARPT,2,1,1,50.0,9.452865480086615,90.54713451991339
KMEZ,MENA INTERMOUNTAIN MUNICIPAL ARPT,2,1,1,50.0,9.452865480086615,90.54713451991339
LFCO,OLORON-HERRERE ARPT,2,0,2,0.0,0.0,65.76280471103807
LFMN,NICE COTE D'AZUR INTL ARPT,2,1,1,50.0,9.452865480086615,90.54713451991339
LA09,AIR LOGISTICS HELIPORT,2,0,2,0.0,0.0,65.76280471103807
KZER,SCHUYKILL COUNTY (JOE ZERBEY) ARPT,2,2,0,100.0,34.23719528896193,100.0
KZZV,ZANESVILLE MUNICIPAL ARPT,2,2,0,100.0,34.23719528896193,100.0
L35,BIG BEAR CITY,2,2,0,100.0,34.23719528896193,100.0
KBWC,BRAWLEY MUNICIPAL,2,1,1,50.0,9.452865480086615,90.54713451991339
KBXK,BUCKEYE MUNICIPAL ARPT,2,0,2,0.0,0.0,65.76280471103807
KJVW,JOHN BELL WILLIAMS ARPT,2,0,2,0.0,0.0,65.76280471103807
KJZP,PICKENS COUNTY ARPT (GA),2,1,1,50.0,9.452865480086615,90.54713451991339
KFBL,FARIBAULT MUNICIPAL AIRPORT,2,1,1,50.0,9.452865480086615,90.54713451991339
KFDW,FARIFIELD COUNTY ARPT,2,2,0,100.0,34.23719528896193,100.0
KFES,FESTUS MEMORIAL ARPT,2,2,0,100.0,34.23719528896193,100.0
KFGU,COLLEGEDALE MINICIPAL AIRPORT,2,1,1,50.0,9.452865480086615,90.54713451991339
3R9,LAKEWAY AIRPARK ARPT,2,2,0,100.0,34.23719528896193,100.0
3T3,BOYCEVILLE MUNICIPAL ARPT,2,0,2,0.0,0.0,65.76280471103807
PACM,SCAMMON BAY AIRPORT,2,1,1,50.0,9.452865480086615,90.54713451991339
OMSJ,SHARJAH INTERNATIONAL AIRPORT,2,0,2,0.0,0.0,65.76280471103807
42A,MELBOURNE MUNICIPAL APRT - JOHN E MILLER FIELD,2,1,1,50.0,9.452865480086615,90.54713451991339
KEST,ESTHERVILLE MUNICIPAL ARPT,2,2,0,100.0,34.23719528896193,100.0
KLBO,FLOYD W. JONES LEBANON ARPT,2,1,1,50.0,9.452865480086615,90.54713451991339
KLBT,LUMBERTON REGIONAL AIRPORT,2,2,0,100.0,34.23719528896193,100.0
KEKS,ENNIS-BIG SKY AIRPORT,2,1,1,50.0,9.452865480086615,90.54713451991339
KELA,EAGLE LAKE AIRPORT,2,2,0,100.0,34.23719528896193,100.0
5B6,FALMOUTH AIRPARK,2,1,1,50.0,9.452865480086615,90.54713451991339
5FL7,TWELVE OAKS AIRPORT,2,1,1,50.0,9.452865480086615,90.54713451991339
KUYF,MADISON COUNTY ARPT,2,0,2,0.0,0.0,65.76280471103807
KVBT,BENTONVILLE MUNI/LOUISE M THADEN FLD,2,1,1,50.0,9.452865480086615,90.54713451991339
KVIH,ROLLA NATIONAL ARPT,2,1,1,50.0,9.452865480086615,90.54713451991339
PAPB,ST. GEORGE  ARPT,2,1,1,50.0,9.452865480086615,90.54713451991339
PADK,ADAK ARPT,2,0,2,0.0,0.0,65.76280471103807
PAGM,GAMBELL ARPT,2,1,1,50.0,9.452865480086615,90.54713451991339
KMPO,POCONO MOUNTAINS MUNI ARPT,2,2,0,100.0,34.23719528896193,100.0
KCBK,SHALZ FIELD ARPT,2,1,1,50.0,9.452865480086615,90.54713451991339
KCDH,HARRELL FIELD ARPT,2,2,0,100.0,34.23719528896193,100.0
KMKS,BERKELEY COUNTY AIRPORT,2,0,2,0.0,0.0,65.76280471103807
5T6,DONA ANA COUNTY ARPT AT SANTA TERESA,2,0,2,0.0,0.0,65.76280471103807
5TX7,MEDICAL CENTER HOSPITAL HELIPORT,2,0,2,0.0,0.0,65.76280471103807
58KY,WILLOW ISLAND AIRPARK,2,2,0,100.0,34.23719528896193,100.0
59B,NEWTON FIELD ARPT,2,2,0,100.0,34.23719528896193,100.0
KTSO,CARROLL COUNTY-TOLSON ARPT,2,2,0,100.0,34.23719528896193,100.0
83D,MACKINAC COUNTY ARPT,2,1,1,50.0,9.452865480086615,90.54713451991339
KTKV,TOMAHAWK REGIONAL ARPT,2,2,0,100.0,34.23719528896193,100.0
KTKX,KENNETT MEMORIAL ARPT,2,1,1,50.0,9.452865480086615,90.54713451991339
7G8,GEAUGA COUNTY ARPT,2,1,1,50.0,9.452865480086615,90.54713451991339
7S3,STARKS TWIN OAKS,2,1,1,50.0,9.452865480086615,90.54713451991339
7S5,INDEPENDENCE STATE ARPT,2,2,0,100.0,34.23719528896193,100.0
7A3,LANETT REGIONAL AIRPORT,2,2,0,100.0,34.23719528896193,100.0
KBMC,BRIGHAM CITY ARPT,2,1,1,50.0,9.452865480086615,90.54713451991339
KMUI,MUIR ARMY AIRFIELD,2,1,1,50.0,9.452865480086615,90.54713451991339
KBFR,VIRGIL I GRISSOM MUNICIPAL,2,0,2,0.0,0.0,65.76280471103807
KBIF,BIGGS ARMY AIRFIELD (FORT BLISS),2,0,2,0.0,0.0,65.76280471103807
KBIJ,EARLY COUNTY ARPT,2,0,2,0.0,0.0,65.76280471103807
KTTF,CUSTER ARPT,2,2,0,100.0,34.23719528896193,100.0
KUBS,COLUMBUS-LOWNDES COUNTY AIRPORT,2,0,2,0.0,0.0,65.76280471103807
KUBX,CUBA MUNICIPAL ARPT,2,2,0,100.0,34.23719528896193,100.0
6E5,WILDER ARPT,2,0,2,0.0,0.0,65.76280471103807
KUCY,EVERETT-STEWART REGIONAL ARPT,2,2,0,100.0,34.23719528896193,100.0
KBCB,VIRGINIA TECH/MONTGOMERY EXEC ARPT,2,2,0,100.0,34.23719528896193,100.0
KBDU,BOULDER MUNICIPAL,2,1,1,50.0,9.452865480086615,90.54713451991339
KB19,BIDDEFORD MUNICIPAL,2,1,1,50.0,9.452865480086615,90.54713451991339
KBAX,HURON COUNTY MEMORIAL,2,2,0,100.0,34.23719528896193,100.0
KBKN,BLACKWELL-TONKAWA MUNICIPAL,2,2,0,100.0,34.23719528896193,100.0
KBKS,BROOKS COUNTY,2,1,1,50.0,9.452865480086615,90.54713451991339
3LF,LITCHFIELD MUNICIPAL,2,2,0,100.0,34.23719528896193,100.0
KULM,NEW ULM MUNICIPAL AIRPORT,2,1,1,50.0,9.452865480086615,90.54713451991339
KUOS,FRANKLIN COUNTY ARPT,2,2,0,100.0,34.23719528896193,100.0
KUOX,UNIVERSITY-OXFORD AIRPORT,2,2,0,100.0,34.23719528896193,100.0
71J,OZARK-BLACKWELL FIELD ARPT,2,2,0,100.0,34.23719528896193,100.0
74TX,FORT CLARK SPRINGS ARPT,2,0,2,0.0,0.0,65.76280471103807
6PA6,AIR HAVEN ARPT,2,1,1,50.0,9.452865480086615,90.54713451991339
6R3,CLEVELAND MUNICIPAL AIRPORT,2,1,1,50.0,9.452865480086615,90.54713451991339
KJAS,JASPER COUNTY ARPT-BELL FIELD,2,1,1,50.0,9.452865480086615,90.54713451991339
KJFX,Walker County Airport-Bevill Field,2,2,0,100.0,34.23719528896193,100.0
KFOT,ROHNERVILLE ARPT,2,2,0,100.0,34.23719528896193,100.0
KFPK,FITCH H BEACH ARPT,2,2,0,100.0,34.23719528896193,100.0
KFRH,FRENCH LICK MUNICIPAL ARPT,2,1,1,50.0,9.452865480086615,90.54713451991339
KIWH,WABASH MUNICIPAL ARPT,2,1,1,50.0,9.452865480086615,90.54713451991339
KFIT,FITCHBURG  MUNICIPAL ARPT,2,1,1,50.0,9.452865480086615,90.54713451991339
KFLV,SHERMAN ARMY AIRFIELD,2,2,0,100.0,34.23719528896193,100.0
3EX,EXCELSIOR SPRINGS MEM,2,2,0,100.0,34.23719528896193,100.0
38TE,JOHN S DUNN HELISTOP,2,0,2,0.0,0.0,65.76280471103807
39N,PRINCETON ARPT,2,1,1,50.0,9.452865480086615,90.54713451991339
3A2,NEW TAZEWELL MUNICIPAL,2,0,2,0.0,0.0,65.76280471103807
35A,"UNION COUNTY AIRPORT, TROY SHELTON FIELD",2,2,0,100.0,34.23719528896193,100.0
35D,PADGHAM FIELD,2,2,0,100.0,34.23719528896193,100.0
KEZF,SHANNON AIRPORT,2,0,2,0.0,0.0,65.76280471103807
KFAM,FARMINGTON REGIONAL,2,1,1,50.0,9.452865480086615,90.54713451991339
KMXO,MONTICELLO REGIONAL AIRPORT,2,2,0,100.0,34.23719528896193,100.0
KNBG,NEW ORLEANS NAVAL AIR STATION JOINT RESERVE BASE - ALVIN CALLENDER FIELD,2,0,2,0.0,0.0,65.76280471103807
KARV,LAKELAND ARPT/NOBLE F. LEE MEMORIAL FIELD,2,0,2,0.0,0.0,65.76280471103807
KASD,SLIDELL AIRPORT,2,1,1,50.0,9.452865480086615,90.54713451991339
KASJ,TRI-COUNTY AIRPORT AT HENRY JOYNER FIELD,2,2,0,100.0,34.23719528896193,100.0
3GV,EAST KANSAS CITY ARPT,2,0,2,0.0,0.0,65.76280471103807
3B0,SOUTHBRIDGE MUNICIPAL ARPT,2,1,1,50.0,9.452865480086615,90.54713451991339
3CM,JAMES CLEMENTS MUNICIPAL ARPT,2,1,1,50.0,9.452865480086615,90.54713451991339
KTDF,PERSON COUNTY ARPT,2,1,1,50.0,9.452865480086615,90.54713451991339
KTDW,TRADEWIND ARPT,2,0,2,0.0,0.0,65.76280471103807
KSVE,SUSANVILLE MUNICIPAL ARPT,2,0,2,0.0,0.0,65.76280471103807
KOBI,WOODBINE MUNICIPAL ARPT,2,2,0,100.0,34.23719528896193,100.0
KAIK,AIKEN REGIONAL ARPT,2,1,1,50.0,9.452865480086615,90.54713451991339
KALX,THOMAS RUSSELL FIELD,2,1,1,50.0,9.452865480086615,90.54713451991339
KNHK,PATUXENT RIVER NAS,2,1,1,50.0,9.452865480086615,90.54713451991339
KNVD,NEVADA MUNICIPAL ARPT,2,2,0,100.0,34.23719528896193,100.0
RKJK,KUNSAN,2,1,1,50.0,9.452865480086615,90.54713451991339
2M8,CHARLES W BAKER ARPT,2,0,2,0.0,0.0,65.76280471103807
2R4,PETER PRINCE FIELD ARPT,2,2,0,100.0,34.23719528896193,100.0
2F0,IRAAN MUNICIPAL ARPT,2,2,0,100.0,34.23719528896193,100.0
2G4,GARRETT COUNTY ARPT,2,2,0,100.0,34.23719528896193,100.0
2J8,PIERSON MUNICIPAL AIRPORT,2,1,1,50.0,9.452865480086615,90.54713451991339
PHMU,WAIMEA-KOHALA ARPT,2,0,2,0.0,0.0,65.76280471103807
PWAK,WAKE ISLAND AIRFIELD,2,0,2,0.0,0.0,65.76280471103807
KOCW,WARREN FIELD ARPT,2,1,1,50.0,9.452865480086615,90.54713451991339
KOEO,L O SIMENSTAD MUNICIPAL ARPT,2,0,2,0.0,0.0,65.76280471103807
KSPZ,SILVER SPRINGS ARPT,2,0,2,0.0,0.0,65.76280471103807
KSRE,SEMINOLE MUNICIPAL ARPT,2,2,0,100.0,34.23719528896193,100.0
KSTE,STEVENS POINT MUNICIPAL ARPT,2,2,0,100.0,34.23719528896193,100.0
KSUE,DOOR COUNTY CHERRYLAND ARPT,2,1,1,50.0,9.452865480086615,90.54713451991339
32S,STEVENSVILLE,2,0,2,0.0,0.0,65.76280471103807
RJCC,NEW CHITOSE,2,1,1,50.0,9.452865480086615,90.54713451991339
99CL,EL MIRAGE FIELD ADELANTO AIRPORT,2,2,0,100.0,34.23719528896193,100.0
8B8,LAKES REGIONAL ARPT,2,2,0,100.0,34.23719528896193,100.0
8LA1,CHEVRON USA INC SEAPLANE BASE,2,1,1,50.0,9.452865480086615,90.54713451991339
8S4,ENTERPRISE MUNICIPAL ARPT,2,1,1,50.0,9.452865480086615,90.54713451991339
89D,KELLEYS ISLAND LAND FIELD ARPT,2,2,0,100.0,34.23719528896193,100.0
8A1,GUNTERSVILLE MUNI ARPT-JOE STARNES FIELD,2,1,1,50.0,9.452865480086615,90.54713451991339
KACB,ANTRIM COUNTY ARPT,2,2,0,100.0,34.23719528896193,100.0
KADG,LENAWEE COUNTY ARPT,2,1,1,50.0,9.452865480086615,90.54713451991339
PAVD,VALDEZ PIONEER FIELD ARPT,2,0,2,0.0,0.0,65.76280471103807
PCUW,CUBE COVE,2,2,0,100.0,34.23719528896193,100.0
PASY,EARECKSON AIR STATION,2,0,2,0.0,0.0,65.76280471103807
PANI,ANIAK AIRPORT,2,0,2,0.0,0.0,65.76280471103807
PAOH,HOONAH ARPT,2,0,2,0.0,0.0,65.76280471103807
PAOO,TOKSOOK BAY ARPT,2,2,0,100.0,34.23719528896193,100.0
9G2,PRICE'S ARPT,2,1,1,50.0,9.452865480086615,90.54713451991339
8W2,NEW MARKET,2,2,0,100.0,34.23719528896193,100.0
CYSB,SUDBURY,2,0,2,0.0,0.0,65.76280471103807
KSET,ST CHARLES COUNTY SMARTT ARPT,2,1,1,50.0,9.452865480086615,90.54713451991339
KSIK,SIKESTON MEMORIAL MUNICIPAL ARPT,2,1,1,50.0,9.452865480086615,90.54713451991339
FA40,HIDDEN LAKE ARPT,2,1,1,50.0,9.452865480086615,90.54713451991339
FA54,CORAL CREEK ARPT,2,1,1,50.0,9.452865480086615,90.54713451991339
FACT,CAPE TOWN INTL ARPT,2,0,2,0.0,0.0,65.76280471103807
F35,POSSUM KINGDOM ARPT,2,1,1,50.0,9.452865480086615,90.54713451991339
F70,FRENCH VALLEY ARPT,2,0,2,0.0,0.0,65.76280471103807
KOWA,OWATONNA DEGNER REGIONAL ARPT,2,0,2,0.0,0.0,65.76280471103807
KAFP,ANSON COUNTY ARPT-JEFF CLOUD FIELD,2,1,1,50.0,9.452865480086615,90.54713451991339
KONX,CURRITUCK COUNTY REGIONAL ARPT,2,1,1,50.0,9.452865480086615,90.54713451991339
A63,TWIN HILLS ARPT,2,1,1,50.0,9.452865480086615,90.54713451991339
AZ75,SUMMIT HEALTHCARE RGNL MED CENTER,2,0,2,0.0,0.0,65.76280471103807
C09,MORRIS MUNI ARPT - JAMES R. WASHBURN FIELD,2,1,1,50.0,9.452865480086615,90.54713451991339
A39,AK-CHIN REGIONAL AIRPORT,2,1,1,50.0,9.452865480086615,90.54713451991339
CYQT,THUNDER BAY,2,0,2,0.0,0.0,65.76280471103807
KIKG,KLEBERG COUNTY ARPT,2,1,1,50.0,9.452865480086615,90.54713451991339
KGKJ,PORT MEADVILLE ARPT,2,2,0,100.0,34.23719528896193,100.0
3FD1,TAMPA BAY EXECUTIVE (CLOSED),2,1,1,50.0,9.452865480086615,90.54713451991339
KSNC,CHESTER ARPT,2,1,1,50.0,9.452865480086615,90.54713451991339
KSNK,WINSTON FIELD ARPT,2,1,1,50.0,9.452865480086615,90.54713451991339
HKJK,NAIROBI JOMO KENYATA,2,1,1,50.0,9.452865480086615,90.54713451991339
I19,GREEN COUNTY-LEWIS A. JACKSON REGNL ARPT,2,0,2,0.0,0.0,65.76280471103807
I23,FAYETTE COUNTY ARPT,2,1,1,50.0,9.452865480086615,90.54713451991339
2A5,CAUSEY ARPT,2,2,0,100.0,34.23719528896193,100.0
KFVX,FARMVILLE REGIONAL ARPT,2,2,0,100.0,34.23719528896193,100.0
KFYM,FAYETTEVILLE MUNICIPAL AIRPORT,2,1,1,50.0,9.452865480086615,90.54713451991339
KFZI,FOSTORIA METROPOLITAN AIRPORT,2,1,1,50.0,9.452865480086615,90.54713451991339
KIMM,IMMOKALEE REGIONAL ARPT,2,2,0,100.0,34.23719528896193,100.0
KIMS,MADISON MUNICIPAL ARPT,2,0,2,0.0,0.0,65.76280471103807
KINF,INVERNESS ARPT (FL),2,0,2,0.0,0.0,65.76280471103807
KIJD,WINDHAM ARPT,2,1,1,50.0,9.452865480086615,90.54713451991339
H34,HUNTSVILLE-MADISON,2,1,1,50.0,9.452865480086615,90.54713451991339
KRMY,BROOKS FIELD ARPT (MI),2,2,0,100.0,34.23719528896193,100.0
KRNH,NEW RICHMOND REGIONAL,2,1,1,50.0,9.452865480086615,90.54713451991339
KROS,RUSH CITY REGIONAL ARPT,2,1,1,50.0,9.452865480086615,90.54713451991339
KRBG,ROSEBURG REGIONAL ARPT,2,1,1,50.0,9.452865480086615,90.54713451991339
00C,ANIMAS AIR PARK,2,2,0,100.0,34.23719528896193,100.0
0G6,WILLIAMS COUNTY ARPT,2,1,1,50.0,9.452865480086615,90.54713451991339
KHUA,REDSTONE ARMY AIRFIELD,2,2,0,100.0,34.23719528896193,100.0
KPRB,PASO ROBLES MUNICIPAL ARPT,2,1,1,50.0,9.452865480086615,90.54713451991339
KPMH,GREATER PORTSMOUTH REGIONAL ARPT,2,1,1,50.0,9.452865480086615,90.54713451991339
KPNM,PRINCETON MUNICIPAL,2,2,0,100.0,34.23719528896193,100.0
KPJY,PINCKNEYVILLE-DU QUOIN,2,2,0,100.0,34.23719528896193,100.0
KPLD,PORTLAND MUNICIPAL ARPT,2,1,1,50.0,9.452865480086615,90.54713451991339
KPLK,M GRAHAM CLARK - TANEY COUNTY ARPT,2,1,1,50.0,9.452865480086615,90.54713451991339
FL59,BUCKINGHAM FIELD ARPT,2,2,0,100.0,34.23719528896193,100.0
GMME,RABAT-SALE AIRPORT,2,1,1,50.0,9.452865480086615,90.54713451991339
D73,MONROE-WALTON COUNTY,2,2,0,100.0,34.23719528896193,100.0
CYSN,ST CATHARINES/NIAGARA DISTRICT,2,0,2,0.0,0.0,65.76280471103807
CYWH,VICTORIA HARBOUR,2,0,2,0.0,0.0,65.76280471103807
D00,NORMAN CO ADA/TWIN VALLEY,2,2,0,100.0,34.23719528896193,100.0
KRPB,BELLEVILLE MUNICIPAL,2,2,0,100.0,34.23719528896193,100.0
KRPD,RICE LAKE REGIONAL ARPT CARL'S FIELD,2,1,1,50.0,9.452865480086615,90.54713451991339
KRQB,ROBEN-HOOD ARPT,2,2,0,100.0,34.23719528896193,100.0
KRQO,EL RENO REGIONAL ARPT,2,0,2,0.0,0.0,65.76280471103807
KHFJ,MONETT MUNICIPAL ARPT,2,1,1,50.0,9.452865480086615,90.54713451991339
SBPA,SALGADO FILHO ARPT,2,0,2,0.0,0.0,65.76280471103807
SEQM,MARISCAL SUCRE INTL ARPT,2,0,2,0.0,0.0,65.76280471103807
S83,SHOSHONE COUNTY ARPT,2,2,0,100.0,34.23719528896193,100.0
SABE,JORGE NEWBERY,2,0,2,0.0,0.0,65.76280471103807
RPVM,MACTAN-CEBU INTL,2,0,2,0.0,0.0,65.76280471103807
S21,SUNRIVER,2,1,1,50.0,9.452865480086615,90.54713451991339
D68,SPRINGERVILLE MUNICIPAL,2,2,0,100.0,34.23719528896193,100.0
W91,SMITH MOUNTAIN LAKE,2,2,0,100.0,34.23719528896193,100.0
W32,WASHINGTON EXECUTIVE ARPT HYDE FIELD,2,1,1,50.0,9.452865480086615,90.54713451991339
W48,ESSEX SKYPARK,2,1,1,50.0,9.452865480086615,90.54713451991339
1M9,LAKE BARKLEY STATE PK ARPT,2,2,0,100.0,34.23719528896193,100.0
W24,FALWELL ARPT,2,2,0,100.0,34.23719528896193,100.0
W28,SEQUIM VALLEY ARPT,2,0,2,0.0,0.0,65.76280471103807
X14,LA BELLE MUNICIPAL ARPT,2,2,0,100.0,34.23719528896193,100.0
X39,TAMPA NORTH AERO PARK,2,0,2,0.0,0.0,65.76280471103807
EDFH,FRANKFURT HAHN ARPT,2,0,2,0.0,0.0,65.76280471103807
E91,CHINLE MUNICIPAL ARPT,2,2,0,100.0,34.23719528896193,100.0
ELLX,LUXEMBOURG INTL ARPT,2,0,2,0.0,0.0,65.76280471103807
KPWC,PINE RIVER REGIONAL ARPT,2,0,2,0.0,0.0,65.76280471103807
KPWG,MC GREGOR EXECUTIVE ARPT,2,2,0,100.0,34.23719528896193,100.0
KPTW,HERITAGE FIELD ARPT,2,1,1,50.0,9.452865480086615,90.54713451991339
05C,GRIFFITH-MERRILLVILLE ARPT,2,2,0,100.0,34.23719528896193,100.0
02C,CAPITOL,2,1,1,50.0,9.452865480086615,90.54713451991339
23S,SEELEY LAKE,2,1,1,50.0,9.452865480086615,90.54713451991339
KRBW,LOWCOUNTRY REGIONAL AIRPORT,2,1,1,50.0,9.452865480086615,90.54713451991339
KRED,RED LODGE ARPT,2,2,0,100.0,34.23719528896193,100.0
EGHI,SOUTHAMPTON ARPT,2,1,1,50.0,9.452865480086615,90.54713451991339
EGJJ,JERSEY ARPT,2,1,1,50.0,9.452865480086615,90.54713451991339
KPXE,PERRY-HOUSTON COUNTY AIRPORT,2,0,2,0.0,0.0,65.76280471103807
E95,BENSON MUNCIPAL AIRPORT,2,1,1,50.0,9.452865480086615,90.54713451991339
EBOS,OOSTTENDE,2,2,0,100.0,34.23719528896193,100.0
KGWO,GREENWOOD-LEFLORE ARPT,2,1,1,50.0,9.452865480086615,90.54713451991339
KHNZ,HENDERSON-OXFORD AIRPORT,2,1,1,50.0,9.452865480086615,90.54713451991339
KHQU,THOMSON-MCDUFFIE COUNTY ARPT,2,0,2,0.0,0.0,65.76280471103807
Y55,CRANDON/STEVE CONWAY MUNI ARPT,2,1,1,50.0,9.452865480086615,90.54713451991339
Y70,IONIA COUNTY,2,1,1,50.0,9.452865480086615,90.54713451991339
UCFM,MANAS INTL ARPT,2,0,2,0.0,0.0,65.76280471103807
2A0,MARK ANTON AIRPORT,2,2,0,100.0,34.23719528896193,100.0
T67,HICKS AIRFIELD,2,1,1,50.0,9.452865480086615,90.54713451991339
06D,ROLLA MUNICIPAL ARPT,1,1,0,100.0,20.654329147389294,100.0
09N,AIRHAVEN,1,1,0,100.0,20.654329147389294,100.0
09R,TYLER COUNTY ARPT,1,1,0,100.0,20.654329147389294,100.0
0A8,BIBB COUNTY AIRPORT,1,1,0,100.0,20.654329147389294,100.0
0I8,CYNTHIANA-HARRISON COUNTY AIRPORT,1,0,1,0.0,0.0,79.34567085261071
0M5,HUMPHREYS COUNTY ARPT,1,1,0,100.0,20.654329147389294,100.0
0MSO,TOPTON AIR ESTATES ARPT,1,1,0,100.0,20.654329147389294,100.0
0NC4,WAKE MEDICAL CENTER HELIPORT,1,1,0,100.0,20.654329147389294,100.0
0PS2,MARIAN HELIPORT,1,0,1,0.0,0.0,79.34567085261071
0Q4,SELMA,1,0,1,0.0,0.0,79.34567085261071
0Q5,SHELTER COVE ARPT,1,0,1,0.0,0.0,79.34567085261071
KHII,LAKE HAVASU CITY ARPT,1,0,1,0.0,0.0,79.34567085261071
KHOC,HIGHLAND COUNTY ARPT,1,0,1,0.0,0.0,79.34567085261071
KHRF,RAVALLI COUNTY AIRPORT,1,0,1,0.0,0.0,79.34567085261071
KHRT,HURLBURT FIELD ARPT,1,0,1,0.0,0.0,79.34567085261071
KHSB,HARRISBURG-RALEIGH AIRPORT,1,1,0,100.0,20.654329147389294,100.0
KGWR,GWINNER-ROGER MELROE FIELD ARPT,1,0,1,0.0,0.0,79.34567085261071
KGYL,GLENCOE MUNICIPAL AIRPORT,1,1,0,100.0,20.654329147389294,100.0
KGZS,ABERNATHY FIELD ARPT,1,1,0,100.0,20.654329147389294,100.0
XS90,FENTRESS AIRPARK,1,1,0,100.0,20.654329147389294,100.0
Y14,MARV SKIE-LINCOLN COUNTY,1,1,0,100.0,20.654329147389294,100.0
Y19,MANDAN MUNICIPAL,1,0,1,0.0,0.0,79.34567085261071
Y23,CHETEK MUNICIPAL/SOUTHWORTH AIRPORT,1,1,0,100.0,20.654329147389294,100.0
Y50,WAUTOMA MUNICIPAL,1,1,0,100.0,20.654329147389294,100.0
Y65,CALVIN CAMPBELL MUNICIPAL,1,1,0,100.0,20.654329147389294,100.0
Y96,LEO GOETZ COUNTY ARPT,1,1,0,100.0,20.654329147389294,100.0
YBBN,BRISBANE INTL ARPT,1,0,1,0.0,0.0,79.34567085261071
UBBB,HEYDAR ALIYEV INTL ARPT,1,0,1,0.0,0.0,79.34567085261071
UHHH,KHABAROVSK,1,0,1,0.0,0.0,79.34567085261071
X58,INDIANTOWN,1,1,0,100.0,20.654329147389294,100.0
XA14,LMH HELIPORT,1,0,1,0.0,0.0,79.34567085261071
XA86,DRIFTWOOD RANCH AIRPORT,1,0,1,0.0,0.0,79.34567085261071
XS04,BELL SOUTH AIRFIELD HELIPORT,1,0,1,0.0,0.0,79.34567085261071
XS40,JAY KAY RANCH ARPT,1,1,0,100.0,20.654329147389294,100.0
XS73,SCOTT & WHITE MEMORIAL HOSPITAL HELIPORT,1,0,1,0.0,0.0,79.34567085261071
TX33,HAIRE ARPT,1,1,0,100.0,20.654329147389294,100.0
TYE,TYONEK ARPT,1,1,0,100.0,20.654329147389294,100.0
U02,MCCARLEY FIELD ARPT,1,0,1,0.0,0.0,79.34567085261071
U05,RIDDICK FIELD AIRPORT,1,1,0,100.0,20.654329147389294,100.0
U10,PRESTON ARPT,1,1,0,100.0,20.654329147389294,100.0
U14,NEPHI MUNICIPAL ARPT,1,1,0,100.0,20.654329147389294,100.0
U68,NORTH BIG HORN COUNTY ARPT,1,0,1,0.0,0.0,79.34567085261071
U70,CASCADE ARPT,1,0,1,0.0,0.0,79.34567085261071
F17,CENTER MUNICIPAL AIRPORT,1,1,0,100.0,20.654329147389294,100.0
F31,LAKE TEXOMA STATE PARK ARPT,1,1,0,100.0,20.654329147389294,100.0
E60,ELROY MUNICIPAL AIRPORT,1,0,1,0.0,0.0,79.34567085261071
E63,GILA BEND MUNICIPAL,1,1,0,100.0,20.654329147389294,100.0
E70,Huber Airpark Civic Club LLC Airport,1,0,1,0.0,0.0,79.34567085261071
EDDN,NURNBERG,1,0,1,0.0,0.0,79.34567085261071
EGAA,BELFAST INTL ARPT,1,0,1,0.0,0.0,79.34567085261071
EGBE,COVENTRY ARPT,1,0,1,0.0,0.0,79.34567085261071
EGNJ,HUMBERSIDE,1,0,1,0.0,0.0,79.34567085261071
EGPE,INVERNESS ARPT,1,0,1,0.0,0.0,79.34567085261071
EGSX,NORTH WEALD AIRFIELD,1,0,1,0.0,0.0,79.34567085261071
EGUL,RAF LAKENHEATH ARPT,1,1,0,100.0,20.654329147389294,100.0
ENFB,FORNEBU (OSLO),1,0,1,0.0,0.0,79.34567085261071
ENGM,OSLO GARDERMOEN AIRPORT,1,0,1,0.0,0.0,79.34567085261071
F05,WILBARGER COUNTY AIRPORT,1,1,0,100.0,20.654329147389294,100.0
F10,HENRYETTA MUNICIPAL ARPT,1,1,0,100.0,20.654329147389294,100.0
KPVJ,PAULS VALLEY MUNICIPAL AIRPORT,1,1,0,100.0,20.654329147389294,100.0
KPVW,HALE COUNTY ARPT,1,0,1,0.0,0.0,79.34567085261071
EGKA,SHOREHAM ARPT,1,0,1,0.0,0.0,79.34567085261071
EGKB,BIGGIN HILL ARPT,1,0,1,0.0,0.0,79.34567085261071
EGLF,FARNBOROUGH ARPT,1,1,0,100.0,20.654329147389294,100.0
EGLK,BLACKBUSHE ARPT,1,0,1,0.0,0.0,79.34567085261071
EGLS,OLD SARUM AIRFIELD,1,0,1,0.0,0.0,79.34567085261071
EGMD,LONDON ASHFORD ARPT,1,0,1,0.0,0.0,79.34567085261071
YBHM,HAMILTON ISLAND,1,0,1,0.0,0.0,79.34567085261071
YMML,MELBOURNE,1,0,1,0.0,0.0,79.34567085261071
04W,FIELD OF DREAMS ARPT,1,0,1,0.0,0.0,79.34567085261071
KPTS,ATKINSON MUNICIPAL,1,0,1,0.0,0.0,79.34567085261071
KPTT,PRATT REGIONAL AIRPORT,1,0,1,0.0,0.0,79.34567085261071
KPTV,PORTERVILLE MUNICIPAL ARPT,1,1,0,100.0,20.654329147389294,100.0
KPUJ,PAULDING NORTHWEST ATLANTA ARPT,1,1,0,100.0,20.654329147389294,100.0
KPVF,PLACERVILLE ARPT,1,1,0,100.0,20.654329147389294,100.0
KPRX,COX FIELD ARPT,1,0,1,0.0,0.0,79.34567085261071
KPSK,NEW RIVER VALLEY AIRPORT,1,1,0,100.0,20.654329147389294,100.0
KPSX,PALACIOS MUNICIPAL ARPT,1,1,0,100.0,20.654329147389294,100.0
KPTB,DINWIDDIE COUNTY ARPT,1,1,0,100.0,20.654329147389294,100.0
KROX,ROSEAU MUNI ARPT/RUDY BILLBERG FLD,1,1,0,100.0,20.654329147389294,100.0
KRQE,WINDOW ROCK AIRPORT,1,0,1,0.0,0.0,79.34567085261071
KRRL,MERRILL MUNICIPAL ARPT,1,1,0,100.0,20.654329147389294,100.0
KRRQ,ROCK RAPIDS MUNICIPAL ARPT,1,1,0,100.0,20.654329147389294,100.0
GA04,MALLARDS LANDING,1,1,0,100.0,20.654329147389294,100.0
GA20,STAFFORD ARPT,1,1,0,100.0,20.654329147389294,100.0
H75,HERNANDO VILLAGE ARPK,1,1,0,100.0,20.654329147389294,100.0
H81,RIVER FALLS AIRPORT,1,0,1,0.0,0.0,79.34567085261071
KPMU,PANOLA COUNTY ARPT,1,1,0,100.0,20.654329147389294,100.0
KPPF,TRI-CITY ARPT (PARSONS),1,1,0,100.0,20.654329147389294,100.0
KPPQ,PITTSFIELD PENSTONE MUNICIPAL ARPT,1,1,0,100.0,20.654329147389294,100.0
KPRG,EDGAR COUNTY AIRPORT,1,0,1,0.0,0.0,79.34567085261071
KRCZ,RICHMOND COUNTY AIRPORT,1,0,1,0.0,0.0,79.34567085261071
KRFG,ROOKE FIELD ARPT,1,1,0,100.0,20.654329147389294,100.0
KRGK,RED WING,1,0,1,0.0,0.0,79.34567085261071
KRID,RICHMOND MUNICIPAL ARPT,1,0,1,0.0,0.0,79.34567085261071
KRKR,ROBERT S KERR ARPT,1,0,1,0.0,0.0,79.34567085261071
FL17,RUCKEL AIRPORT,1,1,0,100.0,20.654329147389294,100.0
FWKI,KAMUZU INTL,1,1,0,100.0,20.654329147389294,100.0
G05,FINLEYVILLE AIRPARK,1,1,0,100.0,20.654329147389294,100.0
EGBP,COTSWOLD ARPT,1,1,0,100.0,20.654329147389294,100.0
EGDL,LYNEHAM (UK),1,0,1,0.0,0.0,79.34567085261071
EGGD,BRISTOL INTL,1,0,1,0.0,0.0,79.34567085261071
EGJA,ALDERNEY ARPT,1,1,0,100.0,20.654329147389294,100.0
KRAS,MUSTANG BEACH AIRPORT,1,1,0,100.0,20.654329147389294,100.0
KRBL,RED BLUFF MUNICIPAL ARPT,1,0,1,0.0,0.0,79.34567085261071
KRBO,NUECES COUNTY ARPT,1,1,0,100.0,20.654329147389294,100.0
KRCE,CLARENCE E PAGE MUNICIPAL AIRPORT,1,0,1,0.0,0.0,79.34567085261071
CN52,OROVILLE HOSPITAL HELIPORT,1,0,1,0.0,0.0,79.34567085261071
CO49,COLORADO SPRINGS EAST ARPT,1,1,0,100.0,20.654329147389294,100.0
CT60,CANTERBURY FARM ARPT,1,0,1,0.0,0.0,79.34567085261071
CYAG,FORT FRANCES MUNICIPAL,1,1,0,100.0,20.654329147389294,100.0
CYBR,BRANDON MUNICIPAL,1,1,0,100.0,20.654329147389294,100.0
CYCD,NANAIMO,1,0,1,0.0,0.0,79.34567085261071
CYET,EDSON,1,0,1,0.0,0.0,79.34567085261071
CYGW,KUUJJUARAPIK,1,0,1,0.0,0.0,79.34567085261071
KRYV,WATERTOWN MUNICIPAL ARPT,1,0,1,0.0,0.0,79.34567085261071
KRZR,CLEVELAND REGIONAL JETPORT,1,0,1,0.0,0.0,79.34567085261071
KSAR,SPARTA COMMUNITY ARPT-HUNTER FLD,1,0,1,0.0,0.0,79.34567085261071
CA92,PARADISE SKYPARK ARPT,1,1,0,100.0,20.654329147389294,100.0
CAP3,SECHELT-GIBSONS,1,1,0,100.0,20.654329147389294,100.0
CEX3,WETASKIWIN,1,0,1,0.0,0.0,79.34567085261071
CL33,PAUMA VALLEY AIR PARK ARPT,1,0,1,0.0,0.0,79.34567085261071
CL35,WARNER SPRINGS GLIDERPORT,1,1,0,100.0,20.654329147389294,100.0
D95,DUPONT-LAPEER ARPT,1,1,0,100.0,20.654329147389294,100.0
D98,ROMEO STATE AIRPORT,1,1,0,100.0,20.654329147389294,100.0
DAAG,HOUARI BOUMEDIENE,1,0,1,0.0,0.0,79.34567085261071
DIAP,PORT BOUET ARPT,1,1,0,100.0,20.654329147389294,100.0
E11,ANDREWS COUNTY ARPT,1,0,1,0.0,0.0,79.34567085261071
E27,ELK GROVE ARPT,1,1,0,100.0,20.654329147389294,100.0
KRWL,RAWLINS MUNICIPAL ARPT/HARVEY FIELD,1,0,1,0.0,0.0,79.34567085261071
KRWN,ARENS FIELD ARPT,1,1,0,100.0,20.654329147389294,100.0
CYSG,ST- GEORGES AERODOME,1,0,1,0.0,0.0,79.34567085261071
CYYR,GOOSE BAY,1,0,1,0.0,0.0,79.34567085261071
CYYT,ST. JOHNS INTL,1,0,1,0.0,0.0,79.34567085261071
CZBB,BOUNDARY BAY,1,0,1,0.0,0.0,79.34567085261071
D09,BOTTINEAU MUNICIPAL ARPT,1,1,0,100.0,20.654329147389294,100.0
D56,MAYVILLE MUNCIPAL AIRPORT,1,0,1,0.0,0.0,79.34567085261071
D60,TIOGA MUNICIPAL ARPT,1,1,0,100.0,20.654329147389294,100.0
D80,OLCOTT-NEWFANE ARPT,1,1,0,100.0,20.654329147389294,100.0
FEFB,POSTE ARPT,1,1,0,100.0,20.654329147389294,100.0
KSHN,SANDERSON FIELD AIRPORT,1,1,0,100.0,20.654329147389294,100.0
KSIF,ROCKINGHAM COUNTY NC SHILOH ARPT,1,1,0,100.0,20.654329147389294,100.0
9N1,VANSANT,1,1,0,100.0,20.654329147389294,100.0
9NC1,STANLY MEMORIAL HOSPITAL HELIPORT,1,1,0,100.0,20.654329147389294,100.0
9TA7,UNIVERSITY OF TEXAS MEDICAL BRANCH EMERGENCY ROOM HELIPORT,1,0,1,0.0,0.0,79.34567085261071
9V9,CHAMBERLAIN MUNICIPAL AIRPORT,1,0,1,0.0,0.0,79.34567085261071
9WI8,FLETCHER ARPT,1,1,0,100.0,20.654329147389294,100.0
F46,RALPH M HALL/ROCKWALL MUNICIPAL AIRPORT,1,1,0,100.0,20.654329147389294,100.0
F62,HAYFORK ARPT,1,1,0,100.0,20.654329147389294,100.0
F87,UNION PARISH ARPT,1,1,0,100.0,20.654329147389294,100.0
F99,HOLDENVILLE MUNI ARPT,1,1,0,100.0,20.654329147389294,100.0
FA1,TAVARES SEAPLANE BASE,1,0,1,0.0,0.0,79.34567085261071
FA38,WOODS AND LAKES AIRPARK,1,1,0,100.0,20.654329147389294,100.0
FA61,SHANDS JACKSONVILLE HOSPITAL HELIPORT,1,0,1,0.0,0.0,79.34567085261071
FA81,TAVERNAERO PARK,1,1,0,100.0,20.654329147389294,100.0
K33,SALEM MEMORIAL AIRPORT,1,0,1,0.0,0.0,79.34567085261071
K38,WASHINGTON COUNTY MEMORIAL,1,0,1,0.0,0.0,79.34567085261071
K68,GARNETT MUNICIPAL ARPT,1,0,1,0.0,0.0,79.34567085261071
K81,MIAMI COUNTY ARPT,1,1,0,100.0,20.654329147389294,100.0
KAAA,LOGAN COUNTY ARPT (IL),1,0,1,0.0,0.0,79.34567085261071
KPEO,PENN YAN ARPT,1,1,0,100.0,20.654329147389294,100.0
KPHP,PHILIP ARPT,1,1,0,100.0,20.654329147389294,100.0
KPHT,HENRY COUNTY AIRPORT,1,0,1,0.0,0.0,79.34567085261071
CYHU,SAINT HUBERT,1,0,1,0.0,0.0,79.34567085261071
CYJT,STEPHENVILLE,1,0,1,0.0,0.0,79.34567085261071
CYKZ,TORONTO/BUTTONVILLE MUNICIPAL,1,0,1,0.0,0.0,79.34567085261071
CYQR,REGINA INTL,1,1,0,100.0,20.654329147389294,100.0
IA66,NASH FIELD INDIANOLA (PVT),1,1,0,100.0,20.654329147389294,100.0
IA82,MERCY HOSPITAL MED CENTER PVT HELI,1,0,1,0.0,0.0,79.34567085261071
JY17,WOODCREST FARMS AIRSTRIP,1,1,0,100.0,20.654329147389294,100.0
K24,RUSSELL COUNTY AIRPORT,1,0,1,0.0,0.0,79.34567085261071
I62,BROOKVILLE AIR-PARK,1,1,0,100.0,20.654329147389294,100.0
I64,WAKEMAN ARPT,1,0,1,0.0,0.0,79.34567085261071
I74,GRIMES FIELD AIRPORT,1,0,1,0.0,0.0,79.34567085261071
I95,HARDIN COUNTY,1,1,0,100.0,20.654329147389294,100.0
IA24,GREEN CASTLE ARPT,1,1,0,100.0,20.654329147389294,100.0
C66,MONMOUTH MUNICIPAL,1,1,0,100.0,20.654329147389294,100.0
C81,CAMPBELL ARPT,1,1,0,100.0,20.654329147389294,100.0
C83,BRYON ARPT,1,0,1,0.0,0.0,79.34567085261071
KOXD,MIAMI UNIVERSITY ARPT,1,1,0,100.0,20.654329147389294,100.0
KOYM,ST MARYS MUNICIPAL AIRPORT,1,1,0,100.0,20.654329147389294,100.0
HI01,PRINCEVILLE ARPT,1,0,1,0.0,0.0,79.34567085261071
HKHO,HOLA ARPT,1,0,1,0.0,0.0,79.34567085261071
HRYR,KIGALI INTL AIRPORT,1,0,1,0.0,0.0,79.34567085261071
I39,MADISON ARPT,1,1,0,100.0,20.654329147389294,100.0
I41,ROBERT NEWLON FIELD,1,1,0,100.0,20.654329147389294,100.0
I42,PAOLI MUNICIPAL AIRPORT,1,1,0,100.0,20.654329147389294,100.0
C47,PORTAGE MUNICIPAL ARPT,1,1,0,100.0,20.654329147389294,100.0
C62,KENDALLVILLE MUNICIPAL ARPT,1,1,0,100.0,20.654329147389294,100.0
C65,PLYMOUTH MUNICIPAL (IN),1,1,0,100.0,20.654329147389294,100.0
KAGO,MAGNOLIA MUNICIPAL,1,0,1,0.0,0.0,79.34567085261071
KORB,ORR REGIONAL ARPT,1,1,0,100.0,20.654329147389294,100.0
KORG,ORANGE COUNTY ARPT (TX),1,0,1,0.0,0.0,79.34567085261071
KOSA,MOUNT PLEASANT REGIONAL AIRPORT,1,1,0,100.0,20.654329147389294,100.0
KOTG,WORTHINGTON MUNICIPAL ARPT,1,0,1,0.0,0.0,79.34567085261071
9Z4,INNER HARBOR (SPB),1,0,1,0.0,0.0,79.34567085261071
A08,VAIDEN FIELD AIRPORT,1,1,0,100.0,20.654329147389294,100.0
AR09,GRAVETTE FIELD ARPT,1,1,0,100.0,20.654329147389294,100.0
AR62,ARKANSAS CHILDREN'S HOSPITAL HELIPORT,1,0,1,0.0,0.0,79.34567085261071
B06,BASIN HARBOR AIRPORT,1,0,1,0.0,0.0,79.34567085261071
BKPR,PRISHTINA INTERNATIONAL ARPT,1,0,1,0.0,0.0,79.34567085261071
C20,ANDREWS UNIV AIRPARK,1,0,1,0.0,0.0,79.34567085261071
C43,HIRAM CURE ARPT,1,1,0,100.0,20.654329147389294,100.0
KOMK,OMAK ARPT,1,0,1,0.0,0.0,79.34567085261071
KONA,WINONA MUNI ARPT-MAX CONRAD FIELD,1,1,0,100.0,20.654329147389294,100.0
KONL,THE O'NEILL MUNICIPAL ARPT,1,0,1,0.0,0.0,79.34567085261071
KACJ,JIMMY CARTER REGIONAL AIRPORT,1,1,0,100.0,20.654329147389294,100.0
KACQ,WASECA MUNICIPAL AIRPORT/MAYNARD RICHARD STENSRUD FIELD,1,0,1,0.0,0.0,79.34567085261071
KADC,WADENA MUNICIPAL,1,1,0,100.0,20.654329147389294,100.0
KADH,ADA MUNICIPAL ARPT,1,0,1,0.0,0.0,79.34567085261071
87MO,RICHTERS ARPT,1,1,0,100.0,20.654329147389294,100.0
KOIC,LT WARREN EATON ARPT,1,1,0,100.0,20.654329147389294,100.0
KOJA,WEATHERFORD STAFFORD AIRPORT,1,0,1,0.0,0.0,79.34567085261071
KOKB,OCEANSIDE  MUNICIPAL ARPT,1,0,1,0.0,0.0,79.34567085261071
KOKH,WES LUPIEN,1,1,0,100.0,20.654329147389294,100.0
KOKK,KOKOMO MUNICIPAL ARPT,1,0,1,0.0,0.0,79.34567085261071
KOLU,COLUMBUS MUNICIPAL ARPT (NE),1,1,0,100.0,20.654329147389294,100.0
KOLY,OLNEY-NOBLE ARPT,1,0,1,0.0,0.0,79.34567085261071
KOMH,ORANGE COUNTY ARPT (VA),1,1,0,100.0,20.654329147389294,100.0
KSOA,SONORA MUNICIPAL ARPT,1,1,0,100.0,20.654329147389294,100.0
KSPH,SPRINGHILL ARPT,1,1,0,100.0,20.654329147389294,100.0
KSPX,HOUSTON GULF ARPT,1,0,1,0.0,0.0,79.34567085261071
KAMW,AMES MUNICIPAL ARPT,1,0,1,0.0,0.0,79.34567085261071
KAPT,MARION COUNTY-BROWN FIELD,1,1,0,100.0,20.654329147389294,100.0
KAQO,LLANO MUNICIPAL ARPT,1,1,0,100.0,20.654329147389294,100.0
KAQR,ATOKA MUNICIPAL ARPT,1,1,0,100.0,20.654329147389294,100.0
KOEB,BRANCH COUNTY MEMORIAL AIRPORT,1,0,1,0.0,0.0,79.34567085261071
C91,DOWAGIAC MUNICIPAL ARPT,1,1,0,100.0,20.654329147389294,100.0
CA20,EAGLE'S NEST AIRPORT,1,1,0,100.0,20.654329147389294,100.0
CA51,THE SEA RANCH ARPT,1,1,0,100.0,20.654329147389294,100.0
CA52,PORT OCALL HELIPORT,1,0,1,0.0,0.0,79.34567085261071
KSKI,SAC CITY MUNICIPAL ARPT,1,0,1,0.0,0.0,79.34567085261071
KSLH,CHEBOYGAN COUNTY ARPT,1,0,1,0.0,0.0,79.34567085261071
KSLR,SULPHUR SPRINGS MUNICIPAL ARPT,1,0,1,0.0,0.0,79.34567085261071
KSMQ,SOMERSET AIRPORT,1,1,0,100.0,20.654329147389294,100.0
KMYL,MC CALL MUNICIPAL ARPT,1,1,0,100.0,20.654329147389294,100.0
KMZZ,MARION MUNICIPAL AIRPORT,1,0,1,0.0,0.0,79.34567085261071
KNBC,BEAUFORT MARINE CORPS AIR STATION (MERRITT FIELD),1,0,1,0.0,0.0,79.34567085261071
KNFW,NAS JRB FORT WORTH,1,0,1,0.0,0.0,79.34567085261071
KNOW,PORT ANGELES COAST GUARD AIR STATION AIRPORT,1,0,1,0.0,0.0,79.34567085261071
KNTU,OCEANA NAVAL AIR STATION,1,1,0,100.0,20.654329147389294,100.0
KNUC,SAN CLEMENTE ISLAND NALF,1,0,1,0.0,0.0,79.34567085261071
KNYG,QUANTICO MCAF/TURNER FIELD,1,0,1,0.0,0.0,79.34567085261071
9D2,HARDING COUNTY ARPT,1,1,0,100.0,20.654329147389294,100.0
9D9,HASTINGS AIRPORT,1,0,1,0.0,0.0,79.34567085261071
9G5,ROYALTON AIRPORT,1,1,0,100.0,20.654329147389294,100.0
KASL,HARRISON COUNTY ARPT,1,0,1,0.0,0.0,79.34567085261071
KASN,TALLADEGA MUNICIPAL AIRPORT,1,1,0,100.0,20.654329147389294,100.0
KATA,HALL-MILLER MUNICIPAL AIRPORT,1,1,0,100.0,20.654329147389294,100.0
KAWM,WEST MEMPHIS MUNICIPAL ARPT,1,1,0,100.0,20.654329147389294,100.0
KMWO,MIDDLETOWN REGIONAL ARPT/HOOK FLD,1,1,0,100.0,20.654329147389294,100.0
8TN7,SHORT CREEK ARPT,1,1,0,100.0,20.654329147389294,100.0
8U2,SCHAFER/USFS,1,1,0,100.0,20.654329147389294,100.0
90WA,WALDRONAIRE ARPT,1,0,1,0.0,0.0,79.34567085261071
98D,ONIDA MUNICIPAL,1,1,0,100.0,20.654329147389294,100.0
99Y,GREELEY MUNICIPAL ARPT,1,0,1,0.0,0.0,79.34567085261071
9A7,SOUTH EXPRESSWAY,1,1,0,100.0,20.654329147389294,100.0
9CA2,PIONEERS MEMORIAL HOSPITAL HELIPORT,1,0,1,0.0,0.0,79.34567085261071
9D1,GREGORY MUNICIPAL ARPT,1,0,1,0.0,0.0,79.34567085261071
88R,SPICEWOOD ARPT,1,1,0,100.0,20.654329147389294,100.0
8A3,LIVINGSTON MUNICIPAL AIRPORT,1,1,0,100.0,20.654329147389294,100.0
8A4,INDIANAPOLIS DOWNTOWN HELIPORT,1,0,1,0.0,0.0,79.34567085261071
8A6,WILGROVE AIR PARK,1,1,0,100.0,20.654329147389294,100.0
8D4,PAUL C. MILLER-SPARTA ARPT,1,1,0,100.0,20.654329147389294,100.0
8D7,CLARK COUNTY ARPT (SD),1,1,0,100.0,20.654329147389294,100.0
8F5,GREATER MORRIS COUNTY AIRPORT,1,1,0,100.0,20.654329147389294,100.0
8S1,POLSON ARPT,1,0,1,0.0,0.0,79.34567085261071
7W4,Lake Anna Airport,1,0,1,0.0,0.0,79.34567085261071
7WI3,ST VINCENT HOSPITAL HELIPORT,1,0,1,0.0,0.0,79.34567085261071
80D,CLARE COUNTY ARPT,1,0,1,0.0,0.0,79.34567085261071
81OK,TWIN LAKES RANCH ARPT,1,1,0,100.0,20.654329147389294,100.0
82J,FERGUSON ARPT,1,0,1,0.0,0.0,79.34567085261071
82OH,COMMUNITY HOSPITAL OF WILLIAM CO HELIPORT,1,1,0,100.0,20.654329147389294,100.0
82TX,ST JOSEPH HOSPITAL HELIPORT,1,0,1,0.0,0.0,79.34567085261071
82WN,MAGEE CREEK AERODROME,1,1,0,100.0,20.654329147389294,100.0
79KY,LUCAS FIELD AIRPORT,1,1,0,100.0,20.654329147389294,100.0
7AK4,JACK FISH LANDING AIRPORT,1,1,0,100.0,20.654329147389294,100.0
7D6,FREEDOM AIR FIELD,1,1,0,100.0,20.654329147389294,100.0
7LS1,PHI VENICE HELIPORT,1,0,1,0.0,0.0,79.34567085261071
7M4,OSCEOLA MUNICIPAL ARPT,1,1,0,100.0,20.654329147389294,100.0
7M6,PARIS MUNICIPAL,1,1,0,100.0,20.654329147389294,100.0
7MI3,THRALL LAKE ARPT,1,1,0,100.0,20.654329147389294,100.0
7V2,NORTH FORK VALLEY,1,1,0,100.0,20.654329147389294,100.0
KTCM,MCCORD FIELD ARPT,1,0,1,0.0,0.0,79.34567085261071
KTEL,PERRY COUNTY MUNICIPAL,1,1,0,100.0,20.654329147389294,100.0
KTGC,GIBSON COUNTY AIRPORT,1,0,1,0.0,0.0,79.34567085261071
KTGI,TANGIER ISLAND ARPT,1,1,0,100.0,20.654329147389294,100.0
KTHV,YORK ARPT,1,0,1,0.0,0.0,79.34567085261071
77S,HOBBY FIELD ARPT,1,0,1,0.0,0.0,79.34567085261071
78NC,FUQUAY AIRPORT/ ANGIER FIELD,1,1,0,100.0,20.654329147389294,100.0
79J,SOUTH ALABAMA REGNL ARPT AT BILL BENTON FIELD,1,0,1,0.0,0.0,79.34567085261071
KOAR,MARINA MUNICIPAL ARPT,1,1,0,100.0,20.654329147389294,100.0
KAIT,AITKIN MUNI ARPT-STEVE KURTZ FIELD,1,0,1,0.0,0.0,79.34567085261071
KAJR,HABERSHAM COUNTY AIRPORT,1,0,1,0.0,0.0,79.34567085261071
KAKH,GASTONIA MUNICIPAL AIRPORT,1,0,1,0.0,0.0,79.34567085261071
KSVN,HUNTER ARMY AIRFIELD,1,0,1,0.0,0.0,79.34567085261071
KSXK,SIOUX COUNTY REGIONAL AIRPORT,1,1,0,100.0,20.654329147389294,100.0
KSZP,SANTA PAULA AIRPORT,1,0,1,0.0,0.0,79.34567085261071
KSZY,ROBERT SIBLEY ARPT,1,1,0,100.0,20.654329147389294,100.0
KB10,BOWMAN FIELD ARPT,1,1,0,100.0,20.654329147389294,100.0
KBAD,BARKSDALE AIR FORCE BASE ARPT,1,1,0,100.0,20.654329147389294,100.0
KBBD,CURTIS FIELD AIRPORT,1,0,1,0.0,0.0,79.34567085261071
KBBP,MARLBORO COUNTY JETPORT-H E AVENT FIELD,1,1,0,100.0,20.654329147389294,100.0
KBBW,BROKEN BOW MUNICIPAL/KEITH GLAZE FIELD,1,1,0,100.0,20.654329147389294,100.0
KBDE,BAUDETTE INTL ARPT,1,1,0,100.0,20.654329147389294,100.0
KARM,WHARTON REGIONAL ARPT,1,1,0,100.0,20.654329147389294,100.0
KUDG,DARLINGTON COUNTY ARPT,1,0,1,0.0,0.0,79.34567085261071
KBKF,BUCKLEY ANGB ARPT,1,0,1,0.0,0.0,79.34567085261071
KBKT,ALLEN C PERKINSON AIRPORT/BLACKSTONE ARMY AIRFIELD,1,0,1,0.0,0.0,79.34567085261071
KMRC,MAURY COUNTY ARPT,1,1,0,100.0,20.654329147389294,100.0
KMRJ,IOWA COUNTY ARPT,1,1,0,100.0,20.654329147389294,100.0
KMUT,MUSCATINE MUNICIPAL ARPT,1,0,1,0.0,0.0,79.34567085261071
KMVC,MONROE COUNTY ARPT,1,1,0,100.0,20.654329147389294,100.0
KAXQ,CLARION COUNTY AIRPORT,1,1,0,100.0,20.654329147389294,100.0
KAZE,HAZLEHURST AIRPORT,1,1,0,100.0,20.654329147389294,100.0
KTSP,TEHACHAPI MUNICIPAL ARPT,1,1,0,100.0,20.654329147389294,100.0
KTVI,THOMASVILLE REGIONAL ARPT,1,0,1,0.0,0.0,79.34567085261071
KTVR,VICKSBURG TALLULAH REGIONAL ARPT,1,0,1,0.0,0.0,79.34567085261071
KTWM,RICHARD B HELGESON AIRPORT,1,1,0,100.0,20.654329147389294,100.0
KUCP,NEW CASTLE MUNICIPAL ARPT,1,1,0,100.0,20.654329147389294,100.0
KBGD,HUTCHINSON COUNTY AIRPORT,1,0,1,0.0,0.0,79.34567085261071
KBGE,DECATUR COUNTY INDUSTRIAL AIR PARK,1,0,1,0.0,0.0,79.34567085261071
KBHC,BAXLEY MUNCIPAL AIRPORT,1,1,0,100.0,20.654329147389294,100.0
87I,YAZOO COUNTY ARPT,1,1,0,100.0,20.654329147389294,100.0
KTKC,TRACY MUNICIPAL AIRPORT,1,0,1,0.0,0.0,79.34567085261071
KTLR,MEFFORD FIELD ARPT,1,0,1,0.0,0.0,79.34567085261071
KTOC,TOCCOA RG LETOURNEAU FIELD ARPT,1,0,1,0.0,0.0,79.34567085261071
KTPH,TONOPAH ARPT,1,0,1,0.0,0.0,79.34567085261071
KTQK,SCOTT CITY MUNICIPAL ARPT,1,1,0,100.0,20.654329147389294,100.0
KTRX,TRENTON MUNICIPAL ARPT,1,0,1,0.0,0.0,79.34567085261071
KTSO,CARROLL COUNTY-TOLSON AIRPORT,1,1,0,100.0,20.654329147389294,100.0
KUNU,DODGE COUNTY AIRPORT,1,0,1,0.0,0.0,79.34567085261071
KUUV,SULLIVAN REGIONAL ARPT,1,0,1,0.0,0.0,79.34567085261071
KUXL,SOUTHLAND FIELD ARPT,1,0,1,0.0,0.0,79.34567085261071
KVAD,MOODY AIR FORCE BASE,1,0,1,0.0,0.0,79.34567085261071
KVBG,VANDENBERG AIR FORCE BASE,1,0,1,0.0,0.0,79.34567085261071
KVER,JESSE VIERTEL MEMORIAL ARPT,1,1,0,100.0,20.654329147389294,100.0
KVJI,VIRGINIA HIGHLANDS ARPT,1,1,0,100.0,20.654329147389294,100.0
59XS,SCOTT & WHITE MEMORIAL HOSPITAL HELIPORT,1,0,1,0.0,0.0,79.34567085261071
6Y8,Welke Airport,1,0,1,0.0,0.0,79.34567085261071
70N,SPRING HILL ARPT,1,1,0,100.0,20.654329147389294,100.0
70S,MEAD FLYING SERVICE ARPT,1,1,0,100.0,20.654329147389294,100.0
72F,THROCKMORTON MUNICIPAL,1,0,1,0.0,0.0,79.34567085261071
72VA,INOVA FAIRFAX HOSPITAL HELIPORT,1,0,1,0.0,0.0,79.34567085261071
74S,ANACORTES,1,0,1,0.0,0.0,79.34567085261071
75MO,CHILDREN' S MERCY HOSPITAL HELIPORT,1,0,1,0.0,0.0,79.34567085261071
KUKT,QUAKERTOWN AIRPORT,1,0,1,0.0,0.0,79.34567085261071
6G5,BARNESVILLE-BRADFIELD ARPT,1,1,0,100.0,20.654329147389294,100.0
6J4,SALUDA COUNTY AIRPORT,1,1,0,100.0,20.654329147389294,100.0
6K5,SISTERS EAGLE,1,1,0,100.0,20.654329147389294,100.0
6L4,LOGAN COUNTY ARPT,1,1,0,100.0,20.654329147389294,100.0
6M2,HORSEHOE BEND ARPT,1,1,0,100.0,20.654329147389294,100.0
6OI8,CLEVELAND CLINIC FOUNDATION HELIPORT,1,0,1,0.0,0.0,79.34567085261071
6R1,WELSH AIRPORT,1,0,1,0.0,0.0,79.34567085261071
6S8,LAUREL MUNICIPAL,1,1,0,100.0,20.654329147389294,100.0
KUIZ,BERZ-MACOMB ARPT,1,1,0,100.0,20.654329147389294,100.0
66Y,DIAMONDHEAD AIRPORT,1,1,0,100.0,20.654329147389294,100.0
67S,PRIEST LAKE USFS,1,1,0,100.0,20.654329147389294,100.0
6A1,BUTLER MUNCIPAL ARPT,1,0,1,0.0,0.0,79.34567085261071
6A2,GRIFFIN-SPALDING CO,1,0,1,0.0,0.0,79.34567085261071
6B9,SKANEATELES AERO DROME,1,0,1,0.0,0.0,79.34567085261071
6D9,IOSCO COUNTY,1,1,0,100.0,20.654329147389294,100.0
6FL0,SEMINOLE LAKE GLIDERPORT,1,1,0,100.0,20.654329147389294,100.0
KBST,BELFAST MUNICIPAL ARPT,1,0,1,0.0,0.0,79.34567085261071
KBTP,BUTLER COUNTY ARPT/K W SCHOLTER FIELD,1,0,1,0.0,0.0,79.34567085261071
KBUB,CRAM FIELD ARPT,1,1,0,100.0,20.654329147389294,100.0
KBUU,BURLINGTON MUNICIPAL AIRPORT,1,1,0,100.0,20.654329147389294,100.0
5W5,TRIPLE W ARPT,1,1,0,100.0,20.654329147389294,100.0
60F,SEYMOUR MUNICIPAL,1,1,0,100.0,20.654329147389294,100.0
60J,ODELL-WILLIAMSON MUNICIPAL ARPT,1,1,0,100.0,20.654329147389294,100.0
60R,NAVASOTA MUNICIPAL AIRPORT,1,1,0,100.0,20.654329147389294,100.0
KMQB,MACOMB MUNICIPAL ARPT,1,1,0,100.0,20.654329147389294,100.0
KBMQ,BURNET MUNI ARPT-KATE CRADDOCK FIELD,1,1,0,100.0,20.654329147389294,100.0
KBMT,BEAUMONT MUNICIPAL AIRPORT,1,1,0,100.0,20.654329147389294,100.0
KBNG,BANNING MUNICIPAL AIRPORT,1,1,0,100.0,20.654329147389294,100.0
KBNO,BURNS MUNICIPAL AIRPORT,1,1,0,100.0,20.654329147389294,100.0
KBPK,BAXTER COUNTY AIRPORT,1,0,1,0.0,0.0,79.34567085261071
KBQR,BUFFALO-LANCASTER REGIONAL AIRPORT,1,0,1,0.0,0.0,79.34567085261071
KBRG,BELEN REGIONAL AIRPORT,1,0,1,0.0,0.0,79.34567085261071
5TX0,HIDDEN VALLEY AIRPARK,1,1,0,100.0,20.654329147389294,100.0
KCAO,CLAYTON MUNI AIRPORT,1,0,1,0.0,0.0,79.34567085261071
KCCB,CABLE AIRPORT,1,1,0,100.0,20.654329147389294,100.0
KMKO,MUSKOGEE-DAVIS REGIONAL ARPT,1,1,0,100.0,20.654329147389294,100.0
KMLF,MILFORD MUNICIPAL AIRPORT/BEN AND JUDY BRISCOE FIELD,1,0,1,0.0,0.0,79.34567085261071
KMMI,MCMINN COUNTY ARPT,1,0,1,0.0,0.0,79.34567085261071
KMNN,MARION MUNICIPAL ARPT,1,1,0,100.0,20.654329147389294,100.0
KMPZ,MOUNT PLEASANT MUNICIPAL ARPT,1,0,1,0.0,0.0,79.34567085261071
5A1,NORWALK-HURON COUNTY,1,1,0,100.0,20.654329147389294,100.0
5G0,LE ROY ARPT,1,0,1,0.0,0.0,79.34567085261071
5G8,GREENSBURG JEANETTE REGIONAL ARPT,1,1,0,100.0,20.654329147389294,100.0
5KY3,WEST KENTUCKY AIRPARK,1,0,1,0.0,0.0,79.34567085261071
5LA4,SHELL MORGAN CITY HELIPORT,1,1,0,100.0,20.654329147389294,100.0
5R8,DE QUINCY INDUSTRIAL AIRPARK,1,0,1,0.0,0.0,79.34567085261071
5T9,MAVERICK COUNTY MEMORIAL INTERNATIONAL AIRPORT,1,0,1,0.0,0.0,79.34567085261071
5TS9,BIG DUKES PLACE,1,1,0,100.0,20.654329147389294,100.0
KBVX,BATESVILLE REGIONAL AIRPORT,1,1,0,100.0,20.654329147389294,100.0
KBXA,GEORGE R CARR MEMORIAL,1,1,0,100.0,20.654329147389294,100.0
KBYH,ARKANSAS INTERNATIONAL ARPT,1,1,0,100.0,20.654329147389294,100.0
KBYY,BAY CITY REGIONAL AIRPORT,1,1,0,100.0,20.654329147389294,100.0
KCAD,WEXFORD COUNTY ARPT,1,1,0,100.0,20.654329147389294,100.0
KCAG,CRAIG-MOFFAT AIRPORT,1,1,0,100.0,20.654329147389294,100.0
L18,FALLBROOK COMMUNITY AIRPARK,1,0,1,0.0,0.0,79.34567085261071
L26,HESPERIA ARPT,1,0,1,0.0,0.0,79.34567085261071
KCPM,COMPTON/WOODLEY ARPT,1,0,1,0.0,0.0,79.34567085261071
KCDK,GEORGE T LEWIS ARPT,1,1,0,100.0,20.654329147389294,100.0
KCEK,CRETE MUNICIPAL AIRPORT,1,1,0,100.0,20.654329147389294,100.0
KMGC,MICHIGAN CITY MUNICIPAL ARPT,1,0,1,0.0,0.0,79.34567085261071
KMGN,HARBOR SPRINGS ARPT,1,1,0,100.0,20.654329147389294,100.0
KMGR,MOULTRIE MUNICIPAL ARPT,1,0,1,0.0,0.0,79.34567085261071
KMHL,MARSHALL MEMORIAL MUNICIPAL ARPT,1,0,1,0.0,0.0,79.34567085261071
KMKN,COMANCHE COUNTY-CITY ARPT,1,1,0,100.0,20.654329147389294,100.0
KWDG,ENID WOODRING REGIONAL ARPT,1,0,1,0.0,0.0,79.34567085261071
KWLD,STROTHER FIELD ARPT,1,0,1,0.0,0.0,79.34567085261071
KWMC,WINNEMUCCA MUNICIPAL AIRPORT,1,0,1,0.0,0.0,79.34567085261071
KWWR,WEST WOODWARD ARPT,1,0,1,0.0,0.0,79.34567085261071
KXSA,TAPPAHANNOCK-ESSEX COUNTY,1,1,0,100.0,20.654329147389294,100.0
KXVG,LONGVILLE MUNICIPAL ARPT,1,0,1,0.0,0.0,79.34567085261071
KY8,HANCOCK COUNTY AIRPORT-RON LEWIS FIELD,1,0,1,0.0,0.0,79.34567085261071
KCON,CONCORD MUNICIPAL AIRPORT,1,1,0,100.0,20.654329147389294,100.0
61C,FORT ATKINSON MUNICIPAL AIRPORT,1,1,0,100.0,20.654329147389294,100.0
61FL,TAMPA GENERAL HOSPITAL HELIPORT,1,0,1,0.0,0.0,79.34567085261071
61S,COTTAGE GROVE STATE ARPT,1,1,0,100.0,20.654329147389294,100.0
64OG,ANTONE RANCH ARPT,1,1,0,100.0,20.654329147389294,100.0
66TE,THE LANDINGS AIRPORT,1,1,0,100.0,20.654329147389294,100.0
KVOK,VOLK FIELD ARPT,1,0,1,0.0,0.0,79.34567085261071
KVTI,VINTON VETERANS MEMORIAL AIRPARK,1,1,0,100.0,20.654329147389294,100.0
KWAY,GREEN COUNTY,1,0,1,0.0,0.0,79.34567085261071
KCWS,DENNIS F CANTRELL FIELD ARPT,1,1,0,100.0,20.654329147389294,100.0
KCWV,CLAXTON-EVANS COUNTY ARPT,1,0,1,0.0,0.0,79.34567085261071
KCXW,CANTRELL FIELD ARPT,1,0,1,0.0,0.0,79.34567085261071
KLZD,DANIELSON ARPT,1,0,1,0.0,0.0,79.34567085261071
KMAN,NAMPA MUNCIPAL AIRPORT,1,0,1,0.0,0.0,79.34567085261071
KMCZ,MARTIN COUNTY AIRPORT,1,1,0,100.0,20.654329147389294,100.0
KCKV,OUTLAW FIELD ARPT,1,1,0,100.0,20.654329147389294,100.0
KCKZ,PENNRIDGE ARPT,1,0,1,0.0,0.0,79.34567085261071
LKTB,BRNO-TURANY AIRPORT,1,0,1,0.0,0.0,79.34567085261071
LL10,NAPER AERO CLUB ARPT,1,0,1,0.0,0.0,79.34567085261071
KDFI,DEFIANCE MEMORIAL AIRPORT,1,0,1,0.0,0.0,79.34567085261071
KDGW,CONVERSE COUNTY ARPT,1,1,0,100.0,20.654329147389294,100.0
KCPT,CLEBURNE REGIONAL ARPT,1,1,0,100.0,20.654329147389294,100.0
KCRZ,CORNING MUNICIPAL ARPT (IA),1,1,0,100.0,20.654329147389294,100.0
KCTB,CUT BANK MUNICIPAL ARPT,1,1,0,100.0,20.654329147389294,100.0
KCVH,HOLLISTER MUNICIPAL ARPT,1,0,1,0.0,0.0,79.34567085261071
LEZG,ZARAGOZA,1,0,1,0.0,0.0,79.34567085261071
LFBO,TOULOUSE BLAGNAC AIRPORT,1,0,1,0.0,0.0,79.34567085261071
LGKM,KAVALA,1,0,1,0.0,0.0,79.34567085261071
LGMK,MYKONOS-MANTO MAVROGENOUS INTL,1,0,1,0.0,0.0,79.34567085261071
LGTS,MAKEDONIA,1,0,1,0.0,0.0,79.34567085261071
LIML,LINATE AIRPORT,1,0,1,0.0,0.0,79.34567085261071
LIPA,AVIANO AIR BASE,1,0,1,0.0,0.0,79.34567085261071
LIRP,GALILEO GALILEI ARPT,1,0,1,0.0,0.0,79.34567085261071
L38,LOUISIANA REGIONAL ARPT,1,1,0,100.0,20.654329147389294,100.0
L52,OCEANO COUNTY ARPT,1,0,1,0.0,0.0,79.34567085261071
L66,POLLOCK MUNICIPAL,1,1,0,100.0,20.654329147389294,100.0
L83,THIBODAUX MUNICIPAL ARPT,1,1,0,100.0,20.654329147389294,100.0
LA28,LA STATE POLICE HELIPORT,1,0,1,0.0,0.0,79.34567085261071
LA66,ARCO MORGAN CITY HELIPORT,1,0,1,0.0,0.0,79.34567085261071
LBBG,BURGAS ARPT,1,0,1,0.0,0.0,79.34567085261071
LEMG,MALAGA ARPT,1,0,1,0.0,0.0,79.34567085261071
4M1,CARROLL COUNTY ARPT,1,1,0,100.0,20.654329147389294,100.0
4M3,CARLISLE MUNICIPAL,1,1,0,100.0,20.654329147389294,100.0
4M7,RUSSELL -LOGAN COUNTY ARPT,1,0,1,0.0,0.0,79.34567085261071
4M9,CORNING MUNICIPAL ARPT (AR),1,1,0,100.0,20.654329147389294,100.0
4O4,MC CURTAIN COUNTY REGNL ARPT,1,1,0,100.0,20.654329147389294,100.0
4R5,MAJOR GILBERT FIELD ARPT,1,1,0,100.0,20.654329147389294,100.0
4R9,DAUPHIN ISLAND ARPT,1,0,1,0.0,0.0,79.34567085261071
4TN4,COTTON FIELD ARPT,1,1,0,100.0,20.654329147389294,100.0
M37,RULEVILLE-DREW ARPT,1,0,1,0.0,0.0,79.34567085261071
M46,COLSTRIP ARPT,1,0,1,0.0,0.0,79.34567085261071
M48,HOUSTON MEMORIAL ARPT,1,0,1,0.0,0.0,79.34567085261071
M59,RICHTON-PERRY COUNTY ARPT,1,0,1,0.0,0.0,79.34567085261071
M91,SPRINGFIELD ROBERTSON COUNTY AIRPORT,1,0,1,0.0,0.0,79.34567085261071
M95,RICHARD ARTHUR FIELD AIRPORT,1,0,1,0.0,0.0,79.34567085261071
MA39,BRIGHAM & WOMEN'S HOSPITAL HELIPORT,1,0,1,0.0,0.0,79.34567085261071
4LA6,LITTLE LAKE HELIPORT,1,1,0,100.0,20.654329147389294,100.0
LTBJ,ADNAN MENDERES,1,0,1,0.0,0.0,79.34567085261071
LTFM,ISTANBUL AIRPORT,1,0,1,0.0,0.0,79.34567085261071
M01,GENERAL DEWITT SPAIN AIRPORT,1,0,1,0.0,0.0,79.34567085261071
M02,DICKSON MUNICIPAL AIRPORT,1,0,1,0.0,0.0,79.34567085261071
M19,NEWPORT MUNICIPAL ARPT (AK),1,1,0,100.0,20.654329147389294,100.0
M20,GRAYSON COUNTY ARPT,1,0,1,0.0,0.0,79.34567085261071
M21,MUHLENBERG COUNTY ARPT,1,0,1,0.0,0.0,79.34567085261071
M22,BILL PUGH FIELD ARPT,1,1,0,100.0,20.654329147389294,100.0
KCMD,CULLMAN REGIONAL ARPT-FOLSOM FIELD,1,0,1,0.0,0.0,79.34567085261071
KCMR,H A CLARK MEMORIAL FIELD ARPT,1,0,1,0.0,0.0,79.34567085261071
LPAZ,SANTA MARIA ARPT,1,0,1,0.0,0.0,79.34567085261071
LPLA,LAJES AIRPORT,1,0,1,0.0,0.0,79.34567085261071
LPPR,FRANCISCO SÁ CARNEIRO AIRPORT,1,0,1,0.0,0.0,79.34567085261071
LQTZ,TUZLA AIR BASE,1,0,1,0.0,0.0,79.34567085261071
LRCK,CONSTANTA INTL ARPT,1,0,1,0.0,0.0,79.34567085261071
LROP,HENRI COANDA INTL ARPT,1,0,1,0.0,0.0,79.34567085261071
KLNR,TRI-COUNTY REGIONAL AIRPORT,1,0,1,0.0,0.0,79.34567085261071
KLQK,PICKENS COUNTY ARPT (SC),1,1,0,100.0,20.654329147389294,100.0
KLRJ,LE MARS MUNICIPAL AIRPORT,1,1,0,100.0,20.654329147389294,100.0
KLUA,LURAY CAVERNS AIRPORT,1,1,0,100.0,20.654329147389294,100.0
KLVM,MISSION FIELD ARPT,1,0,1,0.0,0.0,79.34567085261071
KLWD,LAMONI MUNICIPAL ARPT,1,1,0,100.0,20.654329147389294,100.0
KCYW,CLAY CENTER MUNICIPAL APRT,1,1,0,100.0,20.654329147389294,100.0
KDAG,BARSTOW-DAGGETT ARPT,1,0,1,0.0,0.0,79.34567085261071
MDJB,LA ISABELA  INTL ARPT,1,1,0,100.0,20.654329147389294,100.0
KDNS,DENISON MUNICIPAL ARPT,1,1,0,100.0,20.654329147389294,100.0
KDNV,VERMILION REGIONAL ARPT,1,0,1,0.0,0.0,79.34567085261071
KDRI,BEAUREGARD REGIONAL ARPT,1,1,0,100.0,20.654329147389294,100.0
KDTL,DETROIT LAKES ARPT - WETHING FLD,1,0,1,0.0,0.0,79.34567085261071
KDUC,HALLIBURTON FIELD ARPT,1,0,1,0.0,0.0,79.34567085261071
KDVN,DAVENPORT MUNICIPAL ARPT,1,1,0,100.0,20.654329147389294,100.0
KLNP,LONESOME PINE AIRPORT,1,1,0,100.0,20.654329147389294,100.0
53OI,METRO HEALTH MEDICAL CENTER HELIPORT,1,1,0,100.0,20.654329147389294,100.0
54J,DEFUNIAK SPRINGS ARPT,1,0,1,0.0,0.0,79.34567085261071
57B,ISLESBORO,1,1,0,100.0,20.654329147389294,100.0
57C,EAST TROY MUNICIPAL ARPT,1,1,0,100.0,20.654329147389294,100.0
57D,RAY COMMUNITY ARPT,1,1,0,100.0,20.654329147389294,100.0
57Y,SANDSTONE MUNICIPAL ARPT,1,1,0,100.0,20.654329147389294,100.0
MD24,HAYSFIELD ARPT,1,1,0,100.0,20.654329147389294,100.0
MD99,MORAN FIELD ARPT,1,1,0,100.0,20.654329147389294,100.0
4V0,RANGLEY ARPT,1,0,1,0.0,0.0,79.34567085261071
4WI0,WISSOTA ARPT,1,0,1,0.0,0.0,79.34567085261071
4WI9,CORNELL MUNICIPAL ARPT,1,1,0,100.0,20.654329147389294,100.0
50F,BOURLAND FIELD ARPT,1,1,0,100.0,20.654329147389294,100.0
50NR,VIDANT EDGECOMBE HOSPITAL HELIPORT,1,0,1,0.0,0.0,79.34567085261071
50VA,L G HOSPITAL HELIPORT,1,0,1,0.0,0.0,79.34567085261071
52A,MADISON MUNICIPAL AIRPORT,1,1,0,100.0,20.654329147389294,100.0
52J,LEE COUNTY AIRPORT-BUTTERS FIELD,1,0,1,0.0,0.0,79.34567085261071
4G1,GREENVILLE MUNICIPAL AIRPORT,1,1,0,100.0,20.654329147389294,100.0
4I9,MORROW COUNTY,1,1,0,100.0,20.654329147389294,100.0
4IA2,WALKER FIELD (IA),1,1,0,100.0,20.654329147389294,100.0
4KY7,MUELLER FARM ARPT,1,1,0,100.0,20.654329147389294,100.0
MMMM,MORELIA INTL ARPT,1,0,1,0.0,0.0,79.34567085261071
MMSM,FELIPE ÁNGELES INTERNATIONAL AIRPORT,1,0,1,0.0,0.0,79.34567085261071
MMTL,TULUM INTERNATIONAL AIRPORT,1,0,1,0.0,0.0,79.34567085261071
MMVR,GENERAL HERIBERTO JARA INTL ARPT,1,0,1,0.0,0.0,79.34567085261071
4A2,ATMAUTLUAK ARPT,1,0,1,0.0,0.0,79.34567085261071
4A6,SCOTTSBORO MUNICIPAL AIRPORT-WORD FIELD,1,0,1,0.0,0.0,79.34567085261071
4AC,CORONADO ARPT,1,1,0,100.0,20.654329147389294,100.0
4B6,TICONDEROGA MUNICIPAL AIRPORT,1,0,1,0.0,0.0,79.34567085261071
4CA0,LAPD HOOPER HELIPORT,1,0,1,0.0,0.0,79.34567085261071
4D1,THREE CASTLES ARPK,1,1,0,100.0,20.654329147389294,100.0
4F2,PANOLA COUNTY AIRPORT-SHARPE FIELD,1,1,0,100.0,20.654329147389294,100.0
4FL1,ESCAPE RANCH AIRPORT,1,0,1,0.0,0.0,79.34567085261071
42PN,ALLEGHENY GEN HOSP EMERG HELIPORT,1,1,0,100.0,20.654329147389294,100.0
44G,BETZ ARPT,1,1,0,100.0,20.654329147389294,100.0
44N,SKY ACRES AIRPORT,1,1,0,100.0,20.654329147389294,100.0
45FA,HENDRY MEDICAL HELIPORT,1,0,1,0.0,0.0,79.34567085261071
46MO,SONTIMER ARPT,1,1,0,100.0,20.654329147389294,100.0
48D,CLARE MUNICIPAL ARPT,1,1,0,100.0,20.654329147389294,100.0
48X,MANATEE AIRPORT,1,0,1,0.0,0.0,79.34567085261071
49B,STURGIS MUNICIPAL ARPT,1,1,0,100.0,20.654329147389294,100.0
KDAW,SKYHAVEN ARPT,1,0,1,0.0,0.0,79.34567085261071
KDCU,PRYOR FIELD REGIONAL ARPT,1,0,1,0.0,0.0,79.34567085261071
KDEW,DEER PARK ARPT,1,1,0,100.0,20.654329147389294,100.0
ME14,BALD MOUNTAIN AIRPORT,1,0,1,0.0,0.0,79.34567085261071
ME19,CLAYTON LAKE STRIP ARPT,1,1,0,100.0,20.654329147389294,100.0
ME79,TWO FALLS ARPT,1,1,0,100.0,20.654329147389294,100.0
MI32,UMMC HELIPORT,1,0,1,0.0,0.0,79.34567085261071
MMAN,DEL NORTE INTL ARPT,1,1,0,100.0,20.654329147389294,100.0
KLHQ,FAIRFIELD COUNTY ARPT,1,1,0,100.0,20.654329147389294,100.0
KLLQ,MONTICELO MUNICIPAL ARPT/ELLIS FIELD,1,1,0,100.0,20.654329147389294,100.0
KLMS,LOUISVILLE WINSTON COUNTY AIRPORT,1,0,1,0.0,0.0,79.34567085261071
KDLO,DELANO MUNICIPAL ARPT,1,0,1,0.0,0.0,79.34567085261071
KDLS,COLUMBIA GORGE REGNL /THE DALLES MUNI ARPT,1,0,1,0.0,0.0,79.34567085261071
KDNA,DONA  ANA COUNTY INTERNATIONAL JETPORT AIRPORT,1,0,1,0.0,0.0,79.34567085261071
N30,CHERRY RIDGE AIRPORT,1,1,0,100.0,20.654329147389294,100.0
N40,SKY MANOR ARPT,1,1,0,100.0,20.654329147389294,100.0
KDXE,DEXTER MUNICIPAL ARPT,1,1,0,100.0,20.654329147389294,100.0
KDYA,DEMOPOLIS MUNICIPAL ARPT,1,1,0,100.0,20.654329147389294,100.0
KDYR,DYERSBURG REGIONAL ARPT,1,0,1,0.0,0.0,79.34567085261071
KDYT,SKY HARBOR,1,1,0,100.0,20.654329147389294,100.0
KEDN,ENTERPRISE MUNCIPAL ARPT,1,0,1,0.0,0.0,79.34567085261071
KEDU,UNIVERSITY ARPT,1,0,1,0.0,0.0,79.34567085261071
KEHA,ELKHART-MORTON COUNTY ARPT,1,0,1,0.0,0.0,79.34567085261071
KLFI,LANGLEY AIR FORCE BASE,1,0,1,0.0,0.0,79.34567085261071
MYAK,CONGO TOWN,1,0,1,0.0,0.0,79.34567085261071
MYAM,LEONARD M THOMPSON INTL ARPT,1,0,1,0.0,0.0,79.34567085261071
MYAT,TREASURE CAY ARPT,1,0,1,0.0,0.0,79.34567085261071
N03,CORLAND COUNTY ARPT-CHASE FIELD,1,1,0,100.0,20.654329147389294,100.0
KEUF,WEEDON FIELD ARPT,1,1,0,100.0,20.654329147389294,100.0
KDWA,YOLO COUNTY ARPT,1,0,1,0.0,0.0,79.34567085261071
KDWU,ASHLAND REGIONAL ARPT,1,1,0,100.0,20.654329147389294,100.0
KDWX,DIXON ARPT,1,1,0,100.0,20.654329147389294,100.0
MN56,CHARLTON BUILDING HELIPORT,1,1,0,100.0,20.654329147389294,100.0
MO09,SHARPE FARMS ARPT,1,0,1,0.0,0.0,79.34567085261071
MO28,BLUE SPRINGS HELIPORT,1,1,0,100.0,20.654329147389294,100.0
MO63,ST LUKE'S NORTHLAND HOSPITAL HELIPORT,1,0,1,0.0,0.0,79.34567085261071
MO91,BARNES JEWISH HOSPITAL,1,1,0,100.0,20.654329147389294,100.0
MTCH,CAP-HAÏTIEN INTERNATIONAL,1,1,0,100.0,20.654329147389294,100.0
MU02,C.E.F. AIRPORT,1,0,1,0.0,0.0,79.34567085261071
MUGM,GUANTANAMO LEEWARD POINT AIRPORT,1,0,1,0.0,0.0,79.34567085261071
OEHL,HAIL,1,1,0,100.0,20.654329147389294,100.0
OEJF,KING FAISAL NAVAL BASE,1,0,1,0.0,0.0,79.34567085261071
3IA6,OTTUMWA HOSPITAL HELIPORT,1,0,1,0.0,0.0,79.34567085261071
3J1,RIDGELAND-CLAUDE DEAN AIRPORT,1,1,0,100.0,20.654329147389294,100.0
3M9,WARREN MUNICIPAL ARPT,1,1,0,100.0,20.654329147389294,100.0
3MI2,SOUTH FOX ISLAND ARPT,1,1,0,100.0,20.654329147389294,100.0
3N6,OLD BRIDGE AIRPORT,1,1,0,100.0,20.654329147389294,100.0
3NJ6,INDUCTOTHERM ARPT,1,1,0,100.0,20.654329147389294,100.0
O43,YERINGTON MUNICIPAL ARPT,1,0,1,0.0,0.0,79.34567085261071
O52,SUTTER COUNTY AIRPORT,1,1,0,100.0,20.654329147389294,100.0
O60,CLOVERDALE MUNICIPAL ARPT,1,1,0,100.0,20.654329147389294,100.0
O85,BENTON FIELD ARPT,1,0,1,0.0,0.0,79.34567085261071
O86,TRINITY CENTER ARPT,1,0,1,0.0,0.0,79.34567085261071
O88,RIO VISTA MUNICIPAL ARPT,1,1,0,100.0,20.654329147389294,100.0
OEAH,AL AHSA ARPT,1,1,0,100.0,20.654329147389294,100.0
OEDR,KING ABDULAZIZ AIR BASE,1,1,0,100.0,20.654329147389294,100.0
NFFN,NADI INTL,1,0,1,0.0,0.0,79.34567085261071
NFNA,NAUSORI INTL ARPT,1,0,1,0.0,0.0,79.34567085261071
NV57,RENOWN REGIONAL MEDICAL CENTER,1,0,1,0.0,0.0,79.34567085261071
NV74,CALVADA MEADOWS ARPT,1,1,0,100.0,20.654329147389294,100.0
NY22,NYPD AIR OPS HELIPORT -PVT,1,0,1,0.0,0.0,79.34567085261071
O07,WESTHEIMER AIR PARK,1,0,1,0.0,0.0,79.34567085261071
O08,COLUSA COUNTY ARPT,1,0,1,0.0,0.0,79.34567085261071
O28,WILLITS MUNICIPAL AIRPORT-ELLIS FIELD,1,0,1,0.0,0.0,79.34567085261071
N45,KOBELT AIRPORT,1,0,1,0.0,0.0,79.34567085261071
N52,JAARS-TOWNSEND AIRPORT,1,1,0,100.0,20.654329147389294,100.0
N72,WARWICK MUNICIPAL ARPT,1,1,0,100.0,20.654329147389294,100.0
N79,NORTHUMBERLAND COUNTY AIRPORT,1,0,1,0.0,0.0,79.34567085261071
N81,HAMMONTON MUNICIPAL,1,1,0,100.0,20.654329147389294,100.0
NC14,BOONE INC ARPT,1,1,0,100.0,20.654329147389294,100.0
NC30,MILLER AIR PARK ARPT,1,1,0,100.0,20.654329147389294,100.0
NC91,ECU HEALTH MEDICAL CENTER HELIPORT,1,0,1,0.0,0.0,79.34567085261071
KEPM,EASTPORT MUNICIPAL AIRPORT,1,0,1,0.0,0.0,79.34567085261071
KEQA,ELDORADO/CAPTAIN JACK THOMAS MEMORIAL ARPT,1,1,0,100.0,20.654329147389294,100.0
KERR,ERROL ARPT,1,1,0,100.0,20.654329147389294,100.0
3W9,MIDDLE BASS-EAST POINT,1,1,0,100.0,20.654329147389294,100.0
3XS2,CITIZENS MEDICAL CENTER HELIPORT,1,1,0,100.0,20.654329147389294,100.0
40G,VALLE AIRPORT,1,0,1,0.0,0.0,79.34567085261071
41AZ,AK CHIN COMMUNITY AIRFIELD,1,1,0,100.0,20.654329147389294,100.0
41C,CALKINS FIELD ARPT,1,1,0,100.0,20.654329147389294,100.0
KJYL,PLANTATION AIRPARK,1,1,0,100.0,20.654329147389294,100.0
KKIC,MESA DEL RAY AIRPORT,1,0,1,0.0,0.0,79.34567085261071
KLAA,LAMAR MUNICIPAL ARPT,1,0,1,0.0,0.0,79.34567085261071
KLCG,WAYNE MUNI ARPT/STAN MORRIS FIELD,1,1,0,100.0,20.654329147389294,100.0
KEKX,ADDINGTON FIELD ARPT,1,0,1,0.0,0.0,79.34567085261071
KELD,SOUTH ARKANSAS REGIONAL,1,1,0,100.0,20.654329147389294,100.0
KEOP,PIKE COUNTY ARPT,1,1,0,100.0,20.654329147389294,100.0
KEPH,EPHRATA MUNICIPAL ARPT,1,1,0,100.0,20.654329147389294,100.0
3VA3,FLYING CIRCUS AERODROME,1,1,0,100.0,20.654329147389294,100.0
3W3,KENTMORR AIRPARK,1,1,0,100.0,20.654329147389294,100.0
3W8,EUREKA MUNICIPAL AIRPORT,1,1,0,100.0,20.654329147389294,100.0
KFFO,WRIGHT-PATTERSON AIR FORCE BASE,1,0,1,0.0,0.0,79.34567085261071
KJSY,JOSEPH STATE,1,1,0,100.0,20.654329147389294,100.0
KJWY,MID-WAY REGIONAL ARPT,1,0,1,0.0,0.0,79.34567085261071
KJXI,FOX STEPHENS FIELD-GILMER MUNI ARPT,1,1,0,100.0,20.654329147389294,100.0
KJYG,ST JAMES MUNICIPAL AIRPORT,1,1,0,100.0,20.654329147389294,100.0
3O1,GUSTINE AIRPORT,1,1,0,100.0,20.654329147389294,100.0
3R7,JENNINGS,1,1,0,100.0,20.654329147389294,100.0
3S7,NEHALEM BAY STATE ARPT,1,1,0,100.0,20.654329147389294,100.0
3T0,CEDAR MILLS,1,1,0,100.0,20.654329147389294,100.0
3T5,FAYATTE REGIONAL AIR CENTER ARPT,1,1,0,100.0,20.654329147389294,100.0
3T7,MIDDLE BASS ISLAND ARPT,1,0,1,0.0,0.0,79.34567085261071
3TR,JERRY TYLER MEMORIAL,1,1,0,100.0,20.654329147389294,100.0
3UT6,RIVERTON HOSPITAL HELIPORT,1,1,0,100.0,20.654329147389294,100.0
PAKY,KARLUK ARPT,1,1,0,100.0,20.654329147389294,100.0
PALP,ALPINE AIRSTRIP,1,0,1,0.0,0.0,79.34567085261071
PALU,CAPE LISBURNE LRRS AIRPORT,1,0,1,0.0,0.0,79.34567085261071
PAML,MANLEY HOT SPRINGS ARPT,1,1,0,100.0,20.654329147389294,100.0
PAPH,PORT HEIDEN AIRPORT,1,0,1,0.0,0.0,79.34567085261071
PAQT,NUIQSUT ARPT,1,0,1,0.0,0.0,79.34567085261071
PASK,SELAWICK ARPT,1,0,1,0.0,0.0,79.34567085261071
PASN,ST PAUL ISLAND ARPT,1,0,1,0.0,0.0,79.34567085261071
PAEW,NEWTOK ARPT,1,1,0,100.0,20.654329147389294,100.0
PAFB,LADD ARMY AIRFIELD,1,0,1,0.0,0.0,79.34567085261071
PAGH,SHUNGNAK AIRPORT,1,0,1,0.0,0.0,79.34567085261071
PAGT,NIGHTMUTE AIRPORT,1,1,0,100.0,20.654329147389294,100.0
PAHL,HUSLIA ARPT,1,0,1,0.0,0.0,79.34567085261071
PAIL,ILIAMNA AIRPORT,1,0,1,0.0,0.0,79.34567085261071
PAKD,KODIAK MUNICIPAL ARPT,1,1,0,100.0,20.654329147389294,100.0
PAKF,FALSE PASS AIRPORT,1,1,0,100.0,20.654329147389294,100.0
OTE2,BELL HELICOPTER HURST HELIPORT,1,0,1,0.0,0.0,79.34567085261071
OTE4,HILLTOP LAKES AIRPORT,1,0,1,0.0,0.0,79.34567085261071
P03,COCHISE COLLEGE AIRPORT,1,1,0,100.0,20.654329147389294,100.0
P52,COTTONWOOD AIRPORT,1,0,1,0.0,0.0,79.34567085261071
PABG,BELUGA AIRPORT,1,1,0,100.0,20.654329147389294,100.0
PABV,BIRCHWOOD ARPT,1,1,0,100.0,20.654329147389294,100.0
PADY,KONGIGANAK ARPT,1,0,1,0.0,0.0,79.34567085261071
PAEE,EEK ARPT,1,0,1,0.0,0.0,79.34567085261071
42B,GOODSPEED,1,1,0,100.0,20.654329147389294,100.0
OERY,RIYAHD AIR BASE,1,1,0,100.0,20.654329147389294,100.0
OG30,AEROACRES ARPT,1,1,0,100.0,20.654329147389294,100.0
OH77,LUMBERTON ARPT,1,1,0,100.0,20.654329147389294,100.0
OI65,AULTMAN HOSPITAL HELIPORT,1,0,1,0.0,0.0,79.34567085261071
OKBK,KUWAIT INTL AIRPORT,1,0,1,0.0,0.0,79.34567085261071
OPRN,ISLAMABAD/BENAZIR BHUTTO INTL,1,0,1,0.0,0.0,79.34567085261071
OTBD,DOHA INTL,1,0,1,0.0,0.0,79.34567085261071
KJRB,DOWNTOWN MANHATTAN/WALL ST HELIP,1,0,1,0.0,0.0,79.34567085261071
KJSO,CHEROKEE COUNTY ARPT,1,1,0,100.0,20.654329147389294,100.0
KEVY,SUMMIT AIRPORT,1,1,0,100.0,20.654329147389294,100.0
PGM,PORT GRAHAM ARPT,1,1,0,100.0,20.654329147389294,100.0
33V,WALDEN-JACKSON COUNTY ARPT,1,1,0,100.0,20.654329147389294,100.0
34VA,LOUDOUN HOSPITAL CENTER HELIPORT,1,0,1,0.0,0.0,79.34567085261071
35ME,MATINICUS ISLAND ARPT,1,1,0,100.0,20.654329147389294,100.0
36U,HEBER CITY MUNI ARPT - RUSS MCDONALD FIELD,1,1,0,100.0,20.654329147389294,100.0
KFNB,BRENNER FIELD ARPT,1,1,0,100.0,20.654329147389294,100.0
KFOZ,BIGFORK MUNICIPAL AIRPORT,1,0,1,0.0,0.0,79.34567085261071
KIZG,EASTERN SLOPES REGIONAL ARPT,1,1,0,100.0,20.654329147389294,100.0
KJCA,JACKSON COUNTY AIRPORT,1,1,0,100.0,20.654329147389294,100.0
KJER,JEROME COUNTY AIRPORT,1,0,1,0.0,0.0,79.34567085261071
KJES,JESUP-WAYNE COUNTY AIRPORT,1,0,1,0.0,0.0,79.34567085261071
KJKL,JULIAN CARROLL ARPT,1,0,1,0.0,0.0,79.34567085261071
KJRA,WEST 30TH ST HELIPORT,1,0,1,0.0,0.0,79.34567085261071
PFCL,CLARKS POINT ARPT,1,0,1,0.0,0.0,79.34567085261071
PFKA,KASIGLUK ARPT,1,1,0,100.0,20.654329147389294,100.0
PFNO,ROBERT (BOB) CURTIS MEMORIAL ARPT,1,1,0,100.0,20.654329147389294,100.0
PFSH,SHAKTOOIK AIRPORT,1,1,0,100.0,20.654329147389294,100.0
KGAD,NORTHEAST ALABAMA REGIONAL ARPT,1,1,0,100.0,20.654329147389294,100.0
KGBR,WALTER J KOLADZA AIRPORT,1,0,1,0.0,0.0,79.34567085261071
KGCD,GRANT COUNTY REGNL ARPT/OGILVIE FIELD,1,1,0,100.0,20.654329147389294,100.0
KFKN,FRANKLIN REGIONAL AIRPORT,1,1,0,100.0,20.654329147389294,100.0
PASO,SELDOVIA,1,0,1,0.0,0.0,79.34567085261071
PASV,SPARREVOHN LRRS ARPT,1,1,0,100.0,20.654329147389294,100.0
PATK,TALKEETNA ARPT,1,1,0,100.0,20.654329147389294,100.0
PAUM,UMIAT ARPT,1,0,1,0.0,0.0,79.34567085261071
PAUT,AKUTAN ARPT,1,0,1,0.0,0.0,79.34567085261071
PAVA,CHEVAK AIRPORT,1,0,1,0.0,0.0,79.34567085261071
PAVE,VENETIE AIRPORT,1,1,0,100.0,20.654329147389294,100.0
PAWD,SEWARD ARPT,1,0,1,0.0,0.0,79.34567085261071
KILL,WILLMAR MUNICIPAL-J RICE,1,1,0,100.0,20.654329147389294,100.0
KIPJ,LINCOLNTON-LINCOLN COUNTY REGIONAL AIRPORT,1,0,1,0.0,0.0,79.34567085261071
KISQ,SCHOOLCRAFT COUNTY AIRPORT,1,1,0,100.0,20.654329147389294,100.0
KISW,ALEXANDER FIELD SOUTH WOOD COUNTY ARPT,1,1,0,100.0,20.654329147389294,100.0
KISZ,CINCINNATI-BLUE ASH ARPT,1,1,0,100.0,20.654329147389294,100.0
KFSO,FRANKLIN COUNTY STATE AIRPORT,1,0,1,0.0,0.0,79.34567085261071
KFWB,BRANSON WEST MUNICIPAL AIRPORT-EMERSON FIELD,1,0,1,0.0,0.0,79.34567085261071
KFWN,SUSSES AIRPORT,1,0,1,0.0,0.0,79.34567085261071
KGEZ,SHELBYVILLE MUNICIPAL AIRPORT,1,1,0,100.0,20.654329147389294,100.0
KGHM,CENTERVILLE MUNICIPAL ARPT,1,1,0,100.0,20.654329147389294,100.0
KGHW,GLENWOOD MUNICIPAL ARPT,1,1,0,100.0,20.654329147389294,100.0
KGIC,IDAHO COUNTY ARPT,1,1,0,100.0,20.654329147389294,100.0
KGKT,GATLINBURG- PIGEON FORGE ARPT,1,0,1,0.0,0.0,79.34567085261071
KGMJ,GROVE MUNICIPAL AIRPORT,1,1,0,100.0,20.654329147389294,100.0
KIJX,JACKSONVILLE MUNICIPAL ARPT,1,0,1,0.0,0.0,79.34567085261071
KIKW,JACK BARSTOW,1,1,0,100.0,20.654329147389294,100.0
3D2,EPHRAIM- GIBRALTAR ARPT,1,1,0,100.0,20.654329147389294,100.0
3DA,DALTON AIRPORT,1,1,0,100.0,20.654329147389294,100.0
3DW,Downtown Airport,1,0,1,0.0,0.0,79.34567085261071
3F7,JONES MEMORIAL,1,0,1,0.0,0.0,79.34567085261071
3FA2,FLY HIGH HELIPORT,1,1,0,100.0,20.654329147389294,100.0
3FL0,MOUNT ROYAL AIRPORT,1,1,0,100.0,20.654329147389294,100.0
3FU,FAULKTON MUNICIPAL ARPT,1,0,1,0.0,0.0,79.34567085261071
3G9,BUTLER FARM SHOW,1,1,0,100.0,20.654329147389294,100.0
36VA,CARILION WESTLAKE CENTER HELIPORT,1,0,1,0.0,0.0,79.34567085261071
37KY,UK HOSPITAL HELIPORT,1,0,1,0.0,0.0,79.34567085261071
38FL,FLAGLER HOSPITAL HELIPORT,1,0,1,0.0,0.0,79.34567085261071
38WA,BLAKELY ISLAND AIRPORT,1,1,0,100.0,20.654329147389294,100.0
39VA,LEWIS GALE MEMORIAL CENTER HELIPORT,1,0,1,0.0,0.0,79.34567085261071
3A4,GREENSBORO EXECUTIVE AIRPORT,1,1,0,100.0,20.654329147389294,100.0
3AU,AUGUSTA MUNICIPAL AIRPORT,1,1,0,100.0,20.654329147389294,100.0
3CL0,UC DAVIS MEDICAL CENTER TOWER II HELI,1,0,1,0.0,0.0,79.34567085261071
RJTQ,MIYAKEJIMA,1,0,1,0.0,0.0,79.34567085261071
RJTY,TACHIKAWA/YOKOTA AB ARPT,1,0,1,0.0,0.0,79.34567085261071
RKPK,PUSAN,1,0,1,0.0,0.0,79.34567085261071
RMPC,MACTAN CEBU ARPT,1,0,1,0.0,0.0,79.34567085261071
RODN,KADENA AIRPORT,1,0,1,0.0,0.0,79.34567085261071
S03,ASHLAND MUNI ARPT- SUMNER PARKER FLD,1,0,1,0.0,0.0,79.34567085261071
S19,MCCORMICK COUNTY,1,0,1,0.0,0.0,79.34567085261071
S31,LOPEZ ISLAND ARPT,1,1,0,100.0,20.654329147389294,100.0
2TA8,EL COYOTE RANCH AIRPORT,1,0,1,0.0,0.0,79.34567085261071
2W2,CLEARVIEW AIRPARK,1,1,0,100.0,20.654329147389294,100.0
2W5,MARYLAND AIRPORT,1,0,1,0.0,0.0,79.34567085261071
2WA1,DIAMOND POINT AIRSTRIP,1,1,0,100.0,20.654329147389294,100.0
31E,EAGLES NEST AIRPORT,1,0,1,0.0,0.0,79.34567085261071
32GA,SEBASTIAN COVE AIRPORT,1,1,0,100.0,20.654329147389294,100.0
33R,GROVETON-TRINITY COUNTY,1,1,0,100.0,20.654329147389294,100.0
RJOI,IWAKUNI,1,0,1,0.0,0.0,79.34567085261071
2LA0,CENTRAL INDUSTRIES,1,0,1,0.0,0.0,79.34567085261071
2MO1,BIRD FIELD AIRPORT,1,1,0,100.0,20.654329147389294,100.0
2MU1,SAINT LOUIS CHILDREN'S HOSPITAL HELIPORT,1,0,1,0.0,0.0,79.34567085261071
2N8,MARLBORO ARPT (CLOSED),1,1,0,100.0,20.654329147389294,100.0
2O1,GANSNER FIELD,1,1,0,100.0,20.654329147389294,100.0
2R2,HENDRICKS COUNTY-GORDON GRAHAM FIELD,1,0,1,0.0,0.0,79.34567085261071
2R9,KARNES COUNTY ARPT,1,1,0,100.0,20.654329147389294,100.0
2S1,VASHON MUNICIPAL ARPT,1,1,0,100.0,20.654329147389294,100.0
KFYG,WESTERN REGIONAL AIRPORT,1,0,1,0.0,0.0,79.34567085261071
KFZG,FITZGERALD MUNICIPAL,1,1,0,100.0,20.654329147389294,100.0
PHPA,PORT ALLEN ARPT,1,0,1,0.0,0.0,79.34567085261071
PPDM,DIOMEDE HELIPORT,1,0,1,0.0,0.0,79.34567085261071
R47,RUHES ARPT,1,1,0,100.0,20.654329147389294,100.0
2B2,PLUM ISLAND AIRPORT,1,0,1,0.0,0.0,79.34567085261071
2G1,CONCORD AIRPARK,1,1,0,100.0,20.654329147389294,100.0
2J9,QUINCY MUNICIPAL ARPT,1,1,0,100.0,20.654329147389294,100.0
KGUY,GUYMON MUNICIPAL ARPT,1,0,1,0.0,0.0,79.34567085261071
KGVW,RICHARDS-GEBAUR AFB,1,1,0,100.0,20.654329147389294,100.0
KGDJ,GRANBURY REGIONAL AIRPORT,1,1,0,100.0,20.654329147389294,100.0
SKSP,GUSTAVO ROJAS PINILLA INTL ARPT,1,1,0,100.0,20.654329147389294,100.0
SLLP,EL ALTO INTL ARPT,1,0,1,0.0,0.0,79.34567085261071
1MO3,LAKE VIKING,1,1,0,100.0,20.654329147389294,100.0
1N7,BLAIRSTOWN ARPT,1,1,0,100.0,20.654329147389294,100.0
1O3,LODI ARPT,1,0,1,0.0,0.0,79.34567085261071
KHVC,HOPKINSVILLE-CHRISTIAN COUNTY AIRPORT,1,0,1,0.0,0.0,79.34567085261071
KHZD,CARROLL COUNTY AIRPORT,1,1,0,100.0,20.654329147389294,100.0
KIBM,KIMBALL MUNICIPAL AIRPORT/ROBERT E ARRAJ FIELD,1,0,1,0.0,0.0,79.34567085261071
KICL,SCHENCK FIELD ARPT,1,0,1,0.0,0.0,79.34567085261071
KGNF,GRENADA MUNICIPAL ARPT,1,0,1,0.0,0.0,79.34567085261071
KGRD,GREENWOOD COUNTY ARPT,1,1,0,100.0,20.654329147389294,100.0
KGTE,QUINN FIELD ARPT,1,1,0,100.0,20.654329147389294,100.0
KGUS,GRISSOM AIR RESERVE BASE,1,0,1,0.0,0.0,79.34567085261071
SBEG,EDUARDO GOMES INTL ARPT,1,0,1,0.0,0.0,79.34567085261071
SBRF,RECIFE/GUARARAPES-GILBERTO FREYRE INTL ARPT,1,0,1,0.0,0.0,79.34567085261071
SC82,OAKHILL AIRPARK,1,1,0,100.0,20.654329147389294,100.0
SEMT,ELOY ALFARO INTL,1,0,1,0.0,0.0,79.34567085261071
KHBG,HATTIESBURG BOBBY L CHAIN MUNICIPAL ARPT,1,0,1,0.0,0.0,79.34567085261071
KHHW,STAN STAMPER MUNICIPAL ARPT,1,1,0,100.0,20.654329147389294,100.0
KHIE,MOUNT WASHINGTON RGNL ARPT,1,1,0,100.0,20.654329147389294,100.0
KHIF,HILL AIR FORCE BASE,1,1,0,100.0,20.654329147389294,100.0
S32,COOPERSTOWN MUNICIPAL ARPT,1,1,0,100.0,20.654329147389294,100.0
S37,SMOKETOWN AIRPORT,1,0,1,0.0,0.0,79.34567085261071
S40,PROSSER ARPT,1,0,1,0.0,0.0,79.34567085261071
S48,COUNTRY SQUIRE AIRPARK,1,1,0,100.0,20.654329147389294,100.0
S72,ST. MARIES MUNICIPAL,1,1,0,100.0,20.654329147389294,100.0
S78,EMMETT MUNICIPAL AIRPORT,1,1,0,100.0,20.654329147389294,100.0
SBBR,BRASILIA INTERNATIONAL ARPT,1,0,1,0.0,0.0,79.34567085261071
SBCF,TANCREDO NEVES INTL ARPT,1,0,1,0.0,0.0,79.34567085261071
TA37,VACA MOO AIRPORT,1,0,1,0.0,0.0,79.34567085261071
TA66,FREEDOM SPRINGS RANCH AIRPORT,1,1,0,100.0,20.654329147389294,100.0
TN44,DEERFIELD RESORT AIRPORT,1,0,1,0.0,0.0,79.34567085261071
TN85,HOGUE ARPT,1,1,0,100.0,20.654329147389294,100.0
TN98,SKY RANCH ARPT,1,0,1,0.0,0.0,79.34567085261071
TRPG,OSBORNE ARPT,1,0,1,0.0,0.0,79.34567085261071
TX17,ETMC - ATHENS HELIPORT,1,0,1,0.0,0.0,79.34567085261071
TX2,CHASE FIELD INDUSTRIAL ARPT,1,0,1,0.0,0.0,79.34567085261071
29D,GROVE CITY AIRPORT,1,1,0,100.0,20.654329147389294,100.0
29KS,MCMASTER GLIDERPORT,1,1,0,100.0,20.654329147389294,100.0
T05,CHARLES R JOHNSON ARPT,1,1,0,100.0,20.654329147389294,100.0
T40,MCGEHEE CATFISH REST,1,1,0,100.0,20.654329147389294,100.0
T74,TAYLOR MUNICIPAL AIRPORT,1,0,1,0.0,0.0,79.34567085261071
T78,LIBERTY MUNICIPAL AIRPORT,1,0,1,0.0,0.0,79.34567085261071
T82,GILLESPIE COUNTY,1,0,1,0.0,0.0,79.34567085261071
T96,SOUTHWEST LUBBOCK AIRPORT,1,1,0,100.0,20.654329147389294,100.0
20E,MARICOPA MEDICAL CENTER HELIPORT,1,1,0,100.0,20.654329147389294,100.0
20V,MC ELROY AIRFIELD,1,1,0,100.0,20.654329147389294,100.0
21D,LAKE ELMO ARPT,1,1,0,100.0,20.654329147389294,100.0
24J,SUWANNEE COUNTY AIRPORT,1,0,1,0.0,0.0,79.34567085261071
24LA,ERA HELICOPTERS CAMERON BASE HELIPORT,1,0,1,0.0,0.0,79.34567085261071
24VA,CHERRYSTONE ARPT,1,1,0,100.0,20.654329147389294,100.0
25D,FOREST LAKE AIRPORT,1,0,1,0.0,0.0,79.34567085261071
26A,ASHLAND/LINEVILLE,1,1,0,100.0,20.654329147389294,100.0
1O6,DUNSMUIR MUNICIPAL-MOTT ARPT,1,1,0,100.0,20.654329147389294,100.0
1R4,WOODWORTH AIRPORT,1,0,1,0.0,0.0,79.34567085261071
1S6,PRIEST RIVER MUNICIPAL AIRPORT,1,1,0,100.0,20.654329147389294,100.0
1T7,KESTREL AIRPARK,1,0,1,0.0,0.0,79.34567085261071
1TE6,MOORE AIRPORT (WILDORADO),1,1,0,100.0,20.654329147389294,100.0
1U7,BEAR LAKE COUNTY ARPT,1,0,1,0.0,0.0,79.34567085261071
1V0,NAVAJO LAKE ARPT,1,1,0,100.0,20.654329147389294,100.0
1V6,FREMONT COUNTY AIRPORT,1,0,1,0.0,0.0,79.34567085261071
01G,PERRY-WARSAW ARPT,1,1,0,100.0,20.654329147389294,100.0
00OI,MIAMI VALLEY HOSPITAL HELIPORT,1,1,0,100.0,20.654329147389294,100.0
09J,JEKYLL ISLAND ARPT,1,1,0,100.0,20.654329147389294,100.0
00M,THIGPEN FIELD ARPT,1,1,0,100.0,20.654329147389294,100.0
07F,GLADEWATER MUNICIPAL ARPT,1,0,1,0.0,0.0,79.34567085261071
ZSTX,HUANGSHAN TUNXI INTL,1,0,1,0.0,0.0,79.34567085261071
06N,RANDALL ARPT,1,0,1,0.0,0.0,79.34567085261071
0S9,JEFFERSON COUNTY INTL,1,0,1,0.0,0.0,79.34567085261071
1C9,FRAZIER LAKE AIRPARK,1,1,0,100.0,20.654329147389294,100.0
1F4,MADILL MUNICIPAL AIRPORT,1,1,0,100.0,20.654329147389294,100.0
1F5,HOXIE-SHERIDAN COUNTY ARPT,1,0,1,0.0,0.0,79.34567085261071
1GA0,EAGLE NECK AIRPORT,1,1,0,100.0,20.654329147389294,100.0
1H2,EFFINGHAM COUNTY REGIONAL AIRPORT,1,1,0,100.0,20.654329147389294,100.0
1I5,FREEHOLD ARPT,1,1,0,100.0,20.654329147389294,100.0
1J9,FT WALTON BEACH ARPT,1,1,0,100.0,20.654329147389294,100.0
09LA,ERA HELICOPTERS FOURCHON HELIBASE,1,0,1,0.0,0.0,79.34567085261071
15CA,STANFORD HEALTH CARE EAST HELIPORT,1,0,1,0.0,0.0,79.34567085261071
17N,CROSS KEYS ARPT,1,0,1,0.0,0.0,79.34567085261071
17XS,QUAHADI RANCH ARPT,1,0,1,0.0,0.0,79.34567085261071
18GA,SLEEPY HOLLOW ARPT,1,1,0,100.0,20.654329147389294,100.0
19N,CAMDEN COUNTY AIRPORT,1,1,0,100.0,20.654329147389294,100.0
1A5,MACON COUNTY AIRPORT,1,0,1,0.0,0.0,79.34567085261071
1B2,KATAMA AIRPARK,1,1,0,100.0,20.654329147389294,100.0
1C5,BOLINGBROOKS CLOW INTL,1,1,0,100.0,20.654329147389294,100.0
KHAI,THREE RIVERS MUNICIPAL ARPT,1,1,0,100.0,20.654329147389294,100.0
UT11,INTERMOUNTAIN MEDICAL CENTER HELIPORT,1,0,1,0.0,0.0,79.34567085261071
UT25,MONUMENT VALLEY ARPT (PVT),1,1,0,100.0,20.654329147389294,100.0
UT83,THUNDER RIDGE AIRPARK,1,1,0,100.0,20.654329147389294,100.0
UUDD,DOMODEDOVE INTL ARPT,1,0,1,0.0,0.0,79.34567085261071
VI22,CHARLOTTE AMALIE HARBOR SEAPLANE BASE,1,0,1,0.0,0.0,79.34567085261071
VOBG,BANGALORE INTL ARPT,1,1,0,100.0,20.654329147389294,100.0
14G,FREMONT AIRPORT,1,1,0,100.0,20.654329147389294,100.0
WA09,ROCHE HARBOR ARPT,1,1,0,100.0,20.654329147389294,100.0
WA18,DECATUR (JONES) ARPT,1,0,1,0.0,0.0,79.34567085261071
WA46,DAYBREAK AIRPORT,1,1,0,100.0,20.654329147389294,100.0
WMKN,SULTAN MAHMUD ARPT,1,0,1,0.0,0.0,79.34567085261071
WS35,THEDA CLARK REGIONAL MEDICAL CENTER HELIPORT,1,0,1,0.0,0.0,79.34567085261071
WSSL,SELETAR ARPT,1,1,0,100.0,20.654329147389294,100.0
WV27,CABELL HUNTINGTON HOSPITAL HELIPORT,1,0,1,0.0,0.0,79.34567085261071
WV42,WEIRTON-STEUBENVILLE,1,1,0,100.0,20.654329147389294,100.0
W13,EAGLE'S NEST ARPT,1,0,1,0.0,0.0,79.34567085261071
W22,UPSHUR COUNTY REGIONAL ARPT,1,0,1,0.0,0.0,79.34567085261071
W39,ROCHE HARBOR (SPB),1,1,0,100.0,20.654329147389294,100.0
W40,MOUNT OLIVE MUNICIPAL ARPT,1,1,0,100.0,20.654329147389294,100.0
W50,DAVIS AIRPORT,1,1,0,100.0,20.654329147389294,100.0
W55,KENMORE AIR HARBOR SEAPLANE BASE,1,0,1,0.0,0.0,79.34567085261071
W96,NEW KENT COUNTY,1,1,0,100.0,20.654329147389294,100.0
W99,GRANT COUNTY AIRPORT,1,0,1,0.0,0.0,79.34567085261071
X07,LAKE WALES MUNICIPAL AIRPORT,1,1,0,100.0,20.654329147389294,100.0
X13,CARRABELLE-THOMPSON,1,1,0,100.0,20.654329147389294,100.0
X23,UMATILLA MUNICIPAL ARPT,1,0,1,0.0,0.0,79.34567085261071
X35,MARION COUNTY ARPT,1,0,1,0.0,0.0,79.34567085261071
X46,OPA LOCKA WEST,1,1,0,100.0,20.654329147389294,100.0
1KY5,ROCKCASTLE HOSPITAL INC HELIPORT,1,0,1,0.0,0.0,79.34567085261071
1MA2,UMASS MEMORIAL MEDICAL CENTER-UNIVERSITY CAMPUS HELIPORT,1,0,1,0.0,0.0,79.34567085261071
W04,OCEAN SHORES MUNICIPAL ARPT,1,0,1,0.0,0.0,79.34567085261071
0TN8,ERLANGER MEDICAL CENTER HELIPORT,1,1,0,100.0,20.654329147389294,100.0
0TX1,PECAN PLANTATION ARPT,1,1,0,100.0,20.654329147389294,100.0
0V4,BROOKNEAL/CAMPBELL COUNTY AIRPORT,1,0,1,0.0,0.0,79.34567085261071
0V6,MISSION SIOUX ARPT,1,1,0,100.0,20.654329147389294,100.0
11A,CLAYTON MUNICIPAL ARPT,1,1,0,100.0,20.654329147389294,100.0
12D,TOWER MUNICIPAL AIRPORT,1,1,0,100.0,20.654329147389294,100.0
12NR,BRUNSWICK NOVANT MEDICAL CENTER HELIPORT,1,0,1,0.0,0.0,79.34567085261071
X04,ORLANDO APOPKA AIRPORT,1,1,0,100.0,20.654329147389294,100.0
