model,feature_set,parameters,mean_pr_auc,std_pr_auc,mean_roc_auc,mean_brier_score,mean_log_loss,mean_accuracy,mean_precision,mean_recall,mean_f1,mean_macro_f1,mean_weighted_f1
xgboost,airport_aware,"{""model__colsample_bytree"": 0.8, ""model__learning_rate"": 0.03, ""model__max_depth"": 6, ""model__min_child_weight"": 1, ""model__n_estimators"": 600, ""model__reg_lambda"": 1.0, ""model__subsample"": 0.8, ""scale_pos_weight_mode"": ""none""}",0.45901132928103483,0.02440276623246168,0.886049140427924,0.04310944900257815,0.15755495285801224,0.9466522746547211,0.6313284691071356,0.29113712439908107,0.3983705279054109,0.6851857046486071,0.93731246750826
xgboost,airport_aware,"{""model__colsample_bytree"": 0.8, ""model__learning_rate"": 0.03, ""model__max_depth"": 6, ""model__min_child_weight"": 1, ""model__n_estimators"": 600, ""model__reg_lambda"": 5.0, ""model__subsample"": 0.8, ""scale_pos_weight_mode"": ""none""}",0.4589153649044772,0.02554191798004785,0.886305307484194,0.04308505936792316,0.15749736775445272,0.9465995271025885,0.6309567171302857,0.29088571236315014,0.39803951116520786,0.6850065165131634,0.9372440143723619
xgboost,airport_aware,"{""model__colsample_bytree"": 0.8, ""model__learning_rate"": 0.03, ""model__max_depth"": 6, ""model__min_child_weight"": 5, ""model__n_estimators"": 600, ""model__reg_lambda"": 5.0, ""model__subsample"": 0.8, ""scale_pos_weight_mode"": ""none""}",0.4582535662068453,0.02538154693210862,0.886377710203082,0.043105058423685595,0.15760598142077212,0.9465641775837355,0.629977465220675,0.2909448522102025,0.39785971684695026,0.6849069901315452,0.9372235272234487
xgboost,airport_aware,"{""model__colsample_bytree"": 1.0, ""model__learning_rate"": 0.03, ""model__max_depth"": 6, ""model__min_child_weight"": 1, ""model__n_estimators"": 600, ""model__reg_lambda"": 5.0, ""model__subsample"": 0.8, ""scale_pos_weight_mode"": ""none""}",0.4578929434232003,0.026116079560723086,0.8860867104193355,0.043155968731576996,0.15765271761391914,0.9463076452562464,0.6229002838189268,0.29239918550663,0.39782452667473833,0.6848186792277688,0.9370984265235768
xgboost,airport_aware,"{""model__colsample_bytree"": 0.8, ""model__learning_rate"": 0.08, ""model__max_depth"": 6, ""model__min_child_weight"": 1, ""model__n_estimators"": 300, ""model__reg_lambda"": 5.0, ""model__subsample"": 0.8, ""scale_pos_weight_mode"": ""none""}",0.45782923064510594,0.025192641788532328,0.8859780743516785,0.043171936576466285,0.15751439698785044,0.9463716319370082,0.6225819087890312,0.2955909534339919,0.4006744390913218,0.686258054316562,0.9373060870149876
xgboost,airport_aware,"{""model__colsample_bytree"": 0.8, ""model__learning_rate"": 0.03, ""model__max_depth"": 6, ""model__min_child_weight"": 5, ""model__n_estimators"": 600, ""model__reg_lambda"": 1.0, ""model__subsample"": 0.8, ""scale_pos_weight_mode"": ""none""}",0.4577370164434648,0.024475164556241293,0.8860825138501183,0.04315419262878788,0.15772594376240376,0.9464281861169441,0.628577318666482,0.288574890669948,0.3954162166734614,0.6836501430902228,0.9370053437326259
xgboost,airport_aware,"{""model__colsample_bytree"": 1.0, ""model__learning_rate"": 0.08, ""model__max_depth"": 6, ""model__min_child_weight"": 5, ""model__n_estimators"": 300, ""model__reg_lambda"": 5.0, ""model__subsample"": 0.8, ""scale_pos_weight_mode"": ""none""}",0.4577241349958128,0.025204514002453403,0.8859333848695494,0.04318475740714299,0.1576255134247673,0.9466327878093665,0.6265297143187644,0.29886048636488705,0.40448295416361013,0.6882292261245058,0.9376722518500935
xgboost,airport_aware,"{""model__colsample_bytree"": 1.0, ""model__learning_rate"": 0.03, ""model__max_depth"": 6, ""model__min_child_weight"": 5, ""model__n_estimators"": 600, ""model__reg_lambda"": 5.0, ""model__subsample"": 0.8, ""scale_pos_weight_mode"": ""none""}",0.4576762524623145,0.025305211978631528,0.8863577395933426,0.04314374619027721,0.15765572153628737,0.9464253331925361,0.6258920074844255,0.29330498847213893,0.3992575364280536,0.6855665226246569,0.937212323452653
xgboost,airport_aware,"{""model__colsample_bytree"": 0.8, ""model__learning_rate"": 0.08, ""model__max_depth"": 6, ""model__min_child_weight"": 5, ""model__n_estimators"": 300, ""model__reg_lambda"": 5.0, ""model__subsample"": 0.8, ""scale_pos_weight_mode"": ""none""}",0.4576122352767011,0.024103913778897826,0.8861221643736995,0.043201601808078346,0.15765087106650283,0.9463842582548143,0.6241870141742277,0.2951984890190299,0.40064236084638666,0.6862453095007791,0.937279478599373
xgboost,airport_aware,"{""model__colsample_bytree"": 1.0, ""model__learning_rate"": 0.03, ""model__max_depth"": 6, ""model__min_child_weight"": 1, ""model__n_estimators"": 600, ""model__reg_lambda"": 1.0, ""model__subsample"": 0.8, ""scale_pos_weight_mode"": ""none""}",0.4574936348650362,0.025114042937358687,0.885742413881571,0.04318313884675733,0.15775451052228623,0.9463156910266031,0.6239633137867788,0.2919384610978576,0.3975970954936748,0.6847073581005207,0.9370726504106534
xgboost,airport_aware,"{""model__colsample_bytree"": 1.0, ""model__learning_rate"": 0.03, ""model__max_depth"": 6, ""model__min_child_weight"": 5, ""model__n_estimators"": 600, ""model__reg_lambda"": 1.0, ""model__subsample"": 0.8, ""scale_pos_weight_mode"": ""none""}",0.4572277990791164,0.02457538767983429,0.8860196562029039,0.043182350972667545,0.15775266738582766,0.946217381044377,0.6222218322176815,0.29011378064970517,0.3955749604358147,0.6836715956190466,0.9369168184631395
xgboost,airport_aware,"{""model__colsample_bytree"": 0.8, ""model__learning_rate"": 0.08, ""model__max_depth"": 6, ""model__min_child_weight"": 1, ""model__n_estimators"": 600, ""model__reg_lambda"": 5.0, ""model__subsample"": 0.8, ""scale_pos_weight_mode"": ""none""}",0.4571534844529401,0.02251265424399016,0.8858809169239473,0.04336397839917225,0.15762093378673558,0.9461291075919449,0.6131429832940463,0.3052915574696617,0.40740244562446665,0.6895465612958734,0.9375688587134627
xgboost,airport_aware,"{""model__colsample_bytree"": 0.8, ""model__learning_rate"": 0.08, ""model__max_depth"": 6, ""model__min_child_weight"": 1, ""model__n_estimators"": 300, ""model__reg_lambda"": 5.0, ""model__subsample"": 1.0, ""scale_pos_weight_mode"": ""none""}",0.45712409419323785,0.02411999204317184,0.8853747104771748,0.04320493287798934,0.1579571598884862,0.9465063826973065,0.6283631037318633,0.2901930252988094,0.3968118120745152,0.6843671845418802,0.9371697446131524
xgboost,airport_aware,"{""model__colsample_bytree"": 0.8, ""model__learning_rate"": 0.03, ""model__max_depth"": 6, ""model__min_child_weight"": 1, ""model__n_estimators"": 600, ""model__reg_lambda"": 5.0, ""model__subsample"": 1.0, ""scale_pos_weight_mode"": ""none""}",0.4571016135756764,0.02501916042996655,0.8853726401467995,0.0431807514903163,0.1580942064967041,0.9465977567081346,0.6327864485110156,0.28561655207053194,0.3933583878611068,0.6826723870076925,0.9369769674906084
xgboost,airport_aware,"{""model__colsample_bytree"": 1.0, ""model__learning_rate"": 0.08, ""model__max_depth"": 6, ""model__min_child_weight"": 1, ""model__n_estimators"": 300, ""model__reg_lambda"": 5.0, ""model__subsample"": 0.8, ""scale_pos_weight_mode"": ""none""}",0.4568235099642507,0.02568188757266344,0.8856725235616066,0.04326653896346437,0.15773784401964372,0.9462640478202082,0.619284406834913,0.29696603044457215,0.4012407727465604,0.6865104406119211,0.937288602616605
xgboost,airport_aware,"{""model__colsample_bytree"": 0.8, ""model__learning_rate"": 0.08, ""model__max_depth"": 6, ""model__min_child_weight"": 5, ""model__n_estimators"": 600, ""model__reg_lambda"": 5.0, ""model__subsample"": 0.8, ""scale_pos_weight_mode"": ""none""}",0.45678678907364684,0.020946810761096515,0.8857948604250663,0.04338152562273267,0.1577728485482633,0.946309153181916,0.61762316109543,0.30622977113584815,0.4091843993359082,0.6904853206224114,0.9377233478964968
xgboost,airport_aware,"{""model__colsample_bytree"": 0.8, ""model__learning_rate"": 0.03, ""model__max_depth"": 6, ""model__min_child_weight"": 5, ""model__n_estimators"": 600, ""model__reg_lambda"": 5.0, ""model__subsample"": 1.0, ""scale_pos_weight_mode"": ""none""}",0.45642644759121237,0.025401976158219267,0.8855216155946186,0.04318138161710543,0.15817211506221804,0.9464838066206026,0.6303963096732602,0.2847701140332569,0.3921199785015394,0.6820223413755271,0.9368672726151445
xgboost,airport_aware,"{""model__colsample_bytree"": 0.8, ""model__learning_rate"": 0.08, ""model__max_depth"": 6, ""model__min_child_weight"": 5, ""model__n_estimators"": 300, ""model__reg_lambda"": 5.0, ""model__subsample"": 1.0, ""scale_pos_weight_mode"": ""none""}",0.4564168628084967,0.023767425677890957,0.8855892495580072,0.04321180563245245,0.15796986033705637,0.9464255491550426,0.6269445819566538,0.2905518698089546,0.3969334756605531,0.6844063638542045,0.9371061628058097
xgboost,airport_aware,"{""model__colsample_bytree"": 0.8, ""model__learning_rate"": 0.08, ""model__max_depth"": 6, ""model__min_child_weight"": 5, ""model__n_estimators"": 300, ""model__reg_lambda"": 1.0, ""model__subsample"": 0.8, ""scale_pos_weight_mode"": ""none""}",0.45634474029311445,0.023744408536495218,0.8858205252439092,0.04327600895946106,0.15779880203971247,0.9462161447110855,0.6208742949772594,0.29243890923288257,0.39739815853726923,0.6845802143067813,0.9370426970467104
xgboost,airport_aware,"{""model__colsample_bytree"": 0.8, ""model__learning_rate"": 0.08, ""model__max_depth"": 6, ""model__min_child_weight"": 1, ""model__n_estimators"": 300, ""model__reg_lambda"": 1.0, ""model__subsample"": 0.8, ""scale_pos_weight_mode"": ""none""}",0.45627077530158167,0.024406267724806485,0.8853785991222413,0.04329530919096585,0.15783558489923433,0.9462827509525791,0.6220514775468584,0.293209808462925,0.398322844046078,0.6850586625362209,0.9371437288270859
xgboost,airport_aware,"{""model__colsample_bytree"": 0.8, ""model__learning_rate"": 0.03, ""model__max_depth"": 6, ""model__min_child_weight"": 1, ""model__n_estimators"": 300, ""model__reg_lambda"": 1.0, ""model__subsample"": 0.8, ""scale_pos_weight_mode"": ""none""}",0.4562649014826411,0.025982077057746453,0.8852642845079112,0.043158258973813826,0.1582866532819837,0.9466294953218931,0.6383065187019664,0.27749844404942026,0.38668124202171505,0.6793484570019206,0.9366224491530375
xgboost,airport_aware,"{""model__colsample_bytree"": 0.8, ""model__learning_rate"": 0.08, ""model__max_depth"": 6, ""model__min_child_weight"": 5, ""model__n_estimators"": 300, ""model__reg_lambda"": 1.0, ""model__subsample"": 1.0, ""scale_pos_weight_mode"": ""none""}",0.4562238117737182,0.022808874113184514,0.8854487870262482,0.04324733842594807,0.157978265512222,0.9461549784503177,0.6230426385694053,0.28854819656452413,0.39424472618786216,0.6829912659028937,0.9367687567226124
xgboost,airport_aware,"{""model__colsample_bytree"": 0.8, ""model__learning_rate"": 0.08, ""model__max_depth"": 6, ""model__min_child_weight"": 1, ""model__n_estimators"": 600, ""model__reg_lambda"": 5.0, ""model__subsample"": 1.0, ""scale_pos_weight_mode"": ""none""}",0.456164725032804,0.02225638575506993,0.8850592432979274,0.04333256106226556,0.15797511307443066,0.9462549179416955,0.6208254981219995,0.29622866996943104,0.40083494507384493,0.686303876832461,0.9372557516984303
xgboost,airport_aware,"{""model__colsample_bytree"": 0.8, ""model__learning_rate"": 0.03, ""model__max_depth"": 6, ""model__min_child_weight"": 1, ""model__n_estimators"": 600, ""model__reg_lambda"": 5.0, ""model__subsample"": 0.8, ""scale_pos_weight_mode"": ""balanced""}",0.456118857586879,0.026334763109049586,0.8856467923490973,0.10979894978580651,0.3437122326165233,0.8502822288264742,0.24618034300361624,0.7221647349827137,0.3665296247497543,0.6405948018330015,0.8817063205195174
xgboost,airport_aware,"{""model__colsample_bytree"": 1.0, ""model__learning_rate"": 0.08, ""model__max_depth"": 6, ""model__min_child_weight"": 5, ""model__n_estimators"": 600, ""model__reg_lambda"": 5.0, ""model__subsample"": 0.8, ""scale_pos_weight_mode"": ""none""}",0.45594137414532626,0.022083111790949017,0.8855278081267534,0.043436787254632805,0.15790465035623755,0.9462121862703924,0.613267271284401,0.3099887532368527,0.4116014115942995,0.6916630972192498,0.9378558735529232
xgboost,airport_aware,"{""model__colsample_bytree"": 0.8, ""model__learning_rate"": 0.03, ""model__max_depth"": 6, ""model__min_child_weight"": 5, ""model__n_estimators"": 600, ""model__reg_lambda"": 1.0, ""model__subsample"": 1.0, ""scale_pos_weight_mode"": ""none""}",0.4558079083102462,0.02460134699027687,0.8855889906960239,0.043192405577051986,0.15807189267036412,0.9464236993092385,0.6292509528714285,0.28473395612727853,0.391868699751653,0.6818799058686084,0.9368285083792813
xgboost,airport_aware,"{""model__colsample_bytree"": 0.8, ""model__learning_rate"": 0.03, ""model__max_depth"": 6, ""model__min_child_weight"": 5, ""model__n_estimators"": 600, ""model__reg_lambda"": 5.0, ""model__subsample"": 0.8, ""scale_pos_weight_mode"": ""balanced""}",0.4557571589904391,0.02625262900051397,0.8859245825140217,0.11031922358247903,0.34525601981776755,0.8500015518400396,0.24624401345666516,0.7250007750966632,0.3669735714229708,0.6407217047730587,0.8815543377219097
xgboost,airport_aware,"{""model__colsample_bytree"": 0.8, ""model__learning_rate"": 0.03, ""model__max_depth"": 6, ""model__min_child_weight"": 1, ""model__n_estimators"": 600, ""model__reg_lambda"": 1.0, ""model__subsample"": 1.0, ""scale_pos_weight_mode"": ""none""}",0.4557335571176885,0.024682386506378617,0.8851587300012698,0.043223799469878,0.15814709126816046,0.9466178974385799,0.6343718879371218,0.28489349025713817,0.3929889445597741,0.6824922232509804,0.9369701636591868
xgboost,airport_aware,"{""model__colsample_bytree"": 0.8, ""model__learning_rate"": 0.03, ""model__max_depth"": 6, ""model__min_child_weight"": 1, ""model__n_estimators"": 300, ""model__reg_lambda"": 5.0, ""model__subsample"": 0.8, ""scale_pos_weight_mode"": ""none""}",0.4556907769350607,0.027566875638010992,0.8854394858828762,0.043164992102241624,0.1583076532698256,0.9467534128134991,0.6398615175249533,0.28022146698601047,0.38959889882593923,0.6808392324887074,0.9368396700303869
xgboost,airport_aware,"{""model__colsample_bytree"": 1.0, ""model__learning_rate"": 0.08, ""model__max_depth"": 6, ""model__min_child_weight"": 5, ""model__n_estimators"": 300, ""model__reg_lambda"": 1.0, ""model__subsample"": 0.8, ""scale_pos_weight_mode"": ""none""}",0.4554437100059176,0.023395891935514074,0.8856983467340971,0.04334483532405114,0.15794617482024179,0.9461888508607261,0.6190516823005071,0.2956645806776331,0.40004146933029244,0.6858909289512127,0.93716690502788
xgboost,airport_aware,"{""model__colsample_bytree"": 0.8, ""model__learning_rate"": 0.08, ""model__max_depth"": 6, ""model__min_child_weight"": 1, ""model__n_estimators"": 300, ""model__reg_lambda"": 1.0, ""model__subsample"": 1.0, ""scale_pos_weight_mode"": ""none""}",0.455339863253024,0.023915519231204906,0.8849379655928745,0.04326590646450469,0.1580575804681384,0.9464632040854897,0.6279935348411223,0.2901085531739106,0.39669240136943335,0.6842973085933278,0.9371001251847272
xgboost,airport_aware,"{""model__colsample_bytree"": 1.0, ""model__learning_rate"": 0.03, ""model__max_depth"": 6, ""model__min_child_weight"": 5, ""model__n_estimators"": 600, ""model__reg_lambda"": 5.0, ""model__subsample"": 0.8, ""scale_pos_weight_mode"": ""balanced""}",0.4553038878430121,0.026110930678464372,0.8856955989797821,0.11024460860047884,0.3449951442327728,0.8496167623396472,0.24524750128439615,0.7223015971580043,0.365460757774339,0.639860369505618,0.8812938577349735
xgboost,airport_aware,"{""model__colsample_bytree"": 1.0, ""model__learning_rate"": 0.03, ""model__max_depth"": 6, ""model__min_child_weight"": 1, ""model__n_estimators"": 600, ""model__reg_lambda"": 5.0, ""model__subsample"": 0.8, ""scale_pos_weight_mode"": ""balanced""}",0.4552709169399815,0.026160653596300876,0.8854186195956064,0.10965687214835784,0.34327852027562855,0.8502584676917827,0.24601707871017733,0.7213971489423812,0.3661614369603761,0.6404148823053765,0.8816941580269285
xgboost,airport_aware,"{""model__colsample_bytree"": 0.8, ""model__learning_rate"": 0.08, ""model__max_depth"": 6, ""model__min_child_weight"": 5, ""model__n_estimators"": 600, ""model__reg_lambda"": 5.0, ""model__subsample"": 1.0, ""scale_pos_weight_mode"": ""none""}",0.4552396021161954,0.021032510593532828,0.8854836793036333,0.04334957183325751,0.15794830812340085,0.9462845507104231,0.6211767367575005,0.29762238566636023,0.4023235683173523,0.6870555459480487,0.9373215418331726
xgboost,airport_aware,"{""model__colsample_bytree"": 0.8, ""model__learning_rate"": 0.03, ""model__max_depth"": 6, ""model__min_child_weight"": 1, ""model__n_estimators"": 600, ""model__reg_lambda"": 1.0, ""model__subsample"": 0.8, ""scale_pos_weight_mode"": ""balanced""}",0.45517640833620643,0.025020818550555917,0.8849968169840533,0.1092733573863427,0.3422962136360751,0.8506957274414557,0.2465020233438972,0.721150233267111,0.3667160412585933,0.6408286214409767,0.8819643199489364
xgboost,airport_aware,"{""model__colsample_bytree"": 1.0, ""model__learning_rate"": 0.08, ""model__max_depth"": 6, ""model__min_child_weight"": 1, ""model__n_estimators"": 300, ""model__reg_lambda"": 1.0, ""model__subsample"": 0.8, ""scale_pos_weight_mode"": ""none""}",0.45517608496515133,0.023659238682503105,0.885425759897141,0.04330492694025644,0.15784931729903512,0.9462554665777813,0.6200058287103939,0.2978299954220742,0.40217807731999644,0.6869751165994298,0.9373121687318495
xgboost,airport_aware,"{""model__colsample_bytree"": 1.0, ""model__learning_rate"": 0.08, ""model__max_depth"": 6, ""model__min_child_weight"": 1, ""model__n_estimators"": 300, ""model__reg_lambda"": 5.0, ""model__subsample"": 1.0, ""scale_pos_weight_mode"": ""none""}",0.4550486265645408,0.02507658045690503,0.8849755419321033,0.04329672152475302,0.1581970130735697,0.9463284365018355,0.624372413901864,0.29020198930780605,0.3960351758448343,0.6839319598208423,0.9370150340012602
xgboost,airport_aware,"{""model__colsample_bytree"": 0.8, ""model__learning_rate"": 0.03, ""model__max_depth"": 6, ""model__min_child_weight"": 5, ""model__n_estimators"": 300, ""model__reg_lambda"": 1.0, ""model__subsample"": 0.8, ""scale_pos_weight_mode"": ""none""}",0.4549872217896965,0.0262079797550492,0.8851963624681451,0.04320846195378776,0.1585029127536989,0.9464278260828882,0.6345589646719553,0.27560174196874343,0.3840962201932295,0.6780030563546444,0.9363820119588828
xgboost,airport_aware,"{""model__colsample_bytree"": 1.0, ""model__learning_rate"": 0.03, ""model__max_depth"": 6, ""model__min_child_weight"": 1, ""model__n_estimators"": 300, ""model__reg_lambda"": 1.0, ""model__subsample"": 0.8, ""scale_pos_weight_mode"": ""none""}",0.454966102062237,0.027074579189368224,0.8851574111238734,0.043213437312691824,0.15839917764035732,0.9463959070169586,0.6316716860805291,0.27955837051137983,0.38743302106588084,0.6796599922279973,0.936527674574748
xgboost,airport_aware,"{""model__colsample_bytree"": 1.0, ""model__learning_rate"": 0.03, ""model__max_depth"": 6, ""model__min_child_weight"": 5, ""model__n_estimators"": 300, ""model__reg_lambda"": 1.0, ""model__subsample"": 0.8, ""scale_pos_weight_mode"": ""none""}",0.45491127261559683,0.026464970757532374,0.8852803467927188,0.04322234588450583,0.15846840303902537,0.9461987985566479,0.6283655644715223,0.2777362964080184,0.3850136886774961,0.6783990614339177,0.9362769556873612
xgboost,airport_aware,"{""model__colsample_bytree"": 0.8, ""model__learning_rate"": 0.03, ""model__max_depth"": 6, ""model__min_child_weight"": 5, ""model__n_estimators"": 600, ""model__reg_lambda"": 1.0, ""model__subsample"": 0.8, ""scale_pos_weight_mode"": ""balanced""}",0.4549076099920524,0.025652983524695267,0.8854619436695922,0.10996333415413677,0.3442244583313446,0.8496823535993409,0.24529570850263255,0.7219582004784277,0.3655216704247761,0.639907045712824,0.8812942976902297
xgboost,airport_aware,"{""model__colsample_bytree"": 1.0, ""model__learning_rate"": 0.08, ""model__max_depth"": 6, ""model__min_child_weight"": 5, ""model__n_estimators"": 300, ""model__reg_lambda"": 5.0, ""model__subsample"": 1.0, ""scale_pos_weight_mode"": ""none""}",0.4548819270027818,0.02539988852391666,0.8855059084209829,0.04327788200300581,0.15812648964819637,0.9462624010024678,0.6231243954559611,0.2902737113103339,0.39585831778646485,0.6838262692609419,0.9369505854867075
xgboost,airport_aware,"{""model__colsample_bytree"": 1.0, ""model__learning_rate"": 0.08, ""model__max_depth"": 6, ""model__min_child_weight"": 1, ""model__n_estimators"": 600, ""model__reg_lambda"": 5.0, ""model__subsample"": 0.8, ""scale_pos_weight_mode"": ""none""}",0.4548166103316544,0.02220338434662591,0.8851597725862737,0.04353926711447783,0.15812315416030018,0.9460089880281524,0.6104224771832105,0.30604792926963764,0.40750300040990667,0.6895620633796247,0.937527709539348
xgboost,airport_aware,"{""model__colsample_bytree"": 1.0, ""model__learning_rate"": 0.03, ""model__max_depth"": 6, ""model__min_child_weight"": 5, ""model__n_estimators"": 300, ""model__reg_lambda"": 5.0, ""model__subsample"": 0.8, ""scale_pos_weight_mode"": ""none""}",0.45480658817616976,0.02721517369706702,0.8854479999431397,0.04322875729312377,0.15849284849020728,0.9463054991152692,0.6293786322947712,0.2803684334369236,0.38770123747193885,0.6797698711231387,0.9364858024874104
xgboost,airport_aware,"{""model__colsample_bytree"": 0.8, ""model__learning_rate"": 0.03, ""model__max_depth"": 6, ""model__min_child_weight"": 5, ""model__n_estimators"": 300, ""model__reg_lambda"": 5.0, ""model__subsample"": 0.8, ""scale_pos_weight_mode"": ""none""}",0.45480504025447804,0.02724336538217973,0.8853758027524851,0.04319513083249319,0.1584781370215131,0.9466513887592575,0.6369322646223129,0.2810722715394421,0.38984033456852646,0.6809311078136695,0.9368070642484291
xgboost,extended_geographic,"{""model__colsample_bytree"": 0.8, ""model__learning_rate"": 0.03, ""model__max_depth"": 6, ""model__min_child_weight"": 1, ""model__n_estimators"": 600, ""model__reg_lambda"": 5.0, ""model__subsample"": 0.8, ""scale_pos_weight_mode"": ""none""}",0.45479547794620007,0.02419974644094358,0.8861613962599364,0.04323623242996297,0.1575796409481948,0.9463526938345922,0.6273264086083041,0.28568888816238125,0.3923872030369397,0.6821196280620938,0.9368072231595999
xgboost,airport_aware,"{""model__colsample_bytree"": 0.8, ""model__learning_rate"": 0.03, ""model__max_depth"": 6, ""model__min_child_weight"": 1, ""model__n_estimators"": 300, ""model__reg_lambda"": 5.0, ""model__subsample"": 1.0, ""scale_pos_weight_mode"": ""none""}",0.45473721759237085,0.026936429109568217,0.8847640610129673,0.04323312593629828,0.15869487611901562,0.9466562265523845,0.6396876279098364,0.2762850339779811,0.38571331768208306,0.6788748555080529,0.9365565625421437
xgboost,extended_geographic,"{""model__colsample_bytree"": 0.8, ""model__learning_rate"": 0.03, ""model__max_depth"": 6, ""model__min_child_weight"": 5, ""model__n_estimators"": 600, ""model__reg_lambda"": 5.0, ""model__subsample"": 0.8, ""scale_pos_weight_mode"": ""none""}",0.45470419141431523,0.024480081879438068,0.8862242608424923,0.04323022317421615,0.1576288522784342,0.9463270538814019,0.6272473054559842,0.2857962421781119,0.39242748158412455,0.6821324694125546,0.9367897557526931
xgboost,airport_aware,"{""model__colsample_bytree"": 1.0, ""model__learning_rate"": 0.03, ""model__max_depth"": 6, ""model__min_child_weight"": 1, ""model__n_estimators"": 300, ""model__reg_lambda"": 5.0, ""model__subsample"": 0.8, ""scale_pos_weight_mode"": ""none""}",0.454595835930761,0.028294127327060565,0.8853035231130384,0.04323547586484597,0.1584631728763231,0.9463917597303914,0.6297967005509373,0.2820691280698477,0.3894534103631746,0.6806673578340015,0.9366460509901285
xgboost,airport_aware,"{""model__colsample_bytree"": 1.0, ""model__learning_rate"": 0.03, ""model__max_depth"": 6, ""model__min_child_weight"": 5, ""model__n_estimators"": 600, ""model__reg_lambda"": 1.0, ""model__subsample"": 0.8, ""scale_pos_weight_mode"": ""balanced""}",0.4545717797620751,0.02471628185887874,0.8852490105646886,0.10994943528671564,0.3441059877474913,0.8496121354121771,0.24546943453254083,0.7232953861132423,0.36581766207437727,0.6400315462757866,0.8812934571875332
xgboost,airport_aware,"{""model__colsample_bytree"": 1.0, ""model__learning_rate"": 0.03, ""model__max_depth"": 6, ""model__min_child_weight"": 1, ""model__n_estimators"": 600, ""model__reg_lambda"": 5.0, ""model__subsample"": 1.0, ""scale_pos_weight_mode"": ""none""}",0.45456136344660847,0.02503376931327194,0.8849894133601539,0.043279871292952396,0.15837833607574264,0.9463908400388412,0.6272520383914927,0.2855847644420248,0.3923053303996159,0.682089733001197,0.9368360246129399
xgboost,airport_aware,"{""model__colsample_bytree"": 1.0, ""model__learning_rate"": 0.08, ""model__max_depth"": 6, ""model__min_child_weight"": 5, ""model__n_estimators"": 600, ""model__reg_lambda"": 5.0, ""model__subsample"": 1.0, ""scale_pos_weight_mode"": ""none""}",0.4545459297303457,0.02336969740386327,0.8852775277125084,0.043381805802846764,0.15805560966328716,0.9462958005415765,0.6211686764356271,0.2992318016652607,0.40378019418723465,0.6877862148004185,0.9373777495158997
xgboost,airport_aware,"{""model__colsample_bytree"": 1.0, ""model__learning_rate"": 0.03, ""model__max_depth"": 6, ""model__min_child_weight"": 5, ""model__n_estimators"": 600, ""model__reg_lambda"": 5.0, ""model__subsample"": 1.0, ""scale_pos_weight_mode"": ""none""}",0.45454342094585554,0.025965500746348385,0.8852767323502576,0.04325362272121673,0.15834321314952274,0.9463298992582854,0.625757154509875,0.286602931693306,0.39293038581974876,0.6823852433762536,0.936820532238479
xgboost,extended_geographic,"{""model__colsample_bytree"": 1.0, ""model__learning_rate"": 0.03, ""model__max_depth"": 6, ""model__min_child_weight"": 5, ""model__n_estimators"": 600, ""model__reg_lambda"": 5.0, ""model__subsample"": 0.8, ""scale_pos_weight_mode"": ""none""}",0.45443940765839025,0.02358174109197023,0.8862024858236668,0.04324473995201903,0.15760906423347534,0.9462256620468686,0.6250742179725117,0.28653315423531006,0.3927013973850418,0.6822413444010407,0.9367366000674485
xgboost,airport_aware,"{""model__colsample_bytree"": 0.8, ""model__learning_rate"": 0.03, ""model__max_depth"": 6, ""model__min_child_weight"": 5, ""model__n_estimators"": 300, ""model__reg_lambda"": 5.0, ""model__subsample"": 1.0, ""scale_pos_weight_mode"": ""none""}",0.4544337186676877,0.02702195045983829,0.884819835385553,0.04324410682733621,0.15882496753645658,0.9464684687920935,0.6369684859543819,0.27373120446259996,0.3826889506210841,0.6773142471625258,0.936281069959431
xgboost,airport_aware,"{""model__colsample_bytree"": 1.0, ""model__learning_rate"": 0.03, ""model__max_depth"": 6, ""model__min_child_weight"": 1, ""model__n_estimators"": 600, ""model__reg_lambda"": 1.0, ""model__subsample"": 1.0, ""scale_pos_weight_mode"": ""none""}",0.4542313097595915,0.02599912132220026,0.8847245146183755,0.043323437561671826,0.15840866740894374,0.9463606502214313,0.6269305859553063,0.2862020527021768,0.39278403863007594,0.6823199901949625,0.9368266916847556
xgboost,airport_aware,"{""model__colsample_bytree"": 1.0, ""model__learning_rate"": 0.08, ""model__max_depth"": 6, ""model__min_child_weight"": 1, ""model__n_estimators"": 600, ""model__reg_lambda"": 5.0, ""model__subsample"": 1.0, ""scale_pos_weight_mode"": ""none""}",0.4542115129794187,0.023045310046655623,0.8845231778290465,0.04339739701453894,0.15818241694834817,0.9462838447941175,0.6200367501584028,0.29739216432494675,0.40183585795913623,0.6868123972130086,0.9373246668724532
xgboost,extended_geographic,"{""model__colsample_bytree"": 0.8, ""model__learning_rate"": 0.08, ""model__max_depth"": 6, ""model__min_child_weight"": 1, ""model__n_estimators"": 300, ""model__reg_lambda"": 5.0, ""model__subsample"": 0.8, ""scale_pos_weight_mode"": ""none""}",0.45420317462745013,0.023205727070432506,0.8857317335440829,0.0433216432415841,0.15767128585251527,0.9463250789108206,0.6237946257187224,0.2931472733978344,0.39859591142787476,0.6852068225158435,0.9371634760983314
xgboost,airport_aware,"{""model__colsample_bytree"": 0.8, ""model__learning_rate"": 0.03, ""model__max_depth"": 6, ""model__min_child_weight"": 1, ""model__n_estimators"": 300, ""model__reg_lambda"": 1.0, ""model__subsample"": 1.0, ""scale_pos_weight_mode"": ""none""}",0.45408462535105476,0.026104264025558557,0.884637374188016,0.04323976684688291,0.1586631792566155,0.9466703640751465,0.6409209907167813,0.2757167984631267,0.3853719527902263,0.6787074594643041,0.9365406004763595
xgboost,extended_geographic,"{""model__colsample_bytree"": 1.0, ""model__learning_rate"": 0.03, ""model__max_depth"": 6, ""model__min_child_weight"": 1, ""model__n_estimators"": 600, ""model__reg_lambda"": 5.0, ""model__subsample"": 0.8, ""scale_pos_weight_mode"": ""none""}",0.45403702917605243,0.023518874331288478,0.8859246771978986,0.04326828591586282,0.15765649285737093,0.9462445620858236,0.6247932777146865,0.2885827818403262,0.39458550906342216,0.6831861329653407,0.9368473150337053
xgboost,airport_aware,"{""model__colsample_bytree"": 0.8, ""model__learning_rate"": 0.08, ""model__max_depth"": 3, ""model__min_child_weight"": 5, ""model__n_estimators"": 600, ""model__reg_lambda"": 5.0, ""model__subsample"": 0.8, ""scale_pos_weight_mode"": ""none""}",0.454016477343046,0.02617922653696083,0.8839947741198791,0.04330074559205317,0.1583835343203944,0.946380365662933,0.630191296196936,0.27989064613352455,0.38739544556464134,0.67963461597069,0.9365993869485616
xgboost,airport_aware,"{""model__colsample_bytree"": 1.0, ""model__learning_rate"": 0.03, ""model__max_depth"": 6, ""model__min_child_weight"": 5, ""model__n_estimators"": 600, ""model__reg_lambda"": 1.0, ""model__subsample"": 1.0, ""scale_pos_weight_mode"": ""none""}",0.4540105066126662,0.025376715668470193,0.8851396772402607,0.04327049836435134,0.15828252375984936,0.9463308536282649,0.6277566638441202,0.2847224043700408,0.39155110114233665,0.6816977498506741,0.9367031459963358
xgboost,airport_aware,"{""model__colsample_bytree"": 0.8, ""model__learning_rate"": 0.08, ""model__max_depth"": 6, ""model__min_child_weight"": 5, ""model__n_estimators"": 600, ""model__reg_lambda"": 1.0, ""model__subsample"": 1.0, ""scale_pos_weight_mode"": ""none""}",0.4539516553399519,0.0195985855287402,0.884876634498912,0.043470849573589265,0.15822976997379026,0.9457890442435742,0.6136161491694289,0.2957632515313299,0.39899709366201586,0.685260603179361,0.9368035398313317
xgboost,airport_aware,"{""model__colsample_bytree"": 0.8, ""model__learning_rate"": 0.08, ""model__max_depth"": 6, ""model__min_child_weight"": 5, ""model__n_estimators"": 600, ""model__reg_lambda"": 1.0, ""model__subsample"": 0.8, ""scale_pos_weight_mode"": ""none""}",0.4538583997368126,0.019833524718709212,0.8850072926346597,0.04358085152981368,0.15831139389997304,0.94593939885198,0.6104817120156925,0.30451423006653566,0.4061044916955928,0.6888460042906301,0.9373821999040167
xgboost,airport_aware,"{""model__colsample_bytree"": 0.8, ""model__learning_rate"": 0.08, ""model__max_depth"": 6, ""model__min_child_weight"": 5, ""model__n_estimators"": 300, ""model__reg_lambda"": 5.0, ""model__subsample"": 0.8, ""scale_pos_weight_mode"": ""balanced""}",0.4538072741258243,0.0238026000901476,0.8851110077496207,0.10929379169042322,0.34206458024446534,0.8498457188049617,0.24565887725967914,0.7227009276467249,0.3660121130910506,0.6402024821539115,0.8814301764641319
xgboost,airport_aware,"{""model__colsample_bytree"": 0.8, ""model__learning_rate"": 0.03, ""model__max_depth"": 6, ""model__min_child_weight"": 5, ""model__n_estimators"": 300, ""model__reg_lambda"": 1.0, ""model__subsample"": 1.0, ""scale_pos_weight_mode"": ""none""}",0.45380676495709793,0.026473073244646237,0.8850151036240893,0.04323558499921093,0.15869196486937115,0.9464672589523161,0.6366022914997285,0.27437833101216885,0.3832690453839089,0.6776031375956352,0.9363108049261166
xgboost,airport_aware,"{""model__colsample_bytree"": 1.0, ""model__learning_rate"": 0.03, ""model__max_depth"": 6, ""model__min_child_weight"": 1, ""model__n_estimators"": 600, ""model__reg_lambda"": 1.0, ""model__subsample"": 0.8, ""scale_pos_weight_mode"": ""balanced""}",0.45374641008112604,0.024158319980608123,0.8848891908653899,0.10920955757136352,0.34196890203954766,0.8505961526819042,0.2466282651577631,0.7221971078337157,0.3669300228063691,0.6409022577270809,0.8819468151221045
xgboost,airport_aware,"{""model__colsample_bytree"": 1.0, ""model__learning_rate"": 0.08, ""model__max_depth"": 6, ""model__min_child_weight"": 1, ""model__n_estimators"": 300, ""model__reg_lambda"": 5.0, ""model__subsample"": 0.8, ""scale_pos_weight_mode"": ""balanced""}",0.45371965199002134,0.02467628913775056,0.884991046906439,0.10792852617274029,0.3383578205832453,0.8533704369984859,0.2491125621893595,0.7142448892680365,0.36875151986196625,0.6426907443669951,0.883683886903801
xgboost,airport_aware,"{""model__colsample_bytree"": 0.8, ""model__learning_rate"": 0.08, ""model__max_depth"": 6, ""model__min_child_weight"": 1, ""model__n_estimators"": 300, ""model__reg_lambda"": 5.0, ""model__subsample"": 0.8, ""scale_pos_weight_mode"": ""balanced""}",0.45362425153993585,0.02395707052887558,0.88497027153145,0.10845301881402843,0.33982335240003375,0.852045723964749,0.24792151724637246,0.7178648173764881,0.3679267013006085,0.6418516817931117,0.8828201738873229
xgboost,extended_geographic,"{""model__colsample_bytree"": 0.8, ""model__learning_rate"": 0.03, ""model__max_depth"": 6, ""model__min_child_weight"": 1, ""model__n_estimators"": 600, ""model__reg_lambda"": 1.0, ""model__subsample"": 0.8, ""scale_pos_weight_mode"": ""none""}",0.4535673664399198,0.02306102621210178,0.8859517047493553,0.04327713865951079,0.15763907831376447,0.946318917650425,0.6286001123356739,0.28635780933075045,0.39325734818838926,0.682544422020281,0.9367691961363237
xgboost,extended_geographic,"{""model__colsample_bytree"": 0.8, ""model__learning_rate"": 0.03, ""model__max_depth"": 6, ""model__min_child_weight"": 5, ""model__n_estimators"": 600, ""model__reg_lambda"": 1.0, ""model__subsample"": 0.8, ""scale_pos_weight_mode"": ""none""}",0.4534704154220385,0.02347156217271327,0.8860075670973796,0.043281634952453296,0.15774131572177885,0.9464303021222028,0.6300842924197387,0.2865585108820088,0.39368705150143257,0.6827892551082224,0.936890978515784
xgboost,airport_aware,"{""model__colsample_bytree"": 0.8, ""model__learning_rate"": 0.08, ""model__max_depth"": 6, ""model__min_child_weight"": 1, ""model__n_estimators"": 600, ""model__reg_lambda"": 1.0, ""model__subsample"": 0.8, ""scale_pos_weight_mode"": ""none""}",0.45330609593191007,0.02034804738175676,0.8842936125956333,0.04361370346438722,0.1583664042571287,0.945706895124594,0.6068788158139364,0.30340530054688813,0.40427586235680646,0.6878686311887394,0.9371520941651973
xgboost,extended_geographic,"{""model__colsample_bytree"": 0.8, ""model__learning_rate"": 0.03, ""model__max_depth"": 6, ""model__min_child_weight"": 1, ""model__n_estimators"": 600, ""model__reg_lambda"": 5.0, ""model__subsample"": 1.0, ""scale_pos_weight_mode"": ""none""}",0.45318931834955756,0.02414827871130152,0.885292249459888,0.04327836619383905,0.15795963475807712,0.9464921835469393,0.6334947849439136,0.28054876105008736,0.3886221505493845,0.6802789787319673,0.9366734989942265
xgboost,airport_aware,"{""model__colsample_bytree"": 0.8, ""model__learning_rate"": 0.03, ""model__max_depth"": 6, ""model__min_child_weight"": 5, ""model__n_estimators"": 600, ""model__reg_lambda"": 5.0, ""model__subsample"": 1.0, ""scale_pos_weight_mode"": ""balanced""}",0.453177186638014,0.0260746328539118,0.8850165625986619,0.11180911846318764,0.3492176298677133,0.8482227348314314,0.24397172105542414,0.7259863605504784,0.3645936706308769,0.6389736861487647,0.8803642274447931
xgboost,airport_aware,"{""model__colsample_bytree"": 0.8, ""model__learning_rate"": 0.08, ""model__max_depth"": 6, ""model__min_child_weight"": 1, ""model__n_estimators"": 300, ""model__reg_lambda"": 5.0, ""model__subsample"": 1.0, ""scale_pos_weight_mode"": ""balanced""}",0.4531430457488498,0.024316003567742942,0.8843484829111683,0.10971001117554932,0.3433772807351107,0.8516362447207555,0.24716443264199195,0.7168211038773085,0.36705956854437455,0.641286501114984,0.8825114273531895
xgboost,airport_aware,"{""model__colsample_bytree"": 1.0, ""model__learning_rate"": 0.08, ""model__max_depth"": 6, ""model__min_child_weight"": 5, ""model__n_estimators"": 300, ""model__reg_lambda"": 1.0, ""model__subsample"": 1.0, ""scale_pos_weight_mode"": ""none""}",0.4531332822677837,0.023247765488741513,0.8848395991597208,0.04334571165541593,0.15828088814473057,0.9463579290857927,0.6257310071402012,0.2909535560970667,0.39700169282901265,0.6844219974938597,0.9370597990285825
xgboost,airport_aware,"{""model__colsample_bytree"": 1.0, ""model__learning_rate"": 0.08, ""model__max_depth"": 6, ""model__min_child_weight"": 5, ""model__n_estimators"": 300, ""model__reg_lambda"": 5.0, ""model__subsample"": 1.0, ""scale_pos_weight_mode"": ""balanced""}",0.45312600258233815,0.025155520470272877,0.8844560565889493,0.11050853977600397,0.3455544478847604,0.8501395012719047,0.24570262692655026,0.720603117758605,0.36583394076399733,0.6402042887944097,0.8815963444929966
xgboost,airport_aware,"{""model__colsample_bytree"": 0.8, ""model__learning_rate"": 0.08, ""model__max_depth"": 3, ""model__min_child_weight"": 1, ""model__n_estimators"": 600, ""model__reg_lambda"": 5.0, ""model__subsample"": 0.8, ""scale_pos_weight_mode"": ""none""}",0.45312352445777204,0.02558854345855214,0.8840462758998002,0.04332252525216078,0.15841598675012403,0.9461994506961613,0.6269624744842174,0.2807643209841607,0.38758902812020224,0.6796817166723377,0.9364712150463413
xgboost,extended_geographic,"{""model__colsample_bytree"": 0.8, ""model__learning_rate"": 0.03, ""model__max_depth"": 6, ""model__min_child_weight"": 5, ""model__n_estimators"": 600, ""model__reg_lambda"": 5.0, ""model__subsample"": 0.8, ""scale_pos_weight_mode"": ""balanced""}",0.4531172865440147,0.023212705376920127,0.8852966016845316,0.10778815061035356,0.33844052537263775,0.8536200452585593,0.25033674081276935,0.7171555954875993,0.3705126681200185,0.643617852486389,0.8838633509409792
xgboost,airport_aware,"{""model__colsample_bytree"": 1.0, ""model__learning_rate"": 0.08, ""model__max_depth"": 6, ""model__min_child_weight"": 5, ""model__n_estimators"": 300, ""model__reg_lambda"": 5.0, ""model__subsample"": 0.8, ""scale_pos_weight_mode"": ""balanced""}",0.45311021439242066,0.02387640714892456,0.8851946816163542,0.10873766480335378,0.34066004872506295,0.8520898292981711,0.24795057974160456,0.717745468957879,0.3679833187896631,0.6418908491207883,0.8828471577202726
xgboost,airport_aware,"{""model__colsample_bytree"": 0.8, ""model__learning_rate"": 0.08, ""model__max_depth"": 6, ""model__min_child_weight"": 5, ""model__n_estimators"": 300, ""model__reg_lambda"": 5.0, ""model__subsample"": 1.0, ""scale_pos_weight_mode"": ""balanced""}",0.45306444745446106,0.024894291356551367,0.8847227243817699,0.11029788937060432,0.34512496312387403,0.8497425266256666,0.24533979973644432,0.7219213831539391,0.36561194612956793,0.6399701548010663,0.8813316538830737
xgboost,extended_geographic,"{""model__colsample_bytree"": 1.0, ""model__learning_rate"": 0.03, ""model__max_depth"": 6, ""model__min_child_weight"": 5, ""model__n_estimators"": 600, ""model__reg_lambda"": 1.0, ""model__subsample"": 0.8, ""scale_pos_weight_mode"": ""none""}",0.4530510926116717,0.022467294557785962,0.8857810173277766,0.04332264915188406,0.1578312512575803,0.9461846065280684,0.6248110450467143,0.2874957392005241,0.39350826785130394,0.6826328171558186,0.9367246650836343
xgboost,airport_aware,"{""model__colsample_bytree"": 1.0, ""model__learning_rate"": 0.03, ""model__max_depth"": 6, ""model__min_child_weight"": 1, ""model__n_estimators"": 300, ""model__reg_lambda"": 1.0, ""model__subsample"": 1.0, ""scale_pos_weight_mode"": ""none""}",0.4529959113197606,0.02745631152568549,0.8843765422963197,0.043327846999560375,0.15888934593112128,0.9463320207874537,0.6318618948702287,0.2759730675142395,0.3839529933077121,0.6779071411115272,0.9362905365308991
xgboost,airport_aware,"{""model__colsample_bytree"": 0.8, ""model__learning_rate"": 0.08, ""model__max_depth"": 6, ""model__min_child_weight"": 5, ""model__n_estimators"": 600, ""model__reg_lambda"": 5.0, ""model__subsample"": 0.8, ""scale_pos_weight_mode"": ""balanced""}",0.45298131224572735,0.02048478173925798,0.883664084289871,0.10551114035923999,0.3310077034118415,0.8545824091606115,0.25099647970442385,0.7143840530542089,0.3707462201106454,0.6440648700497397,0.8844940565214239
xgboost,airport_aware,"{""model__colsample_bytree"": 1.0, ""model__learning_rate"": 0.08, ""model__max_depth"": 3, ""model__min_child_weight"": 5, ""model__n_estimators"": 600, ""model__reg_lambda"": 5.0, ""model__subsample"": 0.8, ""scale_pos_weight_mode"": ""none""}",0.4529119345340405,0.02426169399275595,0.8842478680733867,0.04336976699742696,0.15848860290651462,0.9461615677937111,0.6259916307539871,0.2800198800320849,0.38667256060884453,0.6792141242016216,0.9364100209320263
xgboost,airport_aware,"{""model__colsample_bytree"": 0.8, ""model__learning_rate"": 0.08, ""model__max_depth"": 3, ""model__min_child_weight"": 5, ""model__n_estimators"": 600, ""model__reg_lambda"": 1.0, ""model__subsample"": 0.8, ""scale_pos_weight_mode"": ""none""}",0.452760496909285,0.025748385052371217,0.8836789597482643,0.043356884260791415,0.1585188754413034,0.9461530705272627,0.6253665481748116,0.28104455451529375,0.38750658473769556,0.6796276467347298,0.9364560273337214
xgboost,airport_aware,"{""model__colsample_bytree"": 0.8, ""model__learning_rate"": 0.08, ""model__max_depth"": 6, ""model__min_child_weight"": 1, ""model__n_estimators"": 600, ""model__reg_lambda"": 1.0, ""model__subsample"": 1.0, ""scale_pos_weight_mode"": ""none""}",0.4527334107365416,0.021321259197535896,0.8840353801025953,0.043543606255764825,0.1584770457269988,0.9458315817856698,0.6123252277625899,0.29662999500880927,0.39952555832804026,0.6855348864243868,0.9369232942036024
xgboost,airport_aware,"{""model__colsample_bytree"": 0.8, ""model__learning_rate"": 0.08, ""model__max_depth"": 6, ""model__min_child_weight"": 1, ""model__n_estimators"": 600, ""model__reg_lambda"": 5.0, ""model__subsample"": 0.8, ""scale_pos_weight_mode"": ""balanced""}",0.45273307308237454,0.02211337438243265,0.8836108536747422,0.1041404801044061,0.32719484920577585,0.8579654005133488,0.2544728209495547,0.7067112964871909,0.37321697567284373,0.6463939193700095,0.8866908372364583
xgboost,extended_geographic,"{""model__colsample_bytree"": 1.0, ""model__learning_rate"": 0.03, ""model__max_depth"": 6, ""model__min_child_weight"": 1, ""model__n_estimators"": 600, ""model__reg_lambda"": 5.0, ""model__subsample"": 0.8, ""scale_pos_weight_mode"": ""balanced""}",0.45272735555490345,0.022320065465832463,0.8847463650895214,0.1072544066459233,0.33674652864429916,0.8538354807672673,0.2500318557134899,0.7133692277852871,0.3695725864565291,0.6432325700665718,0.8839674676104405
xgboost,airport_aware,"{""model__colsample_bytree"": 1.0, ""model__learning_rate"": 0.08, ""model__max_depth"": 6, ""model__min_child_weight"": 1, ""model__n_estimators"": 300, ""model__reg_lambda"": 1.0, ""model__subsample"": 1.0, ""scale_pos_weight_mode"": ""none""}",0.4526857193816157,0.025004856297637282,0.8844073007935869,0.04340372108615409,0.15842172451546452,0.9462982699896406,0.6238262511695647,0.2899006646743601,0.3956850660841606,0.6837488205771166,0.9369732227751204
xgboost,airport_aware,"{""model__colsample_bytree"": 1.0, ""model__learning_rate"": 0.03, ""model__max_depth"": 6, ""model__min_child_weight"": 5, ""model__n_estimators"": 300, ""model__reg_lambda"": 5.0, ""model__subsample"": 1.0, ""scale_pos_weight_mode"": ""none""}",0.45266797266466485,0.02804880434323359,0.8846551117855208,0.04332465734631021,0.15901043329279801,0.9462658353577137,0.6299821598816039,0.2761383696129899,0.38377784105191637,0.6778026757118286,0.9362425758837013
xgboost,airport_aware,"{""model__colsample_bytree"": 1.0, ""model__learning_rate"": 0.08, ""model__max_depth"": 6, ""model__min_child_weight"": 5, ""model__n_estimators"": 300, ""model__reg_lambda"": 1.0, ""model__subsample"": 0.8, ""scale_pos_weight_mode"": ""balanced""}",0.45264580696429,0.023760760138087728,0.8844554601008511,0.10846405886777563,0.3397318651414949,0.8517972943744507,0.24742295768441477,0.7172825165403568,0.3672166689592029,0.6414303419468814,0.8826823195539379
xgboost,airport_aware,"{""model__colsample_bytree"": 1.0, ""model__learning_rate"": 0.03, ""model__max_depth"": 6, ""model__min_child_weight"": 1, ""model__n_estimators"": 300, ""model__reg_lambda"": 5.0, ""model__subsample"": 1.0, ""scale_pos_weight_mode"": ""none""}",0.4526053001633997,0.027062565063327125,0.884493157718914,0.043318822515902536,0.15893983238966491,0.9463687376390653,0.6322529150139711,0.27645132925671534,0.38454952238317236,0.6782154900123594,0.9363452873920008
xgboost,extended_geographic,"{""model__colsample_bytree"": 0.8, ""model__learning_rate"": 0.03, ""model__max_depth"": 6, ""model__min_child_weight"": 1, ""model__n_estimators"": 600, ""model__reg_lambda"": 5.0, ""model__subsample"": 0.8, ""scale_pos_weight_mode"": ""balanced""}",0.4525555535586137,0.022835930635338886,0.8850742778366916,0.10735987848244428,0.33714437335299446,0.8543355206739791,0.25041705662670743,0.7114364849110271,0.36978554133005137,0.6434950327230918,0.8842624146328179
xgboost,extended_geographic,"{""model__colsample_bytree"": 1.0, ""model__learning_rate"": 0.03, ""model__max_depth"": 6, ""model__min_child_weight"": 1, ""model__n_estimators"": 600, ""model__reg_lambda"": 1.0, ""model__subsample"": 0.8, ""scale_pos_weight_mode"": ""none""}",0.4525319338313668,0.022740908703574106,0.8854044236644676,0.0433437191399758,0.1578263860825165,0.9460650122032963,0.6220132006185508,0.2864920551575409,0.3920473313073325,0.6818703061866905,0.9366006717027571
xgboost,airport_aware,"{""model__colsample_bytree"": 1.0, ""model__learning_rate"": 0.08, ""model__max_depth"": 6, ""model__min_child_weight"": 1, ""model__n_estimators"": 300, ""model__reg_lambda"": 5.0, ""model__subsample"": 1.0, ""scale_pos_weight_mode"": ""balanced""}",0.4523989904482185,0.024914578008145984,0.8838716439473944,0.1099386368598519,0.34377288192759625,0.8498631345201032,0.2444199692865477,0.715025775023978,0.36369238989035557,0.639064521012786,0.8813160330863969
xgboost,extended_geographic,"{""model__colsample_bytree"": 1.0, ""model__learning_rate"": 0.03, ""model__max_depth"": 6, ""model__min_child_weight"": 5, ""model__n_estimators"": 600, ""model__reg_lambda"": 1.0, ""model__subsample"": 0.8, ""scale_pos_weight_mode"": ""balanced""}",0.4523794024148634,0.02232526257322189,0.8843602130251778,0.10685027783303898,0.3357814700025895,0.8547718029689119,0.25092044245727085,0.7109281171226578,0.3702674765575578,0.64387155245813,0.8845581077192332
xgboost,extended_geographic,"{""model__colsample_bytree"": 1.0, ""model__learning_rate"": 0.03, ""model__max_depth"": 6, ""model__min_child_weight"": 5, ""model__n_estimators"": 600, ""model__reg_lambda"": 5.0, ""model__subsample"": 0.8, ""scale_pos_weight_mode"": ""balanced""}",0.45234907583823664,0.022572987611689164,0.8849655287113067,0.1077723307396744,0.3381945645288412,0.8532301891249556,0.24963765696992274,0.7162634643624074,0.36952196469439624,0.6430109022464459,0.8836033148405809
xgboost,airport_aware,"{""model__colsample_bytree"": 1.0, ""model__learning_rate"": 0.08, ""model__max_depth"": 6, ""model__min_child_weight"": 5, ""model__n_estimators"": 600, ""model__reg_lambda"": 1.0, ""model__subsample"": 0.8, ""scale_pos_weight_mode"": ""none""}",0.4523253914159917,0.020827442893448633,0.8849404034284379,0.043646241815128495,0.15847181964192283,0.9458616334211409,0.6086600913139891,0.30568743971468854,0.4067992565751862,0.6891714003400083,0.9373678915021303
xgboost,extended_geographic,"{""model__colsample_bytree"": 0.8, ""model__learning_rate"": 0.08, ""model__max_depth"": 6, ""model__min_child_weight"": 5, ""model__n_estimators"": 300, ""model__reg_lambda"": 5.0, ""model__subsample"": 0.8, ""scale_pos_weight_mode"": ""none""}",0.45231110941889235,0.023019187352343068,0.8857184354361918,0.04336877347024073,0.15784098377411168,0.9461782854646292,0.6212265263856394,0.29128984963806737,0.3964313444697415,0.6840878907738133,0.9369422781483105
xgboost,airport_aware,"{""model__colsample_bytree"": 0.8, ""model__learning_rate"": 0.03, ""model__max_depth"": 6, ""model__min_child_weight"": 5, ""model__n_estimators"": 600, ""model__reg_lambda"": 1.0, ""model__subsample"": 1.0, ""scale_pos_weight_mode"": ""balanced""}",0.45228893997491326,0.02555211804943894,0.8847144335619056,0.11120676401269902,0.34757684042920556,0.8480875358341937,0.24341331289926726,0.723945767785075,0.36366422963514805,0.6384784260804484,0.880255153699134
xgboost,airport_aware,"{""model__colsample_bytree"": 0.8, ""model__learning_rate"": 0.08, ""model__max_depth"": 3, ""model__min_child_weight"": 1, ""model__n_estimators"": 600, ""model__reg_lambda"": 1.0, ""model__subsample"": 0.8, ""scale_pos_weight_mode"": ""none""}",0.45224936824813344,0.026393265020140295,0.8835606296968826,0.04337476596841176,0.15859853972080726,0.9462515977334476,0.6275510877719286,0.28076734482005766,0.3876555403086101,0.679729677639153,0.9365172369849237
xgboost,airport_aware,"{""model__colsample_bytree"": 1.0, ""model__learning_rate"": 0.08, ""model__max_depth"": 3, ""model__min_child_weight"": 5, ""model__n_estimators"": 600, ""model__reg_lambda"": 1.0, ""model__subsample"": 0.8, ""scale_pos_weight_mode"": ""none""}",0.4522097391208906,0.024567098972805363,0.8837631133499251,0.04337769103352615,0.1585723195595028,0.9463027801196985,0.6278939551894286,0.2808790262710571,0.38790901001060124,0.6798701475243505,0.9365718279246662
xgboost,airport_aware,"{""model__colsample_bytree"": 1.0, ""model__learning_rate"": 0.08, ""model__max_depth"": 3, ""model__min_child_weight"": 1, ""model__n_estimators"": 600, ""model__reg_lambda"": 5.0, ""model__subsample"": 0.8, ""scale_pos_weight_mode"": ""none""}",0.45212745771884827,0.02516737340081508,0.8841198071528021,0.04337015754452232,0.15851912601108945,0.9462783025894155,0.6291141091588923,0.27951330998613455,0.38676770974551616,0.679293736459555,0.9364763663359517
xgboost,airport_aware,"{""model__colsample_bytree"": 0.8, ""model__learning_rate"": 0.03, ""model__max_depth"": 6, ""model__min_child_weight"": 1, ""model__n_estimators"": 600, ""model__reg_lambda"": 5.0, ""model__subsample"": 1.0, ""scale_pos_weight_mode"": ""balanced""}",0.4521157133650435,0.024631025974912336,0.8847391945754991,0.11127045973195746,0.3477782293726595,0.8491308170624426,0.2448621300175732,0.724120200275706,0.3653625016952994,0.639647338602929,0.8809464948659167
xgboost,airport_aware,"{""model__colsample_bytree"": 0.8, ""model__learning_rate"": 0.03, ""model__max_depth"": 6, ""model__min_child_weight"": 1, ""model__n_estimators"": 300, ""model__reg_lambda"": 5.0, ""model__subsample"": 0.8, ""scale_pos_weight_mode"": ""balanced""}",0.45209448142987235,0.02853132294703892,0.8849949370364362,0.11312535795705445,0.3532739470522772,0.8453590638067766,0.24021449595606997,0.7277177956164713,0.3604155650965798,0.6360139298255876,0.8784864226423836
xgboost,extended_geographic,"{""model__colsample_bytree"": 0.8, ""model__learning_rate"": 0.03, ""model__max_depth"": 6, ""model__min_child_weight"": 5, ""model__n_estimators"": 600, ""model__reg_lambda"": 1.0, ""model__subsample"": 0.8, ""scale_pos_weight_mode"": ""balanced""}",0.45204637440559825,0.022991654539346908,0.8848764305768274,0.10701068670101303,0.3363830809658887,0.8547093678844151,0.25113936784277213,0.7128183659868613,0.37077351090366645,0.6441031271887472,0.884541564693967
xgboost,airport_aware,"{""model__colsample_bytree"": 1.0, ""model__learning_rate"": 0.03, ""model__max_depth"": 6, ""model__min_child_weight"": 5, ""model__n_estimators"": 600, ""model__reg_lambda"": 5.0, ""model__subsample"": 1.0, ""scale_pos_weight_mode"": ""balanced""}",0.4520190338420075,0.026487242878441335,0.8843724809044641,0.11198196235575167,0.34960048160468105,0.8482585602901731,0.2435044545284299,0.723084011124407,0.36370743924596055,0.6385504974801122,0.880374735254837
xgboost,airport_aware,"{""model__colsample_bytree"": 1.0, ""model__learning_rate"": 0.08, ""model__max_depth"": 6, ""model__min_child_weight"": 1, ""model__n_estimators"": 300, ""model__reg_lambda"": 1.0, ""model__subsample"": 0.8, ""scale_pos_weight_mode"": ""balanced""}",0.45201345608134336,0.023790821102673602,0.8843493910776891,0.10716603159616944,0.3362655409888107,0.8549395365780607,0.2508643087857119,0.7109385871505665,0.37021844500447776,0.6439162782720722,0.8846728167519873
xgboost,airport_aware,"{""model__colsample_bytree"": 0.8, ""model__learning_rate"": 0.08, ""model__max_depth"": 6, ""model__min_child_weight"": 5, ""model__n_estimators"": 300, ""model__reg_lambda"": 1.0, ""model__subsample"": 0.8, ""scale_pos_weight_mode"": ""balanced""}",0.45198305155602414,0.022948748290571263,0.8845723890212198,0.10863042362957262,0.34021390869469265,0.8514350854526647,0.24741712665265067,0.7196291858253874,0.36759825076671915,0.6414923617965348,0.8824369205983661
xgboost,extended_geographic,"{""model__colsample_bytree"": 0.8, ""model__learning_rate"": 0.03, ""model__max_depth"": 6, ""model__min_child_weight"": 1, ""model__n_estimators"": 300, ""model__reg_lambda"": 1.0, ""model__subsample"": 0.8, ""scale_pos_weight_mode"": ""none""}",0.45197192868873454,0.02560416846863141,0.8854241092001353,0.04325580736469008,0.1582118295922271,0.9463576641750041,0.6362589261392625,0.27162718811103054,0.3804961472160749,0.6761893475394863,0.9360904753275765
xgboost,extended_geographic,"{""model__colsample_bytree"": 0.8, ""model__learning_rate"": 0.03, ""model__max_depth"": 6, ""model__min_child_weight"": 5, ""model__n_estimators"": 600, ""model__reg_lambda"": 5.0, ""model__subsample"": 1.0, ""scale_pos_weight_mode"": ""none""}",0.45197111910041243,0.023237359709084346,0.8854376649043099,0.04331192827465767,0.15809429186898316,0.9462367170961249,0.6294211571669854,0.2782924601193389,0.3856905707758301,0.6787477712139274,0.936338486503313
xgboost,extended_geographic,"{""model__colsample_bytree"": 0.8, ""model__learning_rate"": 0.03, ""model__max_depth"": 6, ""model__min_child_weight"": 1, ""model__n_estimators"": 300, ""model__reg_lambda"": 5.0, ""model__subsample"": 0.8, ""scale_pos_weight_mode"": ""none""}",0.4519436064377123,0.02644900061114128,0.8852740231775457,0.043267528237861765,0.15835217430535775,0.9463249619266279,0.6351395647260831,0.2703882436950038,0.3791428245658809,0.675505671196553,0.9360091917903578
xgboost,airport_aware,"{""model__colsample_bytree"": 0.8, ""model__learning_rate"": 0.08, ""model__max_depth"": 6, ""model__min_child_weight"": 5, ""model__n_estimators"": 600, ""model__reg_lambda"": 5.0, ""model__subsample"": 1.0, ""scale_pos_weight_mode"": ""balanced""}",0.45192670897714127,0.02290301000112801,0.8834145321779013,0.10698679252002656,0.33569482762266467,0.8541287182601657,0.25028787151040227,0.7139237103468772,0.370033228617719,0.6435571830606026,0.8841402935365658
xgboost,extended_geographic,"{""model__colsample_bytree"": 0.8, ""model__learning_rate"": 0.08, ""model__max_depth"": 6, ""model__min_child_weight"": 5, ""model__n_estimators"": 300, ""model__reg_lambda"": 5.0, ""model__subsample"": 1.0, ""scale_pos_weight_mode"": ""none""}",0.45190695660716707,0.02303331556401912,0.8855720706199766,0.043355290453207976,0.15794442252253188,0.9462234024266667,0.6255735905968404,0.2844351986835588,0.3907919480899208,0.6812880171096773,0.9366396871829534
xgboost,extended_geographic,"{""model__colsample_bytree"": 1.0, ""model__learning_rate"": 0.08, ""model__max_depth"": 6, ""model__min_child_weight"": 1, ""model__n_estimators"": 300, ""model__reg_lambda"": 5.0, ""model__subsample"": 0.8, ""scale_pos_weight_mode"": ""none""}",0.4518735719235517,0.023560787616041114,0.8853863518598653,0.043419675832084004,0.15790950148130367,0.9460982059210986,0.6188160779502148,0.2934094928671692,0.3978417071080191,0.6847679923044628,0.9369865294013511
xgboost,extended_geographic,"{""model__colsample_bytree"": 0.8, ""model__learning_rate"": 0.08, ""model__max_depth"": 6, ""model__min_child_weight"": 1, ""model__n_estimators"": 300, ""model__reg_lambda"": 5.0, ""model__subsample"": 1.0, ""scale_pos_weight_mode"": ""none""}",0.4518216298526111,0.022507969206275066,0.88505720990439,0.043368978237915766,0.15800240759742318,0.9464704257251423,0.6287526398750707,0.2875269963892587,0.3943975276815347,0.6831538024298647,0.9370093416907856
xgboost,airport_aware,"{""model__colsample_bytree"": 1.0, ""model__learning_rate"": 0.08, ""model__max_depth"": 6, ""model__min_child_weight"": 5, ""model__n_estimators"": 600, ""model__reg_lambda"": 5.0, ""model__subsample"": 1.0, ""scale_pos_weight_mode"": ""balanced""}",0.4518126193874677,0.02258635139931709,0.8828306367260408,0.10688896916583637,0.33539684157108746,0.8542076558253514,0.2495706508845143,0.7095223854190371,0.3686204616363613,0.6428940017491291,0.8841671239358393
xgboost,airport_aware,"{""model__colsample_bytree"": 1.0, ""model__learning_rate"": 0.03, ""model__max_depth"": 6, ""model__min_child_weight"": 5, ""model__n_estimators"": 300, ""model__reg_lambda"": 1.0, ""model__subsample"": 1.0, ""scale_pos_weight_mode"": ""none""}",0.45178379416515213,0.02679988708408075,0.8844150598175855,0.04332608495964231,0.15895497470639972,0.9463801612692648,0.6351243639512513,0.27539779079480803,0.3839210424128692,0.6779057648259845,0.936251499751339
xgboost,airport_aware,"{""model__colsample_bytree"": 1.0, ""model__learning_rate"": 0.08, ""model__max_depth"": 6, ""model__min_child_weight"": 1, ""model__n_estimators"": 600, ""model__reg_lambda"": 1.0, ""model__subsample"": 0.8, ""scale_pos_weight_mode"": ""none""}",0.4517610018196064,0.02126995356695039,0.883964913128786,0.043679029719390645,0.1586069472145884,0.9458082556246126,0.6072255366583644,0.30735043716315935,0.4079219412727392,0.6897177068883954,0.937382872953153
xgboost,airport_aware,"{""model__colsample_bytree"": 1.0, ""model__learning_rate"": 0.08, ""model__max_depth"": 6, ""model__min_child_weight"": 1, ""model__n_estimators"": 600, ""model__reg_lambda"": 5.0, ""model__subsample"": 0.8, ""scale_pos_weight_mode"": ""balanced""}",0.45175593666868785,0.023208976636963946,0.8832419427777337,0.1033388428110417,0.3250819982565339,0.8582606761000319,0.25485318927003914,0.7048764016604421,0.3736194968957738,0.646660162803948,0.8868481572195682
xgboost,extended_geographic,"{""model__colsample_bytree"": 0.8, ""model__learning_rate"": 0.03, ""model__max_depth"": 6, ""model__min_child_weight"": 1, ""model__n_estimators"": 600, ""model__reg_lambda"": 1.0, ""model__subsample"": 0.8, ""scale_pos_weight_mode"": ""balanced""}",0.4517291690795058,0.022316590599966293,0.8841483437057709,0.10630993462833505,0.3343830385688449,0.8553558502500896,0.2515809341514145,0.7099057885403695,0.3708173373118705,0.644336945367152,0.8849408410009707
xgboost,airport_aware,"{""model__colsample_bytree"": 0.8, ""model__learning_rate"": 0.03, ""model__max_depth"": 6, ""model__min_child_weight"": 5, ""model__n_estimators"": 300, ""model__reg_lambda"": 5.0, ""model__subsample"": 0.8, ""scale_pos_weight_mode"": ""balanced""}",0.45168133678338007,0.028119137648160247,0.8852481886704533,0.11338361033874866,0.35404497963173426,0.8449824931455077,0.23982311836780842,0.7283968083535085,0.36005898830269756,0.6357164210221011,0.8782484073421738
xgboost,extended_geographic,"{""model__colsample_bytree"": 1.0, ""model__learning_rate"": 0.03, ""model__max_depth"": 6, ""model__min_child_weight"": 1, ""model__n_estimators"": 600, ""model__reg_lambda"": 1.0, ""model__subsample"": 0.8, ""scale_pos_weight_mode"": ""balanced""}",0.4516618441561274,0.021672933310799534,0.8840104924128189,0.10629224827841537,0.3341461225366183,0.8552260848321875,0.25126872889084745,0.7089722797419257,0.3702853922472323,0.6440361663956256,0.8848331222264256
xgboost,airport_aware,"{""model__colsample_bytree"": 0.8, ""model__learning_rate"": 0.08, ""model__max_depth"": 6, ""model__min_child_weight"": 5, ""model__n_estimators"": 300, ""model__reg_lambda"": 1.0, ""model__subsample"": 1.0, ""scale_pos_weight_mode"": ""balanced""}",0.4516422462006373,0.02419384410377115,0.8839618849343402,0.10946586156531175,0.34281736592319817,0.852156502953836,0.24811961167078297,0.7179849480858993,0.3682696738886799,0.6420472628254638,0.8828925117738159
xgboost,extended_geographic,"{""model__colsample_bytree"": 0.8, ""model__learning_rate"": 0.03, ""model__max_depth"": 6, ""model__min_child_weight"": 1, ""model__n_estimators"": 300, ""model__reg_lambda"": 5.0, ""model__subsample"": 1.0, ""scale_pos_weight_mode"": ""none""}",0.4515759525972617,0.026237093297431985,0.8845156278874713,0.04331017802432244,0.1587061183411827,0.9463507624249704,0.6384504744530416,0.2670125568148154,0.37637331708817257,0.6741301994188111,0.9358627865339253
xgboost,extended_geographic,"{""model__colsample_bytree"": 1.0, ""model__learning_rate"": 0.03, ""model__max_depth"": 6, ""model__min_child_weight"": 1, ""model__n_estimators"": 300, ""model__reg_lambda"": 5.0, ""model__subsample"": 0.8, ""scale_pos_weight_mode"": ""none""}",0.45155791023391983,0.025912941882890707,0.8850192753890346,0.043298736843111155,0.1584274576725056,0.9462175886274528,0.6310380199344486,0.2725063996010747,0.3804590519406797,0.6761320952201422,0.9360535951390199
xgboost,extended_geographic,"{""model__colsample_bytree"": 1.0, ""model__learning_rate"": 0.03, ""model__max_depth"": 6, ""model__min_child_weight"": 1, ""model__n_estimators"": 300, ""model__reg_lambda"": 1.0, ""model__subsample"": 0.8, ""scale_pos_weight_mode"": ""none""}",0.4515475350809304,0.025692965632583022,0.8850146836796002,0.04329559585915166,0.15832105833297663,0.9462525979564491,0.6317671485886733,0.27351528597122476,0.3815217361031521,0.6766722937967419,0.93611439548575
xgboost,airport_aware,"{""model__colsample_bytree"": 0.8, ""model__learning_rate"": 0.08, ""model__max_depth"": 6, ""model__min_child_weight"": 1, ""model__n_estimators"": 600, ""model__reg_lambda"": 5.0, ""model__subsample"": 1.0, ""scale_pos_weight_mode"": ""balanced""}",0.4515385554264279,0.022383711700869273,0.8825097685837393,0.10603813327808273,0.332902991084085,0.856136103705715,0.2521465348933041,0.7078814488425074,0.37124507680185115,0.6448004292218785,0.8854114432339537
xgboost,extended_geographic,"{""model__colsample_bytree"": 0.8, ""model__learning_rate"": 0.03, ""model__max_depth"": 6, ""model__min_child_weight"": 1, ""model__n_estimators"": 600, ""model__reg_lambda"": 1.0, ""model__subsample"": 1.0, ""scale_pos_weight_mode"": ""none""}",0.45152922469021295,0.023317500927992892,0.8850932361982184,0.04335896315432878,0.15808685999391472,0.9462818708128135,0.6301051721495641,0.2787823554183511,0.3863537873826379,0.6790889030048147,0.9364184463881087
xgboost,extended_geographic,"{""model__colsample_bytree"": 1.0, ""model__learning_rate"": 0.03, ""model__max_depth"": 6, ""model__min_child_weight"": 5, ""model__n_estimators"": 300, ""model__reg_lambda"": 1.0, ""model__subsample"": 0.8, ""scale_pos_weight_mode"": ""none""}",0.45149669217058097,0.025479917801465635,0.8851746838206586,0.043288320220843744,0.15836454549475046,0.9463824338266923,0.6351700568815051,0.27331550059520976,0.38190503401373943,0.6768998072775122,0.9362009004740193
xgboost,airport_aware,"{""model__colsample_bytree"": 1.0, ""model__learning_rate"": 0.03, ""model__max_depth"": 6, ""model__min_child_weight"": 5, ""model__n_estimators"": 300, ""model__reg_lambda"": 5.0, ""model__subsample"": 0.8, ""scale_pos_weight_mode"": ""balanced""}",0.4514756953899914,0.028955804148443908,0.8852194714500665,0.11324605359379622,0.35370837582285997,0.8456117860282942,0.24019710397239016,0.7253624166663674,0.3600801977789062,0.6359311412907757,0.8786587569230742
xgboost,extended_geographic,"{""model__colsample_bytree"": 1.0, ""model__learning_rate"": 0.03, ""model__max_depth"": 6, ""model__min_child_weight"": 1, ""model__n_estimators"": 600, ""model__reg_lambda"": 5.0, ""model__subsample"": 1.0, ""scale_pos_weight_mode"": ""none""}",0.45146693182806796,0.023382932217030635,0.8850760533886776,0.043363194754302184,0.15815030141624253,0.946188016423581,0.627370143498932,0.27939350828675424,0.3863849789922398,0.6790798003046133,0.9363652750886992
xgboost,airport_aware,"{""model__colsample_bytree"": 1.0, ""model__learning_rate"": 0.03, ""model__max_depth"": 6, ""model__min_child_weight"": 5, ""model__n_estimators"": 600, ""model__reg_lambda"": 1.0, ""model__subsample"": 1.0, ""scale_pos_weight_mode"": ""balanced""}",0.4514455555975686,0.025908499584401744,0.8840605842173634,0.11126262154700406,0.34762385837891424,0.8491189822450581,0.24446080745073123,0.7217519247849783,0.3645959917549004,0.6392685609485024,0.8809326770191148
xgboost,extended_geographic,"{""model__colsample_bytree"": 0.8, ""model__learning_rate"": 0.03, ""model__max_depth"": 6, ""model__min_child_weight"": 5, ""model__n_estimators"": 600, ""model__reg_lambda"": 5.0, ""model__subsample"": 1.0, ""scale_pos_weight_mode"": ""balanced""}",0.4514430557536035,0.023727597139002604,0.8844712805607988,0.10951580497869337,0.34324693903231085,0.8522065087829047,0.24865160442756676,0.7195215547671244,0.36898694995323555,0.6424111942371271,0.8829484737166047
xgboost,extended_geographic,"{""model__colsample_bytree"": 1.0, ""model__learning_rate"": 0.08, ""model__max_depth"": 6, ""model__min_child_weight"": 5, ""model__n_estimators"": 300, ""model__reg_lambda"": 1.0, ""model__subsample"": 0.8, ""scale_pos_weight_mode"": ""none""}",0.45136528320158414,0.02250005389479321,0.885328466981068,0.04346516165992721,0.15801149662178943,0.9460964960782541,0.6195838588595923,0.29278644458773195,0.3973805438574811,0.684538623883076,0.9369376841392427
xgboost,extended_geographic,"{""model__colsample_bytree"": 0.8, ""model__learning_rate"": 0.03, ""model__max_depth"": 6, ""model__min_child_weight"": 5, ""model__n_estimators"": 600, ""model__reg_lambda"": 1.0, ""model__subsample"": 1.0, ""scale_pos_weight_mode"": ""none""}",0.45131694356492513,0.022678499922975506,0.8853560607235522,0.04338513098862855,0.15818495141186983,0.946173529539931,0.6267257721681713,0.2795835116846909,0.3864505619423544,0.679108453669545,0.9363724544859882
xgboost,extended_geographic,"{""model__colsample_bytree"": 1.0, ""model__learning_rate"": 0.03, ""model__max_depth"": 6, ""model__min_child_weight"": 5, ""model__n_estimators"": 300, ""model__reg_lambda"": 5.0, ""model__subsample"": 0.8, ""scale_pos_weight_mode"": ""none""}",0.4512696337851825,0.026089596726712825,0.8850951838591448,0.0433057330587379,0.15849991875886973,0.9462623083115782,0.6321836892785393,0.2727945139832867,0.380864261159967,0.6763467776946978,0.9360979838907554
xgboost,extended_geographic,"{""model__colsample_bytree"": 1.0, ""model__learning_rate"": 0.08, ""model__max_depth"": 6, ""model__min_child_weight"": 5, ""model__n_estimators"": 300, ""model__reg_lambda"": 5.0, ""model__subsample"": 1.0, ""scale_pos_weight_mode"": ""none""}",0.4512570570939224,0.022389401074664892,0.885207558536415,0.043394073726368186,0.15810927672724645,0.9461343509382626,0.6250994691391545,0.2848705042019503,0.39108682105240644,0.681410307890414,0.9365633270136703
xgboost,extended_geographic,"{""model__colsample_bytree"": 1.0, ""model__learning_rate"": 0.08, ""model__max_depth"": 6, ""model__min_child_weight"": 5, ""model__n_estimators"": 300, ""model__reg_lambda"": 5.0, ""model__subsample"": 0.8, ""scale_pos_weight_mode"": ""none""}",0.4512425623166532,0.022751038133783402,0.8856000951655638,0.04343310200063816,0.15798627636151164,0.9459248412017516,0.6163120214302216,0.2910598385795682,0.3951340056065441,0.6833706171300529,0.9367390697149129
xgboost,airport_aware,"{""model__colsample_bytree"": 0.8, ""model__learning_rate"": 0.03, ""model__max_depth"": 6, ""model__min_child_weight"": 1, ""model__n_estimators"": 300, ""model__reg_lambda"": 1.0, ""model__subsample"": 0.8, ""scale_pos_weight_mode"": ""balanced""}",0.4512356220107635,0.02753839171837598,0.884741215845968,0.11265502816459017,0.3520517339193866,0.8460346209193291,0.24070560442276795,0.7254406643800799,0.36070006011682,0.6363734982618243,0.8789164567561443
xgboost,airport_aware,"{""model__colsample_bytree"": 1.0, ""model__learning_rate"": 0.08, ""model__max_depth"": 3, ""model__min_child_weight"": 1, ""model__n_estimators"": 600, ""model__reg_lambda"": 1.0, ""model__subsample"": 0.8, ""scale_pos_weight_mode"": ""none""}",0.4511929879771068,0.024620078636343926,0.8838926837381766,0.043414732702390185,0.15860885980555994,0.9462389426422029,0.6263794053278205,0.2816066952226228,0.38821963782596997,0.6800071542904951,0.93655152896499
xgboost,airport_aware,"{""model__colsample_bytree"": 0.8, ""model__learning_rate"": 0.03, ""model__max_depth"": 6, ""model__min_child_weight"": 5, ""model__n_estimators"": 300, ""model__reg_lambda"": 1.0, ""model__subsample"": 0.8, ""scale_pos_weight_mode"": ""balanced""}",0.45111395664593035,0.02795520459206432,0.8849272420549997,0.11304904488490619,0.35316702480919127,0.8456166055744658,0.24026834017174212,0.7257087972408526,0.36025299835564456,0.6360132748605246,0.8786282760773723
xgboost,airport_aware,"{""model__colsample_bytree"": 1.0, ""model__learning_rate"": 0.03, ""model__max_depth"": 6, ""model__min_child_weight"": 1, ""model__n_estimators"": 600, ""model__reg_lambda"": 5.0, ""model__subsample"": 1.0, ""scale_pos_weight_mode"": ""balanced""}",0.4511011826033271,0.025869820945677486,0.8841531253435158,0.11140199433375877,0.3480691282360193,0.849889128429498,0.24498655562804444,0.7189027867065707,0.36488580605302295,0.6396581637003524,0.8813881179512331
xgboost,airport_aware,"{""model__colsample_bytree"": 1.0, ""model__learning_rate"": 0.08, ""model__max_depth"": 6, ""model__min_child_weight"": 5, ""model__n_estimators"": 300, ""model__reg_lambda"": 1.0, ""model__subsample"": 1.0, ""scale_pos_weight_mode"": ""balanced""}",0.4510260526669483,0.02488032489453632,0.8831267134019912,0.10960039281760528,0.3429737619026338,0.8515966356496399,0.24702998540046422,0.7163027513385212,0.3667762259617787,0.6411369520207112,0.8825005620633457
xgboost,airport_aware,"{""model__colsample_bytree"": 1.0, ""model__learning_rate"": 0.03, ""model__max_depth"": 6, ""model__min_child_weight"": 1, ""model__n_estimators"": 300, ""model__reg_lambda"": 5.0, ""model__subsample"": 0.8, ""scale_pos_weight_mode"": ""balanced""}",0.4510233480589278,0.029496784521366264,0.8850466970339681,0.11293547170972718,0.3527696691536671,0.8459062990990036,0.24083270267370466,0.7267535522434928,0.360897488807013,0.6364346238487267,0.8788763960600754
xgboost,extended_geographic,"{""model__colsample_bytree"": 0.8, ""model__learning_rate"": 0.03, ""model__max_depth"": 6, ""model__min_child_weight"": 5, ""model__n_estimators"": 300, ""model__reg_lambda"": 5.0, ""model__subsample"": 0.8, ""scale_pos_weight_mode"": ""none""}",0.45100468918050096,0.02691049769758692,0.8850927462288812,0.04329725723478799,0.15852961212203423,0.946339716228969,0.6357663726798243,0.2707948748731055,0.3796363142327313,0.6757552809260059,0.9360526262293526
xgboost,airport_aware,"{""model__colsample_bytree"": 1.0, ""model__learning_rate"": 0.08, ""model__max_depth"": 6, ""model__min_child_weight"": 5, ""model__n_estimators"": 600, ""model__reg_lambda"": 5.0, ""model__subsample"": 0.8, ""scale_pos_weight_mode"": ""balanced""}",0.45093126974405234,0.021565598440180432,0.8835932714858432,0.10499837405567078,0.3296027693139275,0.856099015811105,0.2521098238404501,0.708515185858942,0.37112711018494954,0.6447468112156454,0.8854168673871945
xgboost,extended_geographic,"{""model__colsample_bytree"": 1.0, ""model__learning_rate"": 0.03, ""model__max_depth"": 6, ""model__min_child_weight"": 5, ""model__n_estimators"": 600, ""model__reg_lambda"": 5.0, ""model__subsample"": 1.0, ""scale_pos_weight_mode"": ""none""}",0.45086362648918915,0.02438198794242831,0.8852378179455694,0.04335943365410973,0.15823575233943837,0.946168461968998,0.6273219992952658,0.2795878267465568,0.3865208950905387,0.6791432049590231,0.9363387216636179
xgboost,airport_aware,"{""model__colsample_bytree"": 1.0, ""model__learning_rate"": 0.08, ""model__max_depth"": 6, ""model__min_child_weight"": 5, ""model__n_estimators"": 600, ""model__reg_lambda"": 1.0, ""model__subsample"": 1.0, ""scale_pos_weight_mode"": ""none""}",0.45084861902199025,0.02026511010720656,0.8841482895575183,0.04360560684781829,0.1586605528770466,0.9458525139416494,0.6122880766724597,0.29910830381895526,0.40170715842130145,0.6866288363746704,0.9370430323300487
xgboost,airport_aware,"{""model__colsample_bytree"": 0.8, ""model__learning_rate"": 0.08, ""model__max_depth"": 6, ""model__min_child_weight"": 1, ""model__n_estimators"": 300, ""model__reg_lambda"": 1.0, ""model__subsample"": 0.8, ""scale_pos_weight_mode"": ""balanced""}",0.4508419983170782,0.02345801738771756,0.8838792834338971,0.10768211069376672,0.3376472619918342,0.8536647337394102,0.24977946114824534,0.7151939198581281,0.3695729553082976,0.6431872936215794,0.8838919264193296
xgboost,airport_aware,"{""model__colsample_bytree"": 0.8, ""model__learning_rate"": 0.03, ""model__max_depth"": 6, ""model__min_child_weight"": 1, ""model__n_estimators"": 600, ""model__reg_lambda"": 1.0, ""model__subsample"": 1.0, ""scale_pos_weight_mode"": ""balanced""}",0.4508006644626382,0.025168869760948117,0.8841179923620978,0.1107075966105044,0.34610998129534665,0.8493565765907043,0.2448321535938757,0.7218143963320588,0.36504158352935556,0.6395585414991647,0.8810578035434938
xgboost,airport_aware,"{""model__colsample_bytree"": 1.0, ""model__learning_rate"": 0.08, ""model__max_depth"": 6, ""model__min_child_weight"": 1, ""model__n_estimators"": 600, ""model__reg_lambda"": 5.0, ""model__subsample"": 1.0, ""scale_pos_weight_mode"": ""balanced""}",0.4507723694438469,0.022894780153496566,0.882126382798182,0.1061581117832302,0.33307990946997246,0.8557879220020463,0.2513824309595323,0.7057706207602786,0.37014875004606795,0.6441436975461589,0.8851375684707866
xgboost,extended_geographic,"{""model__colsample_bytree"": 0.8, ""model__learning_rate"": 0.03, ""model__max_depth"": 6, ""model__min_child_weight"": 5, ""model__n_estimators"": 300, ""model__reg_lambda"": 1.0, ""model__subsample"": 0.8, ""scale_pos_weight_mode"": ""none""}",0.45075934299784504,0.025581080518732573,0.8853110158769383,0.04327566269060536,0.15837660103868484,0.9464239460639623,0.638958800933248,0.26977127064879797,0.3791202949015503,0.6755216555132764,0.936043227930627
xgboost,airport_aware,"{""model__colsample_bytree"": 1.0, ""model__learning_rate"": 0.03, ""model__max_depth"": 6, ""model__min_child_weight"": 1, ""model__n_estimators"": 600, ""model__reg_lambda"": 1.0, ""model__subsample"": 1.0, ""scale_pos_weight_mode"": ""balanced""}",0.4505746604226508,0.02578645482392912,0.8836320990345042,0.11084412862470232,0.3464313769375794,0.849836928534045,0.2446285250442235,0.7169939822542292,0.36417525633068937,0.6392952303651371,0.8813319982775699
xgboost,airport_aware,"{""model__colsample_bytree"": 0.8, ""model__learning_rate"": 0.08, ""model__max_depth"": 6, ""model__min_child_weight"": 1, ""model__n_estimators"": 300, ""model__reg_lambda"": 1.0, ""model__subsample"": 1.0, ""scale_pos_weight_mode"": ""balanced""}",0.4505735311287606,0.025498012852666944,0.8831490688705228,0.10890150930357687,0.3410186638912233,0.8513495758421952,0.24648304402662694,0.7155185664424227,0.36605795752381215,0.640711618831149,0.8823158468044898
xgboost,extended_geographic,"{""model__colsample_bytree"": 0.8, ""model__learning_rate"": 0.03, ""model__max_depth"": 6, ""model__min_child_weight"": 5, ""model__n_estimators"": 300, ""model__reg_lambda"": 1.0, ""model__subsample"": 1.0, ""scale_pos_weight_mode"": ""none""}",0.4505729324845638,0.02491331407732718,0.8847447755049181,0.04332865954184708,0.1586689950190589,0.946325237284173,0.6382810804047485,0.26544852190043244,0.3747364480291135,0.6733069513735283,0.9357638260562299
xgboost,airport_aware,"{""model__colsample_bytree"": 1.0, ""model__learning_rate"": 0.03, ""model__max_depth"": 6, ""model__min_child_weight"": 5, ""model__n_estimators"": 300, ""model__reg_lambda"": 1.0, ""model__subsample"": 0.8, ""scale_pos_weight_mode"": ""balanced""}",0.4505674997950627,0.028018365208095596,0.884973795321646,0.11296139811945922,0.35293165928485204,0.8455662463157323,0.24027306312493857,0.7259922306416762,0.36025129895575975,0.6359988690822432,0.8786243367048469
xgboost,extended_geographic,"{""model__colsample_bytree"": 0.8, ""model__learning_rate"": 0.03, ""model__max_depth"": 6, ""model__min_child_weight"": 5, ""model__n_estimators"": 600, ""model__reg_lambda"": 1.0, ""model__subsample"": 1.0, ""scale_pos_weight_mode"": ""balanced""}",0.45054373617539173,0.023334879677876088,0.883837209041349,0.10857254409037007,0.3407623819726919,0.8536457330511957,0.24984153689670893,0.7143707765630635,0.3696059624584273,0.6431822817859258,0.8838469434913101
xgboost,extended_geographic,"{""model__colsample_bytree"": 0.8, ""model__learning_rate"": 0.03, ""model__max_depth"": 6, ""model__min_child_weight"": 1, ""model__n_estimators"": 300, ""model__reg_lambda"": 1.0, ""model__subsample"": 1.0, ""scale_pos_weight_mode"": ""none""}",0.4505310619028875,0.0252485249617303,0.884465466940636,0.043324021984823644,0.15861741476013655,0.9466909711668647,0.6457307073911472,0.2673136852028453,0.37789618366950134,0.6749834001060724,0.9361579644717015
xgboost,airport_aware,"{""model__colsample_bytree"": 1.0, ""model__learning_rate"": 0.03, ""model__max_depth"": 6, ""model__min_child_weight"": 1, ""model__n_estimators"": 300, ""model__reg_lambda"": 1.0, ""model__subsample"": 0.8, ""scale_pos_weight_mode"": ""balanced""}",0.450501553143735,0.028090408540915084,0.8847304797797152,0.11255701991151972,0.35172242037269974,0.846617376178453,0.24157228172737183,0.72537054976415,0.3616234167047848,0.63701700919381,0.8793288794535312
xgboost,airport_aware,"{""model__colsample_bytree"": 1.0, ""model__learning_rate"": 0.08, ""model__max_depth"": 6, ""model__min_child_weight"": 1, ""model__n_estimators"": 300, ""model__reg_lambda"": 1.0, ""model__subsample"": 1.0, ""scale_pos_weight_mode"": ""balanced""}",0.4504562271363751,0.024290514373219284,0.8827959277958908,0.10892243818201594,0.34100693013699973,0.8512081526135258,0.2458307143354989,0.7123756112322267,0.3648156346359719,0.6400587880205371,0.8822085046547807
xgboost,airport_aware,"{""model__colsample_bytree"": 0.8, ""model__learning_rate"": 0.08, ""model__max_depth"": 6, ""model__min_child_weight"": 5, ""model__n_estimators"": 600, ""model__reg_lambda"": 1.0, ""model__subsample"": 0.8, ""scale_pos_weight_mode"": ""balanced""}",0.4503345472537864,0.02080949163895433,0.8826121607834189,0.10456807445791778,0.3283964038519637,0.8562701403195725,0.2524326859023178,0.7073883115492554,0.3713371743775955,0.644896978085533,0.8855165479744226
xgboost,extended_geographic,"{""model__colsample_bytree"": 0.8, ""model__learning_rate"": 0.08, ""model__max_depth"": 3, ""model__min_child_weight"": 1, ""model__n_estimators"": 600, ""model__reg_lambda"": 5.0, ""model__subsample"": 0.8, ""scale_pos_weight_mode"": ""none""}",0.45029366228996903,0.024179285845691907,0.8841405129445226,0.043391996823308236,0.158362384715735,0.9460317075726407,0.6274830937903076,0.27350217463175114,0.3806999027230814,0.6761979779628298,0.9359910530118111
xgboost,extended_geographic,"{""model__colsample_bytree"": 0.8, ""model__learning_rate"": 0.03, ""model__max_depth"": 6, ""model__min_child_weight"": 5, ""model__n_estimators"": 300, ""model__reg_lambda"": 5.0, ""model__subsample"": 1.0, ""scale_pos_weight_mode"": ""none""}",0.45024963640996213,0.02596258472948296,0.8844942807188725,0.043339892994487386,0.1588491096696949,0.9462611113615875,0.6371185060764697,0.2658741558223418,0.3749763802657135,0.6734087343716281,0.9357296394344248
xgboost,extended_geographic,"{""model__colsample_bytree"": 1.0, ""model__learning_rate"": 0.08, ""model__max_depth"": 6, ""model__min_child_weight"": 5, ""model__n_estimators"": 300, ""model__reg_lambda"": 5.0, ""model__subsample"": 0.8, ""scale_pos_weight_mode"": ""balanced""}",0.4502087082940728,0.020610209810698506,0.8839019157046628,0.10604537717339195,0.33322510702793695,0.8553118483839686,0.25141844502404365,0.7092620459680108,0.3705810730768443,0.6442006687033358,0.8849091368546157
xgboost,extended_geographic,"{""model__colsample_bytree"": 0.8, ""model__learning_rate"": 0.03, ""model__max_depth"": 6, ""model__min_child_weight"": 1, ""model__n_estimators"": 600, ""model__reg_lambda"": 5.0, ""model__subsample"": 1.0, ""scale_pos_weight_mode"": ""balanced""}",0.4501720995156255,0.023082125022782923,0.8837706689164453,0.10947644545324023,0.3428341346100713,0.8523339030227076,0.24795954345283158,0.714170712517389,0.3675075506949762,0.6417263985611766,0.8829521313245271
xgboost,airport_aware,"{""model__colsample_bytree"": 1.0, ""model__learning_rate"": 0.08, ""model__max_depth"": 6, ""model__min_child_weight"": 5, ""model__n_estimators"": 600, ""model__reg_lambda"": 1.0, ""model__subsample"": 0.8, ""scale_pos_weight_mode"": ""balanced""}",0.4501659397426841,0.022017153247771603,0.8823894237908944,0.10429087417886673,0.3275747231657219,0.8566249455189396,0.2529329903048696,0.7071973104243376,0.3718744724041535,0.6452708201416664,0.8857652134115652
xgboost,airport_aware,"{""model__colsample_bytree"": 1.0, ""model__learning_rate"": 0.08, ""model__max_depth"": 6, ""model__min_child_weight"": 1, ""model__n_estimators"": 600, ""model__reg_lambda"": 1.0, ""model__subsample"": 1.0, ""scale_pos_weight_mode"": ""none""}",0.45016066673859323,0.022221521323872135,0.8831689458874674,0.04366765903638148,0.158939531878131,0.9458800152814778,0.6113809866573965,0.29736091453564184,0.3999743158432144,0.6857714968460499,0.93702882267103
xgboost,extended_geographic,"{""model__colsample_bytree"": 0.8, ""model__learning_rate"": 0.08, ""model__max_depth"": 6, ""model__min_child_weight"": 1, ""model__n_estimators"": 300, ""model__reg_lambda"": 5.0, ""model__subsample"": 0.8, ""scale_pos_weight_mode"": ""balanced""}",0.4501589955026829,0.02044493402785928,0.8837965640081412,0.1055870016727249,0.3321230399627248,0.8565599464127267,0.25276368490494605,0.7054860460971233,0.37160225542669134,0.6450955605511953,0.8856579435149816
xgboost,airport_aware,"{""model__colsample_bytree"": 0.8, ""model__learning_rate"": 0.08, ""model__max_depth"": 3, ""model__min_child_weight"": 5, ""model__n_estimators"": 600, ""model__reg_lambda"": 1.0, ""model__subsample"": 1.0, ""scale_pos_weight_mode"": ""none""}",0.45010826936178444,0.026682120582389366,0.8834227331375603,0.04341389962506841,0.15889673543073707,0.9460664583512038,0.628180119809263,0.2716465453045249,0.37892630803521,0.6753255817559287,0.9358972646602904
xgboost,extended_geographic,"{""model__colsample_bytree"": 1.0, ""model__learning_rate"": 0.03, ""model__max_depth"": 6, ""model__min_child_weight"": 5, ""model__n_estimators"": 600, ""model__reg_lambda"": 5.0, ""model__subsample"": 1.0, ""scale_pos_weight_mode"": ""balanced""}",0.4500948268163681,0.023087792570554853,0.8838023464270133,0.10966798727469336,0.3434202922071277,0.8509364440057606,0.246291635689956,0.7168137233374943,0.36592797589317927,0.6405108564710261,0.8820868374370688
xgboost,extended_geographic,"{""model__colsample_bytree"": 1.0, ""model__learning_rate"": 0.03, ""model__max_depth"": 6, ""model__min_child_weight"": 1, ""model__n_estimators"": 300, ""model__reg_lambda"": 5.0, ""model__subsample"": 0.8, ""scale_pos_weight_mode"": ""balanced""}",0.4500773918409971,0.02567730460665246,0.8848844096379495,0.11131907066230655,0.34837190690233133,0.8493172822903592,0.2443103518055957,0.7185647831431061,0.36396358806382995,0.6390213445704964,0.8810079443341505
xgboost,extended_geographic,"{""model__colsample_bytree"": 1.0, ""model__learning_rate"": 0.03, ""model__max_depth"": 6, ""model__min_child_weight"": 5, ""model__n_estimators"": 600, ""model__reg_lambda"": 1.0, ""model__subsample"": 1.0, ""scale_pos_weight_mode"": ""none""}",0.45000111103234197,0.023106124793058992,0.885073504336049,0.04341565849860819,0.15822916485413785,0.9460347562810917,0.6239215332394538,0.28144353732233574,0.3875892942929659,0.6796389736656434,0.9363238443374116
xgboost,extended_geographic,"{""model__colsample_bytree"": 1.0, ""model__learning_rate"": 0.08, ""model__max_depth"": 3, ""model__min_child_weight"": 5, ""model__n_estimators"": 600, ""model__reg_lambda"": 5.0, ""model__subsample"": 0.8, ""scale_pos_weight_mode"": ""none""}",0.4499589072564456,0.024120795150843352,0.8842968287241115,0.04339711954900123,0.1583377010696657,0.9462412921917587,0.6319621664103382,0.27317375165359115,0.38122301277957626,0.6765172991797668,0.936133409019952
xgboost,airport_aware,"{""model__colsample_bytree"": 0.8, ""model__learning_rate"": 0.03, ""model__max_depth"": 6, ""model__min_child_weight"": 5, ""model__n_estimators"": 300, ""model__reg_lambda"": 5.0, ""model__subsample"": 1.0, ""scale_pos_weight_mode"": ""balanced""}",0.4499550674663646,0.027611353306615533,0.8844196147835761,0.11421788449094579,0.35611657197266644,0.8448712728480544,0.23984526101602138,0.7288049310429323,0.36023737302372283,0.6357536268526602,0.8781431585154473
xgboost,extended_geographic,"{""model__colsample_bytree"": 1.0, ""model__learning_rate"": 0.08, ""model__max_depth"": 6, ""model__min_child_weight"": 1, ""model__n_estimators"": 300, ""model__reg_lambda"": 1.0, ""model__subsample"": 0.8, ""scale_pos_weight_mode"": ""none""}",0.4499541548680302,0.02177856546487,0.884733600005616,0.043511164825781004,0.15815931313374235,0.9461611931384013,0.6206436824862462,0.29195040475204387,0.3968681924047516,0.6843011976196613,0.9369515700286646
xgboost,extended_geographic,"{""model__colsample_bytree"": 1.0, ""model__learning_rate"": 0.08, ""model__max_depth"": 3, ""model__min_child_weight"": 1, ""model__n_estimators"": 600, ""model__reg_lambda"": 1.0, ""model__subsample"": 0.8, ""scale_pos_weight_mode"": ""none""}",0.44994642227745185,0.02483548666450481,0.8838189212160081,0.04341267216903295,0.1583952435938068,0.946002041431511,0.6247986685193021,0.2733806472517802,0.3801092765454325,0.6758958596015099,0.9359841803699778
xgboost,extended_geographic,"{""model__colsample_bytree"": 0.8, ""model__learning_rate"": 0.08, ""model__max_depth"": 6, ""model__min_child_weight"": 1, ""model__n_estimators"": 300, ""model__reg_lambda"": 1.0, ""model__subsample"": 0.8, ""scale_pos_weight_mode"": ""none""}",0.449927909246711,0.021217928479097432,0.8848500363515829,0.0435063593818132,0.15816477537064447,0.9461274205519452,0.6212730960066095,0.2913927480691816,0.396525003871752,0.6841196144420513,0.9368994877255883
xgboost,extended_geographic,"{""model__colsample_bytree"": 1.0, ""model__learning_rate"": 0.03, ""model__max_depth"": 6, ""model__min_child_weight"": 1, ""model__n_estimators"": 300, ""model__reg_lambda"": 5.0, ""model__subsample"": 1.0, ""scale_pos_weight_mode"": ""none""}",0.44987084706663405,0.025740433769564145,0.8842883735936514,0.04338215678891005,0.15885143856298223,0.946331697725564,0.6364882685710161,0.26813630137392225,0.3771520291767012,0.6745143285661539,0.9358997684593607
xgboost,extended_geographic,"{""model__colsample_bytree"": 1.0, ""model__learning_rate"": 0.03, ""model__max_depth"": 6, ""model__min_child_weight"": 5, ""model__n_estimators"": 300, ""model__reg_lambda"": 1.0, ""model__subsample"": 0.8, ""scale_pos_weight_mode"": ""balanced""}",0.44984911051622467,0.025108807167069883,0.8847216373680297,0.11104447380770396,0.3477976971521097,0.8503033050116816,0.24524820521359464,0.7163429564757119,0.3647286837621112,0.6397167356793657,0.881641602864995
xgboost,extended_geographic,"{""model__colsample_bytree"": 0.8, ""model__learning_rate"": 0.03, ""model__max_depth"": 6, ""model__min_child_weight"": 5, ""model__n_estimators"": 300, ""model__reg_lambda"": 5.0, ""model__subsample"": 0.8, ""scale_pos_weight_mode"": ""balanced""}",0.449796826795226,0.026626206459012113,0.884981675290736,0.11166072740492843,0.34951702382265176,0.8490139908987686,0.2442968335050529,0.721335132822665,0.3643685970160336,0.6391177079801211,0.8808329971627471
xgboost,extended_geographic,"{""model__colsample_bytree"": 0.8, ""model__learning_rate"": 0.08, ""model__max_depth"": 3, ""model__min_child_weight"": 1, ""model__n_estimators"": 600, ""model__reg_lambda"": 1.0, ""model__subsample"": 0.8, ""scale_pos_weight_mode"": ""none""}",0.4497895541753084,0.024019060171502855,0.8839618837022339,0.043421348629795506,0.15842674632106793,0.9461922524696849,0.6283510707080227,0.2755639317428932,0.3828245561929139,0.6773029395638738,0.9362292117146496
xgboost,extended_geographic,"{""model__colsample_bytree"": 1.0, ""model__learning_rate"": 0.08, ""model__max_depth"": 6, ""model__min_child_weight"": 1, ""model__n_estimators"": 300, ""model__reg_lambda"": 5.0, ""model__subsample"": 1.0, ""scale_pos_weight_mode"": ""none""}",0.449777452627831,0.02398560385519681,0.8848435053155648,0.04346686544922466,0.15826707981252466,0.9461333333768301,0.6233888999674085,0.285112372821808,0.39103747431705693,0.6813848419559525,0.9366133268286042
xgboost,extended_geographic,"{""model__colsample_bytree"": 1.0, ""model__learning_rate"": 0.08, ""model__max_depth"": 3, ""model__min_child_weight"": 1, ""model__n_estimators"": 600, ""model__reg_lambda"": 5.0, ""model__subsample"": 0.8, ""scale_pos_weight_mode"": ""none""}",0.4497362207669865,0.02388239261407904,0.8842172761637628,0.043417107153660164,0.15836558435616385,0.9462717443397721,0.6310764730504441,0.27389379781619994,0.38173523575832324,0.6767809215300116,0.9362185381151951
xgboost,extended_geographic,"{""model__colsample_bytree"": 1.0, ""model__learning_rate"": 0.03, ""model__max_depth"": 6, ""model__min_child_weight"": 1, ""model__n_estimators"": 600, ""model__reg_lambda"": 1.0, ""model__subsample"": 1.0, ""scale_pos_weight_mode"": ""none""}",0.4496967148361991,0.02448038652850612,0.8846894787741671,0.04342968271994596,0.1582778918870801,0.9461471413085679,0.6271599970715261,0.27950299511176635,0.38644590505133003,0.6790987499695678,0.9363259306597375
xgboost,extended_geographic,"{""model__colsample_bytree"": 0.8, ""model__learning_rate"": 0.03, ""model__max_depth"": 6, ""model__min_child_weight"": 1, ""model__n_estimators"": 300, ""model__reg_lambda"": 5.0, ""model__subsample"": 0.8, ""scale_pos_weight_mode"": ""balanced""}",0.4496725001654321,0.026697384348855872,0.8848742076140695,0.11147928669180884,0.3489452330243735,0.8482417225038184,0.24289647734113293,0.7196419657792295,0.3624236371712576,0.6379292044827573,0.8803226595788388
xgboost,airport_aware,"{""model__colsample_bytree"": 0.8, ""model__learning_rate"": 0.08, ""model__max_depth"": 3, ""model__min_child_weight"": 1, ""model__n_estimators"": 600, ""model__reg_lambda"": 1.0, ""model__subsample"": 1.0, ""scale_pos_weight_mode"": ""none""}",0.44962376501777024,0.027097138730796215,0.883133335875556,0.0434581436550119,0.15903726542171837,0.9459096658155628,0.6255701987562625,0.2699751027859331,0.37684905864575347,0.6742459570885418,0.9356886388881398
xgboost,extended_geographic,"{""model__colsample_bytree"": 0.8, ""model__learning_rate"": 0.08, ""model__max_depth"": 6, ""model__min_child_weight"": 5, ""model__n_estimators"": 300, ""model__reg_lambda"": 5.0, ""model__subsample"": 1.0, ""scale_pos_weight_mode"": ""balanced""}",0.4496187414405936,0.02357554244952817,0.8838240227936328,0.10788366195020342,0.33856025611034896,0.8541669129338129,0.25031757289029943,0.7125905623295743,0.36983236357514027,0.6434635250147196,0.884164520775213
xgboost,extended_geographic,"{""model__colsample_bytree"": 1.0, ""model__learning_rate"": 0.03, ""model__max_depth"": 6, ""model__min_child_weight"": 5, ""model__n_estimators"": 300, ""model__reg_lambda"": 5.0, ""model__subsample"": 0.8, ""scale_pos_weight_mode"": ""balanced""}",0.4496181590340587,0.02634518488036867,0.884886061939806,0.11164689763502941,0.34932780607441843,0.8485189341836616,0.2430811394666589,0.7180028100929888,0.362520753229311,0.6380532027522909,0.8804706511042741
xgboost,extended_geographic,"{""model__colsample_bytree"": 0.8, ""model__learning_rate"": 0.03, ""model__max_depth"": 6, ""model__min_child_weight"": 1, ""model__n_estimators"": 300, ""model__reg_lambda"": 1.0, ""model__subsample"": 0.8, ""scale_pos_weight_mode"": ""balanced""}",0.4496030754909466,0.0257892268632708,0.8845248279425558,0.11079370132398177,0.3471511344753426,0.8499697054947329,0.2446004660624579,0.7153513703374801,0.36385832075108915,0.6391870053077472,0.8814133455452197
xgboost,extended_geographic,"{""model__colsample_bytree"": 1.0, ""model__learning_rate"": 0.03, ""model__max_depth"": 6, ""model__min_child_weight"": 5, ""model__n_estimators"": 600, ""model__reg_lambda"": 1.0, ""model__subsample"": 1.0, ""scale_pos_weight_mode"": ""balanced""}",0.449593329554894,0.023265296775736143,0.8836465862604086,0.10864492022833645,0.3407801602895057,0.8535744454868978,0.24989793784468617,0.7152290746176225,0.3697805351039637,0.6432434494537121,0.8838048425172585
xgboost,airport_aware,"{""model__colsample_bytree"": 0.8, ""model__learning_rate"": 0.08, ""model__max_depth"": 6, ""model__min_child_weight"": 5, ""model__n_estimators"": 600, ""model__reg_lambda"": 1.0, ""model__subsample"": 1.0, ""scale_pos_weight_mode"": ""balanced""}",0.44959042370442354,0.021588924268934537,0.8818440428950801,0.1058305603766534,0.33217596679873046,0.8560762542012714,0.25204124593016736,0.7070584766442309,0.37102230075643394,0.644667171955289,0.8853522920526273
xgboost,extended_geographic,"{""model__colsample_bytree"": 0.8, ""model__learning_rate"": 0.03, ""model__max_depth"": 6, ""model__min_child_weight"": 5, ""model__n_estimators"": 300, ""model__reg_lambda"": 1.0, ""model__subsample"": 0.8, ""scale_pos_weight_mode"": ""balanced""}",0.44951930566722514,0.025874370802599213,0.8848118867439636,0.1112085645574026,0.34833511864344674,0.8490116837987445,0.24392083898377664,0.7191404790919158,0.3636205963652467,0.6387553096242049,0.880813467660326
xgboost,extended_geographic,"{""model__colsample_bytree"": 1.0, ""model__learning_rate"": 0.03, ""model__max_depth"": 6, ""model__min_child_weight"": 1, ""model__n_estimators"": 300, ""model__reg_lambda"": 1.0, ""model__subsample"": 0.8, ""scale_pos_weight_mode"": ""balanced""}",0.44950491392810477,0.02499689100686817,0.8845832596004668,0.11075862004090395,0.3468677220912012,0.8501097246522231,0.24506510051425967,0.7167989545056368,0.36452594128774507,0.6395605898790774,0.8815304344937627
xgboost,extended_geographic,"{""model__colsample_bytree"": 0.8, ""model__learning_rate"": 0.08, ""model__max_depth"": 3, ""model__min_child_weight"": 5, ""model__n_estimators"": 600, ""model__reg_lambda"": 1.0, ""model__subsample"": 0.8, ""scale_pos_weight_mode"": ""none""}",0.4494855003975731,0.024110603820007483,0.8841458126929004,0.043439808947832434,0.1584561640908575,0.9461812259345598,0.6284630008312184,0.274163949312282,0.3815315184098248,0.6766553071846347,0.9361515244109443
xgboost,extended_geographic,"{""model__colsample_bytree"": 1.0, ""model__learning_rate"": 0.03, ""model__max_depth"": 6, ""model__min_child_weight"": 1, ""model__n_estimators"": 300, ""model__reg_lambda"": 1.0, ""model__subsample"": 1.0, ""scale_pos_weight_mode"": ""none""}",0.4494486478040619,0.025209964130867242,0.8843860957181569,0.04336070972108807,0.15867987075227677,0.9464839341271579,0.6406933711957018,0.2679889108308025,0.37770464281232285,0.674831568798212,0.9360137976142996
xgboost,extended_geographic,"{""model__colsample_bytree"": 0.8, ""model__learning_rate"": 0.08, ""model__max_depth"": 6, ""model__min_child_weight"": 5, ""model__n_estimators"": 300, ""model__reg_lambda"": 1.0, ""model__subsample"": 0.8, ""scale_pos_weight_mode"": ""none""}",0.4494051130389467,0.022657153252225587,0.8851298867772133,0.04353080525584724,0.158279625553448,0.9461261176422504,0.6195923986118592,0.29210195251205684,0.39675380476202543,0.6842336650913615,0.9369529958245548
xgboost,airport_aware,"{""model__colsample_bytree"": 0.8, ""model__learning_rate"": 0.08, ""model__max_depth"": 3, ""model__min_child_weight"": 1, ""model__n_estimators"": 600, ""model__reg_lambda"": 5.0, ""model__subsample"": 0.8, ""scale_pos_weight_mode"": ""balanced""}",0.4493456644939616,0.025299102956842238,0.883808047474275,0.11238095487575572,0.35165596772336655,0.847842019523015,0.24248945290732798,0.7207936428610264,0.3623463568854883,0.637745820277013,0.8800363998032731
xgboost,airport_aware,"{""model__colsample_bytree"": 0.8, ""model__learning_rate"": 0.08, ""model__max_depth"": 3, ""model__min_child_weight"": 5, ""model__n_estimators"": 600, ""model__reg_lambda"": 5.0, ""model__subsample"": 1.0, ""scale_pos_weight_mode"": ""none""}",0.4493352262644278,0.025996362518672343,0.8833754273727564,0.043445359582549505,0.15904263169171942,0.9461564752771638,0.6308071852077832,0.27172956100216855,0.3795154139364629,0.6756425723393298,0.9359870753463904
xgboost,extended_geographic,"{""model__colsample_bytree"": 1.0, ""model__learning_rate"": 0.08, ""model__max_depth"": 3, ""model__min_child_weight"": 5, ""model__n_estimators"": 600, ""model__reg_lambda"": 1.0, ""model__subsample"": 0.8, ""scale_pos_weight_mode"": ""none""}",0.44931587889082963,0.02286550876206752,0.8839197760263376,0.043435725762429545,0.15843965327730086,0.9461456832431769,0.6289865179839791,0.27436698609236215,0.38184195925383757,0.6768000902759574,0.9361144495474502
xgboost,airport_aware,"{""model__colsample_bytree"": 0.8, ""model__learning_rate"": 0.08, ""model__max_depth"": 3, ""model__min_child_weight"": 5, ""model__n_estimators"": 600, ""model__reg_lambda"": 5.0, ""model__subsample"": 0.8, ""scale_pos_weight_mode"": ""balanced""}",0.44925092074168305,0.02529237404338658,0.883654834873402,0.11262378989220616,0.35215010068515135,0.8466698582229514,0.24080791412408326,0.720125863350904,0.36034283419364277,0.6363842507293189,0.8792345925374867
xgboost,extended_geographic,"{""model__colsample_bytree"": 0.8, ""model__learning_rate"": 0.08, ""model__max_depth"": 6, ""model__min_child_weight"": 1, ""model__n_estimators"": 300, ""model__reg_lambda"": 5.0, ""model__subsample"": 1.0, ""scale_pos_weight_mode"": ""balanced""}",0.4492370117697836,0.021501497751002303,0.8829121574894391,0.10765424478776593,0.33768121907766735,0.85426570608064,0.24992244990537663,0.7095029008493696,0.36898653162899014,0.6430819147766087,0.884176515446911
xgboost,extended_geographic,"{""model__colsample_bytree"": 0.8, ""model__learning_rate"": 0.08, ""model__max_depth"": 3, ""model__min_child_weight"": 5, ""model__n_estimators"": 600, ""model__reg_lambda"": 5.0, ""model__subsample"": 0.8, ""scale_pos_weight_mode"": ""none""}",0.4492245347982836,0.024993740005011013,0.8840024217398493,0.043434924537636754,0.15847910550507066,0.9461302707299014,0.6274276582281205,0.2737010166238846,0.3808802596862256,0.6763160083219348,0.9360932027771778
xgboost,airport_aware,"{""model__colsample_bytree"": 1.0, ""model__learning_rate"": 0.08, ""model__max_depth"": 3, ""model__min_child_weight"": 5, ""model__n_estimators"": 600, ""model__reg_lambda"": 5.0, ""model__subsample"": 1.0, ""scale_pos_weight_mode"": ""none""}",0.44921310895038813,0.026480750315464142,0.8833111688364408,0.04349532690180354,0.15917424647781106,0.9460235859465925,0.6267472646862144,0.2717618980635052,0.3788841919674913,0.6752925857977996,0.9358686672620566
xgboost,extended_geographic,"{""model__colsample_bytree"": 1.0, ""model__learning_rate"": 0.08, ""model__max_depth"": 6, ""model__min_child_weight"": 5, ""model__n_estimators"": 300, ""model__reg_lambda"": 5.0, ""model__subsample"": 1.0, ""scale_pos_weight_mode"": ""balanced""}",0.44912325004107867,0.02176902267200649,0.8832045839580631,0.10776744529153778,0.3382481027414722,0.8541807056669976,0.25013443914530953,0.7122861890644029,0.3696324901922297,0.6433730466905924,0.8841786207839583
xgboost,airport_aware,"{""model__colsample_bytree"": 0.8, ""model__learning_rate"": 0.08, ""model__max_depth"": 3, ""model__min_child_weight"": 1, ""model__n_estimators"": 600, ""model__reg_lambda"": 5.0, ""model__subsample"": 1.0, ""scale_pos_weight_mode"": ""none""}",0.4490403647042319,0.027219050952414853,0.8830983705960204,0.0434596795723694,0.15911924341438968,0.9461152101284229,0.6298659788231606,0.2709423477662918,0.3786133908818009,0.6751821395110937,0.9359097461042974
xgboost,extended_geographic,"{""model__colsample_bytree"": 0.8, ""model__learning_rate"": 0.08, ""model__max_depth"": 6, ""model__min_child_weight"": 5, ""model__n_estimators"": 300, ""model__reg_lambda"": 1.0, ""model__subsample"": 1.0, ""scale_pos_weight_mode"": ""none""}",0.4490284675630415,0.021255548290204068,0.8850426454083425,0.04351552819885525,0.15831211779906873,0.9460046234762123,0.6207352857848853,0.28574517566623997,0.3911741900986978,0.681418130820395,0.9365252396924421
xgboost,airport_aware,"{""model__colsample_bytree"": 1.0, ""model__learning_rate"": 0.08, ""model__max_depth"": 6, ""model__min_child_weight"": 5, ""model__n_estimators"": 600, ""model__reg_lambda"": 1.0, ""model__subsample"": 1.0, ""scale_pos_weight_mode"": ""balanced""}",0.44902259982429243,0.02211101957877954,0.8807610296228262,0.10574249794182262,0.33181728922013487,0.8558611480115765,0.2515877985150241,0.7063671319815276,0.3704274717262666,0.6443066111060645,0.885205153236063
xgboost,extended_geographic,"{""model__colsample_bytree"": 0.8, ""model__learning_rate"": 0.08, ""model__max_depth"": 6, ""model__min_child_weight"": 5, ""model__n_estimators"": 300, ""model__reg_lambda"": 5.0, ""model__subsample"": 0.8, ""scale_pos_weight_mode"": ""balanced""}",0.4489970417266808,0.02179682505927946,0.8841746861598816,0.10674314657763657,0.3350834946042081,0.8545688429712653,0.25053762997080353,0.7095307558230503,0.3696674279273574,0.643503422509448,0.8843965693766455
xgboost,airport_aware,"{""model__colsample_bytree"": 0.8, ""model__learning_rate"": 0.03, ""model__max_depth"": 6, ""model__min_child_weight"": 5, ""model__n_estimators"": 300, ""model__reg_lambda"": 1.0, ""model__subsample"": 1.0, ""scale_pos_weight_mode"": ""balanced""}",0.4489784015913907,0.02774261879581307,0.8843368844788119,0.11390413638639556,0.35530198502044463,0.8453484038883126,0.24042380897251142,0.7285061501087731,0.3608446742049179,0.6362062976464767,0.8784700086194495
xgboost,extended_geographic,"{""model__colsample_bytree"": 0.8, ""model__learning_rate"": 0.08, ""model__max_depth"": 6, ""model__min_child_weight"": 5, ""model__n_estimators"": 300, ""model__reg_lambda"": 1.0, ""model__subsample"": 0.8, ""scale_pos_weight_mode"": ""balanced""}",0.44894214801579146,0.019836006054987067,0.8835041739034718,0.10578992939294603,0.33260994797452026,0.856354802784594,0.25261262731716494,0.7070389116613078,0.3715545388671385,0.6450150641359687,0.885563507692051
xgboost,airport_aware,"{""model__colsample_bytree"": 1.0, ""model__learning_rate"": 0.08, ""model__max_depth"": 3, ""model__min_child_weight"": 1, ""model__n_estimators"": 600, ""model__reg_lambda"": 5.0, ""model__subsample"": 0.8, ""scale_pos_weight_mode"": ""balanced""}",0.4489170782231118,0.024566111883439976,0.883941736343035,0.11229844117860313,0.35129175182274813,0.8470265249500546,0.24118444787628396,0.7190862815240748,0.3606506146182794,0.6366462881864983,0.8794569893445725
xgboost,airport_aware,"{""model__colsample_bytree"": 1.0, ""model__learning_rate"": 0.08, ""model__max_depth"": 6, ""model__min_child_weight"": 1, ""model__n_estimators"": 600, ""model__reg_lambda"": 1.0, ""model__subsample"": 0.8, ""scale_pos_weight_mode"": ""balanced""}",0.44888109372241525,0.02272227907998919,0.8820142690142878,0.10216224337033783,0.32169102336232525,0.8609515562394316,0.25796550357709636,0.6989409546744122,0.37615846417577575,0.6487646167811023,0.8885369294933063
xgboost,airport_aware,"{""model__colsample_bytree"": 1.0, ""model__learning_rate"": 0.08, ""model__max_depth"": 3, ""model__min_child_weight"": 1, ""model__n_estimators"": 600, ""model__reg_lambda"": 5.0, ""model__subsample"": 1.0, ""scale_pos_weight_mode"": ""none""}",0.4488469611099834,0.026879662037895134,0.8833691159838303,0.04350784125745634,0.1591247388460122,0.9460001698575861,0.6267366301414263,0.2713917928391848,0.3784455165599457,0.675066837801741,0.9358386127079381
xgboost,airport_aware,"{""model__colsample_bytree"": 0.8, ""model__learning_rate"": 0.03, ""model__max_depth"": 6, ""model__min_child_weight"": 1, ""model__n_estimators"": 300, ""model__reg_lambda"": 5.0, ""model__subsample"": 1.0, ""scale_pos_weight_mode"": ""balanced""}",0.4488164453613669,0.026476786075276402,0.884294775858117,0.1139759185401878,0.35543692694629925,0.8461485453361416,0.24079893988973736,0.7258864052382286,0.3607351353713675,0.636447634641214,0.8790255667875503
xgboost,airport_aware,"{""model__colsample_bytree"": 0.8, ""model__learning_rate"": 0.08, ""model__max_depth"": 3, ""model__min_child_weight"": 1, ""model__n_estimators"": 600, ""model__reg_lambda"": 1.0, ""model__subsample"": 0.8, ""scale_pos_weight_mode"": ""balanced""}",0.4488102831534686,0.024686990744105207,0.8833640622339545,0.11252669583313173,0.3516210877647107,0.8447849172982707,0.2391427152987577,0.7219747402399811,0.35880909517365184,0.6349766547372256,0.8779292953723351
xgboost,airport_aware,"{""model__colsample_bytree"": 1.0, ""model__learning_rate"": 0.08, ""model__max_depth"": 3, ""model__min_child_weight"": 1, ""model__n_estimators"": 600, ""model__reg_lambda"": 1.0, ""model__subsample"": 1.0, ""scale_pos_weight_mode"": ""none""}",0.44877076731198606,0.02653269177191241,0.8828701217046433,0.043510215849832015,0.15920371789852364,0.9460484157378588,0.6267237047107729,0.2724689223138064,0.3794553851134011,0.6755842914439242,0.9359301807591429
xgboost,extended_geographic,"{""model__colsample_bytree"": 1.0, ""model__learning_rate"": 0.03, ""model__max_depth"": 6, ""model__min_child_weight"": 5, ""model__n_estimators"": 300, ""model__reg_lambda"": 5.0, ""model__subsample"": 1.0, ""scale_pos_weight_mode"": ""none""}",0.4487545312481108,0.026041914024069142,0.8843203144663399,0.043404551958306184,0.1589723529681871,0.9462345355600755,0.6351912830397426,0.26691441114829545,0.375661208546391,0.6737447207987972,0.935743168343995
xgboost,airport_aware,"{""model__colsample_bytree"": 0.8, ""model__learning_rate"": 0.08, ""model__max_depth"": 3, ""model__min_child_weight"": 5, ""model__n_estimators"": 300, ""model__reg_lambda"": 5.0, ""model__subsample"": 0.8, ""scale_pos_weight_mode"": ""none""}",0.44874500267413,0.027473453023149384,0.8828970001613927,0.04348719232103265,0.15944997185103,0.9461281684219773,0.6310996014011969,0.2685680773693569,0.37651722803964843,0.6741396435403424,0.9358154865764206
xgboost,extended_geographic,"{""model__colsample_bytree"": 1.0, ""model__learning_rate"": 0.08, ""model__max_depth"": 6, ""model__min_child_weight"": 1, ""model__n_estimators"": 300, ""model__reg_lambda"": 5.0, ""model__subsample"": 0.8, ""scale_pos_weight_mode"": ""balanced""}",0.4486853379291681,0.02072085092185035,0.8831660526721317,0.10553563138102433,0.331946191766995,0.8580051416572785,0.2544785793742764,0.7052489849749675,0.373151030613454,0.6463560547638583,0.8866965205939081
xgboost,airport_aware,"{""model__colsample_bytree"": 0.8, ""model__learning_rate"": 0.08, ""model__max_depth"": 6, ""model__min_child_weight"": 1, ""model__n_estimators"": 600, ""model__reg_lambda"": 1.0, ""model__subsample"": 0.8, ""scale_pos_weight_mode"": ""balanced""}",0.44867949391876427,0.02176917259582046,0.8815058168559201,0.10287616664155244,0.3238205257598337,0.8593355909000305,0.2554000891936251,0.6984449869077777,0.37331294299773843,0.6468529290070038,0.8874415654699096
xgboost,extended_geographic,"{""model__colsample_bytree"": 0.8, ""model__learning_rate"": 0.03, ""model__max_depth"": 6, ""model__min_child_weight"": 1, ""model__n_estimators"": 600, ""model__reg_lambda"": 1.0, ""model__subsample"": 1.0, ""scale_pos_weight_mode"": ""balanced""}",0.4486467873998986,0.023534645661784072,0.8830712987981446,0.10841046397006185,0.34000510128835487,0.8533794077711541,0.24850238409758965,0.7091709570093637,0.36735558396473944,0.6419997244362714,0.8836002926997122
xgboost,airport_aware,"{""model__colsample_bytree"": 1.0, ""model__learning_rate"": 0.08, ""model__max_depth"": 3, ""model__min_child_weight"": 5, ""model__n_estimators"": 600, ""model__reg_lambda"": 1.0, ""model__subsample"": 1.0, ""scale_pos_weight_mode"": ""none""}",0.4485827211695209,0.025557746860772165,0.8830698441997289,0.04348022925423331,0.15914072552194575,0.9460637480848982,0.6274039360400193,0.27248704728281425,0.37967663541856805,0.6756981347410493,0.9359510245586284
xgboost,extended_geographic,"{""model__colsample_bytree"": 0.8, ""model__learning_rate"": 0.08, ""model__max_depth"": 6, ""model__min_child_weight"": 1, ""model__n_estimators"": 300, ""model__reg_lambda"": 1.0, ""model__subsample"": 1.0, ""scale_pos_weight_mode"": ""none""}",0.4485559053437792,0.02324508972687633,0.8849543842717486,0.04352792526971276,0.15831491527256192,0.9458558696503104,0.618116632756143,0.2836855137191491,0.3887041132445798,0.6801419926020116,0.9363623389129568
xgboost,extended_geographic,"{""model__colsample_bytree"": 0.8, ""model__learning_rate"": 0.03, ""model__max_depth"": 6, ""model__min_child_weight"": 5, ""model__n_estimators"": 300, ""model__reg_lambda"": 5.0, ""model__subsample"": 1.0, ""scale_pos_weight_mode"": ""balanced""}",0.448543597155352,0.02634756213415632,0.884236145298997,0.11279670398488988,0.3523767403676363,0.8472130437783478,0.24231467181378274,0.7243412564318492,0.36238748338639815,0.6375734173137346,0.8797025010404006
xgboost,airport_aware,"{""model__colsample_bytree"": 0.8, ""model__learning_rate"": 0.08, ""model__max_depth"": 3, ""model__min_child_weight"": 1, ""model__n_estimators"": 300, ""model__reg_lambda"": 5.0, ""model__subsample"": 0.8, ""scale_pos_weight_mode"": ""none""}",0.4485018742081885,0.027570941551912066,0.8832140234376229,0.043480564843160305,0.1593579865404557,0.9461504529711178,0.6314216154130401,0.26903444639223056,0.377031719737334,0.6744019646876479,0.9358627006260567
xgboost,extended_geographic,"{""model__colsample_bytree"": 1.0, ""model__learning_rate"": 0.03, ""model__max_depth"": 6, ""model__min_child_weight"": 5, ""model__n_estimators"": 300, ""model__reg_lambda"": 1.0, ""model__subsample"": 1.0, ""scale_pos_weight_mode"": ""none""}",0.44846172980697013,0.02538865498340347,0.8843956757542092,0.043410779011000156,0.15887878796967386,0.9463298853048047,0.6369122447365153,0.2670244608869605,0.3760158959263279,0.6739475612976665,0.9358360894965274
xgboost,extended_geographic,"{""model__colsample_bytree"": 0.8, ""model__learning_rate"": 0.03, ""model__max_depth"": 6, ""model__min_child_weight"": 5, ""model__n_estimators"": 300, ""model__reg_lambda"": 1.0, ""model__subsample"": 1.0, ""scale_pos_weight_mode"": ""balanced""}",0.4484423552279956,0.02553984536318393,0.8840326215879497,0.11217751687081552,0.35078420943277316,0.848461224614294,0.24312255346825276,0.7190374170435266,0.36271093702526974,0.6381303549063462,0.8804491701000747
xgboost,extended_geographic,"{""model__colsample_bytree"": 0.8, ""model__learning_rate"": 0.08, ""model__max_depth"": 6, ""model__min_child_weight"": 5, ""model__n_estimators"": 300, ""model__reg_lambda"": 1.0, ""model__subsample"": 1.0, ""scale_pos_weight_mode"": ""balanced""}",0.44843802955392276,0.023150422997517676,0.8828892798654747,0.10697304678942463,0.3361052929349312,0.855633332285802,0.2514148112936312,0.7063338164953585,0.3702053426251364,0.6441175380075027,0.8850631838139595
xgboost,airport_aware,"{""model__colsample_bytree"": 0.8, ""model__learning_rate"": 0.08, ""model__max_depth"": 3, ""model__min_child_weight"": 5, ""model__n_estimators"": 300, ""model__reg_lambda"": 1.0, ""model__subsample"": 0.8, ""scale_pos_weight_mode"": ""none""}",0.4484344724066676,0.028034366160774343,0.8828284665428427,0.0434696367103022,0.1593940257773796,0.9460471071186338,0.6300001865007061,0.26745692390545894,0.37522732902746947,0.6734740711763115,0.9356822656471039
xgboost,airport_aware,"{""model__colsample_bytree"": 0.8, ""model__learning_rate"": 0.08, ""model__max_depth"": 3, ""model__min_child_weight"": 1, ""model__n_estimators"": 300, ""model__reg_lambda"": 1.0, ""model__subsample"": 0.8, ""scale_pos_weight_mode"": ""none""}",0.4484301539735685,0.02776364169405957,0.88291125158555,0.043485606834878544,0.15936294636414697,0.9460109331191611,0.6304429051294946,0.267184976374169,0.3750200312881147,0.6733613891229101,0.9356041504612722
xgboost,extended_geographic,"{""model__colsample_bytree"": 1.0, ""model__learning_rate"": 0.03, ""model__max_depth"": 6, ""model__min_child_weight"": 1, ""model__n_estimators"": 600, ""model__reg_lambda"": 5.0, ""model__subsample"": 1.0, ""scale_pos_weight_mode"": ""balanced""}",0.44832070213950664,0.022291730174684405,0.8831718089016857,0.10933915536778657,0.34241640652102345,0.8524564605410283,0.24799211518551667,0.713081282439853,0.3674819297692247,0.6417459853637268,0.8830038060815106
xgboost,extended_geographic,"{""model__colsample_bytree"": 1.0, ""model__learning_rate"": 0.08, ""model__max_depth"": 6, ""model__min_child_weight"": 5, ""model__n_estimators"": 300, ""model__reg_lambda"": 1.0, ""model__subsample"": 0.8, ""scale_pos_weight_mode"": ""balanced""}",0.4483091709537703,0.020073517638416714,0.8829033564800286,0.10561285723532805,0.33193327597641664,0.8561419907066691,0.2520348450913949,0.7058831465601996,0.3707867706881972,0.6445717579543183,0.885416607786518
xgboost,airport_aware,"{""model__colsample_bytree"": 0.8, ""model__learning_rate"": 0.03, ""model__max_depth"": 6, ""model__min_child_weight"": 1, ""model__n_estimators"": 300, ""model__reg_lambda"": 1.0, ""model__subsample"": 1.0, ""scale_pos_weight_mode"": ""balanced""}",0.4481648929241852,0.02712290161859238,0.8840532651548199,0.11360685317477566,0.35438582878088526,0.8453242296552175,0.23972703188920547,0.725097327500315,0.359555537082788,0.635578752462605,0.8784255909302903
xgboost,airport_aware,"{""model__colsample_bytree"": 1.0, ""model__learning_rate"": 0.08, ""model__max_depth"": 3, ""model__min_child_weight"": 5, ""model__n_estimators"": 600, ""model__reg_lambda"": 5.0, ""model__subsample"": 0.8, ""scale_pos_weight_mode"": ""balanced""}",0.4481398148572165,0.025066687672305427,0.8837406255094422,0.11257512352011186,0.3519893016178801,0.8468921895343948,0.24141662441942432,0.7217208224782307,0.361240400297977,0.636892619748922,0.8794121235010888
xgboost,airport_aware,"{""model__colsample_bytree"": 1.0, ""model__learning_rate"": 0.03, ""model__max_depth"": 6, ""model__min_child_weight"": 5, ""model__n_estimators"": 300, ""model__reg_lambda"": 5.0, ""model__subsample"": 1.0, ""scale_pos_weight_mode"": ""balanced""}",0.44813157967705247,0.027960130795120983,0.883762642350398,0.1144345369255736,0.3565987672362442,0.8451826134809949,0.23960769507820326,0.7248716907778794,0.3594946392390429,0.6354909314882634,0.878325940298377
xgboost,airport_aware,"{""model__colsample_bytree"": 0.8, ""model__learning_rate"": 0.08, ""model__max_depth"": 3, ""model__min_child_weight"": 5, ""model__n_estimators"": 600, ""model__reg_lambda"": 1.0, ""model__subsample"": 0.8, ""scale_pos_weight_mode"": ""balanced""}",0.44812806277217554,0.02571911844329029,0.8833005267263696,0.11262721430853437,0.35200293968844626,0.8447065745367567,0.2388794992763935,0.7214704283439352,0.3584018421735737,0.6347599040661509,0.8778789741867191
xgboost,extended_geographic,"{""model__colsample_bytree"": 1.0, ""model__learning_rate"": 0.08, ""model__max_depth"": 6, ""model__min_child_weight"": 1, ""model__n_estimators"": 300, ""model__reg_lambda"": 1.0, ""model__subsample"": 0.8, ""scale_pos_weight_mode"": ""balanced""}",0.44812805452631244,0.01844970251265671,0.8819940909524053,0.10446123453967504,0.32883433916407023,0.8583396891097568,0.25411992849239506,0.6987661640965717,0.37197342356898305,0.645866536450884,0.8867795329587379
xgboost,extended_geographic,"{""model__colsample_bytree"": 0.8, ""model__learning_rate"": 0.08, ""model__max_depth"": 6, ""model__min_child_weight"": 1, ""model__n_estimators"": 600, ""model__reg_lambda"": 5.0, ""model__subsample"": 0.8, ""scale_pos_weight_mode"": ""none""}",0.4481215287372769,0.022159687173266752,0.883938988562314,0.04380171020020805,0.1588430809617593,0.9455398520284172,0.6048947143897253,0.29996675025963887,0.40083340841629134,0.6861051343227611,0.9368871638013454
xgboost,extended_geographic,"{""model__colsample_bytree"": 0.8, ""model__learning_rate"": 0.08, ""model__max_depth"": 6, ""model__min_child_weight"": 1, ""model__n_estimators"": 600, ""model__reg_lambda"": 5.0, ""model__subsample"": 1.0, ""scale_pos_weight_mode"": ""none""}",0.44810450021240245,0.0208567184287693,0.8840696593818336,0.04366100458648651,0.15860243691635173,0.9462246575878208,0.6204942727005582,0.29595288921418955,0.4005283174597053,0.6861432172876786,0.9372173264953425
xgboost,extended_geographic,"{""model__colsample_bytree"": 1.0, ""model__learning_rate"": 0.08, ""model__max_depth"": 6, ""model__min_child_weight"": 5, ""model__n_estimators"": 300, ""model__reg_lambda"": 1.0, ""model__subsample"": 1.0, ""scale_pos_weight_mode"": ""none""}",0.4480854207628105,0.020501068936752326,0.8845679586639852,0.043577815951352974,0.15849988465603754,0.9458330291332372,0.6180080292336161,0.2862284678593187,0.39099635382467157,0.6812825488898844,0.9363930277310143
xgboost,extended_geographic,"{""model__colsample_bytree"": 1.0, ""model__learning_rate"": 0.08, ""model__max_depth"": 3, ""model__min_child_weight"": 1, ""model__n_estimators"": 600, ""model__reg_lambda"": 5.0, ""model__subsample"": 0.8, ""scale_pos_weight_mode"": ""balanced""}",0.4480224105661395,0.02353409091764375,0.8838635634186541,0.11157014662042224,0.34887614881738344,0.8471609734953656,0.24178836058923042,0.7203521551738608,0.3614073883888619,0.6370575574688198,0.8795592169886284
xgboost,extended_geographic,"{""model__colsample_bytree"": 0.8, ""model__learning_rate"": 0.08, ""model__max_depth"": 6, ""model__min_child_weight"": 5, ""model__n_estimators"": 600, ""model__reg_lambda"": 5.0, ""model__subsample"": 1.0, ""scale_pos_weight_mode"": ""none""}",0.4480125443995311,0.022027224356290318,0.8844164992058017,0.043664376538938655,0.15857517572162158,0.9460035489930734,0.6156075739052617,0.2955620052927777,0.3990533279774616,0.6853472272055879,0.9370181371848674
xgboost,extended_geographic,"{""model__colsample_bytree"": 1.0, ""model__learning_rate"": 0.08, ""model__max_depth"": 6, ""model__min_child_weight"": 1, ""model__n_estimators"": 300, ""model__reg_lambda"": 1.0, ""model__subsample"": 1.0, ""scale_pos_weight_mode"": ""none""}",0.4480122897870764,0.023083337052159165,0.8842276286488427,0.043578198518813775,0.15848759741820978,0.9459362800755114,0.6188031297168062,0.28687132131081144,0.39179549691365934,0.6817086763425234,0.9365309984537277
xgboost,extended_geographic,"{""model__colsample_bytree"": 0.8, ""model__learning_rate"": 0.03, ""model__max_depth"": 6, ""model__min_child_weight"": 1, ""model__n_estimators"": 300, ""model__reg_lambda"": 5.0, ""model__subsample"": 1.0, ""scale_pos_weight_mode"": ""balanced""}",0.44800375832710093,0.025301032933092694,0.8838377039993806,0.11263372077635361,0.351760202397874,0.849689003342216,0.24445640272450658,0.7179311816628021,0.3639774396669807,0.6391671140959446,0.8812762260705054
xgboost,airport_aware,"{""model__colsample_bytree"": 0.8, ""model__learning_rate"": 0.08, ""model__max_depth"": 6, ""model__min_child_weight"": 1, ""model__n_estimators"": 600, ""model__reg_lambda"": 1.0, ""model__subsample"": 1.0, ""scale_pos_weight_mode"": ""balanced""}",0.44792892940676776,0.02320739829256123,0.8803589262911174,0.10470598887817598,0.3289254808838757,0.857365098851538,0.25251909340214385,0.6996648016739158,0.37040493490770243,0.6447921585937496,0.886137431929393
xgboost,airport_aware,"{""model__colsample_bytree"": 1.0, ""model__learning_rate"": 0.03, ""model__max_depth"": 6, ""model__min_child_weight"": 5, ""model__n_estimators"": 300, ""model__reg_lambda"": 1.0, ""model__subsample"": 1.0, ""scale_pos_weight_mode"": ""balanced""}",0.4479163918910884,0.027495568154464245,0.8837128166080708,0.11388144951356616,0.355176226863378,0.8457860779254887,0.24033241912631648,0.7242514054634922,0.3602296399404371,0.6360477374592346,0.878708766356384
xgboost,extended_geographic,"{""model__colsample_bytree"": 0.8, ""model__learning_rate"": 0.03, ""model__max_depth"": 6, ""model__min_child_weight"": 1, ""model__n_estimators"": 300, ""model__reg_lambda"": 1.0, ""model__subsample"": 1.0, ""scale_pos_weight_mode"": ""balanced""}",0.4477869769663843,0.024637584437381968,0.8838187169012673,0.1119436169502283,0.34995275179053703,0.8484402949811383,0.24310260297552388,0.7190073219973768,0.3626188571796196,0.6380827383403902,0.8804362422822509
xgboost,extended_geographic,"{""model__colsample_bytree"": 1.0, ""model__learning_rate"": 0.08, ""model__max_depth"": 6, ""model__min_child_weight"": 1, ""model__n_estimators"": 300, ""model__reg_lambda"": 5.0, ""model__subsample"": 1.0, ""scale_pos_weight_mode"": ""balanced""}",0.44777219438750915,0.02092983818044692,0.8826387524440313,0.10761741834766195,0.33761151006974577,0.8549712794333917,0.2509248803798135,0.7088054603027814,0.370061269134684,0.6438299205118364,0.8846467873332108
xgboost,airport_aware,"{""model__colsample_bytree"": 1.0, ""model__learning_rate"": 0.08, ""model__max_depth"": 3, ""model__min_child_weight"": 5, ""model__n_estimators"": 600, ""model__reg_lambda"": 1.0, ""model__subsample"": 0.8, ""scale_pos_weight_mode"": ""balanced""}",0.44774384008300094,0.024542624834732022,0.8832904724488759,0.112794992049007,0.35246409751143026,0.8439144558223468,0.23838440912033826,0.723443431249253,0.358165492972668,0.6343650889292519,0.8773419654784613
xgboost,extended_geographic,"{""model__colsample_bytree"": 1.0, ""model__learning_rate"": 0.03, ""model__max_depth"": 6, ""model__min_child_weight"": 5, ""model__n_estimators"": 300, ""model__reg_lambda"": 1.0, ""model__subsample"": 1.0, ""scale_pos_weight_mode"": ""balanced""}",0.447714369374277,0.024957767013580805,0.8837635523812939,0.11216990007003347,0.350648050749409,0.85099156220624,0.24569138149995556,0.7150053124875156,0.3650307895830432,0.6401049922500721,0.8821274821340864
xgboost,airport_aware,"{""model__colsample_bytree"": 1.0, ""model__learning_rate"": 0.08, ""model__max_depth"": 3, ""model__min_child_weight"": 5, ""model__n_estimators"": 300, ""model__reg_lambda"": 5.0, ""model__subsample"": 0.8, ""scale_pos_weight_mode"": ""none""}",0.44771086590092607,0.026484390651178694,0.883221820991048,0.043553008012842266,0.1595093856388099,0.9460208411107631,0.6288371113167179,0.26943271738038027,0.3769953561173597,0.6743489551823484,0.9357517260810857
xgboost,extended_geographic,"{""model__colsample_bytree"": 1.0, ""model__learning_rate"": 0.03, ""model__max_depth"": 6, ""model__min_child_weight"": 5, ""model__n_estimators"": 300, ""model__reg_lambda"": 5.0, ""model__subsample"": 1.0, ""scale_pos_weight_mode"": ""balanced""}",0.4476479993145828,0.025262117097306705,0.8837298693371102,0.11271301368732049,0.3520720432036654,0.8500144843878207,0.24451930824413556,0.7162206312085833,0.36381663328107555,0.6391978494014249,0.8815006068098489
xgboost,extended_geographic,"{""model__colsample_bytree"": 1.0, ""model__learning_rate"": 0.08, ""model__max_depth"": 3, ""model__min_child_weight"": 5, ""model__n_estimators"": 600, ""model__reg_lambda"": 5.0, ""model__subsample"": 0.8, ""scale_pos_weight_mode"": ""balanced""}",0.44760836238754764,0.023066697290447857,0.8839296593071351,0.11159057458423031,0.3489272760717339,0.8472129541520086,0.2417498108479398,0.7197624243605191,0.361287065075934,0.6370147885013192,0.8795883899450997
xgboost,airport_aware,"{""model__colsample_bytree"": 1.0, ""model__learning_rate"": 0.08, ""model__max_depth"": 3, ""model__min_child_weight"": 5, ""model__n_estimators"": 600, ""model__reg_lambda"": 5.0, ""model__subsample"": 1.0, ""scale_pos_weight_mode"": ""balanced""}",0.4476047577386929,0.02629369580839,0.8836145037539008,0.11336709265868679,0.35460389592584024,0.8466289673616059,0.24074256469407934,0.7193997988288576,0.3601107856084004,0.636254188421081,0.8792184187697428
xgboost,extended_geographic,"{""model__colsample_bytree"": 0.8, ""model__learning_rate"": 0.08, ""model__max_depth"": 3, ""model__min_child_weight"": 5, ""model__n_estimators"": 600, ""model__reg_lambda"": 5.0, ""model__subsample"": 0.8, ""scale_pos_weight_mode"": ""balanced""}",0.44758626410287283,0.023865934197264193,0.883958686624273,0.11208555267288231,0.3501278556581811,0.8461025890466807,0.24073536800804213,0.7217484555812765,0.3602956097778681,0.6361715652541052,0.8788874155913422
xgboost,airport_aware,"{""model__colsample_bytree"": 1.0, ""model__learning_rate"": 0.03, ""model__max_depth"": 6, ""model__min_child_weight"": 1, ""model__n_estimators"": 300, ""model__reg_lambda"": 5.0, ""model__subsample"": 1.0, ""scale_pos_weight_mode"": ""balanced""}",0.44756592510980847,0.02792651818628211,0.8837731644882151,0.11411323696810076,0.35573482517404176,0.8454086463618093,0.23942084855958806,0.7223101869450735,0.358938378263339,0.6352968359854525,0.8784490929581835
xgboost,extended_geographic,"{""model__colsample_bytree"": 0.8, ""model__learning_rate"": 0.08, ""model__max_depth"": 6, ""model__min_child_weight"": 5, ""model__n_estimators"": 600, ""model__reg_lambda"": 5.0, ""model__subsample"": 0.8, ""scale_pos_weight_mode"": ""none""}",0.4475623001692354,0.022257938425237832,0.8841378408939455,0.04379548161913642,0.15884146379766337,0.9457188854920947,0.6090063955481486,0.3002608739873782,0.40197489633375794,0.6867260451750801,0.936988108486133
xgboost,extended_geographic,"{""model__colsample_bytree"": 1.0, ""model__learning_rate"": 0.08, ""model__max_depth"": 3, ""model__min_child_weight"": 1, ""model__n_estimators"": 600, ""model__reg_lambda"": 1.0, ""model__subsample"": 0.8, ""scale_pos_weight_mode"": ""balanced""}",0.44755392003358246,0.0238486771309988,0.883621822907583,0.11136761036017304,0.3482662707689287,0.8472981898729881,0.24193969345423696,0.7205621125317994,0.3615269800522697,0.6371705246596984,0.8796802564234605
xgboost,airport_aware,"{""model__colsample_bytree"": 1.0, ""model__learning_rate"": 0.08, ""model__max_depth"": 3, ""model__min_child_weight"": 1, ""model__n_estimators"": 300, ""model__reg_lambda"": 5.0, ""model__subsample"": 0.8, ""scale_pos_weight_mode"": ""none""}",0.44753618723393035,0.026990291783088694,0.883080917202159,0.043538037405922866,0.15944286375450947,0.9461363877181782,0.6326733346688613,0.2688364821748969,0.37704158780250135,0.6744037389586872,0.9358025108593389
xgboost,extended_geographic,"{""model__colsample_bytree"": 0.8, ""model__learning_rate"": 0.08, ""model__max_depth"": 3, ""model__min_child_weight"": 1, ""model__n_estimators"": 600, ""model__reg_lambda"": 5.0, ""model__subsample"": 0.8, ""scale_pos_weight_mode"": ""balanced""}",0.4474640264219512,0.02367432667255923,0.8840389056906204,0.11212472509184772,0.35016437347182217,0.8466304577761289,0.2416175089938215,0.7229816532298338,0.3613789925637365,0.636879092469209,0.8792722187936578
xgboost,extended_geographic,"{""model__colsample_bytree"": 1.0, ""model__learning_rate"": 0.08, ""model__max_depth"": 3, ""model__min_child_weight"": 5, ""model__n_estimators"": 600, ""model__reg_lambda"": 1.0, ""model__subsample"": 0.8, ""scale_pos_weight_mode"": ""balanced""}",0.4474554139268319,0.022885725634126674,0.8836643007872078,0.1117036075575946,0.3491879939819181,0.8473284007091675,0.2420574094868909,0.7207949009887621,0.361758885967605,0.6372884436793995,0.8796804697638898
xgboost,extended_geographic,"{""model__colsample_bytree"": 1.0, ""model__learning_rate"": 0.03, ""model__max_depth"": 6, ""model__min_child_weight"": 1, ""model__n_estimators"": 600, ""model__reg_lambda"": 1.0, ""model__subsample"": 1.0, ""scale_pos_weight_mode"": ""balanced""}",0.4474273989690009,0.022010868232551217,0.8824125618574581,0.1085282456768603,0.34024151796020746,0.8542054783244449,0.25008324111337626,0.710954892421113,0.3694331311122009,0.6432761192740963,0.8841693615093715
xgboost,extended_geographic,"{""model__colsample_bytree"": 1.0, ""model__learning_rate"": 0.08, ""model__max_depth"": 6, ""model__min_child_weight"": 5, ""model__n_estimators"": 300, ""model__reg_lambda"": 1.0, ""model__subsample"": 1.0, ""scale_pos_weight_mode"": ""balanced""}",0.4474156404290991,0.022234018703938752,0.8822288933558695,0.10688420569490761,0.33586943027967153,0.8562172479553745,0.2522249175806112,0.706675095157773,0.37109793038952305,0.6447504388327306,0.8854799582744757
xgboost,airport_aware,"{""model__colsample_bytree"": 1.0, ""model__learning_rate"": 0.03, ""model__max_depth"": 6, ""model__min_child_weight"": 1, ""model__n_estimators"": 300, ""model__reg_lambda"": 1.0, ""model__subsample"": 1.0, ""scale_pos_weight_mode"": ""balanced""}",0.4473936184975103,0.027820395892220788,0.8836455533781564,0.113676140344557,0.3545380376501167,0.846143922072702,0.24031386903703233,0.7215490314164574,0.35986047401220544,0.6359854299115876,0.8789170800191399
xgboost,airport_aware,"{""model__colsample_bytree"": 1.0, ""model__learning_rate"": 0.08, ""model__max_depth"": 3, ""model__min_child_weight"": 1, ""model__n_estimators"": 600, ""model__reg_lambda"": 1.0, ""model__subsample"": 0.8, ""scale_pos_weight_mode"": ""balanced""}",0.4473714997736349,0.025098616416586114,0.8833982192354481,0.11241394860262324,0.3514125125958696,0.845218509811744,0.23981315890381877,0.7220962730394551,0.35963506647297944,0.6355153716004536,0.8782057348186131
xgboost,airport_aware,"{""model__colsample_bytree"": 1.0, ""model__learning_rate"": 0.08, ""model__max_depth"": 3, ""model__min_child_weight"": 1, ""model__n_estimators"": 600, ""model__reg_lambda"": 1.0, ""model__subsample"": 1.0, ""scale_pos_weight_mode"": ""balanced""}",0.4473508299425375,0.026873799939012805,0.8832240061464969,0.1129278131697115,0.35337506400373453,0.8447892888499282,0.2388792069561671,0.7200452689444407,0.358234806497136,0.63469243855344,0.8779106407392405
xgboost,extended_geographic,"{""model__colsample_bytree"": 0.8, ""model__learning_rate"": 0.08, ""model__max_depth"": 3, ""model__min_child_weight"": 1, ""model__n_estimators"": 600, ""model__reg_lambda"": 1.0, ""model__subsample"": 1.0, ""scale_pos_weight_mode"": ""none""}",0.44734075510972715,0.025721284829065418,0.8831880942554242,0.04346233532856415,0.15870412831982295,0.9463356255275205,0.6341728533143851,0.2697790764319471,0.3783783239370244,0.6751241275829648,0.9360610108016745
xgboost,airport_aware,"{""model__colsample_bytree"": 1.0, ""model__learning_rate"": 0.08, ""model__max_depth"": 3, ""model__min_child_weight"": 1, ""model__n_estimators"": 300, ""model__reg_lambda"": 1.0, ""model__subsample"": 0.8, ""scale_pos_weight_mode"": ""none""}",0.44730602352653503,0.0258126181373942,0.8830601210113469,0.04354841225070015,0.15947070832575527,0.9459462358926652,0.6281361499984021,0.26883069455105835,0.3761942431362914,0.6739290596458035,0.9356445912369551
xgboost,airport_aware,"{""model__colsample_bytree"": 1.0, ""model__learning_rate"": 0.08, ""model__max_depth"": 3, ""model__min_child_weight"": 5, ""model__n_estimators"": 300, ""model__reg_lambda"": 1.0, ""model__subsample"": 0.8, ""scale_pos_weight_mode"": ""none""}",0.44727603155770146,0.026663957670318424,0.8829778677653348,0.04354742289309117,0.15951683830136074,0.9459827973143528,0.628062228834146,0.2686597413112831,0.3760267255382695,0.6738558869640454,0.935669369811496
xgboost,extended_geographic,"{""model__colsample_bytree"": 0.8, ""model__learning_rate"": 0.08, ""model__max_depth"": 3, ""model__min_child_weight"": 5, ""model__n_estimators"": 600, ""model__reg_lambda"": 5.0, ""model__subsample"": 1.0, ""scale_pos_weight_mode"": ""none""}",0.4472365689313099,0.024874054434318747,0.8830475046525018,0.04348784413155698,0.15882923956872838,0.9462623233723828,0.6323970567327378,0.26791119055076107,0.37618887562130227,0.6740115620744354,0.9359367368921007
xgboost,extended_geographic,"{""model__colsample_bytree"": 0.8, ""model__learning_rate"": 0.08, ""model__max_depth"": 3, ""model__min_child_weight"": 5, ""model__n_estimators"": 600, ""model__reg_lambda"": 1.0, ""model__subsample"": 0.8, ""scale_pos_weight_mode"": ""balanced""}",0.44721850650424433,0.023938890075119023,0.883774399537149,0.11192989386140115,0.34968943210639836,0.8464315782628941,0.24080022212816238,0.7205977601600131,0.3601583597224861,0.6362247147320824,0.8791112208067494
xgboost,airport_aware,"{""model__colsample_bytree"": 0.8, ""model__learning_rate"": 0.08, ""model__max_depth"": 3, ""model__min_child_weight"": 1, ""model__n_estimators"": 600, ""model__reg_lambda"": 1.0, ""model__subsample"": 1.0, ""scale_pos_weight_mode"": ""balanced""}",0.44704434010675104,0.02644588512120545,0.8832157250276623,0.11280999809484774,0.35355297053804663,0.8471230989615254,0.24089608617443142,0.7159825418223771,0.3598604360208778,0.6362922712248021,0.8794982313527371
xgboost,airport_aware,"{""model__colsample_bytree"": 1.0, ""model__learning_rate"": 0.08, ""model__max_depth"": 3, ""model__min_child_weight"": 1, ""model__n_estimators"": 600, ""model__reg_lambda"": 5.0, ""model__subsample"": 1.0, ""scale_pos_weight_mode"": ""balanced""}",0.4470254931501912,0.026403596359454773,0.8836633298579409,0.11339105917419427,0.35463984820754124,0.8467108977242702,0.2408365925464612,0.719643194000988,0.3602340579077373,0.6363447630694292,0.8792884948194978
xgboost,extended_geographic,"{""model__colsample_bytree"": 1.0, ""model__learning_rate"": 0.08, ""model__max_depth"": 6, ""model__min_child_weight"": 5, ""model__n_estimators"": 600, ""model__reg_lambda"": 5.0, ""model__subsample"": 0.8, ""scale_pos_weight_mode"": ""none""}",0.44699312013324705,0.021118937832830312,0.884004201876625,0.04384484707687748,0.15897508002471752,0.9454091839503531,0.6035499443346912,0.2995040718468944,0.4000710374561116,0.685689768728629,0.9367215484032696
xgboost,extended_geographic,"{""model__colsample_bytree"": 0.8, ""model__learning_rate"": 0.08, ""model__max_depth"": 3, ""model__min_child_weight"": 1, ""model__n_estimators"": 600, ""model__reg_lambda"": 5.0, ""model__subsample"": 1.0, ""scale_pos_weight_mode"": ""none""}",0.4469856880197717,0.02595523612385624,0.8830919151222195,0.04349044003946213,0.1588251729614607,0.9462580738134566,0.6326122030469882,0.268021777775829,0.3763280777705227,0.6740802691758658,0.9359265320768907
xgboost,airport_aware,"{""model__colsample_bytree"": 0.8, ""model__learning_rate"": 0.08, ""model__max_depth"": 3, ""model__min_child_weight"": 5, ""model__n_estimators"": 600, ""model__reg_lambda"": 1.0, ""model__subsample"": 1.0, ""scale_pos_weight_mode"": ""balanced""}",0.4469627490822483,0.026269687302998616,0.8836176164269227,0.11300765149851663,0.35401009483224233,0.8471328147671736,0.24123421482046475,0.7183335385116154,0.3605324324014425,0.6366291507862067,0.8795344556079232
xgboost,airport_aware,"{""model__colsample_bytree"": 0.8, ""model__learning_rate"": 0.08, ""model__max_depth"": 3, ""model__min_child_weight"": 5, ""model__n_estimators"": 600, ""model__reg_lambda"": 5.0, ""model__subsample"": 1.0, ""scale_pos_weight_mode"": ""balanced""}",0.4469193564588247,0.025748458531755388,0.8836365335811941,0.11332706387908806,0.3550006511453554,0.8465250280009984,0.24043965233681472,0.7184568352437696,0.3596630911060246,0.6360023658227183,0.8791349727416546
xgboost,extended_geographic,"{""model__colsample_bytree"": 0.8, ""model__learning_rate"": 0.08, ""model__max_depth"": 6, ""model__min_child_weight"": 1, ""model__n_estimators"": 300, ""model__reg_lambda"": 1.0, ""model__subsample"": 1.0, ""scale_pos_weight_mode"": ""balanced""}",0.4468818461087044,0.02214430208111322,0.8815692928860951,0.10673332654296142,0.3351352802642206,0.8555821667712905,0.2515603647267747,0.7075904552612631,0.3705537429308597,0.6442726816562223,0.8850406473115877
xgboost,airport_aware,"{""model__colsample_bytree"": 0.8, ""model__learning_rate"": 0.08, ""model__max_depth"": 3, ""model__min_child_weight"": 1, ""model__n_estimators"": 600, ""model__reg_lambda"": 5.0, ""model__subsample"": 1.0, ""scale_pos_weight_mode"": ""balanced""}",0.4468756362845605,0.026081723928802394,0.8834501670701652,0.11329087432020982,0.3547620820355595,0.8471057543128439,0.24106118881955824,0.7178749889997056,0.36033817197332313,0.6365190353893322,0.8795059845447744
xgboost,airport_aware,"{""model__colsample_bytree"": 1.0, ""model__learning_rate"": 0.08, ""model__max_depth"": 3, ""model__min_child_weight"": 5, ""model__n_estimators"": 600, ""model__reg_lambda"": 1.0, ""model__subsample"": 1.0, ""scale_pos_weight_mode"": ""balanced""}",0.4467707956812067,0.026899818175073958,0.8836239095997703,0.11304283722817368,0.3538259939174869,0.8450929877931277,0.2396707910531463,0.7223926165914242,0.3594173721812533,0.6353728505391463,0.8781577994033121
xgboost,airport_aware,"{""model__colsample_bytree"": 1.0, ""model__learning_rate"": 0.08, ""model__max_depth"": 6, ""model__min_child_weight"": 1, ""model__n_estimators"": 600, ""model__reg_lambda"": 1.0, ""model__subsample"": 1.0, ""scale_pos_weight_mode"": ""balanced""}",0.44676237076038855,0.02222883145480714,0.8795037542107744,0.10475000531664254,0.3290005057161621,0.8569331739705769,0.2513407503403485,0.6961373412410273,0.368671876935389,0.6437965461206974,0.8857911379196477
xgboost,extended_geographic,"{""model__colsample_bytree"": 1.0, ""model__learning_rate"": 0.03, ""model__max_depth"": 6, ""model__min_child_weight"": 1, ""model__n_estimators"": 300, ""model__reg_lambda"": 5.0, ""model__subsample"": 1.0, ""scale_pos_weight_mode"": ""balanced""}",0.4467263164190447,0.024236673699336634,0.8834068263553876,0.11238156938660146,0.35107541670004705,0.8495498050246594,0.24416121357736092,0.7159385150548623,0.36362914655277645,0.6389181028671638,0.8811111138664524
xgboost,extended_geographic,"{""model__colsample_bytree"": 0.8, ""model__learning_rate"": 0.08, ""model__max_depth"": 3, ""model__min_child_weight"": 1, ""model__n_estimators"": 600, ""model__reg_lambda"": 1.0, ""model__subsample"": 0.8, ""scale_pos_weight_mode"": ""balanced""}",0.44670955452745914,0.02336946265995194,0.8835844764584939,0.1117654988317149,0.34918758750238754,0.846729828069012,0.24124053209044427,0.72023262665046,0.3606159807901005,0.636540364507402,0.8792774778258734
xgboost,extended_geographic,"{""model__colsample_bytree"": 1.0, ""model__learning_rate"": 0.08, ""model__max_depth"": 3, ""model__min_child_weight"": 5, ""model__n_estimators"": 600, ""model__reg_lambda"": 5.0, ""model__subsample"": 1.0, ""scale_pos_weight_mode"": ""balanced""}",0.4466991825776138,0.025130898991575158,0.8833214504228126,0.11186075525543818,0.35046983794949665,0.8485840173292866,0.24307906799770965,0.7161481515813833,0.36240345891772674,0.6379979131206087,0.8804457144500077
xgboost,extended_geographic,"{""model__colsample_bytree"": 1.0, ""model__learning_rate"": 0.08, ""model__max_depth"": 6, ""model__min_child_weight"": 5, ""model__n_estimators"": 600, ""model__reg_lambda"": 5.0, ""model__subsample"": 1.0, ""scale_pos_weight_mode"": ""none""}",0.44669367526928977,0.02143682049516664,0.884010799462402,0.04375982203517957,0.15890907458191267,0.9458315993824631,0.6126014083118986,0.29613812537690976,0.39900081409621346,0.6852730436064627,0.9369023978918027
xgboost,extended_geographic,"{""model__colsample_bytree"": 0.8, ""model__learning_rate"": 0.08, ""model__max_depth"": 3, ""model__min_child_weight"": 5, ""model__n_estimators"": 600, ""model__reg_lambda"": 1.0, ""model__subsample"": 1.0, ""scale_pos_weight_mode"": ""balanced""}",0.44667292084315635,0.025002822270002698,0.8832753407443068,0.11176577447079401,0.35038263103994166,0.8480767704404213,0.2419386481644402,0.7145492223513764,0.3608524107967925,0.6370862202731764,0.8801057559521498
xgboost,extended_geographic,"{""model__colsample_bytree"": 0.8, ""model__learning_rate"": 0.08, ""model__max_depth"": 3, ""model__min_child_weight"": 1, ""model__n_estimators"": 600, ""model__reg_lambda"": 1.0, ""model__subsample"": 1.0, ""scale_pos_weight_mode"": ""balanced""}",0.4466551285150969,0.024562949175255283,0.8830269612951257,0.1115632358402973,0.3498700902600086,0.8475183290235174,0.24216145548928977,0.7169853845606701,0.3616301289568874,0.6372371597103673,0.8796697831579385
xgboost,extended_geographic,"{""model__colsample_bytree"": 1.0, ""model__learning_rate"": 0.08, ""model__max_depth"": 3, ""model__min_child_weight"": 1, ""model__n_estimators"": 600, ""model__reg_lambda"": 1.0, ""model__subsample"": 1.0, ""scale_pos_weight_mode"": ""none""}",0.44664004341870617,0.025443660566043847,0.8827893638594093,0.04352201372386401,0.15889836208008437,0.9461895209633553,0.6320442363976551,0.2677425477439791,0.3759430809678647,0.6738685195813277,0.9358540361575047
xgboost,extended_geographic,"{""model__colsample_bytree"": 1.0, ""model__learning_rate"": 0.08, ""model__max_depth"": 3, ""model__min_child_weight"": 5, ""model__n_estimators"": 600, ""model__reg_lambda"": 1.0, ""model__subsample"": 1.0, ""scale_pos_weight_mode"": ""balanced""}",0.4466166472584418,0.025679979712791717,0.8831173065178775,0.11161031018767853,0.349927523861738,0.849073051893785,0.2433860891218793,0.7143159785536319,0.362472581063454,0.638194806506981,0.8807567253081944
xgboost,airport_aware,"{""model__colsample_bytree"": 0.8, ""model__learning_rate"": 0.08, ""model__max_depth"": 3, ""model__min_child_weight"": 5, ""model__n_estimators"": 300, ""model__reg_lambda"": 1.0, ""model__subsample"": 1.0, ""scale_pos_weight_mode"": ""none""}",0.44656310806198507,0.02769149523781968,0.8826429819955802,0.043565643713292204,0.15973570819260924,0.945941542034474,0.6324236305180667,0.2614213885149197,0.369541099966801,0.6706096466800394,0.9352449916839163
xgboost,extended_geographic,"{""model__colsample_bytree"": 0.8, ""model__learning_rate"": 0.08, ""model__max_depth"": 3, ""model__min_child_weight"": 5, ""model__n_estimators"": 600, ""model__reg_lambda"": 1.0, ""model__subsample"": 1.0, ""scale_pos_weight_mode"": ""none""}",0.4465323799806374,0.024610942280262404,0.8830282019499489,0.04353978689749851,0.15896115012293582,0.9460802072056795,0.6294178498086268,0.2692400511107513,0.3770006922059473,0.6743665818690697,0.9358198394702612
xgboost,extended_geographic,"{""model__colsample_bytree"": 0.8, ""model__learning_rate"": 0.08, ""model__max_depth"": 6, ""model__min_child_weight"": 1, ""model__n_estimators"": 300, ""model__reg_lambda"": 1.0, ""model__subsample"": 0.8, ""scale_pos_weight_mode"": ""balanced""}",0.44641886462716024,0.020086453416337764,0.8824695413765639,0.10522851503906291,0.3307680549876774,0.8570994688484088,0.25332095048474124,0.7041814298373492,0.37186804854498723,0.6454109801913075,0.8860375208060202
xgboost,extended_geographic,"{""model__colsample_bytree"": 1.0, ""model__learning_rate"": 0.08, ""model__max_depth"": 3, ""model__min_child_weight"": 1, ""model__n_estimators"": 600, ""model__reg_lambda"": 1.0, ""model__subsample"": 1.0, ""scale_pos_weight_mode"": ""balanced""}",0.44636578848320463,0.025353886129806942,0.8827657112824641,0.11165803858648733,0.34988313393652637,0.8483105881522637,0.24287670333071598,0.7172390246053507,0.3622724507209851,0.6378501850050605,0.8802791365329838
xgboost,extended_geographic,"{""model__colsample_bytree"": 0.8, ""model__learning_rate"": 0.08, ""model__max_depth"": 3, ""model__min_child_weight"": 1, ""model__n_estimators"": 600, ""model__reg_lambda"": 5.0, ""model__subsample"": 1.0, ""scale_pos_weight_mode"": ""balanced""}",0.44628516153405184,0.025553175802787903,0.8833600003095594,0.11189129558385162,0.3509139495858014,0.848726734874664,0.24307722378581556,0.715804186488567,0.36227451720045056,0.6379924974399824,0.8805677059151773
xgboost,extended_geographic,"{""model__colsample_bytree"": 1.0, ""model__learning_rate"": 0.08, ""model__max_depth"": 3, ""model__min_child_weight"": 1, ""model__n_estimators"": 600, ""model__reg_lambda"": 5.0, ""model__subsample"": 1.0, ""scale_pos_weight_mode"": ""balanced""}",0.44622131652666985,0.025363499821835677,0.8830341446750356,0.11150735474906301,0.34971916402545605,0.8490765030235435,0.2433218437086385,0.7139753188492741,0.36237635877482177,0.6381474482538965,0.8807476620771011
xgboost,extended_geographic,"{""model__colsample_bytree"": 1.0, ""model__learning_rate"": 0.08, ""model__max_depth"": 3, ""model__min_child_weight"": 5, ""model__n_estimators"": 600, ""model__reg_lambda"": 1.0, ""model__subsample"": 1.0, ""scale_pos_weight_mode"": ""none""}",0.4461963737170539,0.023992184866678985,0.8830760642529996,0.04353976914181805,0.15890539653491909,0.946036399546507,0.6290066414528391,0.2672019979305208,0.37486671624169904,0.6732900860276946,0.9356881098961132
xgboost,airport_aware,"{""model__colsample_bytree"": 0.8, ""model__learning_rate"": 0.08, ""model__max_depth"": 3, ""model__min_child_weight"": 5, ""model__n_estimators"": 300, ""model__reg_lambda"": 5.0, ""model__subsample"": 1.0, ""scale_pos_weight_mode"": ""none""}",0.44613925237701546,0.026744863818175736,0.882547831046274,0.0435702470979921,0.1597804460085442,0.9459662747149407,0.6323983458763205,0.26158026899857123,0.3697870998500758,0.6707383669320274,0.9352954088846122
xgboost,airport_aware,"{""model__colsample_bytree"": 0.8, ""model__learning_rate"": 0.03, ""model__max_depth"": 3, ""model__min_child_weight"": 1, ""model__n_estimators"": 600, ""model__reg_lambda"": 1.0, ""model__subsample"": 0.8, ""scale_pos_weight_mode"": ""none""}",0.4460936272873914,0.027632112837653985,0.8824910730864601,0.04359390079284651,0.1599676990149413,0.9459384192318563,0.6335354185811576,0.25925755671995426,0.3675477688118454,0.6696146845619689,0.9351126665452748
xgboost,extended_geographic,"{""model__colsample_bytree"": 1.0, ""model__learning_rate"": 0.03, ""model__max_depth"": 6, ""model__min_child_weight"": 1, ""model__n_estimators"": 300, ""model__reg_lambda"": 1.0, ""model__subsample"": 1.0, ""scale_pos_weight_mode"": ""balanced""}",0.44607354671420174,0.02390513307591318,0.8832069889803276,0.11195466568213072,0.3499711897175563,0.8518067439072181,0.24655714932104195,0.7129810803314637,0.3657028351669383,0.6406984373629708,0.8826303767301743
xgboost,airport_aware,"{""model__colsample_bytree"": 0.8, ""model__learning_rate"": 0.08, ""model__max_depth"": 3, ""model__min_child_weight"": 1, ""model__n_estimators"": 300, ""model__reg_lambda"": 1.0, ""model__subsample"": 1.0, ""scale_pos_weight_mode"": ""none""}",0.44606698751380647,0.027865746095423798,0.8823990116436728,0.04358388958052735,0.15980949457082474,0.945996731827133,0.632148792882931,0.2633355444782896,0.3714439048207655,0.6715742243986561,0.9353877120435875
xgboost,extended_geographic,"{""model__colsample_bytree"": 1.0, ""model__learning_rate"": 0.08, ""model__max_depth"": 6, ""model__min_child_weight"": 1, ""model__n_estimators"": 600, ""model__reg_lambda"": 5.0, ""model__subsample"": 0.8, ""scale_pos_weight_mode"": ""none""}",0.44592338168628176,0.021740687894472515,0.883243431754497,0.043947581630569055,0.15922078856991523,0.9453648814935984,0.6013047116845677,0.2988658003790391,0.3990383356128468,0.6851606964116034,0.9367100456874349
xgboost,airport_aware,"{""model__colsample_bytree"": 0.8, ""model__learning_rate"": 0.03, ""model__max_depth"": 3, ""model__min_child_weight"": 5, ""model__n_estimators"": 600, ""model__reg_lambda"": 1.0, ""model__subsample"": 0.8, ""scale_pos_weight_mode"": ""none""}",0.445836483475963,0.027445046113691772,0.882464605315518,0.04358498280247096,0.15998353505051394,0.9459829174731131,0.634253237098494,0.2590876268754943,0.367546113038669,0.6696261858705228,0.9351551843149221
xgboost,airport_aware,"{""model__colsample_bytree"": 0.8, ""model__learning_rate"": 0.03, ""model__max_depth"": 3, ""model__min_child_weight"": 1, ""model__n_estimators"": 600, ""model__reg_lambda"": 5.0, ""model__subsample"": 0.8, ""scale_pos_weight_mode"": ""none""}",0.4457053706167252,0.027623272258473268,0.882469901074184,0.043598140923010495,0.16000187565027746,0.9459677865126306,0.6336797872546163,0.26040590461317,0.36874100288058775,0.6702178967248702,0.9352035120155076
xgboost,extended_geographic,"{""model__colsample_bytree"": 1.0, ""model__learning_rate"": 0.08, ""model__max_depth"": 6, ""model__min_child_weight"": 1, ""model__n_estimators"": 600, ""model__reg_lambda"": 5.0, ""model__subsample"": 1.0, ""scale_pos_weight_mode"": ""none""}",0.44561603358973495,0.022072681373581003,0.8836242005372487,0.04379372481153661,0.15902135787547333,0.9459138933598389,0.6141426867216799,0.29571233029365096,0.3988674968863874,0.6852306743654899,0.9369279938013981
xgboost,airport_aware,"{""model__colsample_bytree"": 1.0, ""model__learning_rate"": 0.08, ""model__max_depth"": 3, ""model__min_child_weight"": 1, ""model__n_estimators"": 300, ""model__reg_lambda"": 5.0, ""model__subsample"": 1.0, ""scale_pos_weight_mode"": ""none""}",0.44554275815380173,0.028542683786211144,0.8827307505043349,0.043625516807364886,0.15980446231327383,0.9458913102973945,0.6304629580482102,0.2618006805283235,0.3695635148858135,0.6706071757381216,0.9352230762077424
xgboost,airport_aware,"{""model__colsample_bytree"": 1.0, ""model__learning_rate"": 0.08, ""model__max_depth"": 3, ""model__min_child_weight"": 5, ""model__n_estimators"": 300, ""model__reg_lambda"": 5.0, ""model__subsample"": 1.0, ""scale_pos_weight_mode"": ""none""}",0.445542704389012,0.027592674174711083,0.8825203893821646,0.04363343750655494,0.15994254784680717,0.9459227287643619,0.6296846259307953,0.2636982596291788,0.37140786975564,0.6715357180565035,0.9353548896633501
xgboost,airport_aware,"{""model__colsample_bytree"": 1.0, ""model__learning_rate"": 0.03, ""model__max_depth"": 3, ""model__min_child_weight"": 5, ""model__n_estimators"": 600, ""model__reg_lambda"": 1.0, ""model__subsample"": 0.8, ""scale_pos_weight_mode"": ""none""}",0.44553211013737054,0.027344510589406668,0.8827742414134324,0.043590971208760154,0.15992798198438204,0.9459198165809622,0.6324337325459232,0.26024390509415307,0.3684622869515949,0.6700656314754493,0.9351559703807346
xgboost,airport_aware,"{""model__colsample_bytree"": 0.8, ""model__learning_rate"": 0.03, ""model__max_depth"": 3, ""model__min_child_weight"": 5, ""model__n_estimators"": 600, ""model__reg_lambda"": 5.0, ""model__subsample"": 0.8, ""scale_pos_weight_mode"": ""none""}",0.4455318225786307,0.02801115054976947,0.882431845892324,0.04361332351121199,0.16007532353057094,0.9459231787730756,0.6321949285792909,0.2606809646529017,0.3688472274830145,0.670258159097189,0.9351953812748194
xgboost,airport_aware,"{""model__colsample_bytree"": 1.0, ""model__learning_rate"": 0.03, ""model__max_depth"": 3, ""model__min_child_weight"": 1, ""model__n_estimators"": 600, ""model__reg_lambda"": 5.0, ""model__subsample"": 0.8, ""scale_pos_weight_mode"": ""none""}",0.44551826847589127,0.02791643174147808,0.8827523760064657,0.04361850323498184,0.15993574082900336,0.9458225684349884,0.6299509451996014,0.2604384056445808,0.3682099313848032,0.6699125698812946,0.9350984297272162
xgboost,extended_geographic,"{""model__colsample_bytree"": 1.0, ""model__learning_rate"": 0.08, ""model__max_depth"": 3, ""model__min_child_weight"": 5, ""model__n_estimators"": 600, ""model__reg_lambda"": 5.0, ""model__subsample"": 1.0, ""scale_pos_weight_mode"": ""none""}",0.4455073148106603,0.02469855590548641,0.8826570920364315,0.04355840471420696,0.1590847869513207,0.9458830004668048,0.6279097603911123,0.2640111615644054,0.37151532970424206,0.6715757750804199,0.9354082092428919
xgboost,airport_aware,"{""model__colsample_bytree"": 1.0, ""model__learning_rate"": 0.03, ""model__max_depth"": 3, ""model__min_child_weight"": 1, ""model__n_estimators"": 600, ""model__reg_lambda"": 1.0, ""model__subsample"": 0.8, ""scale_pos_weight_mode"": ""none""}",0.44550541124315785,0.027197639861331377,0.882655350824099,0.04360839995116672,0.1599635827619455,0.9459379583378622,0.632244211026056,0.2607014523379919,0.36885000417934694,0.6702644768324376,0.9351908716591038
xgboost,extended_geographic,"{""model__colsample_bytree"": 1.0, ""model__learning_rate"": 0.08, ""model__max_depth"": 6, ""model__min_child_weight"": 1, ""model__n_estimators"": 300, ""model__reg_lambda"": 1.0, ""model__subsample"": 1.0, ""scale_pos_weight_mode"": ""balanced""}",0.4454974018311394,0.020960572193382737,0.8810152213285803,0.10665161722045495,0.33483510930511,0.8560362670833742,0.25142260083054946,0.7028913113365792,0.3697613547530129,0.6440301129056223,0.8852724580566637
xgboost,extended_geographic,"{""model__colsample_bytree"": 0.8, ""model__learning_rate"": 0.08, ""model__max_depth"": 3, ""model__min_child_weight"": 5, ""model__n_estimators"": 600, ""model__reg_lambda"": 5.0, ""model__subsample"": 1.0, ""scale_pos_weight_mode"": ""balanced""}",0.4454608572982667,0.02457497053573232,0.8831331218617617,0.11187704221614062,0.35073182961166866,0.8486308071323492,0.24291342354911802,0.714863656617085,0.3620206520021695,0.6378278987031611,0.8804681317553866
xgboost,airport_aware,"{""model__colsample_bytree"": 0.8, ""model__learning_rate"": 0.08, ""model__max_depth"": 3, ""model__min_child_weight"": 1, ""model__n_estimators"": 300, ""model__reg_lambda"": 5.0, ""model__subsample"": 1.0, ""scale_pos_weight_mode"": ""none""}",0.4453434479593132,0.028695500245268655,0.8825650235538072,0.04359657122798414,0.15982939357782844,0.9460084171973365,0.6327986795829044,0.2625269277348787,0.3707899834290998,0.6712505247350924,0.9353729575843325
xgboost,extended_geographic,"{""model__colsample_bytree"": 1.0, ""model__learning_rate"": 0.08, ""model__max_depth"": 3, ""model__min_child_weight"": 1, ""model__n_estimators"": 600, ""model__reg_lambda"": 5.0, ""model__subsample"": 1.0, ""scale_pos_weight_mode"": ""none""}",0.4452922094436264,0.025399666763012772,0.8826075558713148,0.043563877849683554,0.15906750179029663,0.9460609491064951,0.630052216803485,0.2658598027002024,0.3737113044327874,0.6727200962508268,0.9356524255333134
xgboost,airport_aware,"{""model__colsample_bytree"": 1.0, ""model__learning_rate"": 0.03, ""model__max_depth"": 3, ""model__min_child_weight"": 5, ""model__n_estimators"": 600, ""model__reg_lambda"": 5.0, ""model__subsample"": 0.8, ""scale_pos_weight_mode"": ""none""}",0.44518548402323194,0.027569117992456604,0.8825942406992084,0.04362218147074291,0.1600127249556803,0.9458602251865376,0.6308943396309025,0.26027398811969926,0.3682615665184364,0.6699487379385671,0.9351189115991572
xgboost,airport_aware,"{""model__colsample_bytree"": 1.0, ""model__learning_rate"": 0.08, ""model__max_depth"": 3, ""model__min_child_weight"": 5, ""model__n_estimators"": 300, ""model__reg_lambda"": 1.0, ""model__subsample"": 1.0, ""scale_pos_weight_mode"": ""none""}",0.44494675286758206,0.02717251017555431,0.8824718935786524,0.04362951967143029,0.15991278025200412,0.9457729366684049,0.6276760103904389,0.26108734188299537,0.368406858376105,0.6699972398002705,0.9351073085956714
xgboost,extended_geographic,"{""model__colsample_bytree"": 1.0, ""model__learning_rate"": 0.08, ""model__max_depth"": 3, ""model__min_child_weight"": 5, ""model__n_estimators"": 300, ""model__reg_lambda"": 1.0, ""model__subsample"": 0.8, ""scale_pos_weight_mode"": ""none""}",0.44490416650617803,0.025473248491294533,0.8828668187586626,0.043562653122306484,0.15922478917142655,0.9458827770183221,0.6303194806356779,0.2606010522769754,0.36855047165433874,0.6700980017355198,0.9351958573506373
xgboost,extended_geographic,"{""model__colsample_bytree"": 1.0, ""model__learning_rate"": 0.08, ""model__max_depth"": 3, ""model__min_child_weight"": 1, ""model__n_estimators"": 300, ""model__reg_lambda"": 1.0, ""model__subsample"": 0.8, ""scale_pos_weight_mode"": ""none""}",0.44489166585141876,0.026434767204766084,0.8827049949617976,0.0435509474171276,0.15922781269281625,0.9459543571234412,0.6319306069046118,0.2604977544321903,0.3686159030105042,0.6701498466823622,0.9352630185171671
xgboost,airport_aware,"{""model__colsample_bytree"": 1.0, ""model__learning_rate"": 0.08, ""model__max_depth"": 3, ""model__min_child_weight"": 1, ""model__n_estimators"": 300, ""model__reg_lambda"": 1.0, ""model__subsample"": 1.0, ""scale_pos_weight_mode"": ""none""}",0.4448200758582824,0.0272393548560878,0.8823087678394452,0.04364664499030309,0.159930074879246,0.9458195234311019,0.6281158115689496,0.2620893942136442,0.3694877903870015,0.6705499795838273,0.9351812166944748
xgboost,extended_geographic,"{""model__colsample_bytree"": 0.8, ""model__learning_rate"": 0.08, ""model__max_depth"": 3, ""model__min_child_weight"": 1, ""model__n_estimators"": 300, ""model__reg_lambda"": 1.0, ""model__subsample"": 0.8, ""scale_pos_weight_mode"": ""none""}",0.44469636241328836,0.026400268364771922,0.8828202850705293,0.04355871449808576,0.15935078878367373,0.946072967833917,0.6330217538816406,0.2616501585705287,0.369980362317493,0.670863922298505,0.9354221391858448
xgboost,extended_geographic,"{""model__colsample_bytree"": 0.8, ""model__learning_rate"": 0.08, ""model__max_depth"": 3, ""model__min_child_weight"": 5, ""model__n_estimators"": 300, ""model__reg_lambda"": 1.0, ""model__subsample"": 0.8, ""scale_pos_weight_mode"": ""none""}",0.4445349941779656,0.02618216649715139,0.8830527037851639,0.0435544758715046,0.15928384861773653,0.9460298073796508,0.6323197591390768,0.2609096601165799,0.3691434777838043,0.6704339821351176,0.9353586515670737
xgboost,extended_geographic,"{""model__colsample_bytree"": 0.8, ""model__learning_rate"": 0.08, ""model__max_depth"": 6, ""model__min_child_weight"": 1, ""model__n_estimators"": 600, ""model__reg_lambda"": 5.0, ""model__subsample"": 1.0, ""scale_pos_weight_mode"": ""balanced""}",0.44441339912555095,0.020400894523379925,0.8796374771443393,0.1035289475890349,0.3261260964410433,0.8597360008974062,0.25550703718845974,0.6925278634688979,0.3726533225935113,0.6466307144082803,0.8875970826886018
xgboost,extended_geographic,"{""model__colsample_bytree"": 1.0, ""model__learning_rate"": 0.08, ""model__max_depth"": 3, ""model__min_child_weight"": 1, ""model__n_estimators"": 300, ""model__reg_lambda"": 5.0, ""model__subsample"": 0.8, ""scale_pos_weight_mode"": ""none""}",0.4444131917574648,0.026522114659863153,0.8827688685290983,0.04356540602503267,0.1593074146478823,0.9459662512886814,0.6311853493048847,0.25979432764665356,0.36787427787188104,0.6697828616578863,0.9352604004858321
xgboost,extended_geographic,"{""model__colsample_bytree"": 1.0, ""model__learning_rate"": 0.08, ""model__max_depth"": 6, ""model__min_child_weight"": 5, ""model__n_estimators"": 600, ""model__reg_lambda"": 5.0, ""model__subsample"": 1.0, ""scale_pos_weight_mode"": ""balanced""}",0.44423898951908064,0.019740244474305495,0.8796957053858241,0.10395860047537786,0.3275039326211965,0.8594931043591183,0.2553942395434915,0.6953054744416888,0.3730038196449243,0.646726082528714,0.8874948194660057
xgboost,extended_geographic,"{""model__colsample_bytree"": 1.0, ""model__learning_rate"": 0.08, ""model__max_depth"": 3, ""model__min_child_weight"": 5, ""model__n_estimators"": 300, ""model__reg_lambda"": 5.0, ""model__subsample"": 0.8, ""scale_pos_weight_mode"": ""none""}",0.4442190214647333,0.026783559476897853,0.8827684497012683,0.04357717810984783,0.1593585790265958,0.9459721245446453,0.6311001849772079,0.2599924929781384,0.36804213224294857,0.6698688892839939,0.9352701753303572
xgboost,extended_geographic,"{""model__colsample_bytree"": 0.8, ""model__learning_rate"": 0.08, ""model__max_depth"": 6, ""model__min_child_weight"": 5, ""model__n_estimators"": 600, ""model__reg_lambda"": 5.0, ""model__subsample"": 1.0, ""scale_pos_weight_mode"": ""balanced""}",0.4441607623555064,0.0221001699452996,0.8807051627822249,0.10376316235469496,0.3271010325978483,0.859617595534442,0.2560129834383441,0.6974635705431054,0.3739106775682579,0.6472136133647767,0.8876027155263302
xgboost,extended_geographic,"{""model__colsample_bytree"": 0.8, ""model__learning_rate"": 0.08, ""model__max_depth"": 3, ""model__min_child_weight"": 1, ""model__n_estimators"": 300, ""model__reg_lambda"": 5.0, ""model__subsample"": 0.8, ""scale_pos_weight_mode"": ""none""}",0.44395704793216917,0.026899445902979126,0.8825999930660346,0.04359439769570465,0.1594641547078789,0.9459418178034834,0.6307227752343202,0.2610004569989207,0.36900599875983053,0.6703412173597361,0.9352838398800183
xgboost,airport_aware,"{""model__colsample_bytree"": 0.8, ""model__learning_rate"": 0.08, ""model__max_depth"": 3, ""model__min_child_weight"": 5, ""model__n_estimators"": 300, ""model__reg_lambda"": 5.0, ""model__subsample"": 0.8, ""scale_pos_weight_mode"": ""balanced""}",0.4439539446760759,0.027253714102164733,0.8828205698586048,0.11463041007188049,0.35857353613868187,0.8433135565379303,0.2375241060594521,0.7235939545496459,0.35715106266472013,0.6336774248658114,0.8769565099362288
xgboost,extended_geographic,"{""model__colsample_bytree"": 0.8, ""model__learning_rate"": 0.08, ""model__max_depth"": 3, ""model__min_child_weight"": 5, ""model__n_estimators"": 300, ""model__reg_lambda"": 5.0, ""model__subsample"": 0.8, ""scale_pos_weight_mode"": ""none""}",0.4439504944356562,0.0270813217235655,0.8826706204867737,0.04359417963060128,0.1594608460471602,0.9460326619588123,0.6325265334282488,0.26085286237807226,0.3691180047730548,0.6704225889871541,0.9353442324786219
xgboost,extended_geographic,"{""model__colsample_bytree"": 0.8, ""model__learning_rate"": 0.08, ""model__max_depth"": 6, ""model__min_child_weight"": 5, ""model__n_estimators"": 600, ""model__reg_lambda"": 1.0, ""model__subsample"": 0.8, ""scale_pos_weight_mode"": ""none""}",0.4439085199189444,0.021185338415235722,0.8829860105426393,0.04405487605542459,0.15965371588150562,0.9456149136465601,0.6059513309841688,0.30224458405992793,0.4029973137743097,0.6872060685175757,0.9370225711952951
xgboost,airport_aware,"{""model__colsample_bytree"": 1.0, ""model__learning_rate"": 0.08, ""model__max_depth"": 3, ""model__min_child_weight"": 5, ""model__n_estimators"": 300, ""model__reg_lambda"": 5.0, ""model__subsample"": 1.0, ""scale_pos_weight_mode"": ""balanced""}",0.4437880492388294,0.028212428144591965,0.8829671659451865,0.11543089922782582,0.360474219663937,0.8428113476725567,0.23663343616201615,0.7228725371496344,0.3559389621093841,0.6329358909926824,0.87664189542625
xgboost,extended_geographic,"{""model__colsample_bytree"": 1.0, ""model__learning_rate"": 0.08, ""model__max_depth"": 6, ""model__min_child_weight"": 5, ""model__n_estimators"": 600, ""model__reg_lambda"": 1.0, ""model__subsample"": 0.8, ""scale_pos_weight_mode"": ""none""}",0.44378167556618076,0.021332459430728968,0.8830887101247902,0.0440654847640502,0.15958364260978292,0.9451675400517197,0.5998490253808111,0.2981294138618171,0.39793610137320445,0.6845573909617307,0.9364811438678355
xgboost,airport_aware,"{""model__colsample_bytree"": 0.8, ""model__learning_rate"": 0.08, ""model__max_depth"": 3, ""model__min_child_weight"": 1, ""model__n_estimators"": 300, ""model__reg_lambda"": 5.0, ""model__subsample"": 0.8, ""scale_pos_weight_mode"": ""balanced""}",0.44367915675474395,0.02709458742097098,0.8829861760073683,0.11455600368056143,0.3585864418110318,0.8457297466140055,0.23968444530835678,0.7208458795392657,0.3591706122267359,0.6354999212855962,0.8786208254178154
xgboost,airport_aware,"{""model__colsample_bytree"": 0.8, ""model__learning_rate"": 0.08, ""model__max_depth"": 3, ""model__min_child_weight"": 1, ""model__n_estimators"": 300, ""model__reg_lambda"": 1.0, ""model__subsample"": 0.8, ""scale_pos_weight_mode"": ""balanced""}",0.44362051342253633,0.02697074573461716,0.8827615426751294,0.11468444196085814,0.35864978984360973,0.8424814699939404,0.23589937972016045,0.7208400527603624,0.35493162409179435,0.6323294592079329,0.8763704755520658
xgboost,extended_geographic,"{""model__colsample_bytree"": 0.8, ""model__learning_rate"": 0.08, ""model__max_depth"": 3, ""model__min_child_weight"": 5, ""model__n_estimators"": 300, ""model__reg_lambda"": 1.0, ""model__subsample"": 1.0, ""scale_pos_weight_mode"": ""none""}",0.4435867123403365,0.02694112161866408,0.8823929314647823,0.04362518290420457,0.1596643068518249,0.9460869379335841,0.6370933578333828,0.2569153929208804,0.36600864672437566,0.6688869832586776,0.9351462471123302
xgboost,extended_geographic,"{""model__colsample_bytree"": 0.8, ""model__learning_rate"": 0.08, ""model__max_depth"": 6, ""model__min_child_weight"": 5, ""model__n_estimators"": 600, ""model__reg_lambda"": 1.0, ""model__subsample"": 1.0, ""scale_pos_weight_mode"": ""none""}",0.4433440491771755,0.020489020666083897,0.8830977522818714,0.043950643928567665,0.15941116545661865,0.945198388262442,0.6021319454535741,0.2937462964073122,0.3946717455431804,0.6829394142643419,0.9362694383517531
xgboost,extended_geographic,"{""model__colsample_bytree"": 1.0, ""model__learning_rate"": 0.08, ""model__max_depth"": 6, ""model__min_child_weight"": 5, ""model__n_estimators"": 600, ""model__reg_lambda"": 1.0, ""model__subsample"": 1.0, ""scale_pos_weight_mode"": ""none""}",0.44322935682515824,0.020972313622239915,0.8827276756846818,0.04400549323008075,0.1595916659103042,0.9452508727871667,0.6018308156759435,0.2952917718980656,0.39581227187696333,0.6835233755783927,0.9363957406038587
xgboost,extended_geographic,"{""model__colsample_bytree"": 0.8, ""model__learning_rate"": 0.08, ""model__max_depth"": 3, ""model__min_child_weight"": 1, ""model__n_estimators"": 300, ""model__reg_lambda"": 1.0, ""model__subsample"": 1.0, ""scale_pos_weight_mode"": ""none""}",0.443124752557417,0.02723752680937826,0.8823521937041201,0.04361848184380858,0.15961236513721705,0.9461387960548203,0.63908907657059,0.256118368796983,0.36549151107580213,0.6686430940036697,0.9351518705266513
xgboost,extended_geographic,"{""model__colsample_bytree"": 1.0, ""model__learning_rate"": 0.08, ""model__max_depth"": 6, ""model__min_child_weight"": 1, ""model__n_estimators"": 600, ""model__reg_lambda"": 5.0, ""model__subsample"": 1.0, ""scale_pos_weight_mode"": ""balanced""}",0.44304835386532265,0.020505218725088592,0.8791587659203394,0.10352135539691858,0.3259484501218986,0.8607150113183237,0.25614687667344277,0.6895185507483534,0.37260789398573213,0.6469566264211515,0.8882609033122962
xgboost,extended_geographic,"{""model__colsample_bytree"": 1.0, ""model__learning_rate"": 0.08, ""model__max_depth"": 3, ""model__min_child_weight"": 1, ""model__n_estimators"": 300, ""model__reg_lambda"": 1.0, ""model__subsample"": 1.0, ""scale_pos_weight_mode"": ""none""}",0.44304556008729534,0.027435076662213245,0.8821119816023515,0.04362405149134076,0.1596684293257051,0.9462005906479758,0.6411434924061898,0.2558318950668387,0.3655425642031164,0.6686850574055747,0.9351822678928494
xgboost,airport_aware,"{""model__colsample_bytree"": 0.8, ""model__learning_rate"": 0.03, ""model__max_depth"": 3, ""model__min_child_weight"": 5, ""model__n_estimators"": 600, ""model__reg_lambda"": 5.0, ""model__subsample"": 1.0, ""scale_pos_weight_mode"": ""none""}",0.44300228901535277,0.02794504832410725,0.8818099318916353,0.04373269048312124,0.16048367097504962,0.9457180787445594,0.6296213720520203,0.25687827102938976,0.36457426640804946,0.6680710666338867,0.9348115675655224
xgboost,extended_geographic,"{""model__colsample_bytree"": 0.8, ""model__learning_rate"": 0.08, ""model__max_depth"": 3, ""model__min_child_weight"": 1, ""model__n_estimators"": 300, ""model__reg_lambda"": 5.0, ""model__subsample"": 1.0, ""scale_pos_weight_mode"": ""none""}",0.4429079878186961,0.0286894600632953,0.8820272524928046,0.04364101743556449,0.15977587558455106,0.9460353102153242,0.6354509403636464,0.25670198138653694,0.36544604663282226,0.6685911532273414,0.9351213842281784
xgboost,airport_aware,"{""model__colsample_bytree"": 0.8, ""model__learning_rate"": 0.08, ""model__max_depth"": 3, ""model__min_child_weight"": 5, ""model__n_estimators"": 300, ""model__reg_lambda"": 1.0, ""model__subsample"": 0.8, ""scale_pos_weight_mode"": ""balanced""}",0.44289920636580316,0.028283777073499664,0.8827584097772387,0.1147162683669968,0.35875475474894036,0.8427614578061199,0.2363118036340568,0.7211849233132075,0.35540107269523163,0.632653448841202,0.8765780851343014
xgboost,airport_aware,"{""model__colsample_bytree"": 1.0, ""model__learning_rate"": 0.08, ""model__max_depth"": 3, ""model__min_child_weight"": 1, ""model__n_estimators"": 300, ""model__reg_lambda"": 5.0, ""model__subsample"": 0.8, ""scale_pos_weight_mode"": ""balanced""}",0.4428056363279783,0.026914115997503752,0.8832525470029866,0.11466349038904138,0.35856209714944315,0.8416239392269244,0.23483441105404337,0.721183580558771,0.35378596333961465,0.6314840841944166,0.8757882251069447
xgboost,extended_geographic,"{""model__colsample_bytree"": 0.8, ""model__learning_rate"": 0.08, ""model__max_depth"": 3, ""model__min_child_weight"": 5, ""model__n_estimators"": 300, ""model__reg_lambda"": 1.0, ""model__subsample"": 0.8, ""scale_pos_weight_mode"": ""balanced""}",0.4428000286317536,0.027121334096941306,0.8828741065150456,0.11376402477482479,0.3558745754581406,0.844993741470794,0.23879785881992702,0.720558594125879,0.35804371386277783,0.6347089188173761,0.8781201273196066
xgboost,airport_aware,"{""model__colsample_bytree"": 0.8, ""model__learning_rate"": 0.03, ""model__max_depth"": 3, ""model__min_child_weight"": 1, ""model__n_estimators"": 600, ""model__reg_lambda"": 5.0, ""model__subsample"": 1.0, ""scale_pos_weight_mode"": ""none""}",0.4427952738711004,0.02813305924530264,0.881710542068937,0.0437286006962808,0.16045179012921615,0.9458620522587721,0.6330433579007727,0.2561472562289119,0.3643642530835843,0.66800622207058,0.934887998450796
xgboost,airport_aware,"{""model__colsample_bytree"": 1.0, ""model__learning_rate"": 0.03, ""model__max_depth"": 3, ""model__min_child_weight"": 5, ""model__n_estimators"": 600, ""model__reg_lambda"": 1.0, ""model__subsample"": 1.0, ""scale_pos_weight_mode"": ""none""}",0.4427705094340647,0.02795491732365338,0.8818122554190927,0.043732930121674375,0.1604417523303419,0.9457672006667327,0.6314288772309364,0.2561090215580557,0.36408040874782566,0.6678379643983687,0.9348083432447144
xgboost,extended_geographic,"{""model__colsample_bytree"": 1.0, ""model__learning_rate"": 0.08, ""model__max_depth"": 3, ""model__min_child_weight"": 1, ""model__n_estimators"": 300, ""model__reg_lambda"": 5.0, ""model__subsample"": 0.8, ""scale_pos_weight_mode"": ""balanced""}",0.44272921317632885,0.02710582717357725,0.8831462807702914,0.1132043945055277,0.35444198606647953,0.8464194083740096,0.2405700231789755,0.7194619599752056,0.35996099468970477,0.6361066658316366,0.8790501767557609
xgboost,extended_geographic,"{""model__colsample_bytree"": 1.0, ""model__learning_rate"": 0.08, ""model__max_depth"": 3, ""model__min_child_weight"": 5, ""model__n_estimators"": 300, ""model__reg_lambda"": 1.0, ""model__subsample"": 0.8, ""scale_pos_weight_mode"": ""balanced""}",0.44265165074279134,0.026185499920502932,0.8830758937994061,0.1132028333307874,0.3545596125901528,0.8452481081884088,0.23975993473522772,0.7207153621232575,0.35940522512498263,0.6354011117873045,0.8782015794642459
xgboost,extended_geographic,"{""model__colsample_bytree"": 1.0, ""model__learning_rate"": 0.08, ""model__max_depth"": 3, ""model__min_child_weight"": 5, ""model__n_estimators"": 300, ""model__reg_lambda"": 5.0, ""model__subsample"": 0.8, ""scale_pos_weight_mode"": ""balanced""}",0.44260285733622684,0.026896697868641725,0.8830465477978263,0.11343049640265257,0.35499514179086816,0.8464327827876108,0.24055385073715635,0.7192757395722348,0.359931273492678,0.6360938149706262,0.8790558083625953
xgboost,airport_aware,"{""model__colsample_bytree"": 0.8, ""model__learning_rate"": 0.03, ""model__max_depth"": 3, ""model__min_child_weight"": 5, ""model__n_estimators"": 600, ""model__reg_lambda"": 1.0, ""model__subsample"": 1.0, ""scale_pos_weight_mode"": ""none""}",0.4425926156150659,0.027880106246490375,0.8818054440987526,0.043713776256699914,0.16043839250736341,0.9459066945082734,0.6338889492330881,0.25734641676016856,0.3657183679379562,0.668693820412031,0.9349767210658687
xgboost,airport_aware,"{""model__colsample_bytree"": 0.8, ""model__learning_rate"": 0.03, ""model__max_depth"": 3, ""model__min_child_weight"": 1, ""model__n_estimators"": 600, ""model__reg_lambda"": 1.0, ""model__subsample"": 1.0, ""scale_pos_weight_mode"": ""none""}",0.4425704716638192,0.028126876204595808,0.8817282076389521,0.04371651934251518,0.16038510849783486,0.9458035063321745,0.6321315917798958,0.2564546664580044,0.3645266454505975,0.6680711896067332,0.934843256671017
xgboost,airport_aware,"{""model__colsample_bytree"": 1.0, ""model__learning_rate"": 0.08, ""model__max_depth"": 3, ""model__min_child_weight"": 5, ""model__n_estimators"": 300, ""model__reg_lambda"": 1.0, ""model__subsample"": 0.8, ""scale_pos_weight_mode"": ""balanced""}",0.4425276761646031,0.02763646122667583,0.8828522380545296,0.11493100768284056,0.35903669634397656,0.8412209285118667,0.235020352056344,0.7248527783337437,0.35445678305253114,0.6316739293551684,0.875561668601834
xgboost,airport_aware,"{""model__colsample_bytree"": 0.8, ""model__learning_rate"": 0.08, ""model__max_depth"": 3, ""model__min_child_weight"": 1, ""model__n_estimators"": 300, ""model__reg_lambda"": 5.0, ""model__subsample"": 1.0, ""scale_pos_weight_mode"": ""balanced""}",0.4424897608941613,0.028060042765724283,0.8827245733989096,0.11534931380194102,0.36077367813691696,0.8432572362189081,0.23689976208254876,0.7207708119289098,0.3560064428300665,0.6331085070937539,0.8769059233041572
xgboost,extended_geographic,"{""model__colsample_bytree"": 1.0, ""model__learning_rate"": 0.08, ""model__max_depth"": 3, ""model__min_child_weight"": 5, ""model__n_estimators"": 300, ""model__reg_lambda"": 1.0, ""model__subsample"": 1.0, ""scale_pos_weight_mode"": ""balanced""}",0.4424747738682068,0.029214711108605074,0.8826491106026598,0.11385774048731001,0.3564232067813282,0.8472043054928816,0.2411346320246269,0.717274548761153,0.36028311700327065,0.6365247609928374,0.8795741429167295
xgboost,airport_aware,"{""model__colsample_bytree"": 1.0, ""model__learning_rate"": 0.03, ""model__max_depth"": 3, ""model__min_child_weight"": 5, ""model__n_estimators"": 600, ""model__reg_lambda"": 5.0, ""model__subsample"": 1.0, ""scale_pos_weight_mode"": ""none""}",0.4424690108898178,0.027851020123626818,0.8817481788601567,0.04374794655261203,0.1605086488936683,0.9457010505214025,0.6302478314025899,0.2556095707481897,0.36335781936873757,0.6674590010245403,0.934734243480589
xgboost,airport_aware,"{""model__colsample_bytree"": 1.0, ""model__learning_rate"": 0.03, ""model__max_depth"": 3, ""model__min_child_weight"": 1, ""model__n_estimators"": 600, ""model__reg_lambda"": 1.0, ""model__subsample"": 1.0, ""scale_pos_weight_mode"": ""none""}",0.4424358235389696,0.028133770317168304,0.8817617442548078,0.04375678008311359,0.1604597161558396,0.9457447678711672,0.6309250557549377,0.25590074159443976,0.3637241180700597,0.6676542935883706,0.9347784058889861
xgboost,airport_aware,"{""model__colsample_bytree"": 1.0, ""model__learning_rate"": 0.08, ""model__max_depth"": 3, ""model__min_child_weight"": 5, ""model__n_estimators"": 300, ""model__reg_lambda"": 5.0, ""model__subsample"": 0.8, ""scale_pos_weight_mode"": ""balanced""}",0.4424354957210951,0.02817325037321669,0.8829139304491317,0.11488012490482155,0.35906264378208663,0.8412547720055683,0.23451608615566974,0.7223716900279148,0.35356486587285646,0.6312591925775315,0.8755699192273607
xgboost,airport_aware,"{""model__colsample_bytree"": 1.0, ""model__learning_rate"": 0.08, ""model__max_depth"": 3, ""model__min_child_weight"": 1, ""model__n_estimators"": 300, ""model__reg_lambda"": 1.0, ""model__subsample"": 0.8, ""scale_pos_weight_mode"": ""balanced""}",0.4423642440995542,0.027333482487444802,0.8829942602142904,0.1147882008053093,0.35867632187250464,0.8414377329351806,0.23503765989016018,0.7234985334418258,0.354318158693374,0.6316799922874495,0.8756949859568645
xgboost,extended_geographic,"{""model__colsample_bytree"": 1.0, ""model__learning_rate"": 0.03, ""model__max_depth"": 3, ""model__min_child_weight"": 1, ""model__n_estimators"": 600, ""model__reg_lambda"": 1.0, ""model__subsample"": 0.8, ""scale_pos_weight_mode"": ""none""}",0.44234827478415184,0.028141887949216734,0.882110074136911,0.043653031637877295,0.1598656105873589,0.9459287270078665,0.6357609067487161,0.25325938720241364,0.3620028627032578,0.6668447714947983,0.9348376681815227
xgboost,airport_aware,"{""model__colsample_bytree"": 1.0, ""model__learning_rate"": 0.08, ""model__max_depth"": 3, ""model__min_child_weight"": 1, ""model__n_estimators"": 300, ""model__reg_lambda"": 1.0, ""model__subsample"": 1.0, ""scale_pos_weight_mode"": ""balanced""}",0.44229510693749363,0.02822933549248924,0.8826098741733869,0.1153360108898955,0.3605205686930786,0.842261515666625,0.23586749001329732,0.7222177036544997,0.3549520645165263,0.6322723453007175,0.8762639670365324
xgboost,extended_geographic,"{""model__colsample_bytree"": 1.0, ""model__learning_rate"": 0.08, ""model__max_depth"": 3, ""model__min_child_weight"": 5, ""model__n_estimators"": 300, ""model__reg_lambda"": 1.0, ""model__subsample"": 1.0, ""scale_pos_weight_mode"": ""none""}",0.44224470078171996,0.027101268891549013,0.882060514570977,0.04365770482289609,0.15976831421408447,0.9459501980079986,0.6358893821829017,0.2540465781725644,0.36283047109625916,0.6672640966166931,0.9348798497952071
xgboost,airport_aware,"{""model__colsample_bytree"": 0.8, ""model__learning_rate"": 0.08, ""model__max_depth"": 3, ""model__min_child_weight"": 5, ""model__n_estimators"": 300, ""model__reg_lambda"": 5.0, ""model__subsample"": 1.0, ""scale_pos_weight_mode"": ""balanced""}",0.442234529144838,0.02789792294062496,0.8827628388469326,0.11546606842990778,0.36118441477417557,0.8449377713819649,0.23840830651408446,0.7196035301115148,0.35740995280965826,0.6343944552859857,0.8780983679221203
xgboost,extended_geographic,"{""model__colsample_bytree"": 1.0, ""model__learning_rate"": 0.03, ""model__max_depth"": 3, ""model__min_child_weight"": 5, ""model__n_estimators"": 600, ""model__reg_lambda"": 1.0, ""model__subsample"": 0.8, ""scale_pos_weight_mode"": ""none""}",0.4422198070508247,0.0280211463629542,0.8822129598044238,0.043648067682427676,0.1598721494844455,0.9459957054907531,0.636669901756774,0.2544384655932595,0.3633439761607443,0.6675324561088426,0.9349513544432504
xgboost,extended_geographic,"{""model__colsample_bytree"": 0.8, ""model__learning_rate"": 0.08, ""model__max_depth"": 6, ""model__min_child_weight"": 1, ""model__n_estimators"": 600, ""model__reg_lambda"": 1.0, ""model__subsample"": 1.0, ""scale_pos_weight_mode"": ""none""}",0.44220703336647754,0.021927721610827115,0.8826894491914888,0.04403850004303898,0.1596358497831337,0.9452856021403825,0.6034373744574465,0.29317733538886676,0.3943177976888273,0.6827838878384218,0.9363660089745325
xgboost,extended_geographic,"{""model__colsample_bytree"": 0.8, ""model__learning_rate"": 0.03, ""model__max_depth"": 3, ""model__min_child_weight"": 1, ""model__n_estimators"": 600, ""model__reg_lambda"": 1.0, ""model__subsample"": 0.8, ""scale_pos_weight_mode"": ""none""}",0.4421875858380787,0.02831947371262404,0.8822878217878151,0.043648390928136854,0.15988303329482847,0.946006520085712,0.6378454939533793,0.2535740056929346,0.3626622610535342,0.6671952942493101,0.9349025800029984
xgboost,extended_geographic,"{""model__colsample_bytree"": 0.8, ""model__learning_rate"": 0.08, ""model__max_depth"": 3, ""model__min_child_weight"": 1, ""model__n_estimators"": 300, ""model__reg_lambda"": 5.0, ""model__subsample"": 0.8, ""scale_pos_weight_mode"": ""balanced""}",0.44218550603972834,0.02758520209483041,0.8828911318443817,0.11383693769858386,0.35595640083387814,0.8433838779975383,0.23743806574210802,0.7222521436194697,0.3568557243436881,0.633559990149711,0.8770008193547678
xgboost,airport_aware,"{""model__colsample_bytree"": 0.8, ""model__learning_rate"": 0.08, ""model__max_depth"": 3, ""model__min_child_weight"": 1, ""model__n_estimators"": 300, ""model__reg_lambda"": 1.0, ""model__subsample"": 1.0, ""scale_pos_weight_mode"": ""balanced""}",0.44213011197417124,0.029231404131986816,0.8825855450391611,0.11528531419609586,0.3608270524489918,0.8439686651222553,0.23728429474303284,0.7200124539237971,0.3561780770903967,0.6334737279163795,0.8774546551314619
xgboost,airport_aware,"{""model__colsample_bytree"": 1.0, ""model__learning_rate"": 0.08, ""model__max_depth"": 3, ""model__min_child_weight"": 1, ""model__n_estimators"": 300, ""model__reg_lambda"": 5.0, ""model__subsample"": 1.0, ""scale_pos_weight_mode"": ""balanced""}",0.4421024292189243,0.028743669102937724,0.8827986097632661,0.1154908427007268,0.36086210761237647,0.8420878851119206,0.2355235486099449,0.7221835829313582,0.3546139691894072,0.6320491669897633,0.8761448136746031
xgboost,extended_geographic,"{""model__colsample_bytree"": 0.8, ""model__learning_rate"": 0.03, ""model__max_depth"": 3, ""model__min_child_weight"": 5, ""model__n_estimators"": 600, ""model__reg_lambda"": 1.0, ""model__subsample"": 0.8, ""scale_pos_weight_mode"": ""none""}",0.4421006211600112,0.02789556919630692,0.882215299182205,0.04366600454188439,0.15995599128676785,0.9460523877077816,0.6384021171073875,0.2528582374481146,0.3620397605139146,0.666897515251305,0.9349164957714814
xgboost,airport_aware,"{""model__colsample_bytree"": 1.0, ""model__learning_rate"": 0.08, ""model__max_depth"": 3, ""model__min_child_weight"": 5, ""model__n_estimators"": 300, ""model__reg_lambda"": 1.0, ""model__subsample"": 1.0, ""scale_pos_weight_mode"": ""balanced""}",0.44209951981938644,0.02816372426679557,0.8828643519521631,0.11541164420615195,0.36062627685852966,0.842229268272931,0.2357834129776824,0.721806463989721,0.3548870549857148,0.6322224244851267,0.87621209396747
xgboost,airport_aware,"{""model__colsample_bytree"": 0.8, ""model__learning_rate"": 0.08, ""model__max_depth"": 3, ""model__min_child_weight"": 5, ""model__n_estimators"": 300, ""model__reg_lambda"": 1.0, ""model__subsample"": 1.0, ""scale_pos_weight_mode"": ""balanced""}",0.44208102794536003,0.028606932958261354,0.8828285441275231,0.11531661730087575,0.3608335351117143,0.8430494494722012,0.23710172304431376,0.7229615820457218,0.356491475991319,0.6332768409379133,0.876788887068112
xgboost,extended_geographic,"{""model__colsample_bytree"": 0.8, ""model__learning_rate"": 0.08, ""model__max_depth"": 3, ""model__min_child_weight"": 5, ""model__n_estimators"": 300, ""model__reg_lambda"": 5.0, ""model__subsample"": 1.0, ""scale_pos_weight_mode"": ""none""}",0.44204771943278126,0.026880570097029592,0.8818445444252081,0.04366904474595985,0.15987456552474485,0.9460759953914119,0.6362145711992317,0.2574661422776998,0.3664142457052742,0.6690857565550579,0.9351850791523381
xgboost,airport_aware,"{""model__colsample_bytree"": 1.0, ""model__learning_rate"": 0.03, ""model__max_depth"": 3, ""model__min_child_weight"": 1, ""model__n_estimators"": 600, ""model__reg_lambda"": 5.0, ""model__subsample"": 1.0, ""scale_pos_weight_mode"": ""none""}",0.4420260044609658,0.028466643659002876,0.8817225405692829,0.04377166427070557,0.16050891905631157,0.9457573076620853,0.6316607909102203,0.2551062599386171,0.3630890822358942,0.6673410806368443,0.9347471038886634
xgboost,extended_geographic,"{""model__colsample_bytree"": 1.0, ""model__learning_rate"": 0.08, ""model__max_depth"": 3, ""model__min_child_weight"": 1, ""model__n_estimators"": 300, ""model__reg_lambda"": 1.0, ""model__subsample"": 0.8, ""scale_pos_weight_mode"": ""balanced""}",0.4418870871435205,0.02665848827483288,0.8828967946065648,0.11336245936497277,0.3548138030889121,0.8456989797299833,0.23955078265869761,0.7192786768697743,0.35869029564517807,0.6352607907483513,0.8785874167929298
xgboost,extended_geographic,"{""model__colsample_bytree"": 0.8, ""model__learning_rate"": 0.08, ""model__max_depth"": 6, ""model__min_child_weight"": 1, ""model__n_estimators"": 600, ""model__reg_lambda"": 1.0, ""model__subsample"": 0.8, ""scale_pos_weight_mode"": ""none""}",0.44186062604288434,0.021070168413329753,0.8822087129448081,0.044113175291216396,0.15987540825924068,0.9454650038520096,0.6044288065660164,0.2996170639498028,0.4003377726689849,0.6858391398420256,0.9367610032922666
xgboost,extended_geographic,"{""model__colsample_bytree"": 0.8, ""model__learning_rate"": 0.08, ""model__max_depth"": 3, ""model__min_child_weight"": 1, ""model__n_estimators"": 300, ""model__reg_lambda"": 1.0, ""model__subsample"": 0.8, ""scale_pos_weight_mode"": ""balanced""}",0.4418476230427878,0.027290113612157225,0.8826077657085003,0.11380689449765051,0.355802607157113,0.8427264901367344,0.2370754710937379,0.7249164659150719,0.356760069542095,0.6332969005625889,0.8765729925751934
xgboost,extended_geographic,"{""model__colsample_bytree"": 1.0, ""model__learning_rate"": 0.08, ""model__max_depth"": 6, ""model__min_child_weight"": 5, ""model__n_estimators"": 600, ""model__reg_lambda"": 5.0, ""model__subsample"": 0.8, ""scale_pos_weight_mode"": ""balanced""}",0.441815264215767,0.018998499075249097,0.8798846471387982,0.10127732328554931,0.31949303733801926,0.8634189223609976,0.25869103213507993,0.681007453557986,0.3739681986188369,0.6484936455933615,0.8899786888328295
xgboost,extended_geographic,"{""model__colsample_bytree"": 0.8, ""model__learning_rate"": 0.03, ""model__max_depth"": 3, ""model__min_child_weight"": 5, ""model__n_estimators"": 600, ""model__reg_lambda"": 5.0, ""model__subsample"": 0.8, ""scale_pos_weight_mode"": ""none""}",0.4417036402740681,0.028665485404173324,0.882017283788765,0.043678786405801674,0.16005263169349865,0.9458656583650097,0.6336636388826076,0.2532416471705475,0.36162491323558343,0.6666391474049617,0.9347869915288204
xgboost,extended_geographic,"{""model__colsample_bytree"": 1.0, ""model__learning_rate"": 0.08, ""model__max_depth"": 3, ""model__min_child_weight"": 5, ""model__n_estimators"": 300, ""model__reg_lambda"": 5.0, ""model__subsample"": 1.0, ""scale_pos_weight_mode"": ""none""}",0.44168319273300877,0.027557493916244544,0.8817627548326744,0.04369845068244569,0.1599591977156175,0.9458097975603188,0.6318626178520389,0.2544981419741248,0.3626078401891165,0.6671138167641602,0.9348054674572776
xgboost,extended_geographic,"{""model__colsample_bytree"": 1.0, ""model__learning_rate"": 0.08, ""model__max_depth"": 3, ""model__min_child_weight"": 1, ""model__n_estimators"": 300, ""model__reg_lambda"": 5.0, ""model__subsample"": 1.0, ""scale_pos_weight_mode"": ""none""}",0.4416702833364816,0.027975747924005926,0.8819120045981421,0.04370328491696334,0.15987776043998267,0.9457744450062682,0.6313038825430135,0.2539350331302016,0.361984201955187,0.6667930202456429,0.934753842054359
xgboost,extended_geographic,"{""model__colsample_bytree"": 0.8, ""model__learning_rate"": 0.08, ""model__max_depth"": 3, ""model__min_child_weight"": 5, ""model__n_estimators"": 300, ""model__reg_lambda"": 5.0, ""model__subsample"": 0.8, ""scale_pos_weight_mode"": ""balanced""}",0.4416693780578199,0.027976765836355087,0.8827226879890645,0.11398502257347323,0.3564394509415786,0.8431867256898199,0.2372659436337873,0.7224573498769093,0.35668551620211036,0.6334108437961294,0.8768660197282612
xgboost,extended_geographic,"{""model__colsample_bytree"": 1.0, ""model__learning_rate"": 0.08, ""model__max_depth"": 6, ""model__min_child_weight"": 1, ""model__n_estimators"": 600, ""model__reg_lambda"": 1.0, ""model__subsample"": 1.0, ""scale_pos_weight_mode"": ""none""}",0.44163873550621685,0.02082920508133691,0.882389996639372,0.044064846725327095,0.1597304330069954,0.9452510160523573,0.601685085302322,0.2938290347096243,0.3945919914361755,0.6829143284237033,0.9363344210289266
xgboost,extended_geographic,"{""model__colsample_bytree"": 1.0, ""model__learning_rate"": 0.08, ""model__max_depth"": 3, ""model__min_child_weight"": 1, ""model__n_estimators"": 300, ""model__reg_lambda"": 1.0, ""model__subsample"": 1.0, ""scale_pos_weight_mode"": ""balanced""}",0.4415562316092113,0.028668337115484655,0.8824328948599437,0.1140417395011006,0.35713281851062006,0.8442310631449551,0.2379135081086193,0.7181788436477394,0.35691996636756806,0.6338531373627508,0.8774996596732656
xgboost,extended_geographic,"{""model__colsample_bytree"": 0.8, ""model__learning_rate"": 0.08, ""model__max_depth"": 6, ""model__min_child_weight"": 5, ""model__n_estimators"": 600, ""model__reg_lambda"": 5.0, ""model__subsample"": 0.8, ""scale_pos_weight_mode"": ""balanced""}",0.4414303248809722,0.0192488481653739,0.8801970491695996,0.10174628724945664,0.32083163345701926,0.8632994620276377,0.2590147417056964,0.6834770519974599,0.37466751050900304,0.6488019602904161,0.8899210237022801
xgboost,extended_geographic,"{""model__colsample_bytree"": 0.8, ""model__learning_rate"": 0.03, ""model__max_depth"": 3, ""model__min_child_weight"": 1, ""model__n_estimators"": 600, ""model__reg_lambda"": 5.0, ""model__subsample"": 0.8, ""scale_pos_weight_mode"": ""none""}",0.44139883570193666,0.028136347184154743,0.8820509545073302,0.043683582767285414,0.16004259315322286,0.9459683600641101,0.6370362202899106,0.2526129122390424,0.36157480893577815,0.6666420717459098,0.9348313491800425
xgboost,extended_geographic,"{""model__colsample_bytree"": 0.8, ""model__learning_rate"": 0.08, ""model__max_depth"": 3, ""model__min_child_weight"": 5, ""model__n_estimators"": 300, ""model__reg_lambda"": 1.0, ""model__subsample"": 1.0, ""scale_pos_weight_mode"": ""balanced""}",0.44139096544156153,0.028140111820090734,0.8823009147840419,0.11413628299519277,0.3573834792697542,0.8445703648561628,0.23818008975064958,0.7176681905809115,0.3571007061511564,0.6340675480948509,0.8777353455880013
xgboost,airport_aware,"{""model__colsample_bytree"": 1.0, ""model__learning_rate"": 0.03, ""model__max_depth"": 3, ""model__min_child_weight"": 1, ""model__n_estimators"": 600, ""model__reg_lambda"": 5.0, ""model__subsample"": 0.8, ""scale_pos_weight_mode"": ""balanced""}",0.441319104574868,0.028869617120142386,0.8825909540174488,0.1157817617102905,0.3618236655732928,0.8416234433570338,0.23488131007990196,0.7220348315132508,0.3538143702287175,0.6315118535003104,0.8758429322522983
xgboost,extended_geographic,"{""model__colsample_bytree"": 0.8, ""model__learning_rate"": 0.08, ""model__max_depth"": 6, ""model__min_child_weight"": 1, ""model__n_estimators"": 600, ""model__reg_lambda"": 5.0, ""model__subsample"": 0.8, ""scale_pos_weight_mode"": ""balanced""}",0.4412549188473438,0.01785943532368146,0.8796383346352975,0.10013491685543827,0.31655151659727465,0.8658433602410609,0.26179221513143597,0.6760274245901485,0.3765612209590933,0.6505349667668693,0.8915015436823357
xgboost,extended_geographic,"{""model__colsample_bytree"": 1.0, ""model__learning_rate"": 0.08, ""model__max_depth"": 3, ""model__min_child_weight"": 5, ""model__n_estimators"": 300, ""model__reg_lambda"": 5.0, ""model__subsample"": 1.0, ""scale_pos_weight_mode"": ""balanced""}",0.4411632628137192,0.02833212267502538,0.8824484802050687,0.11400355629906403,0.35677976133529554,0.8465813868539585,0.24024877965677,0.7159803018361396,0.3590231471996051,0.6357054037829795,0.8791372253369879
xgboost,extended_geographic,"{""model__colsample_bytree"": 1.0, ""model__learning_rate"": 0.08, ""model__max_depth"": 3, ""model__min_child_weight"": 1, ""model__n_estimators"": 300, ""model__reg_lambda"": 5.0, ""model__subsample"": 1.0, ""scale_pos_weight_mode"": ""balanced""}",0.4411399715053719,0.02905290736096864,0.8823039009860609,0.11394059364534237,0.3566859550358975,0.846932631593128,0.24059852250449382,0.7158661776576238,0.3595135903310112,0.6360546926070239,0.8793526445484774
xgboost,airport_aware,"{""model__colsample_bytree"": 0.8, ""model__learning_rate"": 0.03, ""model__max_depth"": 3, ""model__min_child_weight"": 1, ""model__n_estimators"": 600, ""model__reg_lambda"": 5.0, ""model__subsample"": 0.8, ""scale_pos_weight_mode"": ""balanced""}",0.4410509267871162,0.0293296966230294,0.8823860437648537,0.1159343311742741,0.3624251597725924,0.8415610312249715,0.23502315968817844,0.7228245414610368,0.35413447746696847,0.6316353590474519,0.875790436093865
xgboost,extended_geographic,"{""model__colsample_bytree"": 1.0, ""model__learning_rate"": 0.03, ""model__max_depth"": 3, ""model__min_child_weight"": 5, ""model__n_estimators"": 600, ""model__reg_lambda"": 5.0, ""model__subsample"": 0.8, ""scale_pos_weight_mode"": ""none""}",0.4410447615137058,0.028868229386145788,0.88203039639971,0.04369905269603787,0.1600470928649375,0.9457496626019483,0.6322502162186521,0.2519532884883438,0.3600952436195855,0.6658443784100947,0.9346178251586885
xgboost,airport_aware,"{""model__colsample_bytree"": 0.8, ""model__learning_rate"": 0.03, ""model__max_depth"": 3, ""model__min_child_weight"": 5, ""model__n_estimators"": 600, ""model__reg_lambda"": 5.0, ""model__subsample"": 0.8, ""scale_pos_weight_mode"": ""balanced""}",0.4409896933309588,0.029478004579276636,0.8825015683696874,0.11593796360511495,0.36244542909742405,0.8419577223184185,0.23544619152871862,0.7222070841641071,0.35462186517014016,0.631997857504391,0.8760317075325469
xgboost,extended_geographic,"{""model__colsample_bytree"": 1.0, ""model__learning_rate"": 0.08, ""model__max_depth"": 6, ""model__min_child_weight"": 1, ""model__n_estimators"": 600, ""model__reg_lambda"": 1.0, ""model__subsample"": 0.8, ""scale_pos_weight_mode"": ""none""}",0.44091390244111245,0.019838706612545373,0.8817079302910489,0.044192635230438884,0.1600566988967998,0.9453999310124178,0.6016527582024681,0.3003264398422657,0.4003725802205972,0.6858376602943911,0.9367743566928407
xgboost,extended_geographic,"{""model__colsample_bytree"": 0.8, ""model__learning_rate"": 0.08, ""model__max_depth"": 6, ""model__min_child_weight"": 5, ""model__n_estimators"": 600, ""model__reg_lambda"": 1.0, ""model__subsample"": 1.0, ""scale_pos_weight_mode"": ""balanced""}",0.4409085905033144,0.02155593816691672,0.8783786421174554,0.10248608569051965,0.3236073414726376,0.8619356942105302,0.25771025477670373,0.6858116581527145,0.37391004343497036,0.6479599069695351,0.8889985589334725
xgboost,extended_geographic,"{""model__colsample_bytree"": 1.0, ""model__learning_rate"": 0.03, ""model__max_depth"": 3, ""model__min_child_weight"": 1, ""model__n_estimators"": 600, ""model__reg_lambda"": 5.0, ""model__subsample"": 0.8, ""scale_pos_weight_mode"": ""none""}",0.4408643537205659,0.028535305156306773,0.8819720081300708,0.04370034148933247,0.1600268636005891,0.9458974626781238,0.6350315926547928,0.2526038629660163,0.3612195454912982,0.6664457424297716,0.9347788799881185
xgboost,extended_geographic,"{""model__colsample_bytree"": 0.8, ""model__learning_rate"": 0.08, ""model__max_depth"": 3, ""model__min_child_weight"": 1, ""model__n_estimators"": 300, ""model__reg_lambda"": 1.0, ""model__subsample"": 1.0, ""scale_pos_weight_mode"": ""balanced""}",0.4408642626555242,0.02786528550612667,0.882329329067374,0.11407423037765459,0.35717632290683904,0.8442440898574212,0.2378565306461608,0.7180994691169221,0.3567825599217024,0.6338058419599506,0.877517856221021
xgboost,airport_aware,"{""model__colsample_bytree"": 1.0, ""model__learning_rate"": 0.03, ""model__max_depth"": 3, ""model__min_child_weight"": 5, ""model__n_estimators"": 600, ""model__reg_lambda"": 5.0, ""model__subsample"": 0.8, ""scale_pos_weight_mode"": ""balanced""}",0.4408553456543868,0.028720400122880976,0.8825990068515182,0.11586882319538301,0.3620460915160454,0.8415796277483795,0.23488800015481215,0.7226486487818362,0.35399526015513316,0.6315821378269756,0.8758167283797935
xgboost,airport_aware,"{""model__colsample_bytree"": 0.8, ""model__learning_rate"": 0.03, ""model__max_depth"": 3, ""model__min_child_weight"": 5, ""model__n_estimators"": 600, ""model__reg_lambda"": 1.0, ""model__subsample"": 0.8, ""scale_pos_weight_mode"": ""balanced""}",0.44084445573274317,0.029648964410846784,0.8822832627288365,0.11593430805361297,0.3623726448436582,0.8417077949273404,0.23504882373142397,0.7219752205434986,0.354059560590403,0.6316518290477904,0.8758792185914805
xgboost,airport_aware,"{""model__colsample_bytree"": 0.8, ""model__learning_rate"": 0.03, ""model__max_depth"": 3, ""model__min_child_weight"": 1, ""model__n_estimators"": 600, ""model__reg_lambda"": 1.0, ""model__subsample"": 0.8, ""scale_pos_weight_mode"": ""balanced""}",0.44066758082530955,0.029177859915143715,0.8822815907001891,0.11582869613087177,0.36216203875016034,0.8419955459143054,0.23537192405323562,0.7214299814462473,0.35438687875902286,0.6319009042488936,0.8760554119589612
xgboost,extended_geographic,"{""model__colsample_bytree"": 0.8, ""model__learning_rate"": 0.08, ""model__max_depth"": 3, ""model__min_child_weight"": 1, ""model__n_estimators"": 300, ""model__reg_lambda"": 5.0, ""model__subsample"": 1.0, ""scale_pos_weight_mode"": ""balanced""}",0.4406586152137487,0.029527780408750013,0.8823001704132135,0.11413914754937031,0.35741651237764255,0.8449525348124052,0.2389024037404043,0.7190116119047081,0.35805473212624567,0.6346638983553492,0.8780236063130685
xgboost,airport_aware,"{""model__colsample_bytree"": 1.0, ""model__learning_rate"": 0.03, ""model__max_depth"": 3, ""model__min_child_weight"": 5, ""model__n_estimators"": 600, ""model__reg_lambda"": 1.0, ""model__subsample"": 0.8, ""scale_pos_weight_mode"": ""balanced""}",0.44053646883239345,0.028494468181198246,0.8824548019833603,0.1158613401262281,0.361957181622149,0.8406034617292836,0.23391368369610324,0.7241984286934178,0.3530132882288992,0.6307884580955009,0.8751800257799672
xgboost,airport_aware,"{""model__colsample_bytree"": 1.0, ""model__learning_rate"": 0.03, ""model__max_depth"": 3, ""model__min_child_weight"": 1, ""model__n_estimators"": 600, ""model__reg_lambda"": 1.0, ""model__subsample"": 0.8, ""scale_pos_weight_mode"": ""balanced""}",0.4404928396516475,0.02851108991408521,0.8823979211028897,0.1158453105814667,0.361943173246798,0.8408141803626255,0.23397707395522196,0.7228145327435888,0.35291058280249715,0.6308054076306938,0.8752973041740825
xgboost,extended_geographic,"{""model__colsample_bytree"": 0.8, ""model__learning_rate"": 0.08, ""model__max_depth"": 3, ""model__min_child_weight"": 5, ""model__n_estimators"": 300, ""model__reg_lambda"": 5.0, ""model__subsample"": 1.0, ""scale_pos_weight_mode"": ""balanced""}",0.4402537720534836,0.028378770009035173,0.8822513245516165,0.11429208033311364,0.35774710199419435,0.8445572341902559,0.23822841369504316,0.7178893089866438,0.35716059579133363,0.6340927395622897,0.8777293742844188
xgboost,extended_geographic,"{""model__colsample_bytree"": 1.0, ""model__learning_rate"": 0.03, ""model__max_depth"": 3, ""model__min_child_weight"": 5, ""model__n_estimators"": 600, ""model__reg_lambda"": 5.0, ""model__subsample"": 0.8, ""scale_pos_weight_mode"": ""balanced""}",0.4401688580902805,0.0298821482309181,0.8825925576349686,0.11437456900431613,0.3579363516387672,0.844021725324921,0.23752921782609135,0.7181713893447926,0.35646410007931756,0.6335705833686769,0.877370673158528
xgboost,extended_geographic,"{""model__colsample_bytree"": 1.0, ""model__learning_rate"": 0.03, ""model__max_depth"": 3, ""model__min_child_weight"": 5, ""model__n_estimators"": 600, ""model__reg_lambda"": 1.0, ""model__subsample"": 0.8, ""scale_pos_weight_mode"": ""balanced""}",0.4401344161243281,0.02890627619900778,0.8825861830465189,0.1143007030100591,0.3577834734650697,0.8439700671784692,0.2373440432889237,0.7173075418756006,0.3561576765437805,0.6334026935208243,0.8773162166702677
xgboost,extended_geographic,"{""model__colsample_bytree"": 1.0, ""model__learning_rate"": 0.03, ""model__max_depth"": 3, ""model__min_child_weight"": 1, ""model__n_estimators"": 600, ""model__reg_lambda"": 1.0, ""model__subsample"": 0.8, ""scale_pos_weight_mode"": ""balanced""}",0.43987384264531065,0.02927317849070665,0.8825483587855457,0.11429214288852188,0.3577185462966327,0.8444091706920995,0.23804951773292723,0.7179447359578408,0.35706890563503974,0.6339888986030056,0.8776122435727002
xgboost,extended_geographic,"{""model__colsample_bytree"": 0.8, ""model__learning_rate"": 0.03, ""model__max_depth"": 3, ""model__min_child_weight"": 1, ""model__n_estimators"": 600, ""model__reg_lambda"": 1.0, ""model__subsample"": 0.8, ""scale_pos_weight_mode"": ""balanced""}",0.4397457258811426,0.029430648920001308,0.8825113502767378,0.11451828476362366,0.3584043009030298,0.8429475155575762,0.23634540684142782,0.7196349586260455,0.3553552607120115,0.6326791685578816,0.876648234838699
xgboost,extended_geographic,"{""model__colsample_bytree"": 1.0, ""model__learning_rate"": 0.08, ""model__max_depth"": 6, ""model__min_child_weight"": 1, ""model__n_estimators"": 600, ""model__reg_lambda"": 5.0, ""model__subsample"": 0.8, ""scale_pos_weight_mode"": ""balanced""}",0.43965950170066465,0.019164806242649695,0.8786306738264553,0.09993995442816087,0.3159124812909884,0.8662494677618919,0.2622948922573022,0.6763264395452223,0.3769862402043556,0.650885390196661,0.8917973062070434
xgboost,extended_geographic,"{""model__colsample_bytree"": 0.8, ""model__learning_rate"": 0.03, ""model__max_depth"": 3, ""model__min_child_weight"": 5, ""model__n_estimators"": 600, ""model__reg_lambda"": 1.0, ""model__subsample"": 0.8, ""scale_pos_weight_mode"": ""balanced""}",0.4396527050290633,0.029261873753346657,0.882445635992419,0.11460677250921654,0.3585369715850906,0.8437970491468668,0.23740185236126288,0.7196745084157238,0.35652202716023373,0.6335323603363221,0.8772431916037482
xgboost,extended_geographic,"{""model__colsample_bytree"": 1.0, ""model__learning_rate"": 0.03, ""model__max_depth"": 3, ""model__min_child_weight"": 1, ""model__n_estimators"": 600, ""model__reg_lambda"": 5.0, ""model__subsample"": 0.8, ""scale_pos_weight_mode"": ""balanced""}",0.4396374854001703,0.029757928359528615,0.8825429568253871,0.11444875099524036,0.35803966153737793,0.8437023935198701,0.23712383205594967,0.7181496504175966,0.3560019230890613,0.6332393917059433,0.87714942836515
xgboost,extended_geographic,"{""model__colsample_bytree"": 0.8, ""model__learning_rate"": 0.03, ""model__max_depth"": 3, ""model__min_child_weight"": 1, ""model__n_estimators"": 600, ""model__reg_lambda"": 1.0, ""model__subsample"": 1.0, ""scale_pos_weight_mode"": ""none""}",0.4396218933293219,0.028559986066563882,0.8813595654807249,0.043756847342998485,0.1603678631834789,0.9459374859658537,0.6389095415703326,0.24915094631071857,0.3583007687814197,0.665000389595636,0.9346053674228576
xgboost,airport_aware,"{""model__colsample_bytree"": 0.8, ""model__learning_rate"": 0.03, ""model__max_depth"": 3, ""model__min_child_weight"": 1, ""model__n_estimators"": 600, ""model__reg_lambda"": 1.0, ""model__subsample"": 1.0, ""scale_pos_weight_mode"": ""balanced""}",0.439550859340601,0.02926229049048087,0.8818770986645929,0.11627643411641511,0.36356555267852864,0.8417359939380379,0.23481852722931973,0.7204113010774156,0.35356610972638514,0.6314221329754865,0.8758906296264621
xgboost,airport_aware,"{""model__colsample_bytree"": 0.8, ""model__learning_rate"": 0.03, ""model__max_depth"": 3, ""model__min_child_weight"": 5, ""model__n_estimators"": 600, ""model__reg_lambda"": 1.0, ""model__subsample"": 1.0, ""scale_pos_weight_mode"": ""balanced""}",0.4395291592234516,0.029007848519670296,0.8818959088790053,0.1163987470525604,0.3637131872211137,0.8421085497964235,0.23554991336475367,0.7219592416787037,0.35455724623149354,0.6320322594155708,0.8761610201421849
xgboost,extended_geographic,"{""model__colsample_bytree"": 1.0, ""model__learning_rate"": 0.08, ""model__max_depth"": 6, ""model__min_child_weight"": 5, ""model__n_estimators"": 600, ""model__reg_lambda"": 1.0, ""model__subsample"": 1.0, ""scale_pos_weight_mode"": ""balanced""}",0.439479210597178,0.02072956684554397,0.8773989624801366,0.10239688831335933,0.32315532613359954,0.8615362442337867,0.2568501121579441,0.6862894251271983,0.37309942560939735,0.647441491006107,0.8887372778239564
xgboost,extended_geographic,"{""model__colsample_bytree"": 1.0, ""model__learning_rate"": 0.08, ""model__max_depth"": 6, ""model__min_child_weight"": 5, ""model__n_estimators"": 600, ""model__reg_lambda"": 1.0, ""model__subsample"": 0.8, ""scale_pos_weight_mode"": ""balanced""}",0.4394217514368104,0.017584653825236676,0.8782098019965572,0.10039518768594587,0.31682696263816035,0.8631699433936854,0.25830466346224973,0.6786949273359998,0.3735277308075603,0.6481650554478633,0.8897101817045883
xgboost,extended_geographic,"{""model__colsample_bytree"": 0.8, ""model__learning_rate"": 0.03, ""model__max_depth"": 3, ""model__min_child_weight"": 5, ""model__n_estimators"": 600, ""model__reg_lambda"": 1.0, ""model__subsample"": 1.0, ""scale_pos_weight_mode"": ""none""}",0.43942152686698643,0.028012579235449767,0.88135723296606,0.043766181216543174,0.16043620666792952,0.9458712068559467,0.6362439601748864,0.24978404087865735,0.3584997581772865,0.6650823508400899,0.9345833607351057
xgboost,extended_geographic,"{""model__colsample_bytree"": 1.0, ""model__learning_rate"": 0.03, ""model__max_depth"": 3, ""model__min_child_weight"": 5, ""model__n_estimators"": 600, ""model__reg_lambda"": 1.0, ""model__subsample"": 1.0, ""scale_pos_weight_mode"": ""none""}",0.4392975372105119,0.02856805628451054,0.8811968436889372,0.043790980708009,0.16048160534890243,0.9458998421504219,0.6381182533213254,0.24852732886932705,0.35754299380217053,0.6646125721773825,0.9345385116293299
xgboost,extended_geographic,"{""model__colsample_bytree"": 1.0, ""model__learning_rate"": 0.03, ""model__max_depth"": 3, ""model__min_child_weight"": 1, ""model__n_estimators"": 600, ""model__reg_lambda"": 1.0, ""model__subsample"": 1.0, ""scale_pos_weight_mode"": ""none""}",0.4392702645081668,0.0291950567668189,0.8812434624824732,0.04377160060700663,0.1603894165006285,0.9459525981909728,0.6398378781974927,0.24833337268502512,0.3575829004608855,0.6646468782417772,0.9345683661612234
xgboost,extended_geographic,"{""model__colsample_bytree"": 0.8, ""model__learning_rate"": 0.03, ""model__max_depth"": 3, ""model__min_child_weight"": 5, ""model__n_estimators"": 600, ""model__reg_lambda"": 5.0, ""model__subsample"": 0.8, ""scale_pos_weight_mode"": ""balanced""}",0.4391927779554665,0.02944154309000963,0.882400935818884,0.11469375240926663,0.358910160356122,0.8433288031057822,0.23681258910553282,0.7195039290450764,0.35580410863623335,0.6330264909563249,0.8769172514196291
xgboost,extended_geographic,"{""model__colsample_bytree"": 0.8, ""model__learning_rate"": 0.03, ""model__max_depth"": 3, ""model__min_child_weight"": 1, ""model__n_estimators"": 600, ""model__reg_lambda"": 5.0, ""model__subsample"": 0.8, ""scale_pos_weight_mode"": ""balanced""}",0.4391414117103888,0.029506481573756214,0.8823617260947506,0.11471925699872139,0.3589167363017958,0.8436146103406355,0.2370976116635674,0.7194697691668701,0.3561170651508309,0.6332780946513665,0.8771229763454595
xgboost,airport_aware,"{""model__colsample_bytree"": 1.0, ""model__learning_rate"": 0.03, ""model__max_depth"": 3, ""model__min_child_weight"": 5, ""model__n_estimators"": 600, ""model__reg_lambda"": 1.0, ""model__subsample"": 1.0, ""scale_pos_weight_mode"": ""balanced""}",0.43900244144417755,0.029283722333068123,0.8819470207942487,0.1166281146331096,0.3638093107304382,0.8408081069448279,0.23388406232754222,0.7221240148779853,0.35261720458008744,0.6306644163014974,0.8753020921322173
xgboost,extended_geographic,"{""model__colsample_bytree"": 0.8, ""model__learning_rate"": 0.03, ""model__max_depth"": 3, ""model__min_child_weight"": 1, ""model__n_estimators"": 600, ""model__reg_lambda"": 5.0, ""model__subsample"": 1.0, ""scale_pos_weight_mode"": ""none""}",0.43893848506257405,0.02838090827430162,0.8811053373602784,0.04380021502245757,0.1605228401163906,0.9459335891990965,0.6379526688796263,0.25002582012037167,0.3590582534813581,0.6653777038435591,0.934652457784059
xgboost,airport_aware,"{""model__colsample_bytree"": 1.0, ""model__learning_rate"": 0.03, ""model__max_depth"": 3, ""model__min_child_weight"": 1, ""model__n_estimators"": 600, ""model__reg_lambda"": 1.0, ""model__subsample"": 1.0, ""scale_pos_weight_mode"": ""balanced""}",0.43892006946682327,0.02940278274724044,0.8819494110929439,0.11657472045911402,0.36361469350860753,0.8410561589957357,0.23420896449788975,0.7225592606337744,0.35302124830239046,0.6309492680005512,0.8754812112169967
xgboost,airport_aware,"{""model__colsample_bytree"": 1.0, ""model__learning_rate"": 0.03, ""model__max_depth"": 3, ""model__min_child_weight"": 1, ""model__n_estimators"": 600, ""model__reg_lambda"": 5.0, ""model__subsample"": 1.0, ""scale_pos_weight_mode"": ""balanced""}",0.43885651170148365,0.029464943497518905,0.8818649112472405,0.1165694267439065,0.3635344186553412,0.8403391639522994,0.2335170033270575,0.7240719004532308,0.35247938961452197,0.6304472676405013,0.8750172148463795
xgboost,airport_aware,"{""model__colsample_bytree"": 1.0, ""model__learning_rate"": 0.03, ""model__max_depth"": 3, ""model__min_child_weight"": 5, ""model__n_estimators"": 600, ""model__reg_lambda"": 5.0, ""model__subsample"": 1.0, ""scale_pos_weight_mode"": ""balanced""}",0.438782559415264,0.028989788258432906,0.8820031699425177,0.11668977263561975,0.363827018555002,0.8411320923920502,0.23424157067419352,0.7221229536329943,0.35309821731785657,0.6310023783248626,0.8755083837407458
xgboost,airport_aware,"{""model__colsample_bytree"": 0.8, ""model__learning_rate"": 0.03, ""model__max_depth"": 3, ""model__min_child_weight"": 1, ""model__n_estimators"": 600, ""model__reg_lambda"": 5.0, ""model__subsample"": 1.0, ""scale_pos_weight_mode"": ""balanced""}",0.43872418932235374,0.02902543996641813,0.8818640780635472,0.1164367329945073,0.36376682633945834,0.841884196027299,0.23495640341115429,0.720312896637268,0.3536751926968241,0.6315284711686642,0.8759864360869049
xgboost,airport_aware,"{""model__colsample_bytree"": 0.8, ""model__learning_rate"": 0.03, ""model__max_depth"": 3, ""model__min_child_weight"": 5, ""model__n_estimators"": 600, ""model__reg_lambda"": 5.0, ""model__subsample"": 1.0, ""scale_pos_weight_mode"": ""balanced""}",0.4386629658759241,0.029992456159783427,0.8819561845945241,0.11637040979175825,0.3638014752591693,0.8422677467471942,0.23535688547502862,0.7191547526853601,0.35400132350840907,0.6318071127300391,0.8762281717745948
xgboost,extended_geographic,"{""model__colsample_bytree"": 0.8, ""model__learning_rate"": 0.03, ""model__max_depth"": 3, ""model__min_child_weight"": 5, ""model__n_estimators"": 600, ""model__reg_lambda"": 5.0, ""model__subsample"": 1.0, ""scale_pos_weight_mode"": ""none""}",0.43859323141956735,0.02840044979032949,0.8810729192889812,0.04381308709974173,0.16060448636868252,0.9459344632051625,0.6379807205676415,0.2495741189575847,0.35855850443530607,0.6651294321097501,0.9346120663542145
xgboost,extended_geographic,"{""model__colsample_bytree"": 1.0, ""model__learning_rate"": 0.03, ""model__max_depth"": 3, ""model__min_child_weight"": 5, ""model__n_estimators"": 600, ""model__reg_lambda"": 5.0, ""model__subsample"": 1.0, ""scale_pos_weight_mode"": ""none""}",0.4384223079618995,0.028791371279324133,0.8810239092151463,0.04383163141702382,0.16064548083941554,0.9457268672351493,0.6339542162479073,0.247831168802432,0.3561128009948272,0.6638515291352427,0.9343671181458978
xgboost,extended_geographic,"{""model__colsample_bytree"": 0.8, ""model__learning_rate"": 0.08, ""model__max_depth"": 6, ""model__min_child_weight"": 5, ""model__n_estimators"": 600, ""model__reg_lambda"": 1.0, ""model__subsample"": 0.8, ""scale_pos_weight_mode"": ""balanced""}",0.43835084962343424,0.01827387213668035,0.878288361257955,0.10108846375187124,0.31879227220801953,0.8645318835304074,0.25970357080529677,0.6761588461607964,0.37427684168193587,0.648999686657935,0.8906188528365853
xgboost,extended_geographic,"{""model__colsample_bytree"": 1.0, ""model__learning_rate"": 0.03, ""model__max_depth"": 3, ""model__min_child_weight"": 1, ""model__n_estimators"": 600, ""model__reg_lambda"": 5.0, ""model__subsample"": 1.0, ""scale_pos_weight_mode"": ""none""}",0.4382254178985958,0.02921793752093911,0.8810051614010833,0.04383340860246755,0.16057868258145727,0.9458587730279753,0.6373942697845236,0.24771635388265384,0.35656897307602514,0.664115263688756,0.9344659958379659
xgboost,extended_geographic,"{""model__colsample_bytree"": 0.8, ""model__learning_rate"": 0.08, ""model__max_depth"": 6, ""model__min_child_weight"": 1, ""model__n_estimators"": 600, ""model__reg_lambda"": 1.0, ""model__subsample"": 1.0, ""scale_pos_weight_mode"": ""balanced""}",0.43802413459234757,0.020364993106901888,0.8761950216708183,0.10183931975461236,0.3214665642934057,0.8626800366414846,0.25758086410271164,0.678920901222517,0.3727883426049128,0.6476450170845348,0.8893687632616236
xgboost,extended_geographic,"{""model__colsample_bytree"": 1.0, ""model__learning_rate"": 0.03, ""model__max_depth"": 3, ""model__min_child_weight"": 5, ""model__n_estimators"": 600, ""model__reg_lambda"": 1.0, ""model__subsample"": 1.0, ""scale_pos_weight_mode"": ""balanced""}",0.43754253682040745,0.030324914874333673,0.8817263951234032,0.11502103914760398,0.360066939727242,0.8442723471753035,0.23766138349916516,0.7173499189771376,0.35641697802453404,0.6336418039639865,0.8775497783805086
xgboost,extended_geographic,"{""model__colsample_bytree"": 1.0, ""model__learning_rate"": 0.03, ""model__max_depth"": 3, ""model__min_child_weight"": 1, ""model__n_estimators"": 600, ""model__reg_lambda"": 5.0, ""model__subsample"": 1.0, ""scale_pos_weight_mode"": ""balanced""}",0.4368697840566956,0.030986693616670065,0.8815038175674405,0.11521752412455291,0.3606962725772281,0.843780887695923,0.23692861459555456,0.7166614840505361,0.3555187272211958,0.6330386982795526,0.8771995327680495
xgboost,extended_geographic,"{""model__colsample_bytree"": 1.0, ""model__learning_rate"": 0.03, ""model__max_depth"": 3, ""model__min_child_weight"": 1, ""model__n_estimators"": 600, ""model__reg_lambda"": 1.0, ""model__subsample"": 1.0, ""scale_pos_weight_mode"": ""balanced""}",0.4368553946082587,0.030418518070853367,0.8815438397122609,0.11514844432081432,0.3602963930135072,0.8438730986668824,0.23719310689117662,0.7180108067451668,0.35596153764190774,0.6332926129416385,0.877299456778377
xgboost,extended_geographic,"{""model__colsample_bytree"": 0.8, ""model__learning_rate"": 0.03, ""model__max_depth"": 3, ""model__min_child_weight"": 5, ""model__n_estimators"": 600, ""model__reg_lambda"": 1.0, ""model__subsample"": 1.0, ""scale_pos_weight_mode"": ""balanced""}",0.4366593557923906,0.030410414837692974,0.8815486668225884,0.11510645974687231,0.3603525531471709,0.8440179449277612,0.23700494069827674,0.7158624997485425,0.3554839254131775,0.6331062751973284,0.8773611175812412
xgboost,extended_geographic,"{""model__colsample_bytree"": 1.0, ""model__learning_rate"": 0.03, ""model__max_depth"": 3, ""model__min_child_weight"": 5, ""model__n_estimators"": 600, ""model__reg_lambda"": 5.0, ""model__subsample"": 1.0, ""scale_pos_weight_mode"": ""balanced""}",0.43664398293789075,0.029985036067447148,0.8815785082452446,0.11522609124952976,0.36073727493861957,0.8440668149050244,0.23730854541967045,0.7168429784274588,0.3559599474017673,0.6333520760801045,0.8774066202614026
xgboost,extended_geographic,"{""model__colsample_bytree"": 1.0, ""model__learning_rate"": 0.08, ""model__max_depth"": 6, ""model__min_child_weight"": 1, ""model__n_estimators"": 600, ""model__reg_lambda"": 1.0, ""model__subsample"": 1.0, ""scale_pos_weight_mode"": ""balanced""}",0.4365717280914261,0.018993181964629246,0.8753218822608784,0.10186197617576176,0.32151398218525157,0.8619235522706896,0.25580140515276617,0.6761959339639259,0.3705182631883567,0.6462924466948822,0.888814059393306
xgboost,extended_geographic,"{""model__colsample_bytree"": 0.8, ""model__learning_rate"": 0.03, ""model__max_depth"": 3, ""model__min_child_weight"": 1, ""model__n_estimators"": 600, ""model__reg_lambda"": 1.0, ""model__subsample"": 1.0, ""scale_pos_weight_mode"": ""balanced""}",0.4362892591949204,0.030496806547819024,0.8814764000374616,0.11518637570602493,0.36053053328199547,0.8437680990703311,0.23667203646264706,0.7156589070087093,0.3551059191729856,0.6328364341070347,0.8771893858957263
xgboost,airport_aware,"{""model__colsample_bytree"": 0.8, ""model__learning_rate"": 0.03, ""model__max_depth"": 3, ""model__min_child_weight"": 1, ""model__n_estimators"": 300, ""model__reg_lambda"": 1.0, ""model__subsample"": 0.8, ""scale_pos_weight_mode"": ""none""}",0.4361129042592019,0.02968377627686756,0.8797657920007362,0.04402678885117723,0.16219485288845434,0.9457671096152159,0.6402570623168307,0.24300898578073987,0.3518782045705667,0.6617501811314586,0.9340952332074984
xgboost,airport_aware,"{""model__colsample_bytree"": 0.8, ""model__learning_rate"": 0.03, ""model__max_depth"": 3, ""model__min_child_weight"": 5, ""model__n_estimators"": 300, ""model__reg_lambda"": 1.0, ""model__subsample"": 0.8, ""scale_pos_weight_mode"": ""none""}",0.43591127641095717,0.029529615057114558,0.8796541569228353,0.04402801881001976,0.16225388395179988,0.9457570771550387,0.6405230764641845,0.24293760509337572,0.3518296221539659,0.6617239051799271,0.9340667600186917
xgboost,extended_geographic,"{""model__colsample_bytree"": 0.8, ""model__learning_rate"": 0.03, ""model__max_depth"": 3, ""model__min_child_weight"": 1, ""model__n_estimators"": 600, ""model__reg_lambda"": 5.0, ""model__subsample"": 1.0, ""scale_pos_weight_mode"": ""balanced""}",0.4357457868230347,0.030472943205888305,0.8814575857014709,0.1152801845193735,0.3607877436092878,0.8440007161829571,0.2369735519485819,0.7156934909791224,0.3554315228111135,0.6330765783776767,0.8773547530163173
xgboost,extended_geographic,"{""model__colsample_bytree"": 0.8, ""model__learning_rate"": 0.08, ""model__max_depth"": 6, ""model__min_child_weight"": 1, ""model__n_estimators"": 600, ""model__reg_lambda"": 1.0, ""model__subsample"": 0.8, ""scale_pos_weight_mode"": ""balanced""}",0.43567196387322066,0.01697311031417776,0.8767899662942803,0.09928347914045069,0.3137708695047905,0.866607959279135,0.26176593939134307,0.6685731883864766,0.37516162092742966,0.6500994854862865,0.8918994546551069
xgboost,extended_geographic,"{""model__colsample_bytree"": 0.8, ""model__learning_rate"": 0.03, ""model__max_depth"": 3, ""model__min_child_weight"": 5, ""model__n_estimators"": 600, ""model__reg_lambda"": 5.0, ""model__subsample"": 1.0, ""scale_pos_weight_mode"": ""balanced""}",0.4355929303408862,0.030526146171899006,0.8813587679696606,0.11530731381686225,0.36107669351640476,0.843848818057538,0.2368446472697628,0.7161014788870365,0.35531296959436365,0.6329673735826129,0.8772579814730873
xgboost,airport_aware,"{""model__colsample_bytree"": 1.0, ""model__learning_rate"": 0.03, ""model__max_depth"": 3, ""model__min_child_weight"": 5, ""model__n_estimators"": 300, ""model__reg_lambda"": 1.0, ""model__subsample"": 0.8, ""scale_pos_weight_mode"": ""none""}",0.43549871123080813,0.030218423340994432,0.8800550977192435,0.04402698995726771,0.16214209319975637,0.9456807210661268,0.6377679680070163,0.24364383233493223,0.3522236247040951,0.6618988710832207,0.9340503868262816
xgboost,airport_aware,"{""model__colsample_bytree"": 0.8, ""model__learning_rate"": 0.03, ""model__max_depth"": 3, ""model__min_child_weight"": 1, ""model__n_estimators"": 300, ""model__reg_lambda"": 5.0, ""model__subsample"": 0.8, ""scale_pos_weight_mode"": ""none""}",0.4353025007485469,0.02997488216903265,0.8794472212220192,0.04405937466423253,0.1623829027731924,0.9456912932827233,0.639194878512501,0.24129170921859747,0.34994862321324094,0.6607665112253872,0.9339498264378546
xgboost,airport_aware,"{""model__colsample_bytree"": 1.0, ""model__learning_rate"": 0.03, ""model__max_depth"": 3, ""model__min_child_weight"": 1, ""model__n_estimators"": 300, ""model__reg_lambda"": 1.0, ""model__subsample"": 0.8, ""scale_pos_weight_mode"": ""none""}",0.43526593450371054,0.03004985418242278,0.8799670703138153,0.044035473829798596,0.16215155012671018,0.9456632164172927,0.6370917304889645,0.24395150303895646,0.35245274147403166,0.6620086183325954,0.9340532082617278
xgboost,extended_geographic,"{""model__colsample_bytree"": 1.0, ""model__learning_rate"": 0.08, ""model__max_depth"": 6, ""model__min_child_weight"": 1, ""model__n_estimators"": 600, ""model__reg_lambda"": 1.0, ""model__subsample"": 0.8, ""scale_pos_weight_mode"": ""balanced""}",0.43521545638569653,0.016572610032835933,0.8759870487975278,0.09854508979741744,0.3118314838847168,0.8669597562501382,0.261776141707078,0.664718320421138,0.37481299102826393,0.6500199982788498,0.892049824810868
xgboost,airport_aware,"{""model__colsample_bytree"": 0.8, ""model__learning_rate"": 0.03, ""model__max_depth"": 3, ""model__min_child_weight"": 5, ""model__n_estimators"": 300, ""model__reg_lambda"": 5.0, ""model__subsample"": 0.8, ""scale_pos_weight_mode"": ""none""}",0.4351546415741838,0.030001263056536494,0.8793908363999877,0.04406830322249941,0.1624218819094115,0.9456024289856035,0.6357782675888488,0.2424895274223938,0.35068780764749724,0.6611110968617003,0.9339482711633975
xgboost,airport_aware,"{""model__colsample_bytree"": 1.0, ""model__learning_rate"": 0.03, ""model__max_depth"": 3, ""model__min_child_weight"": 1, ""model__n_estimators"": 300, ""model__reg_lambda"": 5.0, ""model__subsample"": 0.8, ""scale_pos_weight_mode"": ""none""}",0.4346985369738238,0.030696297884954524,0.8796964406582258,0.04407406271925306,0.16228978275907308,0.9455637391690249,0.6357158430619525,0.24242768397697861,0.3506535283102802,0.6610832085457241,0.9338973471887726
xgboost,airport_aware,"{""model__colsample_bytree"": 1.0, ""model__learning_rate"": 0.03, ""model__max_depth"": 3, ""model__min_child_weight"": 5, ""model__n_estimators"": 300, ""model__reg_lambda"": 5.0, ""model__subsample"": 0.8, ""scale_pos_weight_mode"": ""none""}",0.4346286870478518,0.030438775218404962,0.8795756744233685,0.044080300196327867,0.16237292087525987,0.9455336525669203,0.634739702242866,0.24276359669495137,0.3508482890834059,0.6611717558297497,0.933904812237899
xgboost,airport_aware,"{""model__colsample_bytree"": 0.8, ""model__learning_rate"": 0.03, ""model__max_depth"": 3, ""model__min_child_weight"": 1, ""model__n_estimators"": 300, ""model__reg_lambda"": 1.0, ""model__subsample"": 1.0, ""scale_pos_weight_mode"": ""none""}",0.4340903941999067,0.030432260285016114,0.8793864549108449,0.044098490747463026,0.1623969514675737,0.9455697930716754,0.6378314309387392,0.24099114956554554,0.34935554224582765,0.6604380422724141,0.9337892520355225
xgboost,airport_aware,"{""model__colsample_bytree"": 0.8, ""model__learning_rate"": 0.03, ""model__max_depth"": 3, ""model__min_child_weight"": 5, ""model__n_estimators"": 300, ""model__reg_lambda"": 1.0, ""model__subsample"": 1.0, ""scale_pos_weight_mode"": ""none""}",0.4338271552393957,0.030365168360681517,0.8792793797740286,0.04412010866881626,0.16253124395337945,0.9455485683542811,0.6364074517517716,0.24153903210264227,0.34974107389518927,0.6606241155142698,0.9338266921199331
xgboost,airport_aware,"{""model__colsample_bytree"": 0.8, ""model__learning_rate"": 0.03, ""model__max_depth"": 3, ""model__min_child_weight"": 1, ""model__n_estimators"": 300, ""model__reg_lambda"": 5.0, ""model__subsample"": 1.0, ""scale_pos_weight_mode"": ""none""}",0.4334553512362428,0.03067918006034595,0.8790761152368136,0.04413534947668356,0.1625724300687192,0.9456426998334709,0.6394675341629388,0.24013060495470945,0.3487312301911034,0.6601462871831087,0.9338244512764005
xgboost,airport_aware,"{""model__colsample_bytree"": 1.0, ""model__learning_rate"": 0.03, ""model__max_depth"": 3, ""model__min_child_weight"": 5, ""model__n_estimators"": 300, ""model__reg_lambda"": 1.0, ""model__subsample"": 1.0, ""scale_pos_weight_mode"": ""none""}",0.4333139500773474,0.03048560821901106,0.8793087530824881,0.0441348048727797,0.16249073722291701,0.9454464004724162,0.6340280340867056,0.24074557866775428,0.34855988095385365,0.6600066957625816,0.9337029797204034
xgboost,airport_aware,"{""model__colsample_bytree"": 0.8, ""model__learning_rate"": 0.03, ""model__max_depth"": 3, ""model__min_child_weight"": 5, ""model__n_estimators"": 300, ""model__reg_lambda"": 5.0, ""model__subsample"": 1.0, ""scale_pos_weight_mode"": ""none""}",0.4332984212650305,0.031079180116684767,0.8790745120561564,0.04414781833266736,0.1626439222242095,0.9456612213309856,0.6385193127450599,0.24112531838759552,0.3496524674629474,0.660610933653717,0.9339088591401596
xgboost,airport_aware,"{""model__colsample_bytree"": 1.0, ""model__learning_rate"": 0.03, ""model__max_depth"": 3, ""model__min_child_weight"": 1, ""model__n_estimators"": 300, ""model__reg_lambda"": 1.0, ""model__subsample"": 1.0, ""scale_pos_weight_mode"": ""none""}",0.43314335654590197,0.030339970376704172,0.8793090287480538,0.044154931915801,0.16250067401155105,0.9454272011918615,0.6341223250800844,0.23993353590916647,0.3477252237851648,0.6595850804870584,0.9336425186010935
xgboost,airport_aware,"{""model__colsample_bytree"": 1.0, ""model__learning_rate"": 0.03, ""model__max_depth"": 3, ""model__min_child_weight"": 1, ""model__n_estimators"": 300, ""model__reg_lambda"": 5.0, ""model__subsample"": 1.0, ""scale_pos_weight_mode"": ""none""}",0.4326724616677655,0.03131537023896885,0.8792786055598892,0.04416566571722767,0.1625928578154087,0.9454964792863662,0.6379710216853621,0.23812925823487402,0.3463308440107466,0.6589078643382533,0.9335942517696226
xgboost,airport_aware,"{""model__colsample_bytree"": 1.0, ""model__learning_rate"": 0.03, ""model__max_depth"": 3, ""model__min_child_weight"": 5, ""model__n_estimators"": 300, ""model__reg_lambda"": 5.0, ""model__subsample"": 1.0, ""scale_pos_weight_mode"": ""none""}",0.43228430098635984,0.030963113187822324,0.8790275075997513,0.04417862494169276,0.16271259916702102,0.9454006658383716,0.6335837170135332,0.23973704797200432,0.34741652910752646,0.6594233398799799,0.9336188802529021
xgboost,extended_geographic,"{""model__colsample_bytree"": 0.8, ""model__learning_rate"": 0.03, ""model__max_depth"": 3, ""model__min_child_weight"": 1, ""model__n_estimators"": 300, ""model__reg_lambda"": 1.0, ""model__subsample"": 0.8, ""scale_pos_weight_mode"": ""none""}",0.43077360306949836,0.03177120704809671,0.8791127944071325,0.044158108255036,0.16244601966531302,0.9456098068265643,0.6419680263234342,0.2327760351485053,0.34142360460925814,0.6564920786986214,0.9334017479948269
xgboost,extended_geographic,"{""model__colsample_bytree"": 0.8, ""model__learning_rate"": 0.03, ""model__max_depth"": 3, ""model__min_child_weight"": 5, ""model__n_estimators"": 300, ""model__reg_lambda"": 1.0, ""model__subsample"": 0.8, ""scale_pos_weight_mode"": ""none""}",0.4305222575828445,0.03208514215239639,0.8789455782383699,0.04416705474423903,0.16251037077776698,0.9456572774349958,0.6423681028984822,0.23315303492364364,0.3418537213378406,0.6567199441053406,0.9334681780903754
xgboost,extended_geographic,"{""model__colsample_bytree"": 1.0, ""model__learning_rate"": 0.03, ""model__max_depth"": 3, ""model__min_child_weight"": 1, ""model__n_estimators"": 300, ""model__reg_lambda"": 1.0, ""model__subsample"": 0.8, ""scale_pos_weight_mode"": ""none""}",0.43050314905882237,0.03188807381585178,0.8789598570984509,0.04415587865039265,0.16238058961348464,0.9455925599990861,0.6407335147875731,0.2320189416373141,0.34045172151286646,0.6560019727916001,0.933381388461493
xgboost,extended_geographic,"{""model__colsample_bytree"": 1.0, ""model__learning_rate"": 0.03, ""model__max_depth"": 3, ""model__min_child_weight"": 5, ""model__n_estimators"": 300, ""model__reg_lambda"": 1.0, ""model__subsample"": 0.8, ""scale_pos_weight_mode"": ""none""}",0.43048250074916783,0.03223140465401689,0.8789716384015479,0.04415016748553661,0.16240582454941963,0.9456495627589898,0.6411196800262607,0.23317870974786606,0.3417471930882091,0.6566638914945347,0.9334937505020757
xgboost,airport_aware,"{""model__colsample_bytree"": 0.8, ""model__learning_rate"": 0.03, ""model__max_depth"": 3, ""model__min_child_weight"": 5, ""model__n_estimators"": 300, ""model__reg_lambda"": 1.0, ""model__subsample"": 0.8, ""scale_pos_weight_mode"": ""balanced""}",0.4304621354455363,0.03271379637141913,0.8794432199230064,0.11953842328049376,0.37274713038263024,0.8370856656940946,0.22894471703538577,0.7199175880642246,0.34662398091018365,0.6265071047244263,0.8727766716780649
xgboost,airport_aware,"{""model__colsample_bytree"": 1.0, ""model__learning_rate"": 0.03, ""model__max_depth"": 3, ""model__min_child_weight"": 1, ""model__n_estimators"": 300, ""model__reg_lambda"": 5.0, ""model__subsample"": 0.8, ""scale_pos_weight_mode"": ""balanced""}",0.43038015418651465,0.03203122679163149,0.879812906029686,0.11929501092633683,0.3719778971241841,0.8371581344774555,0.22916990126982087,0.7214994362538995,0.34713144321208766,0.6267800536994409,0.8728444822688264
xgboost,airport_aware,"{""model__colsample_bytree"": 1.0, ""model__learning_rate"": 0.03, ""model__max_depth"": 3, ""model__min_child_weight"": 1, ""model__n_estimators"": 300, ""model__reg_lambda"": 1.0, ""model__subsample"": 0.8, ""scale_pos_weight_mode"": ""balanced""}",0.430252211286844,0.03158694414731064,0.8796737359322707,0.11919984002806616,0.3717164906638703,0.8367177045824039,0.2286610738441263,0.7212552386535211,0.3464569977434472,0.626309179048238,0.8725394715188151
xgboost,airport_aware,"{""model__colsample_bytree"": 1.0, ""model__learning_rate"": 0.03, ""model__max_depth"": 3, ""model__min_child_weight"": 5, ""model__n_estimators"": 300, ""model__reg_lambda"": 5.0, ""model__subsample"": 0.8, ""scale_pos_weight_mode"": ""balanced""}",0.430143067561149,0.031772014859208976,0.8797026788001465,0.11931814855029446,0.3719670033562453,0.8366384971186587,0.22853107955290852,0.7211461614873025,0.34632903118749947,0.6262171044723924,0.8724820290064604
xgboost,airport_aware,"{""model__colsample_bytree"": 0.8, ""model__learning_rate"": 0.03, ""model__max_depth"": 3, ""model__min_child_weight"": 1, ""model__n_estimators"": 300, ""model__reg_lambda"": 1.0, ""model__subsample"": 0.8, ""scale_pos_weight_mode"": ""balanced""}",0.43004137433172807,0.03242187019882426,0.8793875258574954,0.1194402361254586,0.3725605384050437,0.8375951434219345,0.22937461453534363,0.7191936100755875,0.34710333256807957,0.6269071732030678,0.8730990353476592
xgboost,airport_aware,"{""model__colsample_bytree"": 0.8, ""model__learning_rate"": 0.03, ""model__max_depth"": 3, ""model__min_child_weight"": 1, ""model__n_estimators"": 300, ""model__reg_lambda"": 1.0, ""model__subsample"": 1.0, ""scale_pos_weight_mode"": ""balanced""}",0.4299305578909188,0.032345065954448644,0.8793692116707532,0.11962884776215126,0.3731682285734709,0.8378868979825969,0.22953763085266482,0.7177121681151465,0.3470326369004906,0.6269729388365632,0.8732898426262166
xgboost,airport_aware,"{""model__colsample_bytree"": 1.0, ""model__learning_rate"": 0.03, ""model__max_depth"": 3, ""model__min_child_weight"": 5, ""model__n_estimators"": 300, ""model__reg_lambda"": 1.0, ""model__subsample"": 0.8, ""scale_pos_weight_mode"": ""balanced""}",0.4298905769808087,0.031753882722234006,0.8796928100990279,0.11928848224483583,0.3719392612565732,0.836898503552044,0.22856963995147087,0.7201113620837243,0.3462402321766473,0.626267603800609,0.8726603585461392
xgboost,extended_geographic,"{""model__colsample_bytree"": 0.8, ""model__learning_rate"": 0.03, ""model__max_depth"": 3, ""model__min_child_weight"": 1, ""model__n_estimators"": 300, ""model__reg_lambda"": 1.0, ""model__subsample"": 1.0, ""scale_pos_weight_mode"": ""none""}",0.4298691150967885,0.031087719374869736,0.8786457969084449,0.04419587194381003,0.1626162243046793,0.945402492029371,0.6389548308714407,0.22919192157676488,0.33706227763779717,0.6542594727780605,0.9330276679886937
xgboost,airport_aware,"{""model__colsample_bytree"": 0.8, ""model__learning_rate"": 0.03, ""model__max_depth"": 3, ""model__min_child_weight"": 1, ""model__n_estimators"": 300, ""model__reg_lambda"": 5.0, ""model__subsample"": 0.8, ""scale_pos_weight_mode"": ""balanced""}",0.4298443584017866,0.03250777945813403,0.8792473833617773,0.11956478157701904,0.37288711084402043,0.8365359378331683,0.22858621888532693,0.7219070915819378,0.3464031495861642,0.6262243370608103,0.872437839498982
xgboost,extended_geographic,"{""model__colsample_bytree"": 0.8, ""model__learning_rate"": 0.03, ""model__max_depth"": 3, ""model__min_child_weight"": 1, ""model__n_estimators"": 300, ""model__reg_lambda"": 5.0, ""model__subsample"": 0.8, ""scale_pos_weight_mode"": ""none""}",0.42967588562056536,0.03185076702042306,0.8787715831835936,0.04419627775681575,0.1626514276020352,0.9455568208700263,0.6411143633415881,0.23094684173488256,0.3392741795678133,0.6554049322141586,0.9332667833236336
xgboost,airport_aware,"{""model__colsample_bytree"": 0.8, ""model__learning_rate"": 0.03, ""model__max_depth"": 3, ""model__min_child_weight"": 5, ""model__n_estimators"": 300, ""model__reg_lambda"": 5.0, ""model__subsample"": 0.8, ""scale_pos_weight_mode"": ""balanced""}",0.4296095633441747,0.032600699264409935,0.8794323754251222,0.11952413567162719,0.3727609026716229,0.8369707288069641,0.22884175010364904,0.7204626058416089,0.3465853346591038,0.6264515877766453,0.8726990019664023
xgboost,airport_aware,"{""model__colsample_bytree"": 0.8, ""model__learning_rate"": 0.03, ""model__max_depth"": 3, ""model__min_child_weight"": 5, ""model__n_estimators"": 300, ""model__reg_lambda"": 1.0, ""model__subsample"": 1.0, ""scale_pos_weight_mode"": ""balanced""}",0.4294870183653524,0.032390132301521234,0.8792757039618394,0.119808109851736,0.37340084680399627,0.8378218144396425,0.22981690533453403,0.7197230693190689,0.34762161508357237,0.6272378879183944,0.8732724900918202
xgboost,extended_geographic,"{""model__colsample_bytree"": 0.8, ""model__learning_rate"": 0.03, ""model__max_depth"": 3, ""model__min_child_weight"": 5, ""model__n_estimators"": 300, ""model__reg_lambda"": 5.0, ""model__subsample"": 0.8, ""scale_pos_weight_mode"": ""none""}",0.4294401872752327,0.03232486296410271,0.8786516840995462,0.04420237055838229,0.16269430104041044,0.9455743519539057,0.6409226182652091,0.23244508041748507,0.34086862815334834,0.6562057421892213,0.9333592604006606
xgboost,airport_aware,"{""model__colsample_bytree"": 0.8, ""model__learning_rate"": 0.03, ""model__max_depth"": 3, ""model__min_child_weight"": 5, ""model__n_estimators"": 300, ""model__reg_lambda"": 5.0, ""model__subsample"": 1.0, ""scale_pos_weight_mode"": ""balanced""}",0.4292086812874184,0.032865085603984365,0.8793674347933471,0.11974864693967165,0.3734654114200858,0.8381056797529236,0.22976046590843363,0.7174430135603627,0.3471748411096891,0.6271244997128215,0.8734602669345971
xgboost,extended_geographic,"{""model__colsample_bytree"": 0.8, ""model__learning_rate"": 0.03, ""model__max_depth"": 3, ""model__min_child_weight"": 5, ""model__n_estimators"": 300, ""model__reg_lambda"": 1.0, ""model__subsample"": 1.0, ""scale_pos_weight_mode"": ""none""}",0.4291718057346904,0.031050659027449846,0.8784310464488805,0.04422904691132644,0.16274884273201767,0.9454314903782601,0.6388878093156498,0.2303119515587122,0.3381573700583135,0.6548146860259555,0.93310187971197
xgboost,extended_geographic,"{""model__colsample_bytree"": 1.0, ""model__learning_rate"": 0.03, ""model__max_depth"": 3, ""model__min_child_weight"": 5, ""model__n_estimators"": 300, ""model__reg_lambda"": 5.0, ""model__subsample"": 0.8, ""scale_pos_weight_mode"": ""none""}",0.4291020215163613,0.03226520201982306,0.8787139021672841,0.04421340846405891,0.16265284210233472,0.9453886642985756,0.6362740201174255,0.2317646363276436,0.3394476937603002,0.655445817515145,0.9331710020855801
xgboost,extended_geographic,"{""model__colsample_bytree"": 1.0, ""model__learning_rate"": 0.03, ""model__max_depth"": 3, ""model__min_child_weight"": 1, ""model__n_estimators"": 300, ""model__reg_lambda"": 5.0, ""model__subsample"": 0.8, ""scale_pos_weight_mode"": ""none""}",0.42907374722231617,0.032133039755016975,0.8786938602428748,0.044205550778236055,0.1625963868306105,0.9455137905046346,0.6393876541168091,0.23206854669834293,0.34024129899760874,0.655875930631083,0.9332917992156051
xgboost,extended_geographic,"{""model__colsample_bytree"": 1.0, ""model__learning_rate"": 0.03, ""model__max_depth"": 3, ""model__min_child_weight"": 1, ""model__n_estimators"": 300, ""model__reg_lambda"": 1.0, ""model__subsample"": 1.0, ""scale_pos_weight_mode"": ""none""}",0.42906417407120256,0.03155366263828994,0.8783506120720895,0.0442385333899662,0.1626996668496472,0.9455262943566971,0.6431078524725263,0.2298293497540967,0.33829251275468386,0.6549076018763184,0.9331323976521382
xgboost,extended_geographic,"{""model__colsample_bytree"": 1.0, ""model__learning_rate"": 0.03, ""model__max_depth"": 3, ""model__min_child_weight"": 5, ""model__n_estimators"": 300, ""model__reg_lambda"": 1.0, ""model__subsample"": 1.0, ""scale_pos_weight_mode"": ""none""}",0.42903960263498037,0.031496943506563575,0.8783249394436087,0.0442468199237085,0.162767019494658,0.9454375996083859,0.6400752399888525,0.2291019151762451,0.3371109305757939,0.6542930794694042,0.9330585358546093
xgboost,airport_aware,"{""model__colsample_bytree"": 0.8, ""model__learning_rate"": 0.03, ""model__max_depth"": 3, ""model__min_child_weight"": 1, ""model__n_estimators"": 300, ""model__reg_lambda"": 5.0, ""model__subsample"": 1.0, ""scale_pos_weight_mode"": ""balanced""}",0.4287837505705978,0.03214808592008828,0.8793225208621436,0.11989542965282543,0.37369831658221936,0.8375306048629764,0.22933503750052675,0.7188574986993889,0.3469215459083668,0.6268007215635216,0.8730689738871362
xgboost,extended_geographic,"{""model__colsample_bytree"": 0.8, ""model__learning_rate"": 0.03, ""model__max_depth"": 3, ""model__min_child_weight"": 1, ""model__n_estimators"": 300, ""model__reg_lambda"": 5.0, ""model__subsample"": 1.0, ""scale_pos_weight_mode"": ""none""}",0.42865989342010796,0.03129812263476242,0.8782904346536752,0.04424549857884687,0.16280868616957433,0.9454907310616546,0.6394415319529576,0.23085709545649516,0.3389016560457856,0.6552016444871993,0.9332036973560969
xgboost,airport_aware,"{""model__colsample_bytree"": 1.0, ""model__learning_rate"": 0.03, ""model__max_depth"": 3, ""model__min_child_weight"": 5, ""model__n_estimators"": 300, ""model__reg_lambda"": 1.0, ""model__subsample"": 1.0, ""scale_pos_weight_mode"": ""balanced""}",0.428602538915589,0.03337740267252346,0.8794718094533198,0.12000229410859815,0.37337683651268305,0.836185853198242,0.2279929223691081,0.7219268572030133,0.34568435511155127,0.6257709152614688,0.872231037280845
xgboost,extended_geographic,"{""model__colsample_bytree"": 0.8, ""model__learning_rate"": 0.03, ""model__max_depth"": 3, ""model__min_child_weight"": 5, ""model__n_estimators"": 300, ""model__reg_lambda"": 5.0, ""model__subsample"": 1.0, ""scale_pos_weight_mode"": ""none""}",0.4285731051655287,0.031644790150656375,0.8781957825284745,0.0442485649902125,0.16290078894557256,0.9454564942870786,0.6395772854882651,0.23052919177001008,0.3385135132214547,0.6549990387816486,0.933131771449464
xgboost,airport_aware,"{""model__colsample_bytree"": 1.0, ""model__learning_rate"": 0.03, ""model__max_depth"": 3, ""model__min_child_weight"": 1, ""model__n_estimators"": 300, ""model__reg_lambda"": 5.0, ""model__subsample"": 1.0, ""scale_pos_weight_mode"": ""balanced""}",0.4285356866589563,0.03329732956871003,0.8793579641270137,0.11990162700326616,0.37304160225685307,0.8362941367305428,0.2277009584124463,0.7197140798086451,0.34509310515357056,0.6255215341287513,0.8722834816596009
xgboost,airport_aware,"{""model__colsample_bytree"": 1.0, ""model__learning_rate"": 0.03, ""model__max_depth"": 3, ""model__min_child_weight"": 1, ""model__n_estimators"": 300, ""model__reg_lambda"": 1.0, ""model__subsample"": 1.0, ""scale_pos_weight_mode"": ""balanced""}",0.42829535995141316,0.03350128009357614,0.8793693520505682,0.12002287268692327,0.3733779769700187,0.8365573916059097,0.22832806654033816,0.7206731075656734,0.3459525308591841,0.6260153369624334,0.8724498096970363
xgboost,extended_geographic,"{""model__colsample_bytree"": 1.0, ""model__learning_rate"": 0.03, ""model__max_depth"": 3, ""model__min_child_weight"": 1, ""model__n_estimators"": 300, ""model__reg_lambda"": 5.0, ""model__subsample"": 1.0, ""scale_pos_weight_mode"": ""none""}",0.4282718405387443,0.0319957757802501,0.8781965209750648,0.04426900320490486,0.16283162461392736,0.9454519779032218,0.6406006977455715,0.22934648122624823,0.3374217803011623,0.6544522842847325,0.933071616833302
xgboost,airport_aware,"{""model__colsample_bytree"": 1.0, ""model__learning_rate"": 0.03, ""model__max_depth"": 3, ""model__min_child_weight"": 5, ""model__n_estimators"": 300, ""model__reg_lambda"": 5.0, ""model__subsample"": 1.0, ""scale_pos_weight_mode"": ""balanced""}",0.42824167641661237,0.03322641380186526,0.8793949277244335,0.12003663821775315,0.3733975535858466,0.8361984276342085,0.22786642923117503,0.7209363323097725,0.3454115436392108,0.625642181463989,0.8722284872881513
xgboost,extended_geographic,"{""model__colsample_bytree"": 1.0, ""model__learning_rate"": 0.03, ""model__max_depth"": 3, ""model__min_child_weight"": 5, ""model__n_estimators"": 300, ""model__reg_lambda"": 5.0, ""model__subsample"": 1.0, ""scale_pos_weight_mode"": ""none""}",0.427953543660757,0.03239414643461787,0.8780603290206045,0.0442759150693601,0.16293704241032278,0.9453940957153597,0.6392896797834746,0.22878846756359686,0.3366707209638492,0.6540615617979046,0.9329967726960546
xgboost,extended_geographic,"{""model__colsample_bytree"": 1.0, ""model__learning_rate"": 0.03, ""model__max_depth"": 3, ""model__min_child_weight"": 5, ""model__n_estimators"": 300, ""model__reg_lambda"": 1.0, ""model__subsample"": 0.8, ""scale_pos_weight_mode"": ""balanced""}",0.4268954015353151,0.0335718712347785,0.8793017702830589,0.11837244240264447,0.3696441773744764,0.8383099247905825,0.23031209241007536,0.7190478251435846,0.34810303087544703,0.6276350942580873,0.8735944544740135
xgboost,extended_geographic,"{""model__colsample_bytree"": 1.0, ""model__learning_rate"": 0.03, ""model__max_depth"": 3, ""model__min_child_weight"": 5, ""model__n_estimators"": 300, ""model__reg_lambda"": 5.0, ""model__subsample"": 0.8, ""scale_pos_weight_mode"": ""balanced""}",0.42650845896675876,0.034591628884053906,0.8792476154941868,0.11838301683839467,0.3696776353783351,0.8387690805488652,0.23079626559992988,0.7184760255408211,0.3485928878655449,0.6280232073376344,0.8738917754439827
xgboost,extended_geographic,"{""model__colsample_bytree"": 1.0, ""model__learning_rate"": 0.03, ""model__max_depth"": 3, ""model__min_child_weight"": 1, ""model__n_estimators"": 300, ""model__reg_lambda"": 1.0, ""model__subsample"": 0.8, ""scale_pos_weight_mode"": ""balanced""}",0.42638097796493196,0.03364166777896528,0.8791905730402704,0.11837369441870518,0.36963135483584375,0.83833297972526,0.230113143941377,0.7173027986505303,0.347671823123518,0.6274260075389518,0.8735796849747695
xgboost,extended_geographic,"{""model__colsample_bytree"": 0.8, ""model__learning_rate"": 0.03, ""model__max_depth"": 3, ""model__min_child_weight"": 5, ""model__n_estimators"": 300, ""model__reg_lambda"": 1.0, ""model__subsample"": 0.8, ""scale_pos_weight_mode"": ""balanced""}",0.42635583287904677,0.0338811838665792,0.8791744971224034,0.11858074488021686,0.3703869275257444,0.8383814980356783,0.23036326195333362,0.7182292071622387,0.3480527829785469,0.627629358147153,0.8736098078259035
xgboost,extended_geographic,"{""model__colsample_bytree"": 0.8, ""model__learning_rate"": 0.03, ""model__max_depth"": 3, ""model__min_child_weight"": 1, ""model__n_estimators"": 300, ""model__reg_lambda"": 1.0, ""model__subsample"": 0.8, ""scale_pos_weight_mode"": ""balanced""}",0.4261696464241959,0.034351087307079295,0.8791286046784137,0.11854065072574009,0.37027994143877413,0.8381300443328044,0.23030761209874223,0.719610621229487,0.34818350166519696,0.6276068613399299,0.8734583803215206
xgboost,extended_geographic,"{""model__colsample_bytree"": 1.0, ""model__learning_rate"": 0.03, ""model__max_depth"": 3, ""model__min_child_weight"": 1, ""model__n_estimators"": 300, ""model__reg_lambda"": 5.0, ""model__subsample"": 0.8, ""scale_pos_weight_mode"": ""balanced""}",0.4260172166438597,0.0343889290943529,0.8790886078034479,0.11841825661545853,0.3697036162508588,0.8381156654756177,0.22990468935479252,0.7176886878427344,0.3474604779804476,0.6272517838959759,0.8734361905231246
xgboost,extended_geographic,"{""model__colsample_bytree"": 0.8, ""model__learning_rate"": 0.03, ""model__max_depth"": 3, ""model__min_child_weight"": 5, ""model__n_estimators"": 300, ""model__reg_lambda"": 5.0, ""model__subsample"": 0.8, ""scale_pos_weight_mode"": ""balanced""}",0.4258747471044234,0.03409348740432563,0.8790804032253325,0.11858320220809651,0.37044072963317937,0.838853592268783,0.23095515003525055,0.7179433644107547,0.3486540872698323,0.6280770121168537,0.87393229613111
xgboost,extended_geographic,"{""model__colsample_bytree"": 0.8, ""model__learning_rate"": 0.03, ""model__max_depth"": 3, ""model__min_child_weight"": 1, ""model__n_estimators"": 300, ""model__reg_lambda"": 5.0, ""model__subsample"": 0.8, ""scale_pos_weight_mode"": ""balanced""}",0.4257023675855371,0.034354457421122225,0.8790156382183396,0.11857914324757943,0.3704312666447641,0.8380828454247929,0.2300685137968974,0.7186753617501788,0.34778511879104035,0.627400328378181,0.8734159215236657
xgboost,extended_geographic,"{""model__colsample_bytree"": 1.0, ""model__learning_rate"": 0.03, ""model__max_depth"": 3, ""model__min_child_weight"": 5, ""model__n_estimators"": 300, ""model__reg_lambda"": 1.0, ""model__subsample"": 1.0, ""scale_pos_weight_mode"": ""balanced""}",0.4256756772734661,0.034311502116774396,0.8787871824327581,0.11893847074381683,0.3711340516022775,0.8387631445392726,0.23049649204838993,0.7171022998716116,0.3479733767391755,0.6277339462592656,0.873893876108126
xgboost,extended_geographic,"{""model__colsample_bytree"": 1.0, ""model__learning_rate"": 0.03, ""model__max_depth"": 3, ""model__min_child_weight"": 5, ""model__n_estimators"": 300, ""model__reg_lambda"": 5.0, ""model__subsample"": 1.0, ""scale_pos_weight_mode"": ""balanced""}",0.4256056817405896,0.03403030183036174,0.8787871170834773,0.11896363162541275,0.3714402481669543,0.8389382027254927,0.23092714344522774,0.7174936234260638,0.34852718092300805,0.6280521432889199,0.8740012326403791
xgboost,extended_geographic,"{""model__colsample_bytree"": 1.0, ""model__learning_rate"": 0.03, ""model__max_depth"": 3, ""model__min_child_weight"": 1, ""model__n_estimators"": 300, ""model__reg_lambda"": 5.0, ""model__subsample"": 1.0, ""scale_pos_weight_mode"": ""balanced""}",0.4255052475267074,0.03450086596494061,0.878694240501335,0.11896902300187943,0.371521227838213,0.8392280737077835,0.23113583594191028,0.7165027321432087,0.34864099219334665,0.6282025198329831,0.8741875324484074
xgboost,extended_geographic,"{""model__colsample_bytree"": 1.0, ""model__learning_rate"": 0.03, ""model__max_depth"": 3, ""model__min_child_weight"": 1, ""model__n_estimators"": 300, ""model__reg_lambda"": 1.0, ""model__subsample"": 1.0, ""scale_pos_weight_mode"": ""balanced""}",0.42517046455377966,0.034398908212249175,0.8786626971070973,0.11890566859305637,0.3710211593419919,0.8381936440604216,0.2300395557490142,0.7182640310000459,0.3476859213278041,0.6273953837098951,0.8735108921364644
xgboost,extended_geographic,"{""model__colsample_bytree"": 0.8, ""model__learning_rate"": 0.03, ""model__max_depth"": 3, ""model__min_child_weight"": 5, ""model__n_estimators"": 300, ""model__reg_lambda"": 1.0, ""model__subsample"": 1.0, ""scale_pos_weight_mode"": ""balanced""}",0.42486486720708444,0.03461815374971054,0.8786614026640942,0.1190294755479786,0.3714905812887001,0.8390964338447582,0.23088515401196102,0.7163877350586285,0.3483154924616037,0.628005522258368,0.8741044027228335
xgboost,extended_geographic,"{""model__colsample_bytree"": 0.8, ""model__learning_rate"": 0.03, ""model__max_depth"": 3, ""model__min_child_weight"": 1, ""model__n_estimators"": 300, ""model__reg_lambda"": 1.0, ""model__subsample"": 1.0, ""scale_pos_weight_mode"": ""balanced""}",0.42444335947748046,0.034798556710689564,0.878533897067858,0.1190816590887925,0.3716205363798258,0.8389286082476397,0.2305242586025457,0.7158359038492804,0.34784872643424636,0.6277255151712317,0.8739896144461868
xgboost,extended_geographic,"{""model__colsample_bytree"": 0.8, ""model__learning_rate"": 0.03, ""model__max_depth"": 3, ""model__min_child_weight"": 5, ""model__n_estimators"": 300, ""model__reg_lambda"": 5.0, ""model__subsample"": 1.0, ""scale_pos_weight_mode"": ""balanced""}",0.42410244412955633,0.03445354157318155,0.8784087711455338,0.11925775689112046,0.3723797290431554,0.838486754629686,0.22994960806104942,0.7154906438864735,0.3471652985819004,0.6272396257798164,0.8736844182067784
xgboost,extended_geographic,"{""model__colsample_bytree"": 0.8, ""model__learning_rate"": 0.03, ""model__max_depth"": 3, ""model__min_child_weight"": 1, ""model__n_estimators"": 300, ""model__reg_lambda"": 5.0, ""model__subsample"": 1.0, ""scale_pos_weight_mode"": ""balanced""}",0.423864655791842,0.03465858511314245,0.8784082924784086,0.11924889524127713,0.37221671962835623,0.8383921662949533,0.22988406620320764,0.7157454486349026,0.3470821152521631,0.627175751362468,0.8736372589314575
