INDEX_NR,INCIDENT_YEAR,observed_severity,observed_severity_code,xgboost__extended_geographic__prob_M,xgboost__extended_geographic__prob_M?,xgboost__extended_geographic__prob_S+D,xgboost__airport_aware__prob_M,xgboost__airport_aware__prob_M?,xgboost__airport_aware__prob_S+D,random_forest__airport_aware__prob_M,random_forest__airport_aware__prob_M?,random_forest__airport_aware__prob_S+D,random_forest__extended_geographic__prob_M,random_forest__extended_geographic__prob_M?,random_forest__extended_geographic__prob_S+D,logistic__airport_aware__prob_M,logistic__airport_aware__prob_M?,logistic__airport_aware__prob_S+D,logistic__extended_geographic__prob_M,logistic__extended_geographic__prob_M?,logistic__extended_geographic__prob_S+D
817869,2019,M?,1,0.21956676,0.62898475,0.1514485,0.2676149,0.49041137,0.2419737,0.3707642947485226,0.42389781264456683,0.2053378926069104,0.3753746330231253,0.42612173865967357,0.1985036283172012,0.22661447273278099,0.4605328135864926,0.31285271368072637,0.2615976484227887,0.4588816452887561,0.27952070628845505
817933,2019,M?,1,0.2362526,0.55348223,0.21026516,0.2734406,0.5222416,0.20431781,0.30194539087575173,0.4611690253672895,0.23688558375695934,0.2899180526134491,0.4709622911945225,0.23911965619202843,0.27155649431289375,0.5324105946592744,0.1960329110278318,0.2681535051490775,0.5454364015889797,0.18641009326194283
817947,2019,M?,1,0.20444502,0.38269177,0.41286322,0.2324877,0.37670818,0.39080408,0.25348664820248196,0.3596772594753793,0.38683609232213906,0.23881028843991267,0.3541727909597833,0.4070169206003035,0.20464505635142707,0.3900735066790397,0.40528143696953317,0.20032068670606978,0.4039100863315735,0.39576922696235683
817987,2019,M?,1,0.12806867,0.80267245,0.06925886,0.1793124,0.70727324,0.11341435,0.26055277155884465,0.5434486567831694,0.19599857165798665,0.2437891607891449,0.5514838682987007,0.20472697091215486,0.20776540091331963,0.6652485381247989,0.1269860609618815,0.1549633726044169,0.7436252190301537,0.10141140836542926
818019,2019,M?,1,0.2362526,0.55348223,0.21026516,0.2734406,0.5222416,0.20431781,0.30194539087575173,0.4611690253672895,0.23688558375695934,0.2899180526134491,0.4709622911945225,0.23911965619202843,0.27155649431289375,0.5324105946592744,0.1960329110278318,0.2681535051490775,0.5454364015889797,0.18641009326194283
818088,2019,M?,1,0.21624878,0.33204657,0.4517047,0.27428994,0.33180875,0.39390135,0.25754914853192634,0.3219959356738267,0.4204549157942475,0.24836040979044874,0.32440339418725045,0.4272361960223,0.29554363575826753,0.3271327674008116,0.377323596840921,0.3072089854710196,0.3297322674964628,0.36305874703251767
818097,2019,M?,1,0.31737962,0.34310424,0.33951607,0.338824,0.3545938,0.3065822,0.343926743171941,0.3626336075010411,0.2934396493270184,0.3364867841030017,0.36100881134563517,0.30250440455136346,0.35445144076467805,0.36371754514246296,0.281831014092859,0.34216384860891075,0.3664766535447992,0.29135949784629
818098,2019,M?,1,0.31271178,0.38538966,0.30189857,0.3191474,0.3865445,0.2943081,0.33928357801709036,0.3778891337631363,0.2828272882197734,0.33239661705535367,0.3827804602512172,0.28482292269342957,0.33561253331821467,0.3891758098480132,0.27521165683377213,0.33344227584787656,0.38768498926994,0.27887273488218334
818127,2019,M?,1,0.251982,0.60659677,0.14142123,0.3217986,0.5132763,0.16492513,0.32295409482398535,0.44479803397422174,0.23224787120179297,0.3022860756633371,0.46452924865136536,0.23318467568529783,0.3516665248103158,0.48566834917132806,0.16266512601835617,0.36256111247967204,0.4964370484830497,0.14100183903727814
818155,2019,M?,1,0.27550018,0.31542885,0.40907097,0.27302858,0.32781464,0.39915675,0.37646994391221716,0.3013854517464814,0.3221446043413014,0.36084006341253655,0.29664988920651314,0.3425100473809499,0.25040674132356505,0.3290375637393753,0.4205556949370597,0.20547382373746478,0.36952753237258823,0.4249986438899469
818164,2019,M?,1,0.21683984,0.26883027,0.5143299,0.25648642,0.3087224,0.43479115,0.3133225177945334,0.31361923245530515,0.3730582497501614,0.29173517206544936,0.3123613600881311,0.3959034678464198,0.3049030564483061,0.3154228357726603,0.37967410777903354,0.3829701178397054,0.3976371806766676,0.21939270148362702
818168,2019,M?,1,0.30187035,0.38101354,0.31711614,0.3194548,0.38700825,0.29353693,0.3446010284587289,0.3712319472054121,0.2841670243358593,0.33740992407560155,0.3731339517662946,0.2894561241581042,0.3646667683026964,0.37140279062704373,0.2639304410702599,0.35279539439570834,0.3763991315847629,0.27080547401952876
818169,2019,M?,1,0.2361621,0.1689765,0.5948614,0.26599067,0.22509791,0.5089114,0.24316869077086964,0.1899157178047722,0.5669155914243579,0.23067314501121364,0.2005436700516441,0.5687831849371421,0.3921929530416498,0.1496746791502521,0.45813236780809813,0.62493140810743,0.0819597786090939,0.29310881328347627
818170,2019,M?,1,0.33583218,0.36019793,0.30396992,0.32582304,0.33429778,0.33987918,0.36135392014803336,0.38780635739394553,0.25083972245802133,0.3596071844217281,0.3835006861020958,0.2568921294761754,0.27093427996573,0.3475910291805655,0.38147469085370456,0.2847916104907532,0.36865704419584766,0.34655134531339915
818183,2019,M?,1,0.26816595,0.41130477,0.32052928,0.25129455,0.41426617,0.3344393,0.29638433576509887,0.3731077796567295,0.3305078845781721,0.3072039764423493,0.37311587652076056,0.3196801470368902,0.23327443256807662,0.375782531010896,0.3909430364210274,0.23420230342813594,0.38520597534154033,0.3805917212303237
818205,2019,M?,1,0.43337452,0.3848776,0.1817479,0.45004335,0.34821734,0.20173931,0.43152660751057953,0.3667740047371702,0.20169938775225044,0.4337679348337239,0.36332853639559226,0.20290352877068318,0.44481750123080743,0.3764658384176041,0.17871666035158837,0.44608772593360835,0.39233532400763693,0.1615769500587547
818216,2019,M?,1,0.40404668,0.39840254,0.19755079,0.41146755,0.37325352,0.21527894,0.3900108144853449,0.37898367266901944,0.2310055128456363,0.40280743714192013,0.3784427415417202,0.2187498213163594,0.3594788450732764,0.39908532568548966,0.2414358292412339,0.3649733733804712,0.4047314520394465,0.23029517458008225
818226,2019,M?,1,0.26615587,0.33366632,0.40017784,0.30873778,0.32466063,0.3666016,0.32601859987141113,0.3626750317538291,0.31130636837475967,0.31671606605768443,0.35508800033077215,0.3281959336115433,0.27285641062988397,0.325161704985176,0.4019818843849399,0.247934764470891,0.3298570441618869,0.4222081913672222
818244,2019,M?,1,0.39296225,0.44104356,0.16599418,0.35922137,0.471597,0.16918159,0.3314427070657621,0.43698131151465125,0.23157598141958705,0.3165628390520198,0.44145350208191614,0.24198365886606446,0.34926241568804905,0.478628502927968,0.17210908138398298,0.363900463152537,0.4883891084985076,0.1477104283489554
818252,2019,M?,1,0.33640504,0.5015255,0.16206944,0.3306722,0.48781323,0.18151464,0.3211451219738533,0.4674497441501903,0.21140513387595683,0.3294283523246242,0.4501113301939008,0.22046031748147574,0.3005626787426933,0.5055645511923272,0.19387277006497944,0.30386413484339675,0.5193692503121842,0.17676661484441916
818254,2019,M?,1,0.44612998,0.38708338,0.16678666,0.46259695,0.32132852,0.21607459,0.44243973222593125,0.35450630231055363,0.20305396546351567,0.4417427641444459,0.35956505531460237,0.19869218054095164,0.4263285595298949,0.32133282159937876,0.2523386188707263,0.4298190289420374,0.3321331551933907,0.23804781586457194
818316,2019,M?,1,0.3697287,0.3954242,0.23484704,0.39261281,0.34551987,0.2618673,0.3555989755166276,0.30428114173210463,0.34011988275126825,0.3509722664942063,0.31155475749990463,0.3374729760058887,0.39723172362396336,0.3309473394620638,0.27182093691397274,0.41602505668890627,0.28808171863571536,0.29589322467537843
822746,2019,M?,1,0.5650359,0.3613612,0.07360291,0.52627385,0.36254486,0.11118129,0.5411612358094403,0.32392943559738635,0.1349093285931734,0.5508766169333427,0.3098797256816333,0.13924365738502412,0.44096846669774453,0.38808978563341756,0.17094174766883777,0.4383941427716119,0.39906858491514363,0.16253727231324444
822929,2019,M?,1,0.43294954,0.3601178,0.2069326,0.44395998,0.35611722,0.19992277,0.4485539051818918,0.32775258836987137,0.22369350644823638,0.4513120101481843,0.3273237671109409,0.22136422274087464,0.49575487519164574,0.28352568863230476,0.22071943617604958,0.5112622616657126,0.262574151153071,0.22616358718121643
822782,2019,M,0,0.36701766,0.27423558,0.3587468,0.39550415,0.3013879,0.30310798,0.3735411991152155,0.2912733177255268,0.3351854831592577,0.3619593047098173,0.29100527758715605,0.34703541770302715,0.39380820547893985,0.31710286078255645,0.2890889337385038,0.3950147148031088,0.30837039615313955,0.2966148890437516
822791,2019,M?,1,0.21457995,0.21465053,0.57076955,0.2678279,0.27243808,0.45973405,0.24889676668337785,0.296558665977542,0.4545445673390807,0.25208707500835276,0.3039094664492319,0.44400345854241513,0.29379922352127485,0.24950118985337727,0.4566995866253479,0.3222468902475386,0.21023461857041723,0.4675184911820442
822828,2019,M?,1,0.28253993,0.301219,0.41624108,0.30881864,0.2890959,0.40208545,0.2872453263032478,0.32731582761699596,0.3854388460797566,0.29146798738641955,0.3322761354787484,0.37625587713483194,0.30405196640546933,0.2787148729295681,0.4172331606649625,0.2972332617022635,0.2743051405927012,0.4284615977050353
822829,2019,M?,1,0.22561175,0.4576004,0.3167879,0.30054003,0.34764737,0.3518126,0.34469670263600205,0.37194731260382585,0.2833559847601723,0.35124495664645594,0.3647330636581018,0.28402197969544213,0.2371901145155463,0.28364967066596775,0.47916021481848603,0.2280392833609092,0.2855495772295651,0.48641113940952574
822830,2019,M?,1,0.3431915,0.35198984,0.3048187,0.39452407,0.38220295,0.22327301,0.4050475151070132,0.3562283524153349,0.2387241324776519,0.3781848785975814,0.3628508076437365,0.2589643137586819,0.351502275430823,0.33456481151697814,0.3139329130521988,0.3328032759703966,0.33227559489827346,0.3349211291313299
822842,2019,M?,1,0.3517867,0.32436815,0.32384518,0.39862692,0.30566505,0.29570806,0.38442946778599507,0.2979677074196169,0.31760282479438773,0.390009800488937,0.3058479093244455,0.3041422901866172,0.43805504676409873,0.2677140995935455,0.29423085364235585,0.4323370968075151,0.26766067998994375,0.3000022232025413
822852,2019,M?,1,0.4128964,0.38299972,0.20410386,0.4112174,0.29742482,0.29135782,0.445807657937543,0.34412361135616715,0.21006873070628998,0.4277439967542478,0.3495667819332897,0.22268922131246235,0.33622140955182983,0.285147206868283,0.37863138357988707,0.37863253509323,0.23711982048258515,0.3842476444241848
822862,2019,M?,1,0.40559217,0.36221543,0.2321924,0.34360918,0.3367634,0.31962743,0.38803459659057893,0.3301462759329315,0.2818191274764895,0.38984205647111964,0.33513776477676255,0.2750201787521172,0.3273498553800158,0.40640931478604453,0.26624082983393965,0.32332292041629623,0.4775712750020949,0.19910580458160884
822940,2019,M?,1,0.32666108,0.4800249,0.19331396,0.37961343,0.4310987,0.18928789,0.3201732536708372,0.45929205170162524,0.22053469462753825,0.3121296302153736,0.47363042856416404,0.2142399412204618,0.4159224634927873,0.3823073947767722,0.2017701417304405,0.42769285722499545,0.3691137932952358,0.20319334947976878
822947,2019,M?,1,0.37974033,0.3971447,0.22311503,0.39274204,0.33759767,0.2696603,0.4378824859018126,0.3468687527482203,0.21524876134996704,0.42074828918683727,0.34844855422283877,0.23080315659032405,0.4224695288985098,0.3279437343026703,0.2495867367988199,0.42665662259691545,0.33077429496766614,0.24256908243541836
822981,2019,M?,1,0.33409396,0.26436588,0.4015402,0.3339031,0.3193086,0.34678826,0.29871995723414063,0.31793997995030787,0.38334006281555205,0.2953469115353822,0.30560201501853185,0.3990510734460863,0.3278139539008058,0.3533828549151292,0.318803191184065,0.3535365147463187,0.28890684867926764,0.35755663657441356
823002,2019,M?,1,0.33265546,0.31175968,0.3555849,0.34817183,0.3365491,0.3152791,0.3708449198588732,0.31579526969049165,0.31335981045063477,0.3690633397947347,0.3247293079053985,0.3062073522998668,0.3914726550912669,0.29547857262369537,0.31304877228503764,0.37049889999462476,0.2944086853264447,0.3350924146789306
823003,2019,M?,1,0.3419604,0.377101,0.2809386,0.35437602,0.35573858,0.2898854,0.33245255691410563,0.3903333553848946,0.27721408770100026,0.331035143815521,0.3809478112324818,0.2880170449519967,0.2959361334027359,0.41336499997251064,0.29069886662475347,0.29628612851032493,0.4175193311452357,0.2861945403444393
823018,2019,M?,1,0.4627741,0.2990493,0.23817655,0.41700098,0.29180256,0.2911964,0.4260448846331716,0.3459934067835577,0.2279617085832707,0.42087544828501755,0.346129087509798,0.2329954642051845,0.3683319447888838,0.2673034139176169,0.36436464129349916,0.40004878723992043,0.23278498875468742,0.3671662240053921
823028,2019,M?,1,0.25187358,0.23157376,0.5165527,0.20724972,0.25403526,0.538715,0.22256163704077656,0.2803200173243687,0.49711834563485496,0.22693112769400695,0.2634439173327877,0.5096249549732053,0.18683513593183096,0.24064817942061478,0.5725166846475542,0.16830238881164478,0.2243304339394091,0.6073671772489461
823032,2019,M?,1,0.22124884,0.6350728,0.14367832,0.3041366,0.4560541,0.2398093,0.42095144457537226,0.33106914533581094,0.24797941008881724,0.4170157996352315,0.3478936519839084,0.23509054838086005,0.3345732562169715,0.4333288144937562,0.2320979292892724,0.2772742982552688,0.5059503059299812,0.21677539581475005
823039,2019,M?,1,0.4724278,0.41989928,0.10767293,0.45216006,0.37368995,0.17415002,0.44535407193885884,0.34391232901075597,0.21073359905038508,0.46006047021695623,0.3523047767771023,0.187634753005942,0.42348794940015866,0.3472009279719493,0.22931112262789197,0.42501085132263233,0.3415487470901157,0.23344040158725202
823045,2019,M?,1,0.3406028,0.24312013,0.41627705,0.3459234,0.21081871,0.44325787,0.33726308548611,0.1968930795586235,0.46584383495526627,0.3429470728294985,0.20194470446532428,0.4551082227051769,0.30642258577970083,0.20366869690082054,0.4899087173194785,0.3133478671278515,0.18861699220362202,0.49803514066852655
823074,2019,M?,1,0.433741,0.3376043,0.2286547,0.38425148,0.34800532,0.26774314,0.3868352269443198,0.3483770434742701,0.2647877295814101,0.38610797367809974,0.34291889340535664,0.27097313291654335,0.3745165790184387,0.39238972267439215,0.2330936983071692,0.3737178070287849,0.4117564543359472,0.21452573863526786
823087,2019,M?,1,0.23636638,0.18485315,0.5787805,0.2754347,0.20706303,0.5175023,0.2379200709141935,0.1965492013579364,0.5655307277278699,0.23216139492113566,0.20925840202554702,0.5585802030533173,0.37784592976396514,0.14158924183889693,0.48056482839713793,0.4150768564027395,0.10402759549250834,0.4808955481047522
823157,2019,M?,1,0.12809046,0.26913455,0.602775,0.20010194,0.31932792,0.48057017,0.21382651487219412,0.29170288437761854,0.49447060075018795,0.20540493837561513,0.2955640023918904,0.4990310592324941,0.21817811270897491,0.2847494666922665,0.49707242059875867,0.20294570815631505,0.28315317142155755,0.5139011204221274
823161,2019,M?,1,0.30584803,0.3742801,0.31987184,0.34775558,0.35580075,0.29644367,0.3491185672028928,0.3643377745161197,0.2865436582809881,0.3246853891061219,0.3764969768791973,0.2988176340146815,0.37803737685869515,0.37452106780565025,0.24744155533565462,0.3732381140625516,0.37482003666026964,0.2519418492771788
823198,2019,M?,1,0.15501629,0.32606292,0.5189208,0.17608728,0.31682035,0.50709236,0.2384188409532828,0.32432727698096875,0.43725388206574867,0.239118466229814,0.3255427638471412,0.4353387699230455,0.18225280029729535,0.23637935864085124,0.5813678410618535,0.17482360081065992,0.22876122729770132,0.5964151718916387
824601,2019,M?,1,0.371798,0.4404709,0.18773104,0.39451513,0.41791454,0.18757036,0.3472884482993172,0.42434728263550137,0.228364269065182,0.34023899691387477,0.43572085126696664,0.22404015181915818,0.4482662260415457,0.3704771628055796,0.18125661115287467,0.4591205594851279,0.3643363069148608,0.17654313360001136
824618,2019,M?,1,0.3567549,0.3940376,0.24920754,0.3557426,0.3897335,0.25452393,0.3350540658765654,0.355230765558813,0.3097151685646215,0.3481657583514769,0.367626495167356,0.2842077464811666,0.35767376856986194,0.42206422955345735,0.22026200187668074,0.3699571287691004,0.42147026494164297,0.20857260628925658
824820,2019,M?,1,0.38056,0.21409094,0.40534905,0.38695168,0.22573768,0.38731065,0.4096390894374342,0.2715803101086832,0.3187806004538824,0.41323014136696273,0.26536171878787046,0.32140813984516714,0.43764841774832425,0.24266393560625316,0.3196876466454227,0.4396982614078702,0.23383851413878523,0.32646322445334447
823396,2019,M?,1,0.33867475,0.32776305,0.33356217,0.36599994,0.33054814,0.3034519,0.36138734278338497,0.3455656580001358,0.2930469992164795,0.3664696801353764,0.34223679807896246,0.2912935217856607,0.4035045843468289,0.3542465799948016,0.24224883565836955,0.3839469920566287,0.3741810909151135,0.24187191702825786
823403,2019,M?,1,0.38584927,0.3073756,0.30677512,0.29013175,0.33667958,0.37318867,0.36552189083058456,0.3360035230371496,0.2984745861322657,0.3529156967333513,0.33127987382563057,0.3158044294410184,0.340116010338497,0.340721109023957,0.319162880637546,0.3301836280256641,0.3754286926852356,0.2943876792891002
823413,2019,M?,1,0.40892592,0.32263055,0.2684435,0.43247846,0.32381654,0.24370497,0.4061004417405352,0.34795607731925815,0.24594348094020674,0.400144299962041,0.34639982715774353,0.25345587288021487,0.41234767279394713,0.33051629854826625,0.25713602865778656,0.3504243465239498,0.3854375163703537,0.2641381371056964
823495,2019,M?,1,0.35912433,0.36327505,0.2776006,0.3620503,0.345847,0.2921027,0.3691473053536816,0.33003305968971075,0.3008196349566082,0.3823737222424392,0.34696813324845904,0.2706581445091016,0.2804582726712488,0.3515120447697781,0.3680296825589731,0.29621506347924315,0.34108303255082506,0.3627019039699317
823496,2019,M?,1,0.43374652,0.28695238,0.27930117,0.4015768,0.30396792,0.29445532,0.4058857714635709,0.3019076639589397,0.29220656457748917,0.4240438173837498,0.2932686652098288,0.28268751740642134,0.39868040527790055,0.32755392418952545,0.27376567053257406,0.37359373955125713,0.3404355617778624,0.2859706986708805
823498,2019,M?,1,0.42236602,0.35189652,0.22573751,0.3909937,0.38037255,0.22863378,0.359005440991233,0.36603118669185325,0.274963372316914,0.35731804213681073,0.36636117350735503,0.27632078435583424,0.31296649210591354,0.4263844825306827,0.2606490253634037,0.31256530979740776,0.44685724255992276,0.24057744764266958
823505,2019,M?,1,0.19271955,0.26279515,0.5444853,0.19069193,0.27296904,0.536339,0.22647885414420457,0.2783199436252433,0.49520120223055175,0.21779082370455038,0.27550879185536986,0.5067003844400797,0.14364253205429955,0.2673277387109196,0.5890297292347809,0.13514491906995466,0.29744119074078434,0.5674138901892611
823539,2019,M?,1,0.43286353,0.28422537,0.2829111,0.42038113,0.30211094,0.27750793,0.4104299528151952,0.29453727172528854,0.2950327754595162,0.40767759193362957,0.26642189319923926,0.3259005148671312,0.3988397112537331,0.34670903518485496,0.254451253561412,0.38241658414681484,0.36865453813779403,0.24892887771539113
823549,2019,M,0,0.22962208,0.26975685,0.500621,0.23275854,0.30126926,0.46597221,0.2631219119424558,0.3408607234965141,0.3960173645610299,0.27581620059679723,0.32224895152232497,0.40193484788087763,0.27625194920842333,0.29421807329037725,0.42952997750119953,0.24527146767993643,0.2927319836003328,0.4619965487197306
823583,2019,M?,1,0.529156,0.3083224,0.16252156,0.5001934,0.30681163,0.19299495,0.47136385178478385,0.32818907840321776,0.20044706981199883,0.48224275163955627,0.3188648741151364,0.19889237424530676,0.46383006456242276,0.3168129244167635,0.21935701102081367,0.4769015450451152,0.31588599222802144,0.20721246272686344
823586,2019,M?,1,0.2807361,0.5351938,0.18407013,0.293745,0.50106496,0.20519003,0.3351553830633856,0.45080072055576087,0.21404389638085417,0.3323824594139222,0.46895191641131506,0.19866562417476277,0.29978732519074613,0.5086639546609006,0.19154872014835317,0.2993871872648574,0.5186767279834157,0.18193608475172685
823587,2019,M?,1,0.30122983,0.3357652,0.36300498,0.33464897,0.3077673,0.35758376,0.3529539426463962,0.36714270843395846,0.2799033489196453,0.35764026723896064,0.3603077236142163,0.2820520091468229,0.2998228488154314,0.30921542997842993,0.3909617212061386,0.276106001544657,0.31287228600877365,0.4110217124465694
823591,2019,M?,1,0.5165603,0.29133773,0.19210193,0.4758366,0.28236964,0.24179378,0.46918397557756564,0.33821303752753096,0.19260298689490338,0.4795889209772469,0.3391482886241203,0.18126279039863352,0.4852499106916795,0.3299677343911016,0.184782354917219,0.474693561716675,0.34644289617835694,0.17886354210496802
823600,2019,M?,1,0.3617987,0.42499128,0.21321005,0.3210487,0.46843156,0.21051973,0.3461989725265307,0.36530204425661417,0.2884989832168554,0.3552965096711423,0.38448337271155203,0.26022011761730574,0.33618396891271213,0.413048321280205,0.25076770980708274,0.32761100825598694,0.4290840527200408,0.2433049390239722
823616,2019,M?,1,0.4300913,0.40630934,0.1635994,0.4775893,0.33379117,0.18861954,0.48215807174054753,0.32164099630600274,0.1962009319534499,0.4709174682540345,0.3300607882828428,0.1990217434631227,0.4648522653118299,0.32571500943227166,0.20943272525589848,0.47429784154514026,0.32166240974072896,0.20403974871413083
823634,2019,M?,1,0.4196316,0.25785568,0.32251272,0.39717758,0.3032481,0.29957438,0.3785856991092473,0.3021133323013786,0.3193009685893741,0.3689837478702716,0.3126923631663849,0.31832388896334335,0.45193822846183446,0.3215625386421185,0.22649923289604704,0.4665364984725219,0.32299400161109026,0.21046949991638794
823636,2019,M?,1,0.27862677,0.2950898,0.42628345,0.31259325,0.27906522,0.40834147,0.30367104502605,0.3051307709608285,0.3911981840131217,0.30070187240765156,0.30036335412620707,0.3989347734661415,0.3206383826274459,0.2802669221922046,0.3990946951803495,0.3106858815720603,0.28464069696787425,0.4046734214600655
823653,2019,M?,1,0.2515081,0.5539797,0.19451219,0.32870352,0.45391628,0.21738021,0.3113641229445804,0.4890190990749561,0.19961677798046384,0.2998917854204275,0.513000401204373,0.18710781337519924,0.3290548963846924,0.3873911642959951,0.2835539393193126,0.3130283865030508,0.3921424372794178,0.29482917621753146
823677,2019,M?,1,0.30122983,0.3357652,0.36300498,0.33464897,0.3077673,0.35758376,0.3529539426463962,0.36714270843395846,0.2799033489196453,0.35764026723896064,0.3603077236142163,0.2820520091468229,0.2998228488154314,0.30921542997842993,0.3909617212061386,0.276106001544657,0.31287228600877365,0.4110217124465694
823689,2019,M?,1,0.45080274,0.30210513,0.24709205,0.40005323,0.27153823,0.32840857,0.4056440744652827,0.3367876587458952,0.25756826678882205,0.4104768330872284,0.335562178925224,0.2539609879875476,0.329128779770659,0.23938636057898716,0.43148485965035377,0.3540710169392496,0.20779091725657028,0.43813806580418013
823702,2019,M?,1,0.4310409,0.4051499,0.16380914,0.40438887,0.36917016,0.22644095,0.37183173556091204,0.3794569771429458,0.24871128729614245,0.38140976807935006,0.38014636800639756,0.2384438639142526,0.37068654330781436,0.40450478198129614,0.22480867471088942,0.4306190464692143,0.343152215179294,0.22622873835149157
823718,2019,M?,1,0.34273618,0.3290054,0.3282584,0.3410756,0.31311005,0.34581435,0.3493843095165949,0.340998274572735,0.3096174159106707,0.3487015712543318,0.3478494121007355,0.3034490166449327,0.3275446612960799,0.3235341996783821,0.34892113902553795,0.32476273716194365,0.32170247761196463,0.3535347852260917
823730,2019,M?,1,0.16801377,0.24466275,0.5873235,0.20694931,0.28272536,0.5103253,0.2300424641562974,0.2723004957774126,0.49765704006629047,0.22445357677411742,0.2561891518224788,0.5193572714034036,0.18374982409277246,0.3143219242512164,0.5019282516560111,0.18275488842314191,0.3285435941525427,0.4887015174243154
823768,2019,M?,1,0.45478582,0.34661373,0.19860043,0.43690258,0.36123186,0.20186551,0.41844081393449195,0.35726689320127225,0.22429229286423616,0.4207091783017883,0.36349964659270484,0.21579117510550583,0.427501996495805,0.36436078207057593,0.20813722143361907,0.46407578278603373,0.3291709578838538,0.20675325933011257
823769,2019,M?,1,0.422145,0.2700757,0.30777928,0.41273987,0.28732553,0.29993454,0.4113650228973906,0.2879967803626394,0.3006381967399702,0.4175275262878333,0.2825653575217244,0.29990711619044286,0.4177882647395319,0.3138354221609453,0.2683763130995228,0.41851203531628817,0.31223614333666544,0.2692518213470464
823785,2019,M?,1,0.2807361,0.5351938,0.18407013,0.293745,0.50106496,0.20519003,0.3351553830633856,0.45080072055576087,0.21404389638085417,0.3323824594139222,0.46895191641131506,0.19866562417476277,0.29978732519074613,0.5086639546609006,0.19154872014835317,0.2993871872648574,0.5186767279834157,0.18193608475172685
823790,2019,M?,1,0.34154332,0.30941454,0.34904215,0.33576462,0.32002905,0.34420627,0.3583481590064483,0.3331313193861753,0.3085205216073768,0.35571789031067313,0.339255218127955,0.3050268915613719,0.2937061158938139,0.315131679997839,0.39116220410834707,0.29762382272116483,0.3223034387383084,0.38007273854052676
823794,2019,M?,1,0.31724447,0.38693106,0.29582447,0.2964283,0.3976059,0.30596578,0.29376321785549936,0.3549943874288906,0.35124239471561025,0.2969830793270645,0.36213506451866906,0.3408818561542663,0.3017933250591722,0.4349659300035233,0.26324074493730454,0.2992562736145933,0.4472514022301492,0.25349232415525746
823797,2019,M?,1,0.43671325,0.3024035,0.2608832,0.3819004,0.37311602,0.24498355,0.3996023235597947,0.3367675763713946,0.26363010006881105,0.3896122429989596,0.35090848071442815,0.25947927628661166,0.34561877502532473,0.39297535556786195,0.2614058694068134,0.29714723884109245,0.4145153077501404,0.2883374534087671
823865,2019,M?,1,0.32666108,0.4800249,0.19331396,0.37961343,0.4310987,0.18928789,0.3201732536708372,0.45929205170162524,0.22053469462753825,0.3121296302153736,0.47363042856416404,0.2142399412204618,0.4159224634927873,0.3823073947767722,0.2017701417304405,0.42769285722499545,0.3691137932952358,0.20319334947976878
823870,2019,M?,1,0.3599379,0.46550548,0.17455658,0.39703655,0.4141943,0.18876915,0.3400283757196694,0.443631154534569,0.21634046974576232,0.32960263953203933,0.46053671642084837,0.20986064404711172,0.4382119010378085,0.375763691678085,0.18602440728410652,0.4480603803756756,0.3695563235908193,0.18238329603350498
823924,2019,M?,1,0.41731462,0.31240404,0.27028134,0.3973531,0.2988015,0.30384538,0.37955512974981626,0.3368048556215818,0.2836400146286024,0.38468964807908074,0.3349294469867483,0.280380904934171,0.36684685792916444,0.31981521046585293,0.3133379316049827,0.37425998491983986,0.3224271489864767,0.30331286609368363
823936,2019,M?,1,0.3230948,0.5432648,0.13364048,0.28310913,0.5730807,0.14381018,0.3010842506152092,0.46262483611859856,0.23629091326619253,0.3108146541128316,0.46899605175885,0.22018929412831834,0.3049559283740088,0.5559318451853453,0.13911222644064583,0.324647149342427,0.5416743481740585,0.1336785024835145
823960,2019,M?,1,0.37189645,0.4775812,0.15052232,0.36446553,0.4730934,0.1624411,0.3446587228454492,0.4090712056058978,0.24627007154865319,0.33299762616852846,0.41281382840686753,0.25418854542460406,0.35386227937097575,0.4896423433600098,0.15649537726901447,0.3553161010570815,0.5254891277308547,0.11919477121206389
823963,2019,S+D,2,0.2490082,0.17247204,0.57851976,0.3099226,0.25749373,0.43258372,0.3091598889413721,0.2700994614685883,0.42074064959004,0.31482805797379504,0.24712815983530365,0.43804378219090223,0.28916463698479306,0.2600515095314552,0.4507838534837517,0.19555767931782803,0.17551961986607095,0.628922700816101
823964,2019,M?,1,0.2562162,0.5266482,0.21713556,0.27537036,0.46009523,0.2645344,0.29867930322241476,0.44020839688723806,0.2611122998903475,0.29637943238683523,0.46657096603875653,0.23704960157440827,0.24566814093057918,0.42804053051319874,0.3262913285562221,0.2393625132333707,0.43592559682788784,0.32471188993874134
823968,2019,M?,1,0.39973986,0.22212541,0.3781348,0.32777077,0.31980187,0.35242733,0.3430750273147158,0.2880310301102924,0.36889394257499253,0.3269956547558994,0.30384535342542335,0.3691589918186773,0.3738380691842753,0.3826183927145576,0.24354353810116713,0.302948583684955,0.46317657768860865,0.23387483862643627
823985,2019,M?,1,0.51968026,0.3246423,0.15567747,0.45344028,0.395478,0.15108173,0.42323206512562034,0.3686968698558891,0.2080710650184906,0.4548186285330903,0.35610376146531636,0.18907761000159337,0.4264316681070298,0.4445334186584497,0.12903491323452043,0.43940967137648806,0.43616687043982405,0.12442345818368779
823999,2019,M?,1,0.3599379,0.46550548,0.17455658,0.39703655,0.4141943,0.18876915,0.3400283757196694,0.443631154534569,0.21634046974576232,0.32960263953203933,0.46053671642084837,0.20986064404711172,0.4382119010378085,0.375763691678085,0.18602440728410652,0.4480603803756756,0.3695563235908193,0.18238329603350498
824025,2019,M?,1,0.29864714,0.4460519,0.25530097,0.3108613,0.40858334,0.28055537,0.3452105977161734,0.38979893230795865,0.2649904699758677,0.34416479167450476,0.4030981243394433,0.25273708398605227,0.2940921417737918,0.4104863211562378,0.2954215370699705,0.2734412884382736,0.437037644607565,0.2895210669541614
824064,2019,M?,1,0.34262612,0.2837428,0.37363112,0.28324345,0.3274141,0.3893425,0.34380175499369564,0.33579262286812067,0.3204056221381843,0.3435079361535716,0.33588163468427046,0.3206104291621582,0.29787367148388644,0.39758158382763736,0.3045447446884761,0.3046723773160982,0.4208520516576492,0.2744755710262527
824122,2019,M?,1,0.24086013,0.3544004,0.40473944,0.24910137,0.37024876,0.38064983,0.2783414509439447,0.35118716086313523,0.37047138819291997,0.27925855726373083,0.35660455081040787,0.36413689192586124,0.2456245658423243,0.34420624962944274,0.41016918452823287,0.24540852898440063,0.3471938544277261,0.40739761658787327
824139,2019,M?,1,0.20222208,0.31148282,0.4862951,0.26724872,0.3324856,0.40026575,0.25400741568920837,0.3177111767721708,0.42828140753862143,0.25157045821038293,0.30750771043147856,0.4409218313581378,0.2843606516490325,0.32937610315101656,0.38626324519995103,0.2707621135411211,0.3471056548334419,0.382132231625437
824156,2019,M?,1,0.24222232,0.48508528,0.27269244,0.33798787,0.37400994,0.28800216,0.3402076352577084,0.3576984555232066,0.302093909219085,0.3419583912377221,0.34667265041576806,0.3113689583465095,0.294559657609379,0.3000462832589354,0.4053940591316855,0.32940519772321597,0.26677189429654613,0.40382290798023784
824252,2019,S+D,2,0.56175804,0.23719919,0.20104273,0.49860948,0.28554434,0.21584624,0.5088442536617704,0.22996693988951955,0.26118880644871,0.5144330647907309,0.21618420992860823,0.2693827252806608,0.5339576697769559,0.27375257928852753,0.19228975093451672,0.5770050998696776,0.23781850031788512,0.18517639981243725
824263,2019,M?,1,0.33397293,0.3228258,0.34320134,0.33943567,0.31641275,0.34415162,0.35023931884001824,0.3348301932929452,0.31493048786703715,0.3499387963065182,0.34479008211486106,0.305271121578621,0.3370753401758324,0.3209012648314229,0.34202339499274476,0.3354117161181225,0.31966718549042095,0.3449210983914565
824309,2019,M?,1,0.24187554,0.21103099,0.54709345,0.30528793,0.20068894,0.49402308,0.26069173676660073,0.1877358078881653,0.5515724553452344,0.25894943689044436,0.19933320422122836,0.5417173588883272,0.44864776034922227,0.1586745234264652,0.3926777162243126,0.45964832244007237,0.13950885816727568,0.40084281939265193
824350,2019,M?,1,0.31786922,0.4162123,0.2659185,0.32557732,0.3983126,0.27611005,0.2988278875061191,0.38688169801996364,0.31429041447391776,0.3065354772009833,0.3820164772173564,0.31144804558166106,0.26981533193242047,0.40002904522877164,0.3301556228388079,0.26847110049429035,0.39866783887283824,0.33286106063287135
824374,2019,M?,1,0.42919716,0.32719058,0.24361226,0.40512404,0.30064076,0.29423517,0.42170188372965084,0.33156876984936123,0.24672934642098815,0.4120288767990087,0.32963754232042,0.25833358088057135,0.40411369446264755,0.30853455459941387,0.2873517509379387,0.41770137759106596,0.3121921204393508,0.27010650196958325
824375,2019,M?,1,0.32132864,0.32305965,0.3556117,0.32907847,0.34346104,0.3274605,0.3281960409773775,0.3481822648595618,0.323621694163061,0.32474396552534623,0.34947865167287423,0.32577738280177976,0.3552978170546483,0.3624994435225429,0.2822027394228088,0.38131230166593827,0.31944707292637825,0.2992406254076834
824405,2019,M?,1,0.37293682,0.45609352,0.17096967,0.30555847,0.38634768,0.3080938,0.3049359874005038,0.3557354670513979,0.3393285455480987,0.2928608386895075,0.34847537456899375,0.35866378674149857,0.28456933981691324,0.3680325839534387,0.34739807622964813,0.3515303436459729,0.4554350048390956,0.19303465151493154
824413,2019,M?,1,0.4162815,0.42978644,0.15393202,0.4500983,0.3380435,0.21185823,0.42786997117178727,0.35998952043446486,0.2121405083937476,0.40800687379481687,0.3595401641505186,0.23245296205466398,0.46466876749770886,0.3910659878264361,0.14426524467585514,0.4825027533274348,0.37943001441602764,0.1380672322565376
824435,2019,M?,1,0.22713034,0.24032564,0.532544,0.2917943,0.25480747,0.45339823,0.268509929748474,0.27753912860293667,0.45395094164858957,0.270274809040553,0.26800285842050253,0.46172233253894446,0.30277455817345394,0.24849556023558625,0.4487298815909599,0.2961474718341249,0.2509526465978295,0.4528998815680457
824474,2019,M?,1,0.36001936,0.2720746,0.367906,0.31836665,0.27427438,0.40735897,0.30350039171456233,0.31784242364504867,0.37865718464038906,0.3144928999968438,0.3146448120672958,0.3708622879358605,0.22913586933880664,0.23269767497701205,0.5381664556841814,0.28484035128434737,0.2638986420997353,0.45126100661591745
824490,2019,M?,1,0.51361495,0.3484504,0.13793464,0.48247254,0.36658797,0.1509395,0.46945101398875355,0.3459097798016259,0.18463920620962085,0.48678718205890203,0.3376547376185011,0.1755580803225972,0.460424559926673,0.41285531376095963,0.1267201263123674,0.466955365482651,0.4023334652694389,0.13071116924791013
824501,2019,M?,1,0.41301847,0.35205528,0.23492627,0.3916981,0.33955628,0.26874563,0.34735826655776175,0.38544598499864374,0.26719574844359456,0.3530815422891485,0.3867398079869771,0.26017864972387433,0.36413250959377497,0.3851137046022828,0.2507537858039422,0.34636888575059926,0.400145145776751,0.2534859684726497
824502,2019,M?,1,0.1756245,0.2746844,0.54969114,0.17561838,0.27366298,0.55071867,0.22970800291150012,0.3048864947634454,0.46540550232505473,0.22792188998123206,0.29515782598933704,0.47692028402943093,0.15398243840996229,0.24678009085608218,0.5992374707339556,0.1377957655430404,0.2294842665217943,0.6327199679351653
824504,2019,M?,1,0.33530813,0.4108899,0.25380194,0.35224587,0.38613975,0.26161438,0.3491951812178128,0.3843585783481646,0.2664462404340229,0.35185670870571556,0.39142154406472385,0.25672174722956015,0.3962857103961336,0.38650855069877327,0.2172057389050933,0.40111268839989694,0.3699934127579989,0.2288938988421042
824521,2019,M?,1,0.25247654,0.20639113,0.5411324,0.2723223,0.2718636,0.45581406,0.26570551556383787,0.28219219662601924,0.4521022878101428,0.2894936430560941,0.2900019834105381,0.42050437353336817,0.23700759334760277,0.2939102410594362,0.46908216559296095,0.16462999529455105,0.3162963316924628,0.5190736730129861
824550,2019,M,0,0.5640099,0.31795582,0.11803429,0.50751305,0.35700756,0.13547935,0.4712100768684761,0.34979568759436186,0.17899423553716234,0.4982490648905411,0.3451639219230993,0.15658701318636,0.49643791980196394,0.3928177822030796,0.1107442979949565,0.47894441784607206,0.40741678754362487,0.11363879461030299
824551,2019,M?,1,0.5201662,0.32968146,0.1501523,0.4692874,0.3476897,0.18302287,0.4652561433159615,0.3406714469754957,0.19407240970854345,0.4658684125990719,0.3459788895385206,0.18815269786240688,0.48694042321894776,0.32079710890625385,0.19226246787479837,0.5142469172450007,0.3022801719655036,0.18347291078949562
824573,2019,M?,1,0.5795675,0.28621498,0.1342175,0.52395433,0.298557,0.17748865,0.45513997384192606,0.33764989674946,0.20721012940861408,0.4765521290024112,0.33469466865705344,0.18875320234053475,0.46344276661836475,0.3183723629059984,0.21818487047563687,0.47335224534778525,0.3264389385996859,0.2002088160525288
824643,2019,M?,1,0.23519632,0.35780674,0.40699697,0.29655042,0.33856934,0.3648802,0.3318989711491798,0.389374277951738,0.27872675089908217,0.30895453611445617,0.3740848902754921,0.31696057361005137,0.26579061712338414,0.3243426173418413,0.4098667655347745,0.25672951364210866,0.33952097482540117,0.40374951153249017
824659,2019,M?,1,0.4250621,0.33405513,0.24088275,0.40126693,0.3818051,0.21692796,0.3505103103763993,0.3571454827599102,0.29234420686369067,0.36004954560370095,0.3607698925016317,0.27918056189466717,0.39137094235491576,0.40584981329231107,0.2027792443527732,0.43276965966381653,0.36746995113324704,0.1997603892029365
824667,2019,M?,1,0.19617909,0.29823494,0.50558597,0.2296991,0.28594413,0.4843568,0.2306567691386811,0.28909211445521277,0.480251116406106,0.21469286413617517,0.26057357143323534,0.5247335644305893,0.21769653163037045,0.25918711725956867,0.5231163511100609,0.19702438530748298,0.2635741953669073,0.5394014193256098
824716,2019,M?,1,0.23936687,0.40089655,0.35973653,0.27258718,0.386218,0.34119484,0.29039875406975224,0.3752328042727598,0.33436844165748775,0.2884059499056504,0.3665564158732086,0.3450376342211415,0.26427624851786036,0.41605465694665383,0.31966909453548575,0.26088811973053916,0.4320240933464134,0.3070877869230474
824749,2019,M?,1,0.1312276,0.21580784,0.65296453,0.18608741,0.25624546,0.5576671,0.2572997613150259,0.24658334795531106,0.4961168907296632,0.2559498227087786,0.24678376413548547,0.4972664131557361,0.23252378593521605,0.2678005940569241,0.49967562000785987,0.20551069450593007,0.2763731792336384,0.5181161262604315
824753,2019,M?,1,0.28544617,0.5203387,0.19421509,0.29149133,0.50489295,0.20361575,0.3283570763371541,0.4420139830997225,0.22962894056312383,0.32227521772796597,0.4610924034223233,0.21663237884971076,0.3082647135005798,0.5041227402151586,0.1876125462842616,0.3085553133881766,0.5143138242333798,0.1771308623784435
824767,2019,M?,1,0.47983208,0.34304485,0.17712307,0.4467254,0.3367615,0.21651313,0.40018256230648214,0.3538560455272334,0.245961392166285,0.40394710636745246,0.35509219180380236,0.2409607018287451,0.44965176022706105,0.35777564889327684,0.19257259087966203,0.46274994566968985,0.3526450808847136,0.18460497344559657
824786,2019,M?,1,0.3333504,0.40635353,0.26029605,0.2960699,0.3406042,0.36332592,0.3273759985876757,0.33149365558750093,0.3411303458248236,0.3306373862241354,0.34593045715079124,0.32343215662507374,0.3143319383569936,0.31229073782085004,0.37337732382215644,0.3248904370066147,0.3761464215515924,0.2989631414417929
824858,2019,M?,1,0.29227427,0.40110245,0.30662325,0.28181946,0.32733902,0.3908415,0.2882688012658131,0.3934979959283985,0.31823320280578865,0.2916038766832096,0.3781533256480229,0.33024279766876746,0.23804043129711888,0.2970338639264459,0.4649257047764353,0.2009357904398826,0.25386277851079936,0.5452014310493181
824897,2019,M?,1,0.5430962,0.34482586,0.112077996,0.46484357,0.36715785,0.16799861,0.42543152981282045,0.3560627388421288,0.21850573134505083,0.41176082432188266,0.39720958409973667,0.1910295915783813,0.3737902012947308,0.46022234196071693,0.16598745674455234,0.40361298881648794,0.4293796002926444,0.1670074108908677
824898,2019,M?,1,0.45074967,0.30716032,0.24208997,0.44361684,0.30619127,0.25019193,0.3633728163622737,0.323873608914518,0.31275357472320864,0.37080692861690984,0.3316242760120719,0.2975687953710175,0.458346299903439,0.31412732649043323,0.22752637360612796,0.4581299481925144,0.3185050127036156,0.22336503910386996
824932,2019,M?,1,0.33504573,0.45264372,0.2123106,0.35046127,0.42165676,0.22788197,0.3468699220655255,0.4330409534994551,0.22008912443501985,0.3379770220425128,0.434565464988438,0.2274575129690487,0.38640148010068076,0.3626658056390954,0.2509327142602238,0.39174747827901363,0.3596436532440207,0.2486088684769657
824941,2019,M?,1,0.5067919,0.21161328,0.28159484,0.45878702,0.24156058,0.2996524,0.3947280263810438,0.26512895815444554,0.34014301546451065,0.40565402342796214,0.26240706031489386,0.33193891625714417,0.43800480633981687,0.18194731488239235,0.3800478787777908,0.47607697724338155,0.1654741438157476,0.35844887894087085
824954,2019,M?,1,0.4054503,0.26110333,0.33344632,0.38049144,0.3080816,0.311427,0.408056982633459,0.2699157075825088,0.32202730978403166,0.420012082762638,0.2644111036914003,0.3155768135459618,0.42755135279952394,0.31144208111544686,0.26100656608502915,0.4092430085262124,0.32248268182841,0.2682743096453775
824983,2019,M,0,0.41318431,0.41527605,0.17153957,0.39665985,0.38295645,0.22038367,0.43446047285691636,0.35137127016562564,0.2141682569774583,0.4156978463912896,0.37441149383405015,0.20989065977465995,0.4180888881679084,0.3420826601956942,0.23982845163639732,0.4234741555966701,0.34886497703621683,0.22766086736711305
824991,2019,M?,1,0.371798,0.4404709,0.18773104,0.39451513,0.41791454,0.18757036,0.3472884482993172,0.42434728263550137,0.228364269065182,0.34023899691387477,0.43572085126696664,0.22404015181915818,0.4482662260415457,0.3704771628055796,0.18125661115287467,0.4591205594851279,0.3643363069148608,0.17654313360001136
825030,2019,M?,1,0.33697066,0.17713483,0.4858945,0.34600642,0.2061848,0.4478088,0.3286954074314491,0.18515772451201812,0.486146868056533,0.3247786572282749,0.17978325119630567,0.49543809157541957,0.3586243313410124,0.20690672192168066,0.43446894673730696,0.37618476492433234,0.19668371510459887,0.4271315199710689
825284,2019,M?,1,0.4312268,0.3481652,0.22060804,0.39856526,0.3614199,0.2400148,0.3754669129375558,0.36486129571790465,0.2596717913445393,0.36888353165420745,0.3710510892313412,0.2600653791144505,0.4304072396399333,0.38623532775203717,0.1833574326080294,0.4188227325774811,0.40727272712816975,0.17390454029434918
825308,2019,M?,1,0.25292572,0.60782063,0.13925362,0.2926156,0.5366441,0.17074028,0.3226955309141506,0.4741483044465757,0.2031561646392739,0.312638397858276,0.4806659911583783,0.20669561098334566,0.3159350204243331,0.4936183357409932,0.1904466438346737,0.31620184795635853,0.5141413920794646,0.16965675996417692
825336,2019,M?,1,0.3151614,0.3556114,0.32922718,0.35040978,0.3423923,0.3071979,0.33825847856403707,0.36301170479057066,0.29872981664539255,0.3266581668728381,0.3554945359646011,0.31784729716256055,0.4159512371340883,0.37656557372698524,0.20748318913892652,0.4224117556503906,0.3895923372026305,0.1879959071469791
825343,2019,M?,1,0.55972874,0.34220883,0.09806244,0.45860684,0.36165857,0.17973457,0.4874099681626435,0.30916494819284535,0.20342508364451078,0.5004934602639217,0.31222269035322797,0.18728384938285028,0.47602588666140605,0.3349599658471246,0.18901414749146933,0.4893206848107691,0.33708793960407507,0.1735913755851559
825382,2019,M?,1,0.2796469,0.47184703,0.2485061,0.36411867,0.39287207,0.24300925,0.3963929957403394,0.3547996245791284,0.24880737968053268,0.383776028676874,0.36873339414147593,0.24749057718164988,0.41105262174987056,0.31953467866016105,0.2694126995899684,0.3793596290326848,0.34214021396636635,0.2785001570009488
825401,2019,M?,1,0.43217373,0.37454018,0.19328615,0.44143957,0.37061813,0.18794231,0.4161751488257922,0.37621900365474326,0.207605847519465,0.4154075915734882,0.38283755977560985,0.2017548486509019,0.4365012060292075,0.4124625715198193,0.1510362224509732,0.4351649896616673,0.4272988218415444,0.1375361884967884
825475,2019,M?,1,0.3851144,0.44345474,0.17143084,0.35111457,0.37520579,0.27367964,0.3571898822502695,0.3665246422955127,0.2762854754542178,0.35387604077271684,0.386278921679497,0.25984503754778576,0.3414669471352871,0.34115715471205904,0.31737589815265377,0.3483360664749954,0.34040920904925365,0.311254724475751
825481,2019,M?,1,0.37654865,0.407733,0.21571836,0.39105773,0.3426608,0.26628146,0.41408026583285973,0.3191351396799889,0.2667845944871512,0.4174557265600868,0.3279941363571575,0.2545501370827561,0.447470551787486,0.27928305343372,0.27324639477879403,0.40695756117636667,0.2912223516093125,0.30182008721432085
825512,2019,M?,1,0.2828798,0.31425446,0.40286574,0.27711266,0.30211452,0.4207728,0.3009131389324757,0.3284416729214659,0.3706451881460583,0.2972120804730053,0.32756795576450676,0.3752199637624878,0.3372233729663279,0.273537666009231,0.3892389610244411,0.3407835855993342,0.2783654690131386,0.38085094538752723
825517,2019,M?,1,0.36176383,0.31090364,0.3273325,0.32088244,0.31609547,0.36302212,0.28175845444111414,0.3507112770195306,0.36753026853935516,0.2733581921118091,0.33964060187120926,0.3870012060169815,0.24349830092499955,0.2687405682003449,0.48776113087465556,0.20393388287760145,0.26960857785372877,0.5264575392686698
825569,2019,M?,1,0.51094496,0.37213695,0.11691808,0.45967278,0.3989006,0.1414266,0.34939648484979924,0.41302870222365873,0.23757481292654187,0.3276041804866437,0.43397412391991275,0.23842169559344373,0.4537318041866032,0.414419936875932,0.1318482589374648,0.5656512549433453,0.33124198567177743,0.10310675938487734
825573,2019,M?,1,0.40902513,0.26452076,0.3264541,0.4087339,0.29154825,0.29971778,0.4142937068255117,0.2787852504590376,0.30692104271545095,0.4175814847671518,0.272158906722635,0.3102596085102136,0.434930382938387,0.315137526223615,0.24993209083799806,0.4354982008243709,0.31952563463051903,0.2449761645451102
825577,2019,M?,1,0.53408456,0.36219352,0.10372188,0.4832968,0.38550094,0.1312023,0.47964688613554035,0.35592370644294385,0.1644294074215156,0.4967344414872526,0.35590924965881926,0.14735630885392814,0.5177892430443626,0.36203418373849067,0.12017657321714664,0.5606450254824504,0.31658830624118334,0.12276666827636631
825625,2019,M?,1,0.34022993,0.21219277,0.44757733,0.35019824,0.21253805,0.43726367,0.34173541408324737,0.21251752891748102,0.44574705699927203,0.3416061272221889,0.21098082748139177,0.4474130452964189,0.32208701008570234,0.30060272465752136,0.3773102652567763,0.3533178403462333,0.30070498619079356,0.3459771734629732
825645,2019,M?,1,0.35261017,0.37696987,0.27041999,0.3814479,0.3396337,0.27891836,0.36008428243583057,0.36435409021313686,0.2755616273510326,0.36194657613772774,0.3583291501807039,0.2797242736815684,0.3902695670088934,0.30825951579642097,0.3014709171946855,0.48542946964673617,0.24749664531127277,0.2670738850419909
825881,2019,M?,1,0.45171902,0.36823067,0.18005028,0.40741032,0.3520813,0.24050832,0.36709980567207773,0.3632695416797864,0.26963065264813646,0.38283619729856966,0.35880764818612865,0.2583561545153016,0.3114844823901455,0.35559774233668084,0.3329177752731738,0.295015249139412,0.3692903480252771,0.3356944028353109
825899,2019,M?,1,0.5593939,0.26332986,0.17727628,0.34818858,0.3433619,0.3084495,0.3256842849679073,0.32500256970781766,0.34931314532427526,0.32883579033528226,0.3321580790822972,0.33900613058242074,0.33875157463680244,0.34170775996754443,0.31954066539565307,0.21434815367536347,0.38763661641897657,0.39801522990566
825910,2019,M?,1,0.40792757,0.3071759,0.28489652,0.38364348,0.3121904,0.3041661,0.35773134487914177,0.2976579775722997,0.34461067754855795,0.3647478885914184,0.30393419588702086,0.33131791552156054,0.4391756548810771,0.27996892762350145,0.2808554174954214,0.4325786491232967,0.2918837112955147,0.27553763958118854
825923,2019,M?,1,0.6163412,0.30775365,0.0759052,0.53468555,0.35482433,0.11049007,0.553524448245031,0.2965687381404724,0.14990681361449698,0.5772949762576117,0.2852403124518627,0.13746471129052598,0.5157946979117196,0.3683779370698547,0.11582736501842573,0.5284810476633395,0.36844330008740195,0.10307565224925867
825948,2019,M?,1,0.3898068,0.31592295,0.2942703,0.38455844,0.30879357,0.30664796,0.36558973500651676,0.29750945798373957,0.3369008070097434,0.36776122345837486,0.30416727703436364,0.32807149950726155,0.44252455983266026,0.2805792950186249,0.2768961451487149,0.43753984158184667,0.2889518361474595,0.27350832227069394
825958,2019,M?,1,0.146263,0.25375348,0.5999835,0.19403861,0.27863425,0.5273271,0.18489612715097278,0.25910665078961315,0.5559972220594139,0.18369105204987116,0.24503542608570983,0.5712735218644184,0.26790218903841867,0.2737586065346872,0.45833920442689413,0.2667775038992941,0.2244900221680748,0.5087324739326311
825982,2019,M?,1,0.36487058,0.20499405,0.43013534,0.38481167,0.22652565,0.38866264,0.40662749936939374,0.26593015190621994,0.3274423487243862,0.4128967347920096,0.25426797796622563,0.33283528724176503,0.4462421365957346,0.2476226255444107,0.3061352378598547,0.4482686962456194,0.24367569251317966,0.30805561124120096
826015,2019,M?,1,0.24433202,0.2831233,0.4725446,0.23692866,0.27102172,0.49204957,0.20868104733198017,0.28929448516670075,0.5020244675013186,0.19611139717021278,0.279357166697409,0.524531436132378,0.2517970218214135,0.23764733224846038,0.5105556459301261,0.3034563540143838,0.18852398339219864,0.5080196625934175
826075,2019,M?,1,0.38756144,0.3802305,0.23220804,0.43677327,0.34079176,0.22243491,0.41822163381969024,0.33272528302681176,0.24905308315349778,0.4167974366969831,0.32514871907074794,0.25805384423226835,0.5056580029525962,0.28604293490429034,0.20829906214311344,0.5788019660784146,0.2819256635974373,0.1392723703241481
826232,2019,M?,1,0.40733555,0.44676647,0.14589803,0.35203755,0.46414492,0.1838175,0.39629391883173626,0.3933975176060482,0.21030856356221592,0.4103558495402564,0.3827140541598844,0.206930096299859,0.39630267564679383,0.4541828980994368,0.14951442625376943,0.4069877098290616,0.4636500717881719,0.12936221838276643
826235,2019,M?,1,0.45709094,0.26475817,0.27815092,0.42024702,0.29522443,0.28452858,0.37757174688928136,0.31499397512817007,0.30743427798254863,0.3825627655260436,0.32508497032790246,0.2923522641460538,0.4133059376947223,0.30573343863931807,0.28096062366595964,0.4361809143708843,0.4008236233211494,0.1629954623079663
826237,2019,M?,1,0.44212243,0.3543762,0.20350134,0.4290614,0.35556176,0.2153768,0.42519085691567593,0.34825044643464237,0.2265586966496815,0.42925307978688887,0.3369862631629597,0.2337606570501507,0.4310769751885536,0.35241988915423184,0.2165031356572145,0.4352698816350846,0.3458698475521247,0.21886027081279066
826303,2019,M?,1,0.363616,0.4386565,0.19772752,0.3923601,0.41940197,0.18823795,0.34919890393787706,0.42246763558088846,0.22833346048123515,0.3439928159293331,0.42773753784152907,0.22826964622913729,0.4531312985483865,0.3747911761263757,0.17207752532523785,0.46146069997655315,0.3743026776444615,0.1642366223789852
826360,2019,M?,1,0.46068883,0.38460156,0.15470958,0.4920829,0.36025715,0.1476599,0.43766509111824853,0.3594486962446951,0.2028862126370564,0.4376365788763734,0.37157095695698783,0.19079246416663928,0.5495648479663456,0.3404836477966932,0.10995150423696108,0.6321047988950489,0.2787344547652864,0.08916074633966485
826422,2019,M?,1,0.48782423,0.27879164,0.23338407,0.4310243,0.30313113,0.26584458,0.43193568743402894,0.3356374116174093,0.23242690094856197,0.4300571995691193,0.3461580489927797,0.22378475143810128,0.49019352175126435,0.27141669589230477,0.238389782356431,0.5677570205038102,0.26910377804611074,0.16313920145007918
826432,2019,M?,1,0.27821207,0.39861253,0.3231754,0.3105389,0.37966797,0.3097931,0.277051150856796,0.33951953940977964,0.383429309733425,0.2910595992314763,0.3366833222714913,0.3722570784970322,0.34536392671070915,0.3840744581093363,0.2705616151799544,0.3173686379354577,0.3801446990579655,0.30248666300657673
826434,2019,M?,1,0.49435267,0.31987375,0.18577355,0.43477657,0.308529,0.25669444,0.41438079261935984,0.335350281260618,0.25026892612002216,0.41162003368275857,0.349655983408223,0.23872398290901778,0.3946451052640446,0.3204085822199132,0.28494631251604213,0.37888863779822024,0.32664065854136054,0.2944707036604192
826936,2019,M?,1,0.2802364,0.31801316,0.40175045,0.29390642,0.30221346,0.40388018,0.33517419998440734,0.35447976026435857,0.31034603975123365,0.33883975182332393,0.3465982914804437,0.3145619566962321,0.28610431827225785,0.34179626451789424,0.3720994172098479,0.282140696314585,0.335248998013173,0.38261030567224197
826948,2019,M?,1,0.44964033,0.44053352,0.10982609,0.48041236,0.3952993,0.124288395,0.43925194758176095,0.424866549490905,0.1358815029273344,0.43536649390771975,0.42447241360316323,0.14016109248911668,0.5715125304550396,0.3291085326226204,0.09937893692234002,0.6015430202975796,0.3115125189631382,0.0869444607392823
827001,2019,M?,1,0.41969565,0.24655603,0.33374834,0.34472093,0.28491646,0.37036267,0.37742372035599564,0.27916659737226057,0.34340968227174345,0.3943524645932107,0.28121480055141546,0.3244327348553738,0.404157038682918,0.3387066886094472,0.2571362727076348,0.4700243171781648,0.30259152543944995,0.22738415738238518
883548,2019,M?,1,0.38622493,0.48608017,0.12769489,0.40208766,0.42811313,0.1697992,0.35682508484346837,0.4110623199814676,0.23211259517506472,0.37525685794537145,0.43304144248675563,0.1917016995678728,0.3729986250812283,0.46308957814839946,0.1639117967703724,0.3566318987329282,0.48020070488628713,0.16316739638078456
883870,2019,M?,1,0.23299943,0.31271443,0.45428613,0.253988,0.3171107,0.42890126,0.2667517862071742,0.3180067980673935,0.4152414157254324,0.27848595225493766,0.2995604106548149,0.4219536370902478,0.2127322754947413,0.31892805056246454,0.468339673942794,0.19159724545549253,0.3256240650306324,0.482778689513875
894189,2019,M?,1,0.22470944,0.34208545,0.4332051,0.22666918,0.38067827,0.39265254,0.2671107957383272,0.34522305056425784,0.38766615369741486,0.26504303260290796,0.33889841986233826,0.3960585475347537,0.2182294576392192,0.3179922875020349,0.4637782548587459,0.20677695503670415,0.2909083077004977,0.5023147372627981
894503,2019,M?,1,0.18012336,0.340649,0.4792276,0.20168453,0.3695104,0.42880505,0.2475146086681682,0.34163071168336046,0.41085467964847155,0.2515740929774814,0.33620401056047117,0.4122218964620471,0.21471785277420805,0.3837217508027448,0.4015603964230471,0.2915091622817773,0.3449811271513448,0.36350971056687786
894602,2019,M?,1,0.25600857,0.37373504,0.3702564,0.20253153,0.38252494,0.41494355,0.2211132173894485,0.3349152772971298,0.4439715053134216,0.2111887889128881,0.3195354151977389,0.4692757958893725,0.2609565225564414,0.4074330162985425,0.33161046114501613,0.28450839078747214,0.38234213635960146,0.33314947285292645
894935,2019,M?,1,0.32053283,0.44226894,0.23719819,0.31881776,0.452478,0.22870427,0.3337970861968969,0.429858512192228,0.23634440161087492,0.33964581651706993,0.4170750543393119,0.24327912914361768,0.3566705949819337,0.4224830329194818,0.22084637209858446,0.3500868738722956,0.4244298084117536,0.2254833177159508
897037,2019,M?,1,0.5212893,0.28726217,0.19144854,0.482503,0.32519963,0.19229738,0.46218386191156874,0.34289437344514573,0.19492176464328542,0.45664915551569757,0.34009942358923306,0.2032514208950689,0.4868003734431353,0.30668113218013204,0.20651849437673261,0.5466505097848692,0.29391411622980224,0.15943537398532856
898091,2019,M?,1,0.21557777,0.3687512,0.41567102,0.24071708,0.35958505,0.39969787,0.25674501883278816,0.3444261215039581,0.3988288596632536,0.24229930941726205,0.34846679284405224,0.4092338977386853,0.19262735013014598,0.26436863788539017,0.5430040119844638,0.18855615532603853,0.2685853973978335,0.542858447276128
898296,2019,M?,1,0.35733107,0.36289135,0.27977756,0.36467025,0.3568373,0.27849248,0.353159404511012,0.36351519900417534,0.2833253964848133,0.3501107203161545,0.36969249884426836,0.2801967808395772,0.3433857558199038,0.3542795430954126,0.30233470108468347,0.34300099484213525,0.35624485619464286,0.30075414896322183
908662,2019,M?,1,0.5136864,0.35377026,0.1325433,0.47315007,0.39046013,0.13638985,0.4613008360017919,0.34478920913809247,0.19390995486011614,0.47232749878939756,0.3393162604548835,0.18835624075571902,0.5028753189145477,0.3703280652228851,0.1267966158625671,0.5261159277572615,0.35014128693454777,0.1237427853081907
909197,2019,M?,1,0.3549297,0.36534953,0.2797208,0.34659156,0.3575052,0.29590327,0.3348957735532602,0.3891223599137114,0.2759818665330282,0.33978674471364445,0.386337497473575,0.2738757578127806,0.32408768462564463,0.3597151977784807,0.3161971175958747,0.30865156948632166,0.35228256996863294,0.3390658605450454
909233,2019,M?,1,0.3416335,0.45526552,0.20310092,0.31661326,0.4243713,0.2590154,0.339804766810866,0.4090265974737646,0.25116863571536896,0.3481775267101678,0.40789087074526553,0.2439316025445665,0.32088277669674853,0.3571685554517861,0.32194866785146525,0.30494955852690236,0.324085504330982,0.3709649371421156
909268,2019,M?,1,0.58396274,0.27389926,0.14213802,0.4959955,0.25009325,0.25391126,0.47500307753538773,0.32642423583176244,0.19857268663284947,0.47285549814723976,0.3363229628181519,0.19082153903460822,0.3489735288816555,0.2874184044647102,0.3636080666536344,0.3212222661931777,0.27775427382951084,0.40102345997731154
909600,2019,M?,1,0.45777652,0.23764399,0.30457947,0.38454935,0.2378459,0.37760478,0.4268062191927227,0.2811629272615264,0.292030853545751,0.4208734851974449,0.2678602346683403,0.31126628013421487,0.28367371654311957,0.23438977271291656,0.4819365107439639,0.29579756227928494,0.2303976636894951,0.47380477403122007
909645,2019,M?,1,0.3316535,0.3634158,0.30493066,0.32075977,0.40323967,0.2760005,0.31182171424126015,0.3652042543861293,0.3229740313726103,0.3225433164514728,0.35894337732041415,0.3185133062281129,0.33927254519625416,0.4598496950490266,0.20087775975471917,0.37958232311725076,0.4065864212827177,0.21383125560003158
909671,2019,M?,1,0.19045457,0.15581712,0.6537283,0.29288113,0.17075571,0.5363632,0.22796298167546086,0.20436927529937077,0.5676677430251683,0.23187301117283568,0.19982142680560477,0.5683055620215595,0.4576804159612454,0.19041443529238092,0.35190514874637363,0.427205636980112,0.19151549178480462,0.38127887123508336
909766,2019,M?,1,0.29381412,0.5517739,0.15441197,0.30882397,0.4490665,0.24210949,0.3346092902134198,0.42614857888450014,0.23924213090207985,0.3462993814813559,0.41690933854232676,0.2367912799763171,0.3273049877441877,0.3755900825136171,0.2971049297421952,0.3166802321920163,0.3714997116660112,0.31182005614197245
909803,2019,M?,1,0.30918953,0.5961709,0.09463957,0.3432861,0.5344112,0.12230269,0.32189157461925644,0.519597324730179,0.15851110065056478,0.32051014343140594,0.526945997407849,0.1525438591607453,0.4187419232905102,0.4366680253489866,0.1445900513605032,0.42756272685709934,0.43255808274831614,0.13987919039458444
909910,2019,M?,1,0.49841893,0.3183112,0.18326987,0.4537322,0.36360604,0.18266174,0.4228313022014156,0.3656098922546791,0.2115588055439053,0.4330803005277108,0.3643461565276194,0.20257354294466912,0.4714490432203945,0.3121017658172324,0.21644919096237322,0.4523366263305565,0.3202319397534228,0.2274314339160207
909929,2019,M?,1,0.3417662,0.48279825,0.17543553,0.3760417,0.43958977,0.1843685,0.3295819279665984,0.4712295232607294,0.19918854877267272,0.3237113351059563,0.479143801368448,0.1971448635255957,0.42005620041458036,0.38536139332095615,0.19458240626446355,0.42973906227551534,0.377042462841394,0.19321847488309063
909989,2019,M?,1,0.367606,0.45998943,0.17240462,0.3382831,0.4804415,0.18127537,0.3748859190894509,0.42814704567909806,0.19696703523145126,0.39322622859971695,0.409695186732808,0.1970785846674746,0.3460611750757566,0.49765767524169985,0.15628114968254353,0.33486389111163467,0.5196291829679214,0.14550692592044395
910008,2019,M?,1,0.38405997,0.49045724,0.12548277,0.39150968,0.43786538,0.17062493,0.33541321929145407,0.4374663971819612,0.22712038352658492,0.3358339432417236,0.43627238988988404,0.22789366686839202,0.3781980367913864,0.4624993895374839,0.1593025736711297,0.41364156894276966,0.4178162166261655,0.16854221443106487
910192,2019,M,0,0.3546437,0.2904298,0.3549265,0.33166644,0.30580607,0.3625275,0.3557753596796589,0.3258264253119905,0.3183982150083507,0.3511472376658431,0.3254325847334503,0.3234201776007064,0.2363483680556816,0.3173009656302485,0.4463506663140699,0.2212193466560119,0.3339180111404292,0.4448626422035589
910203,2019,M,0,0.24524401,0.40775815,0.34699783,0.28343257,0.36104488,0.35552254,0.32349159814652295,0.3834752731270479,0.293033128726429,0.3238195616760667,0.3869869466697412,0.2891934916541923,0.26789805353948487,0.3187286392918346,0.4133733071686804,0.2558964545816673,0.31635347932110286,0.42775006609722976
910493,2019,M?,1,0.2315216,0.32279307,0.44568533,0.21492085,0.45749423,0.32758492,0.2606038004100454,0.39895327531843205,0.34044292427152256,0.25421285695893947,0.4033511160688665,0.3424360269721942,0.20879962501841473,0.5251631765664508,0.26603719841513435,0.21165327955778604,0.5255910296239592,0.26275569081825484
910507,2019,M?,1,0.35379842,0.43663818,0.2095634,0.3829701,0.41151363,0.20551631,0.32762245745474,0.43207902398533543,0.24029851855992537,0.32163561513492284,0.45546009028984075,0.22290429457523622,0.4269722431225547,0.3669094022531641,0.20611835462428124,0.4422825424437879,0.3473893747758367,0.2103280827803755
910533,2019,M?,1,0.25723347,0.4900441,0.2527224,0.32299474,0.409845,0.2671603,0.2964601803882489,0.394148541909578,0.309391277702173,0.29566431034120444,0.4187294364091031,0.28560625324969224,0.29974873963973253,0.4144203952425776,0.28583086511768985,0.29547299986865366,0.42563908081829865,0.2788879193130477
910574,2019,M?,1,0.23014115,0.5530995,0.21675932,0.44874278,0.3743295,0.17692772,0.38919788745987133,0.38586632095241613,0.22493579158771268,0.39817084113732515,0.39544528547342617,0.20638387338924882,0.3613093842973179,0.4760287816071482,0.16266183409553384,0.33781726623795205,0.499321982298163,0.16286075146388498
910832,2019,M?,1,0.24864674,0.31228098,0.4390723,0.20933072,0.33172882,0.4589404,0.22064375314315854,0.3225574193457295,0.45679882751111217,0.21958654207057335,0.30544835682988347,0.47496510109954365,0.16974630537360072,0.281135108374566,0.5491185862518333,0.17385246265518886,0.24926636734510466,0.5768811699997064
910838,2019,M?,1,0.48966438,0.401315,0.109020606,0.46530986,0.40587908,0.12881108,0.39247551781509216,0.427287487559049,0.18023699462585888,0.40840998346742924,0.4350855870864167,0.1565044294461542,0.4493554018384158,0.4386027769917657,0.1120418211698185,0.434023385497305,0.4537524639231169,0.11222415057957803
920995,2019,M,0,0.39795622,0.4217692,0.18027453,0.38681138,0.37574622,0.2374424,0.37323827074502175,0.4243543081600292,0.20240742109494894,0.3969421701726663,0.41721192072174373,0.18584590910558976,0.3224549553634569,0.4056230450932461,0.27192199954329693,0.31489644573197445,0.41308147294300357,0.2720220813250221
921122,2019,M,0,0.47189078,0.38999426,0.13811499,0.47009313,0.37576523,0.15414165,0.4332356904294979,0.3786586001904652,0.18810570938003676,0.45300620881289383,0.3746690171150491,0.17232477407205696,0.4270491718154202,0.4450371619336805,0.1279136662508992,0.4123425532089755,0.4753855683262602,0.11227187846476415
921303,2019,M?,1,0.3225599,0.33636114,0.34107894,0.3252843,0.33461648,0.34009922,0.34247488740984544,0.3556378912927087,0.301887221297447,0.3359512510656548,0.36299023614280224,0.30105851279154344,0.3106362432687151,0.3282705731060705,0.36109318362521453,0.30710978847027043,0.32361095003193174,0.3692792614977978
921331,2019,M,0,0.6294367,0.27948248,0.091080904,0.580615,0.31526908,0.10411592,0.5280764782968321,0.32870311625387544,0.14322040544929235,0.5224725434046464,0.32920662716475696,0.14832082943059643,0.4832149282418022,0.37726833937126913,0.1395167323869287,0.5067850229220514,0.33328273992851415,0.15993223714943441
921508,2019,M?,1,0.33680847,0.5264217,0.13676982,0.3778609,0.4212034,0.20093566,0.35522961822389565,0.459583025223013,0.18518735655309176,0.33969758609926215,0.4652840393460212,0.1950183745547168,0.3278729303749937,0.40151732439858,0.2706097452264263,0.3397238063161351,0.37486905599255144,0.2854071376913135
921509,2019,M?,1,0.29921195,0.40236822,0.29841983,0.21185715,0.41454515,0.37359765,0.22835937628818773,0.348319257190506,0.4233213665213061,0.22324039375320645,0.35124890538536363,0.4255107008614305,0.26330017019563756,0.45012458991945636,0.28657523988490613,0.2467278981534819,0.46707449385982197,0.28619760798669613
921521,2019,M?,1,0.5030851,0.40831402,0.08860088,0.47927323,0.3898616,0.1308652,0.42829950015255425,0.42241754461264697,0.14928295523479926,0.43591355282342953,0.41341075910767494,0.15067568806889553,0.4272415367718509,0.4358882532802346,0.13687020994791446,0.4489109344500138,0.42462549830165214,0.12646356724833413
921707,2019,M?,1,0.41185656,0.41591537,0.17222801,0.42195463,0.38691762,0.19112778,0.42997361948755575,0.35852201508218184,0.2115043654302627,0.42042772367788267,0.3685604826046812,0.21101179371743656,0.4440274672774342,0.3755509051001855,0.18042162762238032,0.4426638299578607,0.38578933332668386,0.17154683671545554
922162,2019,M?,1,0.19681579,0.43275946,0.37042478,0.17580792,0.49719056,0.32700148,0.24344675568051669,0.38506505257559437,0.3714881917438888,0.2493144743958539,0.40750893386794024,0.34317659173620596,0.14614539653557346,0.5301409136042392,0.32371368986018734,0.1328163124693131,0.5792502161305825,0.28793347140010445
922207,2019,M?,1,0.55199856,0.2709643,0.1770372,0.49856207,0.3144258,0.18701215,0.46864033316403614,0.3228416102660733,0.20851805656989042,0.46060402980472503,0.31894684683243396,0.22044912336284092,0.4627613223053625,0.3500743209749134,0.1871643567197241,0.46553489465072023,0.3497432297254787,0.18472187562380105
922585,2019,M?,1,0.22770531,0.33102638,0.44126832,0.18030587,0.3264667,0.49322736,0.21735553167493069,0.2983991864981787,0.4842452818268904,0.2187975895176589,0.30853483458549996,0.4726675758968416,0.12577762942993181,0.25838367421571534,0.6158386963543528,0.11392842209127464,0.25035783396600875,0.6357137439427166
922653,2019,M?,1,0.24694163,0.6279339,0.12512444,0.34951422,0.48657712,0.16390866,0.310431009384346,0.5026034587390635,0.18696553187659062,0.3032863325258726,0.5282212551394756,0.16849241233465195,0.3750873485621537,0.370930327895387,0.25398232354245937,0.3285675003943921,0.5603953334389175,0.1110371661666904
922711,2019,M?,1,0.30072856,0.4849568,0.21431462,0.3226223,0.44380534,0.23357238,0.3076252623711811,0.4487107454060725,0.24366399222274662,0.3076732918142921,0.45224133179165066,0.24008537639405664,0.31629129892282853,0.45496210435221596,0.22874659672495556,0.30327333921252253,0.49362205494725414,0.2031046058402232
922748,2019,M?,1,0.4641837,0.33736637,0.1984499,0.4511705,0.3525065,0.19632298,0.4467463937935869,0.3421276632225888,0.21112594298382384,0.4495472508293068,0.3321934626944718,0.21825928647622125,0.46722914950135547,0.34466565881231553,0.18810519168632903,0.40703613142918416,0.40689271210827865,0.18607115646253727
922786,2019,M?,1,0.28429213,0.4667587,0.24894917,0.41259903,0.37924358,0.20815739,0.38448612191326964,0.40368954431480786,0.21182433377192253,0.3845575066236432,0.4029472477131892,0.2124952456631667,0.39705694203916225,0.39298701900921024,0.20995603895162754,0.24398788934497564,0.4865563969814295,0.26945571367359483
922788,2019,M?,1,0.2975743,0.27250093,0.42992473,0.3182332,0.34800515,0.33376163,0.33872831195365727,0.3123613072145668,0.34891038083177617,0.33418099334202983,0.30299434987902274,0.362824656778947,0.33832441592845586,0.37236107197423235,0.2893145120973117,0.3364354477547085,0.4193872851523915,0.24417726709289983
922972,2019,M?,1,0.39640337,0.40661085,0.19698577,0.40768033,0.39721608,0.19510365,0.3873035913741429,0.3324304070388232,0.28026600158703413,0.37928467880018735,0.34710758283334014,0.2736077383664727,0.38865338825745877,0.3886296830170187,0.22271692872552248,0.3716564471146839,0.363219931735653,0.2651236211496631
933212,2019,M?,1,0.29192662,0.4735581,0.2345153,0.3071642,0.4464681,0.24636771,0.33482657537089994,0.39882013917824877,0.26635328545085163,0.33725338415356876,0.4131284196845385,0.249618196161892,0.32371534373471367,0.3711566678314948,0.3051279884337915,0.3135499588426783,0.35031848220514034,0.33613155895218144
933216,2019,M?,1,0.33102256,0.33874553,0.3302319,0.33737788,0.35834393,0.30427817,0.35367192923711854,0.31958347704488654,0.32674459371799514,0.3628760365526722,0.3130852609653275,0.32403870248199973,0.3783861653588365,0.3701191366247649,0.2514946980163986,0.3793061052756458,0.3823057762296968,0.23838811849465746
933486,2019,M,0,0.22705035,0.28066137,0.4922883,0.21491516,0.3238583,0.46122652,0.2395555688564357,0.2957338529610343,0.46471057818253014,0.23475356006076953,0.29384596315407063,0.4714004767851605,0.17084707735117952,0.3101766729628106,0.5189762496860099,0.17575085827620476,0.2757189106126916,0.5485302311111037
935651,2019,M?,1,0.25477928,0.4511765,0.29404426,0.22459874,0.46640036,0.30900094,0.23915092324076448,0.3754968152843644,0.3853522614748712,0.2325459949857665,0.38607180379607875,0.38138220121815486,0.26658542584151357,0.5058043549972847,0.22761021916120164,0.26418442552799565,0.5082299890539268,0.22758558541807772
933532,2019,M?,1,0.29947335,0.6157225,0.08480416,0.33326828,0.54931,0.11742164,0.31598924992818045,0.531991358933148,0.15201939113867177,0.3126846850905463,0.5435844160653474,0.1437308988441066,0.4056011710484798,0.45593535735320706,0.13846347159831301,0.4071982557365978,0.46223561880281994,0.13056612546058224
933553,2019,M,0,0.30665407,0.56547785,0.12786807,0.28156582,0.57397896,0.14445525,0.32589993182936383,0.4888318527919019,0.18526821537873434,0.3143686959214829,0.5095770216372597,0.17605428244125776,0.2675145287719671,0.5950294985102256,0.13745597271780755,0.2588603842559741,0.6172236354931946,0.12391598025083142
933655,2019,M?,1,0.50794363,0.36554354,0.12651284,0.45953605,0.37821916,0.16224487,0.42013250189020324,0.3893474430382128,0.1905200550715842,0.4321683966095602,0.3841675740898495,0.1836640293005898,0.40002964857886264,0.4308636295247933,0.16910672189634413,0.3895057513684814,0.43448907206832227,0.1760051765631963
933754,2019,M?,1,0.20863013,0.3323898,0.45898002,0.19617741,0.38234428,0.42147833,0.2484213184278915,0.31313491652879116,0.43844376504331756,0.233661111475449,0.32049428904359734,0.44584459948095323,0.17241145402432653,0.4158758941700974,0.4117126518055762,0.15079653752599909,0.4444420161778285,0.4047614462961724
933894,2019,M?,1,0.47583175,0.37890285,0.14526537,0.44465327,0.36689934,0.18844742,0.38497655308315376,0.3808675293589952,0.2341559175578516,0.39319353551677017,0.39500546559913985,0.2118009988840902,0.4064540932102256,0.40171482720387075,0.19183107958590379,0.3927334663629099,0.4476698038036801,0.15959672983341
933944,2019,M?,1,0.50521535,0.32907236,0.16571225,0.4953699,0.3292206,0.17540947,0.45874305877968574,0.3567252920531045,0.18453164916720943,0.46168517049618474,0.3521021354962329,0.1862126940075825,0.45772882555971917,0.34388961540868124,0.19838155903159968,0.45867096938605334,0.3565809247814527,0.18474810583249404
933975,2019,M?,1,0.3180338,0.46857747,0.21338871,0.30059174,0.49158546,0.20782275,0.3378238173459616,0.4207805174648305,0.24139566518920808,0.3366976019969546,0.4314708008057784,0.23183159719726684,0.2742640189619659,0.5366804972840004,0.1890554837540338,0.26840359049016344,0.5550167835205406,0.17657962598929586
934002,2019,M?,1,0.19964086,0.33631235,0.46404678,0.22122847,0.37361068,0.40516084,0.3144815170901932,0.3107456661046354,0.37477281680517205,0.30301995951599914,0.30102685832443365,0.39595318215956693,0.2413195290523799,0.4244503258979708,0.33423014504964926,0.1976125768027033,0.5116369520833348,0.29075047111396196
934015,2019,M?,1,0.26505902,0.47913444,0.25580657,0.3113438,0.4151182,0.27353802,0.34847559590612587,0.36283001576055995,0.28869438833331434,0.3465188725438169,0.36530946526434244,0.2881716621918401,0.35698467957093505,0.40189126037611556,0.24112406005294942,0.3543264074497274,0.4230186602828108,0.22265493226746186
934064,2019,M?,1,0.33678904,0.35842386,0.30478707,0.23821604,0.3390917,0.42269224,0.2415008458587184,0.34294358594486485,0.4155555681964169,0.24448652777618102,0.32479429272629373,0.4307191794975249,0.2834081159236315,0.33570987728266904,0.38088200679369943,0.3354388176197885,0.3471415049232515,0.31741967745696004
934070,2019,M?,1,0.26627493,0.3211515,0.41257355,0.29303434,0.34295225,0.3640134,0.2971457751663623,0.33398121219285537,0.3688730126407824,0.29578478871909447,0.33520427833843824,0.36901093294246706,0.27721506983567396,0.3667440480664619,0.3560408820978641,0.29127190147388715,0.3282080289035547,0.38052006962255813
934196,2019,M?,1,0.32035792,0.47306618,0.20657592,0.35741758,0.41806826,0.22451419,0.3434525414975924,0.41285329566005263,0.24369416284235498,0.34865484656449397,0.4160301046899528,0.23531504874555254,0.3987131303077085,0.3988093898319546,0.20247747986033698,0.39455050568023664,0.4251402669787193,0.18030922734104418
934226,2019,M?,1,0.35268942,0.38648438,0.2608262,0.35128486,0.3880301,0.260685,0.35941329197351285,0.3344606068149478,0.3061261012115394,0.35809782832741327,0.3376070221236736,0.3042951495489134,0.4115769880932106,0.4026649418456029,0.18575807006118641,0.3799251998356437,0.47077540100550136,0.1492993991588549
934288,2019,M?,1,0.26530668,0.6127911,0.12190218,0.28545737,0.5530022,0.16154046,0.3036890031659063,0.4606060528290367,0.23570494400505673,0.29736036860094206,0.46677432439956384,0.23586530699949398,0.31144920592074926,0.5214299285587243,0.16712086552052643,0.29147386612202597,0.5745454602109626,0.1339806736670114
934411,2019,M?,1,0.3648372,0.2730389,0.36212397,0.3921174,0.30307645,0.30480614,0.37138173842666655,0.28281940663127886,0.34579885494205453,0.35970397347214084,0.2802044848372995,0.3600915416905599,0.3855427928585977,0.33464713542540686,0.2798100717159955,0.382864450782625,0.3353647051729192,0.28177084404445574
934493,2019,M?,1,0.22400454,0.65780216,0.118193254,0.31745556,0.49071786,0.19182661,0.3280430347454423,0.4191906741852039,0.2527662910693541,0.3384241358556027,0.40271065873048834,0.2588652054139089,0.2974488444947921,0.5209834412497509,0.18156771425545698,0.2278980262708224,0.6103881511361254,0.16171382259305225
934590,2019,M?,1,0.27364776,0.44552767,0.2808246,0.29858214,0.4231029,0.278315,0.31788222755134127,0.36008259069729354,0.322035181751365,0.3249048276535607,0.35799224429338666,0.3171029280530526,0.30778056507580287,0.4462265208405828,0.24599291408361446,0.29828169009312006,0.4805369666739488,0.22118134323293118
934604,2019,M?,1,0.1366376,0.3697291,0.4936333,0.15925363,0.320696,0.5200504,0.21193356989442108,0.296287290208011,0.4917791398975683,0.1973617527303276,0.29071722993340665,0.5119210173362657,0.1358760306579465,0.24512766633717234,0.6189963030048812,0.11809366648481408,0.24475803677080207,0.6371482967443839
934610,2019,M?,1,0.49808902,0.34820127,0.15370977,0.38553357,0.41417837,0.2002881,0.383290385823017,0.3965821941520167,0.22012742002496632,0.3977477464332435,0.39011104117432505,0.21214121239243058,0.3339642037002918,0.40164493097956094,0.26439086532014716,0.3291362056063167,0.40816157705440204,0.2627022173392813
934614,2019,M?,1,0.12821521,0.35303646,0.51874834,0.18036446,0.33900112,0.4806344,0.19712662101833822,0.3455345032646612,0.4573388757170007,0.1854804882265167,0.34724600606879846,0.4672735057046847,0.23397334067896464,0.36332858070669993,0.4026980786143354,0.22162058458903056,0.41221131485677254,0.36616810055419685
934678,2019,M,0,0.42860144,0.3722548,0.19914378,0.38082534,0.35782075,0.26135394,0.4183912201669271,0.3541815386477707,0.22742724118530236,0.40843427852798747,0.36376161718335914,0.22780410428865316,0.3652417097418107,0.34640364239868154,0.2883546478595078,0.43840464972042115,0.3559952056504667,0.20560014462911214
934757,2019,M?,1,0.42099157,0.44499,0.13401848,0.4213555,0.4152029,0.16344166,0.37739062194845685,0.4017280587486465,0.2208813193028971,0.36722944323912654,0.41262749798544873,0.22014305877542423,0.4175318096898109,0.44472273571438886,0.13774545459580023,0.4630652181692483,0.43804811039402314,0.09888667143672855
934804,2019,S+D,2,0.14114471,0.3573208,0.50153446,0.29025844,0.31721175,0.3925298,0.3278906168287774,0.31398167256291193,0.3581277106083108,0.33049104398872664,0.3038184967369201,0.3656904592743529,0.2580503909739556,0.28634936448578513,0.45560024454025916,0.15638681146502212,0.3032284942140146,0.5403846943209634
934830,2019,M?,1,0.45901126,0.39151585,0.14947283,0.46475983,0.34660804,0.18863215,0.42237089466352495,0.37881533207790985,0.19881377325856528,0.4219506445314971,0.3805303637203069,0.19751899174819523,0.45157879996332323,0.3356321975959112,0.2127890024407655,0.4570965398729717,0.3396226048868657,0.20328085524016246
934887,2019,M?,1,0.33144298,0.51236635,0.15619065,0.3303132,0.45789066,0.2117962,0.33159550557970807,0.4088510443200502,0.25955345010024167,0.3418299300932313,0.4157471936684694,0.24242287623829914,0.3232492868317283,0.4674314005498345,0.20931931261843723,0.3185556874959955,0.5027271144828884,0.1787171980211161
935030,2019,M?,1,0.28990123,0.48003253,0.23006628,0.3178602,0.4585348,0.22360499,0.32053007593731053,0.4360863753226957,0.24338354873999413,0.31719907011858234,0.4483341834171158,0.23446674646430105,0.31633441360603254,0.5043558314123003,0.17930975498166712,0.31057106334305934,0.5221455936588877,0.16728334299805298
935188,2019,M,0,0.40808138,0.5266481,0.065270506,0.3563308,0.5596454,0.08402376,0.35559938873289426,0.491945379840055,0.15245523142705147,0.3779625856407858,0.4859759165936429,0.13606149776557064,0.315516842499849,0.6213437367384633,0.06313942076168756,0.36276986696980157,0.6098593390847932,0.02737079394540532
935191,2019,M?,1,0.5945113,0.31200886,0.09347986,0.51878065,0.3678885,0.11333081,0.4787507195897664,0.3484126138418991,0.1728366665683354,0.4742907679056625,0.3507299656346114,0.1749792664597267,0.4808184505829349,0.384247980705269,0.13493356871179601,0.5178940565158506,0.3276497969632351,0.15445614652091433
935238,2019,M?,1,0.36013126,0.36921903,0.27064973,0.35876566,0.35786644,0.28336784,0.37126576829791963,0.35855153879977447,0.27018269290230595,0.3771672073595124,0.3431322088685904,0.2797005837718972,0.3264074331255379,0.38318747564280675,0.29040509123165525,0.3217332985631762,0.3996372171499884,0.2786294842868353
935297,2019,M,0,0.37508312,0.4125344,0.21238245,0.40620235,0.3894226,0.20437501,0.4050712631282431,0.359856148506173,0.23507258836558392,0.39927343770823226,0.3635923628840781,0.23713419940768893,0.414962329043785,0.38958942360166504,0.19544824735454994,0.39110901107933466,0.4084927050160706,0.2003982839045947
935325,2019,M?,1,0.51828057,0.3863104,0.09540908,0.5193449,0.37638694,0.10426812,0.44142908821567794,0.3970270752802024,0.16154383650411963,0.45130077931665624,0.41089409873756066,0.13780512194578315,0.5223590609483304,0.38829076474102125,0.08935017431064833,0.5811400369971759,0.3291376993405525,0.08972226366227153
935406,2019,M?,1,0.2784623,0.6426007,0.07893696,0.3144694,0.57461965,0.11091095,0.3091272911673164,0.5522341207584507,0.13863858807423263,0.29850944539355806,0.5689930257865998,0.13249752881984278,0.39276057074828136,0.4886511327743011,0.11858829647741763,0.3995783441554603,0.48793642350835376,0.11248523233618593
935686,2019,M?,1,0.34968522,0.4883054,0.16200934,0.38243362,0.44644254,0.17112385,0.37602289297583696,0.44590937168236294,0.1780677353417995,0.3763203002326556,0.45349046201930393,0.17018923774804035,0.3939029213126885,0.4316662769385552,0.1744308017487563,0.4175399803216058,0.3913791870179319,0.1910808326604623
935818,2019,M?,1,0.22339392,0.6208597,0.15574645,0.27913085,0.53262734,0.1882418,0.29303009687586706,0.5448332911349563,0.1621366119891766,0.2789759228897899,0.5730458504097882,0.14797822670042185,0.3007554559338103,0.4519507428894499,0.24729380117673982,0.28541306096051733,0.4590838378499781,0.25550310118950453
935853,2019,M?,1,0.5530403,0.3610139,0.0859458,0.5118221,0.37746155,0.11071634,0.4308845506510557,0.39702351836684535,0.17209193098209935,0.4515602413942339,0.389230738828205,0.15920901977756072,0.4477854889107656,0.43794583717830426,0.11426867391093018,0.491162350053808,0.40228756783776964,0.10655008210842232
945871,2019,M?,1,0.2784623,0.6426007,0.07893696,0.3144694,0.57461965,0.11091095,0.3091272911673164,0.5522341207584507,0.13863858807423263,0.29850944539355806,0.5689930257865998,0.13249752881984278,0.39276057074828136,0.4886511327743011,0.11858829647741763,0.3995783441554603,0.48793642350835376,0.11248523233618593
945953,2019,M?,1,0.2343142,0.42777622,0.33790958,0.29236048,0.3441709,0.3634686,0.3303552528572167,0.34602161777545776,0.32362312936732573,0.3278806983841449,0.3290337607239252,0.34308554089192983,0.24838460424940897,0.3305173575033334,0.4210980382472576,0.24222583015871932,0.32662087354478975,0.43115329629649096
945971,2019,M?,1,0.2337847,0.4549458,0.31126955,0.23318055,0.465657,0.30116245,0.2938280988164221,0.43011630176946786,0.2760555994141104,0.289084964197311,0.4365718254636114,0.27434321033907755,0.24082146530664128,0.41643333003190386,0.3427452046614549,0.21815612957370065,0.43472362869662895,0.3471202417296704
945985,2019,S+D,2,0.22433433,0.38662532,0.38904035,0.25498945,0.38617134,0.3588392,0.2665158037521165,0.3743747611082665,0.3591094351396175,0.2711104699478847,0.371089943385532,0.3577995866665833,0.21512274380158725,0.40603540793565446,0.3788418482627583,0.19147219485366285,0.4283536242848714,0.3801741808614657
945991,2019,M?,1,0.31289485,0.53814226,0.14896294,0.35373518,0.4784399,0.16782495,0.32326124459891903,0.4891607582472545,0.1875779971538264,0.3129515072436866,0.5103386003248331,0.17670989243148036,0.40006610874163256,0.43788356433309084,0.16205032692527657,0.40884711910613847,0.43297525426160627,0.15817762663225515
946024,2019,M?,1,0.4331103,0.48519826,0.08169149,0.3821768,0.5184056,0.09941759,0.39564395455833085,0.44802733824739416,0.15632870719427547,0.4041643075337029,0.452873600725704,0.14296209174059235,0.31774304092238226,0.5864255984575235,0.09583136062009417,0.3390638093468556,0.5761612012505772,0.08477498940256711
946111,2019,M?,1,0.12503202,0.2982382,0.57672983,0.15493602,0.2995036,0.5455604,0.17375615262875804,0.3236821025541899,0.502561744817052,0.15813379212321585,0.3241490855032192,0.5177171223735655,0.20822080431614265,0.33043791186611426,0.461341283817743,0.18934715672296865,0.3245348480567147,0.48611799522031657
946232,2019,M?,1,0.32770404,0.3897694,0.28252655,0.29894963,0.31806087,0.38298956,0.36380614678175166,0.3607762062763637,0.2754176469418845,0.3706248055206844,0.36687939573142697,0.26249579874788864,0.22705977387729698,0.30243666610202924,0.4705035600206737,0.24124855244301346,0.31148843438660256,0.4472630131703839
946395,2019,M?,1,0.48052657,0.32478338,0.19469002,0.46095523,0.35140732,0.18763739,0.43471040965616065,0.3559387488155233,0.20935084152831596,0.4493862167329872,0.3471999173634287,0.20341386590358432,0.4657727721824923,0.3795416251809666,0.15468560263654105,0.6996809807617536,0.21493516665498474,0.08538385258326175
946481,2019,M?,1,0.23358189,0.5625393,0.20387885,0.29706043,0.42346004,0.27947947,0.30168517022571434,0.44628305134370005,0.25203177843058555,0.2939974994301176,0.4518558593983792,0.25414664117150376,0.28485845221079575,0.4107332769147891,0.3044082708744152,0.2827111150326872,0.39626445573281577,0.3210244292344971
946489,2019,M?,1,0.36927903,0.5118189,0.11890211,0.40121374,0.46252176,0.13626447,0.36674250583759654,0.48202735718186007,0.15123013698054336,0.3395931079766062,0.5231537726474107,0.13725311937598372,0.43063396434243384,0.44352071802191934,0.12584531763564671,0.44037406723654926,0.44226152534611896,0.11736440741733178
946875,2019,M,0,0.25114563,0.58408463,0.16476975,0.31697747,0.5015692,0.18145333,0.2966450019235914,0.5372351860411878,0.16611981203522086,0.27533848244543924,0.5685731184898943,0.15608839906466657,0.3094495484848489,0.4481900603424745,0.24236039117267658,0.29470426036989433,0.4560749200064528,0.24922081962365294
946884,2019,M?,1,0.28891164,0.46168348,0.24940494,0.3142575,0.40586796,0.2798745,0.32180788165698754,0.43626733761530195,0.24192478072771115,0.33409717672068145,0.42135992652143456,0.2445428967578841,0.2917033231833455,0.37934592636172476,0.32895075045492966,0.2584140755585837,0.4288097533061287,0.3127761711352875
946991,2019,M?,1,0.30484948,0.4204617,0.27468884,0.2843551,0.45963705,0.25600788,0.34701233204905335,0.36624640562631255,0.2867412623246341,0.3466863706432947,0.3691867871828858,0.28412684217381906,0.3522274458674445,0.4244001823928729,0.22337237173968247,0.3475760295790229,0.43781686598228176,0.21460710443869532
947046,2019,M,0,0.416611,0.50058186,0.08280712,0.40229657,0.4944088,0.103294626,0.4489532730679249,0.4107864026514323,0.14026032428064256,0.4625001208398227,0.3945586274340943,0.142941251726083,0.4594155612832411,0.45519016649008076,0.08539427222667809,0.4542264938362266,0.4672407722720243,0.07853273389174913
947116,2019,M?,1,0.37701178,0.44253576,0.18045247,0.34656683,0.41814017,0.23529299,0.3688358744625121,0.4075391745676593,0.2236249509698286,0.3793910013478935,0.40513934454234013,0.21546965410976615,0.3480076462653649,0.4206247352314457,0.2313676185031894,0.3453789488542961,0.439369231271955,0.21525181987374886
947143,2019,M?,1,0.2116768,0.34730104,0.4410222,0.22362344,0.34819362,0.42818293,0.24975316294555677,0.34106191831496335,0.4091849187394802,0.24014476023798587,0.3382627710443693,0.42159246871764544,0.217480026631967,0.33582748143860874,0.4466924919294242,0.18193144572985845,0.3682005602850496,0.4498679939850919
947367,2019,M?,1,0.12712795,0.2160967,0.65677536,0.14653899,0.2651049,0.5883561,0.18614073726644084,0.2673118069626787,0.5465474557708807,0.17736228195360787,0.25823840929385644,0.5643993087525364,0.1660406617691526,0.2877325384846442,0.5462267997462033,0.15877230996802344,0.29158923059215563,0.5496384594398209
948003,2019,M?,1,0.22339392,0.6208597,0.15574645,0.27913085,0.53262734,0.1882418,0.29303009687586706,0.5448332911349563,0.1621366119891766,0.2789759228897899,0.5730458504097882,0.14797822670042185,0.3007554559338103,0.4519507428894499,0.24729380117673982,0.28541306096051733,0.4590838378499781,0.25550310118950453
948129,2019,M?,1,0.3238369,0.39675903,0.2794041,0.30934188,0.3834738,0.30718434,0.33336921041072676,0.3924493264111405,0.2741814631781328,0.3412946120002961,0.38459434040535156,0.27411104759435206,0.2946839527575288,0.36298060178395214,0.3423354454585192,0.30857420151042664,0.3549260770920621,0.3364997213975112
948146,2019,M?,1,0.43879414,0.50531065,0.055895194,0.3705935,0.51884025,0.110566236,0.3752798934310877,0.4745273556666277,0.15019275090228487,0.37407220446134964,0.49656825231889834,0.1293595432197513,0.29853617607380656,0.6204371425218809,0.08102668140431267,0.3260729288452126,0.5907529825768809,0.08317408857790654
948324,2019,M?,1,0.3523223,0.4197017,0.227976,0.35319158,0.40289465,0.24391384,0.39576316405365863,0.3608451672827356,0.24339166866360673,0.40630025231839595,0.3499784642350553,0.24372128344654898,0.3483958190046842,0.4556869270870509,0.19591725390826506,0.2811231946002092,0.5421558085757562,0.17672099682403464
948386,2019,M?,1,0.25379038,0.3286779,0.41753176,0.26521873,0.3606231,0.3741582,0.2886007744663095,0.37078386232620125,0.340615363207489,0.2966634237420724,0.3525267228128208,0.3508098534451068,0.2834950760499698,0.3735309635498603,0.3429739604001698,0.27533271728839387,0.31648057939393176,0.4081867033176745
948418,2019,M?,1,0.37350607,0.3668352,0.25965872,0.32770893,0.3553011,0.31698996,0.3617199716734307,0.32528353937513343,0.3129964889514365,0.36479875427664304,0.3294881555133973,0.30571309020995957,0.2776804554280288,0.36718350687932655,0.3551360376926446,0.268840232540446,0.3413654747677216,0.38979429269183247
948618,2019,M?,1,0.20525125,0.4520428,0.34270597,0.25242215,0.40468165,0.3428962,0.26929727443811846,0.3777764506713498,0.35292627489053124,0.25322102568945404,0.399140241144663,0.3476387331658826,0.2934165345133061,0.4558823484016933,0.2507011170850007,0.2747271153687922,0.48301673263785494,0.24225615199335285
948643,2019,M?,1,0.30211464,0.5326001,0.16528526,0.2878217,0.5013328,0.21084543,0.337478050703162,0.44005764819724086,0.22246430109959706,0.34132109468037747,0.4349630536371371,0.22371585168248512,0.3112961478032235,0.4471106026140865,0.24159324958269007,0.2715057882379933,0.4662822491837383,0.26221196257826834
948782,2019,M?,1,0.32514927,0.5153421,0.15950862,0.31128022,0.48551053,0.2032092,0.33671620241491557,0.4837354898848056,0.1795483077002788,0.3205530028688135,0.4899056050565288,0.1895413920746576,0.3455972031287002,0.42957550234348096,0.22482729452781888,0.34920182561700047,0.42782791661798075,0.22297025776501875
948858,2019,M?,1,0.36944106,0.45773754,0.17282145,0.4001721,0.33923772,0.2605901,0.40321430723429313,0.37280572106848264,0.22397997169722433,0.3929123524315732,0.38017964885102634,0.22690799871740075,0.3675519498340989,0.3588508024564444,0.2735972477094568,0.3656997293796015,0.3650074333521436,0.26929283726825487
948887,2019,M?,1,0.30504897,0.46793756,0.22701345,0.3060856,0.4558807,0.23803367,0.3283348484526286,0.4378064480039092,0.233858703543462,0.3259980877200459,0.44390138819062996,0.23010052408932358,0.3027304224999488,0.48286590979419686,0.2144036677058542,0.2991397698734397,0.497374091860426,0.20348613826613426
970136,2019,M?,1,0.37665057,0.46067926,0.16267021,0.43972507,0.3667107,0.19356427,0.3951200320985656,0.3795959694353417,0.2252839984660926,0.4068530492649433,0.382301020346802,0.21084593038825447,0.4101170892991616,0.35925919169925125,0.23062371900158715,0.43489635843538355,0.29360417982202264,0.27149946174259393
949170,2019,M?,1,0.35151395,0.4384479,0.21003811,0.3423364,0.3896329,0.26803064,0.3389539479601745,0.42375453434395216,0.237291517695874,0.33668927737531446,0.42326597629843105,0.2400447463262543,0.3045078500194778,0.34015599132913527,0.355336158651387,0.3106002063751257,0.30841792190181816,0.38098187172305625
949196,2019,M?,1,0.25373435,0.47324333,0.27302235,0.22739448,0.5598739,0.21273166,0.2520033307149057,0.4329442273376284,0.3150524419474663,0.2542428933191091,0.413760692748125,0.3319964139327663,0.21078681032060176,0.6093104912453254,0.17990269843407283,0.16641305369389392,0.6619803184838726,0.1716066278222335
949200,2019,M?,1,0.31079942,0.5026741,0.1865265,0.29596385,0.50950086,0.19453526,0.328471903455929,0.4448323246805268,0.22669577186354434,0.3301324654004283,0.44552659593090366,0.22434093866866772,0.27403944841106664,0.5506535210715319,0.17530703051740146,0.27150379660982604,0.5733884003554395,0.15510780303473437
949243,2019,M?,1,0.14421158,0.27960357,0.57618487,0.16454962,0.36370635,0.47174403,0.21434734094616564,0.3166933921340405,0.46895926691979417,0.219095136268975,0.31678496873388107,0.46411989499714423,0.20240656509483035,0.31972244986264153,0.4778709850425282,0.19750889354518633,0.2941344778820703,0.5083566285727433
949251,2019,M?,1,0.30878913,0.12498098,0.5662298,0.31396315,0.17809308,0.5079438,0.28032713104940477,0.2000864107898482,0.5195864581607468,0.266761856203467,0.19716321403340917,0.5360749297631243,0.4241923139374691,0.2290823007693202,0.3467253852932106,0.38362670507809354,0.234656053350542,0.38171724157136455
959460,2019,M?,1,0.25114563,0.58408463,0.16476975,0.31697747,0.5015692,0.18145333,0.2966450019235914,0.5372351860411878,0.16611981203522086,0.27533848244543924,0.5685731184898943,0.15608839906466657,0.3094495484848489,0.4481900603424745,0.24236039117267658,0.29470426036989433,0.4560749200064528,0.24922081962365294
969641,2019,M?,1,0.3799359,0.45231998,0.16774414,0.38607794,0.41874138,0.19518073,0.3910891434815445,0.41347878182034403,0.19543207469811155,0.3913425089956335,0.4148015741226252,0.19385591688174103,0.3838195363467216,0.404613395555727,0.2115670680975514,0.40381378508921234,0.36493412484769916,0.2312520900630885
969734,2019,M?,1,0.24979278,0.3254074,0.42479977,0.20907028,0.36070737,0.4302223,0.20868048171659814,0.3456845929709608,0.4456349253124413,0.20345420758838048,0.348908711807041,0.44763708060457885,0.256368726762676,0.3866419783180532,0.3569892949192707,0.25620939605118115,0.3246611520275139,0.4191294519213049
969866,2019,M,0,0.53691363,0.271572,0.19151437,0.42423832,0.27434123,0.3014204,0.40472803030369503,0.3721699353832647,0.2231020343130408,0.4207356151209664,0.3352604063532864,0.24400397852574693,0.3247462580942926,0.38695866741821605,0.2882950744874914,0.31714123781486253,0.34262863762324236,0.34023012456189516
969929,2019,M?,1,0.30140126,0.49965847,0.19894032,0.30117145,0.46324894,0.23557964,0.3368444539023468,0.4534947961537178,0.20966074994393488,0.3323023937747964,0.4507531413826371,0.21694446484256577,0.31473178274085023,0.45859486112091224,0.22667335613823747,0.31444333669605967,0.4668840544276902,0.21867260887625029
969978,2019,M?,1,0.44982162,0.41658688,0.13359149,0.37509078,0.44776142,0.17714785,0.394859473384812,0.3939946081525572,0.21114591846263067,0.39707764617283703,0.40886868282926775,0.19405367099789497,0.3706471164768018,0.474122371706514,0.155230511816684,0.3857215903576052,0.4751226669859921,0.1391557426564027
970036,2019,M?,1,0.32606307,0.5213292,0.15260777,0.287157,0.5082688,0.20457421,0.3154206854380643,0.47835265430460994,0.20622666025732556,0.3528777538398765,0.46806451608203625,0.17905773007808673,0.29634840482276603,0.49847237441762726,0.20517922075960668,0.37938990996321875,0.4585797974640823,0.16203029257269905
970167,2019,M?,1,0.18212308,0.34523666,0.4726403,0.16714144,0.34007898,0.49277955,0.21752458403896335,0.3264034713174127,0.45607194464362383,0.21690764546848587,0.3032025554953605,0.47988979903615386,0.12682861620968222,0.28360429753190386,0.5895670862584139,0.11506252990506538,0.2619440711427805,0.6229933989521542
970174,2019,M?,1,0.29793054,0.52316564,0.1789038,0.29385903,0.496926,0.20921491,0.31145322031474554,0.40256599598865495,0.28598078369659974,0.3056646370338081,0.44369996500669784,0.2506353979594938,0.29131169656440836,0.48859424271285096,0.2200940607227406,0.2664177989925901,0.5235359818487558,0.21004621915865407
970211,2019,M?,1,0.26554477,0.253571,0.48088422,0.3118936,0.26256138,0.425545,0.30086705498817207,0.23075512910806353,0.4683778159037648,0.2905878883165992,0.24398334516943743,0.46542876651396353,0.33033480003613647,0.22593764528198917,0.4437275546818744,0.3103324001474596,0.22278107828623298,0.46688652156630756
970287,2019,M?,1,0.30910668,0.58236784,0.108525455,0.24631724,0.5693923,0.18429047,0.31828562917717335,0.44089957011610975,0.24081480070671707,0.31660999537796114,0.4338742715645131,0.2495157330575256,0.1838612619651432,0.5768264535180895,0.23931228451676728,0.16772230115391992,0.6013825831430379,0.2308951157030422
970358,2019,S+D,2,0.30036202,0.3323027,0.36733535,0.22332832,0.2915298,0.4851419,0.26920859514311196,0.29084200820543565,0.43994939665145233,0.2636800006357288,0.2944481530697141,0.44187184629455717,0.15326522492453876,0.24897576104444274,0.5977590140310185,0.18945851911067393,0.27562007070547984,0.5349214101838462
970408,2019,M?,1,0.40544555,0.41534555,0.17920889,0.41036335,0.42332986,0.1663068,0.396815420261541,0.3704655366534288,0.23271904308503036,0.4055737648896238,0.37451816092540874,0.2199080741849668,0.4188460772747288,0.41790984939179504,0.1632440733334761,0.3940082186720145,0.4487163878456051,0.15727539348238054
970415,2019,M?,1,0.19986777,0.39096528,0.409167,0.18622762,0.41173324,0.40203914,0.23882639444304277,0.3603368013395964,0.40083680421736106,0.23687648233664033,0.35663580478750245,0.40648771287585717,0.1819329768377335,0.4836964096412684,0.334370613520998,0.18332058960613254,0.4884375146843382,0.3282418957095293
970457,2019,M?,1,0.49026632,0.4088289,0.10090472,0.42951378,0.4279714,0.14251485,0.4252414545871456,0.39981618159446736,0.17494236381838665,0.4511760156113827,0.3787208917594622,0.1701030926291547,0.44235841186014035,0.46553523963954174,0.09210634850031782,0.4800524027777225,0.4179586602168258,0.10198893700545172
970767,2019,M?,1,0.42357787,0.38265622,0.19376592,0.4225486,0.43176764,0.1456837,0.41421333886954353,0.3866270018654526,0.19915965926500376,0.4166609702643836,0.3625644128497138,0.2207746168859026,0.4953244765265299,0.4149128658066582,0.08976265766681205,0.5169165456617042,0.4016830181790271,0.0814004361592687
970772,2019,M?,1,0.43885902,0.50218236,0.058958605,0.46307755,0.44282696,0.09409548,0.47869013529707616,0.3975553961536813,0.12375446854924287,0.4721982168880727,0.4037156128850718,0.12408617022685543,0.432614363645696,0.4641770392660354,0.10320859708826846,0.44004663735636546,0.4685866261297715,0.09136673651386289
970781,2019,M,0,0.31246662,0.36877832,0.31875506,0.3209252,0.37649208,0.30258268,0.3365357023634337,0.3475824816753622,0.3158818159612041,0.3370255146849923,0.3444767081906885,0.31849777712431865,0.36957510797431187,0.4027256970167987,0.22769919500888938,0.3749442842348366,0.40405553166319214,0.22100018410197134
970785,2019,M?,1,0.25539425,0.4731038,0.27150196,0.24599527,0.45090923,0.3030955,0.2812645022748796,0.4027687108575112,0.3159667868676092,0.2749550089248066,0.40697859446112916,0.31806639661406405,0.25001862311252565,0.40837189206541374,0.3416094848220607,0.2436862202239128,0.4004138250091949,0.35589995476689223
971021,2019,M?,1,0.2363351,0.5385932,0.22507176,0.23322535,0.4634837,0.30329102,0.31918070884887734,0.4283831098844538,0.2524361812666686,0.3006798512124873,0.434282606028612,0.26503754275890096,0.25675076322542423,0.40618085217136124,0.33706838460321464,0.25565635450168794,0.378049457477929,0.3662941880203831
972426,2019,M?,1,0.30754903,0.51265806,0.17979291,0.3321213,0.4886023,0.1792763,0.31580379826661015,0.42866681689157143,0.25552938484181853,0.3213242805472581,0.4202593936281068,0.25841632582463453,0.3123755486170033,0.5180983149128626,0.16952613647013412,0.3310515464135354,0.47648881123731146,0.1924596423491531
970491,2019,M,0,0.4378949,0.4424852,0.119619936,0.4129064,0.4225871,0.16450652,0.3523061840626479,0.42242525865599617,0.22526855728135597,0.3617215613596149,0.4342234168114476,0.20405502182893792,0.3853180837017569,0.4766811699084433,0.13800074638979967,0.335166511970546,0.5354136479194799,0.1294198401099741
970528,2019,M?,1,0.31637278,0.5877193,0.095907874,0.32103986,0.55787843,0.12108172,0.34735593529110226,0.48308357293791404,0.16956049177098406,0.3373216638974462,0.5012571899980789,0.16142114610447514,0.3544370137880359,0.48043601799024516,0.1651269682217189,0.25262944783739694,0.689667127579911,0.05770342458269208
970646,2019,M?,1,0.4689283,0.39774445,0.13332722,0.45959768,0.3741647,0.16623758,0.4590051975812855,0.36969228996342435,0.17130251245528977,0.4595587696680262,0.3711379603442454,0.16930326998772854,0.4751778876416946,0.3975147493419039,0.12730736301640136,0.4643898930923541,0.41573230577272496,0.1198778011349209
970652,2019,M?,1,0.45581183,0.4113451,0.13284309,0.45138747,0.3991531,0.14945944,0.41675739128948014,0.41257702528106077,0.17066558342945884,0.41938765459676725,0.42815666076468384,0.15245568463854778,0.45398050256340594,0.4032914879607564,0.14272800947583772,0.46080206351468495,0.40685766915755994,0.1323402673277551
970673,2019,M?,1,0.42518,0.47530857,0.09951138,0.42411205,0.45573744,0.120150425,0.40953353349493204,0.41890108119297986,0.1715653853120883,0.4202435927608674,0.4106959300131001,0.16906047722603185,0.4251846299057451,0.4899118708050875,0.08490349928916728,0.4024229076627437,0.5307792682336289,0.06679782410362758
970676,2019,M,0,0.25993183,0.5981583,0.14190985,0.27164996,0.5368535,0.19149655,0.3279181215496903,0.5179023957726899,0.15417948267761997,0.3147440932335635,0.5348384987749703,0.15041740799146638,0.27273666085782994,0.4852504150389687,0.24201292410320144,0.25090777859648394,0.4976145615201507,0.2514776598833653
970759,2019,S+D,2,0.21882704,0.40554193,0.37563106,0.24032709,0.4154366,0.34423634,0.2921171290290198,0.36207998819706666,0.34580288277391336,0.286363202998518,0.3469687129708641,0.3666680840306178,0.26331582506970164,0.4066611791190836,0.33002299581121464,0.23221519266261312,0.40987822215127434,0.35790658518611246
970763,2019,M?,1,0.29882488,0.45834565,0.2428295,0.40610945,0.4319689,0.16192165,0.3953905608321883,0.36039223921924113,0.24421719994857047,0.39176761869367466,0.3493778232506121,0.25885455805571345,0.47962809227781067,0.39576521183554236,0.124606695886647,0.4483232430674254,0.427757483183556,0.12391927374901866
970830,2019,M,0,0.50381,0.36034364,0.13584638,0.42002,0.32192498,0.258055,0.42121044445672856,0.35075514222978366,0.22803441331348814,0.4083698496360193,0.3450249299126703,0.24660522045131003,0.3238092417328741,0.36789391147254263,0.3082968467945833,0.3349403416618544,0.38931683455177457,0.275742823786371
970845,2019,M?,1,0.32855958,0.38963965,0.28180075,0.3295728,0.3754945,0.29493272,0.37605803443086583,0.32273529376737864,0.3012066718017555,0.3720125327880264,0.32002600599345504,0.30796146121851853,0.35721471175731556,0.39914189658524474,0.2436433916574396,0.594454844852181,0.24984846088743282,0.15569669426038624
971050,2019,M?,1,0.34424317,0.53325176,0.122505106,0.38136086,0.47209385,0.1465453,0.3588860967413687,0.48700017279756797,0.1541137304610632,0.3526518156601988,0.5041936466013296,0.14315453773847187,0.41763639148336223,0.44593269523290924,0.13643091328372864,0.42991984900407076,0.43903667546016717,0.13104347553576198
971051,2019,M?,1,0.39579332,0.30990353,0.29430315,0.38280094,0.32963598,0.28756306,0.40761497242018907,0.3133313476917584,0.2790536798880524,0.4091050950161989,0.3081000684376048,0.2827948365461965,0.3830350280845944,0.36697846333109163,0.2499865085843139,0.3849365539553781,0.36075296819104335,0.25431047785357846
971063,2019,M?,1,0.35455662,0.39077845,0.25466493,0.40922827,0.35182726,0.23894455,0.38559172392947244,0.3842109142089177,0.2301973618616099,0.37670958132664717,0.3957151190330858,0.22757529964026701,0.35153816371522173,0.3897140756342369,0.2587477606505414,0.3489338022252388,0.41182001890165665,0.23924617887310454
971123,2019,M?,1,0.2631337,0.44131008,0.29555622,0.24344498,0.45315427,0.30340078,0.2778398846943148,0.39619790190261645,0.32596221340306913,0.2785024042766844,0.39538445113985715,0.3261131445834586,0.24647426372824,0.41249488613814667,0.3410308501336132,0.22893263064996924,0.42064912684676264,0.3504182425032681
971126,2019,M?,1,0.28948343,0.3595442,0.35097238,0.29791114,0.40442458,0.29766428,0.33235210143141986,0.4004508504109928,0.26719704815758727,0.32196932070385054,0.41960154231802255,0.25842913697812653,0.31205300606157843,0.3985973869822767,0.2893496069561449,0.3801701164968838,0.3965100556492135,0.22331982785390278
971157,2019,M?,1,0.37538806,0.5339066,0.09070536,0.43119216,0.4653828,0.10342503,0.3670208374651518,0.46766654136169583,0.1653126211731525,0.3684312367037147,0.4769941845761318,0.15457457872015368,0.42148638770125063,0.48797284438757765,0.09054076791117174,0.4291925049228268,0.48500689761242,0.08580059746475314
971159,2019,M?,1,0.4607478,0.34362778,0.19562443,0.3975517,0.3723949,0.23005341,0.38298740302709683,0.39454182572694685,0.22247077124595654,0.36596602475292955,0.41683717660048286,0.21719679864658747,0.41551760122306886,0.40792446827102125,0.17655793050590987,0.49204839658492017,0.3431289509251513,0.1648226524899285
971206,2019,M?,1,0.16717143,0.51287264,0.31995597,0.17563915,0.46091434,0.36344653,0.24735644013580244,0.37794083235107234,0.3747027275131248,0.24543027604337095,0.39305086718547677,0.361518856771152,0.15841467613651922,0.3220176546989325,0.5195676691645482,0.14439370848689423,0.31643533771189775,0.539170953801208
971259,2019,M?,1,0.29320833,0.3794477,0.32734397,0.29762203,0.3608533,0.3415247,0.34639641138850097,0.38157238718265757,0.27203120142884135,0.34811328023713173,0.3843231999001031,0.26756351986276516,0.2747091865941917,0.36134826754525684,0.36394254586055147,0.25302998934528415,0.36017103385640786,0.386798976798308
971260,2019,M?,1,0.2805877,0.40559497,0.31381732,0.28949878,0.3958053,0.31469592,0.3313918690386322,0.39185429189410514,0.2767538390672631,0.3406342288308445,0.4009885368765428,0.2583772342926132,0.300844262012286,0.36220443232510696,0.336951305662607,0.30699923865270884,0.35988382810804953,0.33311693323924174
971337,2019,M?,1,0.38242626,0.4020246,0.21554911,0.35388875,0.39869863,0.24741262,0.3686594140779894,0.39065871671714353,0.24068186920486773,0.36768456019418116,0.3910962892662094,0.24121915053960893,0.37768762271952816,0.421873463470054,0.20043891381041773,0.4009780424502968,0.4124691515331008,0.1865528060166024
971399,2019,M?,1,0.21722226,0.31587258,0.46690518,0.20943114,0.27226034,0.5183085,0.1991060103418039,0.31259944659063565,0.48829454306756076,0.18228206144741022,0.31116058659066753,0.5065573519619219,0.2303653386176494,0.2580702819820755,0.5115643794002751,0.23066784262151244,0.214361772882789,0.5549703844956985
971418,2019,M?,1,0.12543647,0.43391514,0.44064838,0.15610877,0.45402458,0.3898667,0.21789838613162513,0.3619812683725436,0.4201203454958316,0.20894178831569465,0.3599248429406751,0.43113336874363045,0.14195658945632184,0.36630832855660556,0.4917350819870726,0.1266190766517752,0.37437546701804053,0.49900545633018417
971430,2019,M?,1,0.14481352,0.39900655,0.45617995,0.1889324,0.3959047,0.41516295,0.22489586920230492,0.3600515820565563,0.4150525487411393,0.22089909169553482,0.37312832751600294,0.4059725807884619,0.24234252511014637,0.3723053903987458,0.38535208449110786,0.23640095893127355,0.3896612882237681,0.3739377528449583
971470,2019,M?,1,0.27187178,0.34103945,0.38708875,0.25518426,0.3441621,0.40065366,0.342468792772014,0.32523111892272377,0.3323000883052623,0.32988882472380543,0.32703454825574246,0.34307662702045183,0.3253643017482244,0.35290288896162164,0.32173280929015396,0.33683997293697676,0.323743136616498,0.3394168904465253
971567,2019,M?,1,0.2992033,0.38690376,0.31389293,0.3197597,0.37875903,0.30148128,0.32989074386754974,0.37902428002982186,0.29108497610262796,0.3170321399685237,0.3884590694232247,0.2945087906082517,0.2742342758716047,0.39064486348652294,0.33512086064187235,0.2603623886027921,0.4012702627620614,0.3383673486351464
971623,2019,M?,1,0.21353365,0.39194903,0.3945173,0.22551078,0.41384327,0.36064595,0.2914783800903067,0.3890819506514264,0.3194396692582675,0.2781913952422929,0.38232460460673884,0.33948400015096764,0.24587566002057068,0.40071274099364224,0.35341159898578695,0.1823955970114126,0.4267319925753848,0.39087241041320253
971686,2019,M?,1,0.28490525,0.5246299,0.19046484,0.2839029,0.51109153,0.20500554,0.33864612614520895,0.45368558041026613,0.20766829344452545,0.32479188640679957,0.4655670770285494,0.20964103656465113,0.2622434753276084,0.5675168372820252,0.17023968739036646,0.2631379453660094,0.5726543556367152,0.1642076989972754
971703,2019,M?,1,0.46208698,0.41898572,0.11892734,0.48833847,0.39993003,0.111731544,0.44467216404875254,0.39119821222406387,0.16412962372718362,0.451590861839241,0.38035603331705525,0.16805310484370334,0.47664213147871504,0.4541136047867174,0.06924426373456766,0.4694587581941616,0.4637374617916268,0.06680378001421151
971741,2019,M?,1,0.27636915,0.30558187,0.41804892,0.29311034,0.3090903,0.39779937,0.30543633067101517,0.33805217220691325,0.3565114971220713,0.3109918210932965,0.3336530174613471,0.3553551614453567,0.2667488525609745,0.33782028726399826,0.39543086017502727,0.25522161647216574,0.3262717241553419,0.4185066593724923
971754,2019,M?,1,0.38356087,0.4868707,0.12956843,0.3362699,0.5134469,0.15028319,0.3513869676543973,0.4816774439198252,0.16693558842577796,0.36497857208361895,0.47857067651191554,0.15645075140446513,0.2799209120573504,0.5863515481030318,0.1337275398396177,0.2792211861980565,0.5908610509418224,0.12991776286012102
971758,2019,M?,1,0.3470818,0.41396236,0.23895581,0.34118795,0.40734997,0.25146207,0.3453029720853526,0.4173322707593986,0.2373647571552488,0.35518081618790537,0.40746480868832663,0.23735437512376772,0.3251026051479432,0.41402562419072886,0.26087177066132783,0.34919676210743916,0.375312054144925,0.2754911837476357
971817,2019,M?,1,0.3199194,0.5310695,0.14901114,0.35805428,0.46596724,0.17597844,0.34112463519873415,0.4777565837192515,0.18111878108201443,0.34042665125259974,0.4871858531142045,0.172387495633196,0.39604458411417404,0.433142787969606,0.17081262791622004,0.40748666545788803,0.422185227422337,0.17032810711977506
971913,2019,M?,1,0.48972225,0.3637732,0.14650455,0.40263525,0.33802593,0.2593388,0.42726007199280186,0.3586680705791865,0.21407185742801155,0.43715245206977477,0.36634478610298155,0.19650276182724355,0.3723690531002294,0.2984145392929164,0.3292164076068541,0.4026280051975811,0.2501346034600121,0.3472373913424069
971982,2019,M?,1,0.20573151,0.430063,0.3642055,0.21933365,0.43977925,0.34088704,0.251099744207311,0.38816095071527856,0.36073930507741053,0.24272403559967823,0.36984967585685274,0.38742628854346883,0.20747122853745686,0.43254915918376474,0.35997961227877834,0.2056380050477402,0.4407184520473635,0.3536435429048964
972017,2019,M?,1,0.34424317,0.53325176,0.122505106,0.38136086,0.47209385,0.1465453,0.3588860967413687,0.48700017279756797,0.1541137304610632,0.3526518156601988,0.5041936466013296,0.14315453773847187,0.41763639148336223,0.44593269523290924,0.13643091328372864,0.42991984900407076,0.43903667546016717,0.13104347553576198
972082,2019,M?,1,0.21740173,0.32021022,0.462388,0.23565973,0.33234045,0.43199977,0.31499020482980916,0.35389098644854694,0.33111880872164395,0.3047446898289297,0.3314190161148231,0.3638362940562472,0.24869315351271004,0.3476690853953982,0.4036377610918918,0.2353473387708382,0.3378801273991529,0.42677253383000885
972098,2019,M?,1,0.18537834,0.45840842,0.35621327,0.22211999,0.432745,0.345135,0.27759235805559,0.3823280272467313,0.34007961469767867,0.275426383415632,0.3888891804721665,0.33568443611220106,0.30291441675153435,0.46302454145909117,0.23406104178937442,0.29563073202529916,0.48176139145035785,0.22260787652434294
972205,2019,M?,1,0.3700369,0.47470972,0.15525337,0.38591605,0.41533914,0.19874482,0.35970378401714204,0.38393461739805473,0.2563615985848033,0.35417981262434567,0.3972257499082794,0.2485944374673743,0.35810436541622415,0.43871582259788,0.2031798119858958,0.3822459484400518,0.43139067966853056,0.18636337189141766
972284,2019,M?,1,0.40143037,0.225176,0.3733936,0.3770937,0.21918873,0.40371764,0.38838525639315463,0.21091119651077703,0.4007035470960684,0.3634497342628816,0.23474156276507321,0.401808702972046,0.3325619959118511,0.25114316078774945,0.4162948433003994,0.3311918632469293,0.283159324130927,0.38564881262214384
972373,2019,M?,1,0.48888245,0.32192308,0.18919446,0.4955298,0.2896964,0.21477386,0.43825316546102316,0.3505705002913563,0.21117633424762064,0.44323113554072785,0.35306106401121945,0.2037078004480522,0.45314584488696025,0.3130724291398393,0.23378172597320035,0.4731817390707265,0.27991182982264007,0.2469064311066335
972392,2019,M?,1,0.40189764,0.41855797,0.17954439,0.39934078,0.4361253,0.16453385,0.34660067658932503,0.3641396913995404,0.2892596320111351,0.3429503464137519,0.334785948732786,0.32226370485346206,0.34394300375400255,0.3604594447432046,0.29559755150279277,0.3084093180840936,0.35203899064697447,0.33955169126893203
972404,2019,M?,1,0.28344464,0.39860153,0.31795382,0.24753755,0.41037923,0.34208322,0.2826990849137724,0.3673626072859239,0.34993830780030366,0.27002902788430777,0.36857340716738385,0.36139756494830844,0.21623100875445955,0.37330614579081156,0.4104628454547288,0.21522268739373382,0.3922316100314854,0.3925457025747808
972430,2019,M?,1,0.35899156,0.41838852,0.22261995,0.3025232,0.4677519,0.22972493,0.36474144453417073,0.39806960361472904,0.23718895185110073,0.337855178522098,0.42222595004441144,0.23991887143349008,0.3169007939969291,0.41289217447603166,0.2702070315270393,0.28481024499045754,0.4336371022853951,0.2815526527241473
972445,2019,M?,1,0.42902577,0.4334382,0.13753599,0.4280927,0.4142165,0.15769084,0.394134039608831,0.4234813814673191,0.18238457892384988,0.39449368419726555,0.42263700376073027,0.18286931204200446,0.39677345113706053,0.41967166784358567,0.18355488101935366,0.4182457997857196,0.4051448426393562,0.17660935757492432
972478,2019,M?,1,0.33817318,0.48924944,0.17257737,0.3649244,0.4394446,0.19563104,0.35963445404773836,0.41717927649029646,0.22318626946196554,0.35795333958562237,0.4282055330407927,0.21384112737358435,0.36890266984974374,0.4148124150723278,0.21628491507792835,0.35571819886639267,0.42962284165472747,0.21465895947887978
972480,2019,M?,1,0.34515238,0.34923127,0.30561635,0.36076853,0.34370273,0.29552874,0.3377844331174419,0.3606536973499598,0.3015618695325987,0.3509539657050826,0.35549677539816016,0.2935492588967571,0.38399161656634134,0.3385677049803985,0.27744067845326015,0.37709689021612014,0.34814698792550314,0.2747561218583767
972488,2019,M?,1,0.42339134,0.31579977,0.26080886,0.36169308,0.335876,0.30243093,0.37379599708842715,0.3375478409666647,0.2886561619449082,0.373072825707566,0.35546284962255265,0.2714643246698811,0.3630825074234852,0.3795424772066601,0.2573750153698548,0.3602664125029987,0.40104083547827174,0.23869275201872955
972501,2019,M?,1,0.44324535,0.41572195,0.14103274,0.48549822,0.37239715,0.14210461,0.41157479570904304,0.39361749910763105,0.1948077051833255,0.40812206145258406,0.39585835205971426,0.1960195864877019,0.5330563148086003,0.3571718270716361,0.10977185811976367,0.6427025683204854,0.2549504867838331,0.10234694489568144
972538,2019,M?,1,0.41994506,0.47419167,0.10586326,0.4660906,0.4226433,0.111266084,0.4299360365581411,0.42540418449700645,0.14465977894485252,0.4395851896253384,0.419629129576633,0.14078568079802845,0.4871570520464553,0.41252208526045603,0.10032086269308864,0.5434422946002646,0.35435253284549095,0.10220517255424438
972600,2019,M?,1,0.40797204,0.4803653,0.1116626,0.41618744,0.44300884,0.14080368,0.40179613658837876,0.41255200145172727,0.1856518619598942,0.40092358596891176,0.42071743612228957,0.17835897790879884,0.4494311774207022,0.3950046065957929,0.15556421598350498,0.400793738895936,0.4522272710747967,0.14697899002926737
972617,2019,M?,1,0.34210348,0.3617334,0.2961631,0.3615519,0.32357743,0.31487066,0.35625936207834574,0.373874069010262,0.2698665689113925,0.37390291108670115,0.361432672834542,0.2646644160787568,0.39124833797894604,0.3292595659731388,0.2794920960479152,0.39460610335111784,0.32262852543363274,0.28276537121524936
972702,2019,M?,1,0.17196982,0.52466303,0.30336714,0.21181624,0.47347164,0.31471214,0.24490066267828206,0.4194442454869066,0.3356550918348117,0.24861388983894575,0.4135771193385771,0.3378089908224768,0.21304258454444833,0.5112189625209758,0.27573845293457583,0.20119578717475975,0.5343385027076677,0.26446571011757253
972712,2019,M?,1,0.21145779,0.4256627,0.36287957,0.18155612,0.4199026,0.39854133,0.25809603066130904,0.3991244860052448,0.3427794833334458,0.27491885833610796,0.38209984210442044,0.3429812995594714,0.17101876818111555,0.4417392924677114,0.3872419393511731,0.22485946750724908,0.43891779493853283,0.336222737554218
972714,2019,M?,1,0.28653377,0.37181526,0.341651,0.30230254,0.3470692,0.3506283,0.3236313917727665,0.35684746112005344,0.3195211471071801,0.32179028883003086,0.3441032843099233,0.33410642686004544,0.34531458239878376,0.34627935222437034,0.3084060653768458,0.33703325052684346,0.3573156390975496,0.305651110375607
974522,2020,M?,1,0.46108687,0.34747055,0.19144256,0.4578539,0.3225864,0.21955974,0.4234482444157032,0.3607130367629685,0.2158387188213291,0.4013729807500564,0.38315040885914586,0.2154766103907975,0.454051210258216,0.31704377691377056,0.22890501282801345,0.44679663834289096,0.334722476204271,0.218480885452838
975345,2019,M?,1,0.31633064,0.4808274,0.20284194,0.25655022,0.560746,0.1827038,0.32930484724110054,0.44496428904860275,0.22573086371029685,0.34413595907775507,0.4280559008987175,0.22780814002352737,0.2788614446529776,0.5609610931271838,0.16017746221983853,0.18713837725494267,0.6825251823409553,0.13033644040410206
972722,2019,M?,1,0.41730964,0.3562066,0.22648376,0.38134614,0.33360526,0.28504857,0.3598677808225897,0.3356361757080509,0.30449604346935966,0.366501060650906,0.3369773614123174,0.29652157793677647,0.3665102743438918,0.3398987715787485,0.29359095407735974,0.38415423010217115,0.3612225712218514,0.25462319867597744
972775,2019,M?,1,0.28584433,0.40398547,0.31017026,0.30447936,0.37348512,0.32203555,0.3494336982620293,0.35869850540770565,0.291867796330265,0.3412095563390543,0.3604708081567907,0.29831963550415475,0.27325946044951605,0.31279946241049444,0.41394107713998946,0.27387290933629216,0.3287876139770777,0.3973394766866301
972810,2019,M?,1,0.4459374,0.4536711,0.10039156,0.41305047,0.45768774,0.12926184,0.37696676318055927,0.4528828305492942,0.17015040627014694,0.38944225018358564,0.43889551537531996,0.17166223444109463,0.40078371661392515,0.4806296193390546,0.11858666404702026,0.3980773354257043,0.49616134846150695,0.1057613161127887
973031,2020,M?,1,0.39110655,0.44233206,0.1665614,0.33320773,0.44069424,0.22609803,0.36743954555264474,0.4146714479123995,0.21788900653495583,0.3765465236816406,0.41637897069099145,0.20707450562736798,0.2886825505144639,0.4630338578686607,0.24828359161687538,0.2938915003041,0.4806164796497097,0.2254920200461903
973073,2019,M?,1,0.21520834,0.37534496,0.40944675,0.24239518,0.38292363,0.37468117,0.2824313676425516,0.35540019906082926,0.362168433296619,0.27029249724618526,0.3628011476463342,0.36690635510748065,0.2569641746083907,0.3943252825588156,0.34871054283279374,0.22359542818130812,0.41874550517912745,0.35765906663956437
973096,2019,M?,1,0.2127135,0.34389022,0.44339624,0.23255563,0.3461453,0.42129904,0.2580808767582812,0.3345848136214399,0.4073343096202794,0.2537098175082586,0.332600333866639,0.41368984862510244,0.20749175003704726,0.33896897966829787,0.4535392702946549,0.19363623879960976,0.32631590464701765,0.48004785655337245
973345,2019,M?,1,0.3671505,0.36958435,0.26326522,0.34795603,0.28358972,0.36845425,0.3790396440909763,0.32095675665065,0.300003599258374,0.36439862167166864,0.3091699705989376,0.32643140772939355,0.2808427692690516,0.3061730557841045,0.41298417494684386,0.26399531667302206,0.3268265986108319,0.4091780847161461
973369,2019,M?,1,0.2812259,0.49228647,0.22648767,0.29134187,0.44885385,0.2598043,0.3579206089490964,0.36100079898224835,0.2810785920686555,0.37337504184375514,0.37156039801693325,0.25506456013931195,0.33821706911756527,0.42003284931695906,0.2417500815654757,0.3354486558728828,0.46773084591895564,0.1968204982081616
973386,2019,M?,1,0.25363216,0.42579135,0.32057646,0.2991974,0.36484632,0.33595622,0.2949470108518256,0.3716100717665402,0.3334429173816346,0.29463240612057434,0.3780790582237443,0.32728853565568145,0.3490232542821971,0.35115001684144825,0.29982672887635464,0.3726419380201658,0.3011708320251994,0.3261872299546348
973422,2019,M?,1,0.4724015,0.37334743,0.1542511,0.4465104,0.35676488,0.1967247,0.38163189345154613,0.4087742123513717,0.2095938941970826,0.3737284273258307,0.40948734738776393,0.2167842252864052,0.420352197468662,0.3745125450243651,0.20513525750697298,0.4498838766072265,0.3375266578093539,0.21258946558341954
973563,2019,M?,1,0.4188246,0.4487761,0.13239925,0.43528533,0.43196335,0.13275139,0.40709114930229884,0.4367198467461182,0.1561890039515829,0.40991095378451303,0.44140444853942656,0.1486845976760603,0.4491473561436916,0.42283906677634453,0.1280135770799639,0.49271596964475933,0.3696795757719233,0.1376044545833174
973669,2019,M?,1,0.3347371,0.57679933,0.08846356,0.3543397,0.52047604,0.12518424,0.3666169672904076,0.48274370217158824,0.15063933053800393,0.37208201093181487,0.4936091320382578,0.1343088570299279,0.41526779899704497,0.45452224021059806,0.13020996079235678,0.4261228135573886,0.44808454030975536,0.12579264613285598
973719,2019,S+D,2,0.2626143,0.4250647,0.31232095,0.24359956,0.40687123,0.34952924,0.27404053272835976,0.3662547441862095,0.35970472308543094,0.27374658986996336,0.3632402744887115,0.36301313564132554,0.23664212297228704,0.38561804771344554,0.3777398293142675,0.2354320316281871,0.3990972579136954,0.3654707104581175
973799,2019,M?,1,0.20632628,0.43786272,0.35581106,0.26413453,0.38676816,0.34909728,0.31152231745776776,0.366155436388434,0.32232224615379845,0.3079905546178104,0.37551519429021213,0.31649425109197776,0.28302974612130144,0.39935559857984315,0.3176146552988554,0.27454463310688626,0.44317422751528796,0.28228113937782584
973844,2019,M?,1,0.38284522,0.34123465,0.27592015,0.40967673,0.34863052,0.24169278,0.3833011737630767,0.3266700150709707,0.29002881116595264,0.3800605504878436,0.33802172303869454,0.28191772647346286,0.4313560584482624,0.32472085172787046,0.2439230898238671,0.43879645524876876,0.30955228345026226,0.251651261300969
973997,2019,M?,1,0.32125455,0.39499795,0.2837475,0.27986458,0.4238157,0.29631975,0.323828800543372,0.400373264247233,0.2757979352093949,0.32663651345070954,0.3974680045705498,0.27589548197874025,0.26571025804186954,0.41932013246176225,0.3149696094963683,0.2516799439161205,0.47207496273255417,0.2762450933513254
974048,2019,M?,1,0.42566925,0.41516387,0.15916692,0.43050197,0.39512148,0.17437656,0.3977540207114999,0.4016307831812257,0.2006151961072743,0.40064328025542645,0.40384709743052766,0.19550962231404537,0.4230133978776698,0.37870531772731103,0.1982812843950193,0.4165203660654205,0.37767991182964716,0.20579972210493228
974123,2019,M,0,0.3199194,0.5310695,0.14901114,0.35805428,0.46596724,0.17597844,0.34112463519873415,0.4777565837192515,0.18111878108201443,0.34042665125259974,0.4871858531142045,0.172387495633196,0.39604458411417404,0.433142787969606,0.17081262791622004,0.40748666545788803,0.422185227422337,0.17032810711977506
974138,2019,M?,1,0.21693076,0.42495945,0.35810977,0.292375,0.34191346,0.36571148,0.32570449250055766,0.341114306051956,0.3331812014474864,0.32303805290753523,0.3322019537152755,0.34475999337718916,0.24196233610362117,0.3312260525530489,0.42681161134332996,0.21503024384322725,0.33256257719799565,0.4524071789587771
974359,2019,M?,1,0.34377673,0.38126183,0.2749615,0.347541,0.3369546,0.31550443,0.37364958541038823,0.34317016155312524,0.2831802530364866,0.3925944026023626,0.3421399036440543,0.2652656937535829,0.266094898174179,0.29265855908571714,0.4412465427401039,0.3095209315795279,0.28707425806887893,0.4034048103515932
974360,2019,M,0,0.19140448,0.2186658,0.58992976,0.1557518,0.2562952,0.587953,0.224728712391189,0.29811668402693475,0.47715460358187634,0.20725762472811443,0.29824359795472005,0.49449877731716596,0.13200183438932525,0.2944574983213236,0.573540667289351,0.11170550226647331,0.27983551406060414,0.6084589836729225
974368,2019,M?,1,0.41504002,0.3489896,0.23597036,0.39432874,0.33579162,0.26987964,0.41779950403198046,0.3436945991011761,0.2385058968668439,0.4122724821539364,0.3488437967023384,0.23888372114372508,0.335655653071886,0.30670674060537967,0.35763760632273434,0.32456646759958485,0.3033437961475828,0.3720897362528324
974421,2019,M?,1,0.4328337,0.3078628,0.25930348,0.39455897,0.319193,0.286248,0.35111584422679176,0.38520794427406324,0.2636762114991446,0.35387387635837575,0.3904558562854107,0.25567026735621323,0.3084646508652548,0.403322543667637,0.28821280546710826,0.31114835882855185,0.3542980565564522,0.33455358461499585
974544,2020,M?,1,0.17537627,0.2965997,0.5280241,0.19471288,0.28124362,0.5240435,0.222243289075914,0.26681605579483697,0.5109406551292494,0.22050173848535135,0.2572561285675244,0.5222421329471243,0.14487497854647396,0.2517416679509547,0.6033833535025713,0.13603656336419143,0.2837544294331474,0.5802090072026611
974576,2019,M?,1,0.3881683,0.372195,0.23963669,0.3927998,0.35728458,0.24991567,0.3823270118765552,0.36403054737732266,0.2536424407461223,0.384251075045234,0.38231403828842675,0.23343488666633935,0.3472469763062934,0.34530634847507924,0.3074466752186274,0.3390472668881542,0.34631416703931395,0.31463856607253193
974665,2019,M?,1,0.2256364,0.5847254,0.18963827,0.2712179,0.47320306,0.255579,0.31889451499644983,0.4416492892064707,0.23945619579707966,0.30553565461764104,0.4708381317251814,0.2236262136571776,0.2660889857699241,0.4326996757558755,0.3012113384742004,0.2252889276022609,0.4613316051388914,0.3133794672588477
974766,2019,M?,1,0.30038816,0.557608,0.14200386,0.330068,0.50151145,0.16842054,0.33391175441029813,0.4998451911578935,0.16624305443180876,0.32813500748168534,0.4985022482834042,0.17336274423491013,0.2969853053731208,0.5273469896367743,0.17566770499010478,0.30311015651729456,0.5309935132182299,0.16589633026447562
974824,2020,M?,1,0.26615587,0.33366632,0.40017784,0.30873778,0.32466063,0.3666016,0.32601859987141113,0.3626750317538291,0.31130636837475967,0.31671606605768443,0.35508800033077215,0.3281959336115433,0.27285641062988397,0.325161704985176,0.4019818843849399,0.247934764470891,0.3298570441618869,0.4222081913672222
974841,2019,M?,1,0.32219353,0.4101813,0.2676252,0.33648208,0.42504963,0.23846823,0.36455181762312117,0.3746435417102068,0.26080464066667225,0.35185688284681155,0.3938711038923163,0.25427201326087195,0.3450889935056666,0.4208357527470616,0.2340752537472718,0.32944830055824714,0.4191589644717299,0.25139273497002307
974888,2020,M?,1,0.37411445,0.4469982,0.17888732,0.33809868,0.42924377,0.23265761,0.371785876741986,0.3902768814869334,0.23793724177108092,0.35357150112059005,0.4154933786340518,0.23093512024535795,0.2894255884257131,0.41552640129496515,0.29504801027932176,0.27277085797174333,0.415290497895661,0.31193864413259564
974892,2019,M?,1,0.26653764,0.44798577,0.28547657,0.31645086,0.41195142,0.27159774,0.30327957385648496,0.425088121834551,0.27163230430896407,0.30623271248311185,0.42039982081633204,0.27336746670055595,0.3363237668842856,0.3901501063311659,0.2735261267845485,0.3277038793825691,0.3972818557523705,0.2750142648650604
974894,2020,M?,1,0.16309333,0.3232072,0.5136995,0.18081152,0.33376792,0.48542055,0.19500767405779482,0.3534613924742203,0.45153093346798506,0.19030815764895082,0.3426474830577218,0.4670443592933271,0.16270864016082956,0.2971516194534014,0.5401397403857691,0.14705706425111345,0.27127577832447053,0.5816671574244161
974899,2019,M?,1,0.21343264,0.38260236,0.403965,0.24693768,0.38985622,0.3632061,0.28454825076334955,0.3394334160772355,0.37601833315941474,0.28410167015399923,0.3457729333674673,0.3701253964785333,0.233590347451926,0.40701757251093906,0.359392080037135,0.21955459583650747,0.42395426104687695,0.3564911431166155
974910,2020,M?,1,0.4088611,0.37438446,0.21675442,0.40099236,0.3529224,0.24608521,0.40421325151840404,0.36212378354904506,0.23366296493255145,0.4033119038929427,0.3677334278001845,0.2289546683068728,0.35054399929647934,0.3443597344673415,0.3050962662361791,0.35510452153969635,0.346678984397911,0.29821649406239253
974976,2020,M?,1,0.32691875,0.39478102,0.27830026,0.3321304,0.37497777,0.29289183,0.34768557671966716,0.373073193272193,0.2792412300081398,0.3369467804010495,0.36855074367966145,0.29450247591928813,0.2982892083064343,0.398229044064722,0.3034817476288437,0.29512446614777155,0.40752955777263583,0.2973459760795926
975008,2020,M?,1,0.40236065,0.2638185,0.33382082,0.40724906,0.3176037,0.27514726,0.38487740721406016,0.33766963926773685,0.27745295351820365,0.3877805416385375,0.33307602462382424,0.2791434337376378,0.37048822477961973,0.32371173259071445,0.3058000426296658,0.3931519066201987,0.309741865635313,0.2971062277444882
975139,2020,M?,1,0.49794066,0.25605553,0.24600387,0.39216882,0.26394263,0.34388858,0.46315947967111715,0.28664767062973767,0.2501928496991448,0.472082645211794,0.28303753478722665,0.24487982000097908,0.29957455074647626,0.2591043074532009,0.4413211418003229,0.3180760366375011,0.26940372628594894,0.41252023707654983
975212,2020,M?,1,0.41149703,0.4256392,0.16286378,0.33273885,0.48800218,0.179259,0.3459704510060628,0.4327628118532476,0.22126673714069012,0.34172023024087744,0.4328829335680915,0.22539683619103135,0.27536254282474915,0.5197406631237367,0.20489679405151415,0.2628826050187034,0.5305110314976778,0.2066063634836188
975231,2020,M,0,0.2521825,0.6056507,0.14216678,0.28261197,0.56442916,0.1529589,0.3154534991981195,0.47892163927795806,0.20562486152392273,0.30161645866186787,0.5005859697963388,0.19779757154179348,0.2955050686858851,0.5374676218410728,0.16702730947304217,0.2992950709758121,0.5387289818150588,0.1619759472091291
975264,2020,M?,1,0.4330122,0.40974984,0.15723795,0.41699243,0.40615797,0.17684962,0.4261861154739137,0.37362302785717905,0.20019085666890787,0.4284926221320687,0.378304924347927,0.19320245352000345,0.37928589459144324,0.39228415560442276,0.228429949804134,0.39882569623106845,0.3779076735491322,0.22326663021979942
975874,2020,M?,1,0.45997852,0.37431318,0.16570827,0.4761801,0.30580056,0.21801929,0.46590379135386895,0.3261167144302291,0.20797949421590237,0.46540568450381076,0.32368793175251453,0.2109063837436745,0.40274721044397394,0.2879606111542965,0.30929217840172957,0.3962879287878548,0.29263504839162385,0.31107702282052146
986362,2019,M?,1,0.3275694,0.40429455,0.26813608,0.3344291,0.38785094,0.27772,0.3468688888111501,0.3898402250590328,0.2632908861298168,0.3449505099885208,0.3843925460037665,0.2706569440077129,0.3206243012285058,0.37972524630792825,0.29965045246356586,0.3157581584916882,0.3709664057593443,0.3132754357489675
987710,2019,M?,1,0.4178051,0.38580433,0.19639055,0.40636292,0.3827449,0.2108922,0.38419154471156475,0.40010213078607015,0.21570632450236477,0.3902167155141146,0.3995926416270047,0.2101906428588799,0.3816172032695755,0.37351341117400766,0.24486938555641682,0.36194204605362507,0.38415849206647923,0.2538994618798957
988792,2020,M?,1,0.41906244,0.4330442,0.14789337,0.36511222,0.40159747,0.2332903,0.36128655493499934,0.3872817912189335,0.25143165384606697,0.38864840727299343,0.3780111361759541,0.23334045655105273,0.39885423995025354,0.35236708914025466,0.24877867090949185,0.44037390517716507,0.3115930136928409,0.24803308112999398
975521,2019,M?,1,0.5355005,0.3215861,0.14291334,0.47921968,0.3526693,0.16811104,0.46720167027160964,0.34085382043454,0.1919445092938508,0.47111396349206,0.34595083756361794,0.18293519894432247,0.48076626803616396,0.33999435537802014,0.17923937658581585,0.5078271936308445,0.28869187233210636,0.20348093403704906
975523,2019,M?,1,0.25192937,0.2943168,0.4537539,0.22288904,0.2910683,0.48604277,0.22718952354223534,0.33033993871166184,0.4424705377461032,0.2099189934589281,0.33260511688434563,0.45747588965672675,0.29793325108608976,0.2780709665690248,0.4239957823448855,0.3017220468232766,0.22215862484050997,0.4761193283362134
975525,2019,M?,1,0.11782069,0.21070358,0.6714757,0.14572687,0.27004945,0.5842237,0.1664326774453853,0.28473679932476414,0.5488305232298507,0.1471430036578237,0.2712360149393721,0.5816209814028044,0.19737794408741938,0.23752448725545772,0.5650975686571229,0.18174555389203326,0.1786272583685171,0.6396271877394497
975549,2019,M?,1,0.3985265,0.2775752,0.32389835,0.39534277,0.30839655,0.29626068,0.4067379646003884,0.2810517717934761,0.31221026360613574,0.4085264858083481,0.274579159791584,0.31689435440006813,0.399259805852554,0.320871742374423,0.27986845177302305,0.3993193592445946,0.31691071613915767,0.2837699246162476
975651,2020,M?,1,0.564675,0.26124847,0.17407651,0.47709057,0.3347336,0.18817583,0.42560165722751053,0.3601149488466098,0.2142833939258798,0.423460896544982,0.35909794455988886,0.21744115889512947,0.4748949818678777,0.32563670628278496,0.19946831184933722,0.5087649757832677,0.27460441524619295,0.2166306089705393
975679,2019,M?,1,0.30220523,0.41682428,0.2809705,0.3036985,0.44211328,0.2541882,0.32141647038474563,0.38249132208957326,0.29609220752568094,0.3147382197827587,0.41273263787898296,0.27252914233825815,0.31260161658515523,0.4559963070399167,0.23140207637492813,0.3024246573116353,0.5063434031083204,0.19123193958004428
975693,2020,M?,1,0.22244598,0.44945788,0.32809618,0.2881389,0.36037794,0.35148317,0.3253778554311137,0.38482536823611135,0.2897967763327753,0.32077286488252743,0.3770973836555146,0.30212975146195814,0.233940886885343,0.23688046765758747,0.5291786454570695,0.21680820815482166,0.2272507561681347,0.5559410356770437
975701,2020,M?,1,0.59643465,0.32677272,0.07679263,0.5705491,0.31878155,0.11066942,0.5419433903881278,0.3255630832331251,0.13249352637874717,0.5558002103181111,0.3060015357546171,0.1381982539272717,0.5203490870359256,0.33932610601407076,0.14032480695000363,0.5455754432357006,0.3156130422377615,0.1388115145265379
975750,2019,M?,1,0.47110093,0.33108404,0.19781506,0.430974,0.33628353,0.23274249,0.4328710298709439,0.37285237179771175,0.19427659833134422,0.4263163677649329,0.38149026083205945,0.192193371403008,0.46369634156054457,0.3522131800455338,0.18409047839392154,0.45404346109894833,0.36622755026608594,0.17972898863496575
975853,2020,M?,1,0.3256305,0.39677867,0.2775909,0.35481715,0.35660756,0.28857532,0.33549056813609546,0.37269201150276937,0.291817420361135,0.3156844768357715,0.37277565896669707,0.31153986419753105,0.3246932925044068,0.356947060955875,0.31835964653971816,0.32209040737741146,0.3683207949185749,0.3095887977040136
976057,2020,M?,1,0.25240868,0.3514329,0.39615846,0.24238203,0.30442435,0.45319363,0.26521279408982396,0.23895730870823076,0.49582989720194526,0.2490792749126781,0.2452638578553733,0.5056568672319487,0.3531153399371637,0.25688255442035246,0.3900021056424839,0.34393370511409527,0.2812632344095665,0.37480306047633816
976121,2020,M?,1,0.37146792,0.41484824,0.2136839,0.3868564,0.36077303,0.25237063,0.33818634088505967,0.393269575269933,0.26854408384500766,0.3411246061346487,0.3843080657071626,0.2745673281581886,0.3746569361480592,0.3707384746621223,0.25460458918981843,0.34728877782400286,0.38481017826150987,0.2679010439144872
976168,2020,M?,1,0.29942408,0.22626212,0.47431377,0.20660472,0.23715359,0.55624163,0.27668886470556764,0.2755184913331508,0.447792643961282,0.28147660554032894,0.2798116898982611,0.4387117045614104,0.12458793400581167,0.21911334548057979,0.6562987205136086,0.13046070108746186,0.2261062829060835,0.6434330160064547
976227,2019,M?,1,0.5650869,0.29923847,0.13567464,0.52352196,0.30368066,0.17279734,0.4740040478026076,0.3447905276209517,0.1812054245764407,0.4862455601497036,0.3401566359546604,0.1735978038956359,0.4505754281530973,0.37194721795603697,0.1774773538908658,0.45114656522762936,0.3652748202333938,0.1835786145389767
986299,2020,M?,1,0.2665856,0.29566604,0.43774843,0.29370898,0.30435717,0.40193385,0.3057627581828612,0.3093993325428605,0.3848379092742787,0.29746236940153925,0.328730841155114,0.3738067894433465,0.31558074607379566,0.342136025652654,0.34228322827355034,0.3067385516805772,0.33406415773719245,0.3591972905822304
986300,2020,M?,1,0.46008775,0.4247932,0.11511899,0.40787643,0.40786833,0.18425527,0.3860336820993755,0.4031233007771562,0.21084301712346873,0.3720722286041997,0.42533788458282745,0.20258988681297294,0.3303517823163609,0.43942707149323285,0.23022114619040632,0.3104426584604201,0.43870638395465017,0.2508509575849297
986435,2020,M?,1,0.46691832,0.30566385,0.22741777,0.44632718,0.30249962,0.2511732,0.44490346047736995,0.3023406624346454,0.25275587708798497,0.44450860568186285,0.30560214249392537,0.2498892518242116,0.41346142056909474,0.28744271418226486,0.2990958652486404,0.445553194546361,0.2758265305962368,0.27862027485740215
986493,2020,M?,1,0.2034112,0.27895927,0.51762956,0.19909108,0.29457957,0.50632936,0.21734087148355352,0.2874219394853451,0.495237189031101,0.20845064662398152,0.26048147487719225,0.5310678784988255,0.22015040438615321,0.32745054320695743,0.4523990524068893,0.21388844960832565,0.32509445227600375,0.4610170981156707
986494,2020,M?,1,0.23427287,0.3441266,0.42160046,0.22096217,0.36178246,0.41725534,0.2735092605004873,0.3726840740644564,0.35380666543505607,0.2826922546991099,0.3604960133871316,0.35681173191375826,0.17614306922660583,0.4202875761098237,0.40356935466357036,0.23603383617462745,0.408405189648001,0.35556097417737165
986543,2020,M?,1,0.3104876,0.26589164,0.42362076,0.28349945,0.26714635,0.44935414,0.2719758254789707,0.3023194970598641,0.42570467746116525,0.2577171535504048,0.293185883817414,0.44909696263218024,0.2647002727256586,0.2858902234324349,0.4494095038419064,0.21490952614068876,0.2617598408059515,0.5233306330533597
986635,2020,M?,1,0.23059344,0.43103528,0.3383713,0.22525968,0.37113845,0.40360186,0.25692270168510095,0.35546235979409113,0.3876149385208078,0.27182031104675713,0.34589509151534625,0.38228459743789706,0.19029025532995442,0.27637816686847677,0.5333315778015688,0.2094453656801,0.26039380606309026,0.5301608282568098
986702,2019,M?,1,0.3807355,0.34065413,0.27861032,0.34580335,0.33982998,0.31436664,0.33871883065589486,0.3478274037682335,0.3134537655758719,0.343868503961732,0.3534037650952987,0.3027277309429691,0.29551774347561854,0.37180584894704877,0.33267640757733274,0.2899565825420635,0.38479258439392394,0.3252508330640125
986727,2020,M?,1,0.49215305,0.3496963,0.1581506,0.4630782,0.34322664,0.19369516,0.4108504508351702,0.3505634242832666,0.23858612488156314,0.4095032552569048,0.3775021975550776,0.21299454718801752,0.4283427114208753,0.3868354628855362,0.18482182569358843,0.46222209978244194,0.34473567075646266,0.19304222946109537
986819,2020,M?,1,0.30817118,0.5465143,0.14531451,0.3357412,0.440946,0.2233128,0.3344703819465679,0.377373630068827,0.288155987984605,0.33047940369070644,0.392639258116532,0.2768813381927613,0.3335963822419297,0.4198626015765131,0.246541016181557,0.3193449231332106,0.4575567395692908,0.22309833729749848
986861,2019,M?,1,0.31556833,0.40835652,0.27607518,0.30687317,0.41917738,0.27394938,0.28088435335489953,0.3625277101238577,0.35658793652124265,0.2846423544096633,0.3610033233908589,0.354354322199478,0.3750458393433028,0.3751211829623968,0.24983297769430027,0.3593713847130806,0.38284731147823503,0.2577813038086843
986943,2020,M?,1,0.41760188,0.43017527,0.1522228,0.46086192,0.36777422,0.17136385,0.4528928616318214,0.346719445165717,0.20038769320246186,0.4735952527172169,0.3450580218174245,0.18134672546535796,0.40255637689935425,0.40416836342443635,0.19327525967620943,0.38220048282369923,0.4307551141496372,0.18704440302666356
986983,2020,M?,1,0.422145,0.2700757,0.30777928,0.41273987,0.28732553,0.29993454,0.4113650228973906,0.2879967803626394,0.3006381967399702,0.4175275262878333,0.2825653575217244,0.29990711619044286,0.4177882647395319,0.3138354221609453,0.2683763130995228,0.41851203531628817,0.31223614333666544,0.2692518213470464
986988,2019,M?,1,0.2835498,0.5658655,0.15058474,0.25309423,0.5788044,0.16810144,0.3229807403696766,0.46130710902918015,0.2157121506011436,0.34665640903059064,0.4409793498885087,0.21236424108090074,0.24464658253279417,0.586446689903141,0.1689067275640649,0.1847775610293171,0.6693700013580713,0.14585243761261166
987230,2019,M?,1,0.24904203,0.34964937,0.4013086,0.27120724,0.33216092,0.39663184,0.28367648519487115,0.33505790245811523,0.38126561234701384,0.27723759168742956,0.3177488537556443,0.40501355455692667,0.21765338006407256,0.19102017882448027,0.5913264411114473,0.22174326564099536,0.1729764257582018,0.6052803086008028
987294,2020,M?,1,0.41797543,0.2887659,0.2932587,0.35065454,0.3121136,0.33723184,0.4015377379651618,0.28670583249346376,0.31175642954137445,0.40373053043149604,0.3050758456612394,0.2911936239072645,0.4025432303617072,0.2847322481855662,0.31272452145272656,0.41827085219975024,0.294589215878039,0.2871399319222107
987625,2019,M?,1,0.30528533,0.50240296,0.19231169,0.2921315,0.45800054,0.24986796,0.3214761441064775,0.3886817058991786,0.2898421499943439,0.3082703335134458,0.3872644376788608,0.30446522880769306,0.3332631331866695,0.4531978906664686,0.21353897614686201,0.3410841040293027,0.4362057660538549,0.22271012991684228
987639,2019,M?,1,0.39983946,0.31099617,0.28916436,0.3498478,0.3002979,0.3498543,0.4066376101176842,0.33023798181005737,0.26312440807225856,0.4099495642743661,0.33404983336367744,0.2560006023619567,0.1574079212585772,0.20292520407754336,0.6396668746638794,0.1336190286690073,0.20224515189345024,0.6641358194375425
987666,2019,M?,1,0.3109995,0.4658825,0.22311804,0.29986966,0.32858625,0.3715441,0.3133457711076774,0.3328079801694813,0.3538462487228414,0.34946496544592137,0.328881302002933,0.3216537325511456,0.21313197994307587,0.2474496796098699,0.5394183404470543,0.22875104512872393,0.2360736009169993,0.5351753539542768
987689,2020,M?,1,0.103735864,0.28241464,0.61384946,0.17383325,0.34087506,0.48529172,0.23105879656436631,0.3180915884102483,0.4508496150253851,0.22934570302098883,0.32500736885871584,0.44564692812029505,0.2009277934577675,0.2743963033496089,0.5246759031926237,0.19180723462815916,0.2412585939270587,0.5669341714447821
987935,2020,M?,1,0.39879492,0.4019663,0.19923876,0.42384064,0.32711723,0.24904218,0.4119437403851436,0.33916069605107957,0.24889556356377757,0.4048029872341734,0.3426232255255121,0.2525737872403142,0.3681477902934977,0.35446315458679345,0.27738905511970885,0.3247892819313156,0.35799312622728946,0.31721759184139486
987936,2020,M?,1,0.4853249,0.19302672,0.32164833,0.33593854,0.2745306,0.38953087,0.38584422383372996,0.2957729020966326,0.31838287406963695,0.3822263092591138,0.3030683320919698,0.31470535864891647,0.257865031989887,0.3354832784907733,0.4066516895193397,0.25425870134477785,0.30974723632827084,0.4359940623269513
987939,2020,S+D,2,0.56036365,0.32101062,0.1186257,0.5005783,0.3655485,0.13387321,0.42565297721614137,0.363942466324645,0.21040455645921358,0.44349363286590354,0.34627781331345864,0.21022855382063732,0.4847988113206763,0.41472697688468124,0.10047421179464239,0.525347040691757,0.3984180814522226,0.07623487785602036
987953,2020,M?,1,0.32511213,0.28976423,0.38512367,0.27540138,0.34557098,0.37902758,0.3469546902269594,0.31101928560702685,0.34202602416601396,0.3381377196209607,0.3129889134265576,0.3488733669524817,0.3039429907354697,0.373532454265744,0.3225245549987863,0.3211375324551759,0.35890350790247016,0.31995895964235394
988063,2020,M?,1,0.549267,0.31690988,0.13382314,0.5054887,0.29944038,0.19507091,0.4413140074744487,0.33640795035474585,0.22227804217080552,0.44117373571611324,0.33848726058600676,0.22033900369787962,0.4307562196317719,0.3291823021685449,0.24006147819968318,0.6177335199641546,0.2819324680769557,0.10033401195888966
988268,2020,M?,1,0.3318774,0.5726143,0.09550825,0.33428147,0.556064,0.10965451,0.3880167373268687,0.4355653115182624,0.17641795115486938,0.4075440292397266,0.4178970747685351,0.17455889599173763,0.3386554815949299,0.5709773841613704,0.09036713424369959,0.3422676979551933,0.5729767543374836,0.08475554770732309
988457,2020,M?,1,0.33340612,0.4321973,0.23439658,0.35668918,0.39285633,0.25045446,0.34345498704715594,0.40167493435947643,0.2548700785933678,0.3416539281833961,0.40706502723079274,0.2512810445858111,0.38331994330159946,0.40912780583624647,0.2075522508621541,0.379619578297448,0.4347698013833617,0.18561062031919032
988459,2019,M?,1,0.28486088,0.23294587,0.4821932,0.3171208,0.19969213,0.48318714,0.30260088659038736,0.2273974684377866,0.470001644971826,0.29680984422844203,0.23921500490997322,0.46397515086158464,0.252858470702346,0.19513911858564262,0.5520024107120113,0.21839655104876846,0.1900082919258452,0.5915951570253863
988485,2020,M,0,0.35959738,0.31470823,0.32569438,0.37114158,0.314482,0.3143764,0.34035140222623145,0.30180439345021925,0.3578442043235494,0.340016022655395,0.3108478644168951,0.3491361129277096,0.44567951719226484,0.3077035832472126,0.24661689956052257,0.46860630068518594,0.30411798055566786,0.22727571875914634
988549,2020,M?,1,0.5098091,0.29678604,0.19340488,0.48869517,0.32343045,0.18787442,0.4699376772574553,0.3176695685006215,0.21239275424192308,0.46445669171958365,0.3148841395634895,0.22065916871692667,0.4844337769863545,0.31645304646364686,0.19911317654999858,0.43035065505353887,0.3856192250344521,0.18403011991200913
988585,2020,M?,1,0.22854912,0.30157763,0.46987322,0.20563348,0.3184077,0.47595885,0.2360805380524544,0.28945978575009285,0.474459676197453,0.2260615990434337,0.3009925044320136,0.47294589652455293,0.2459635148671876,0.38588482300980087,0.3681516621230115,0.23908766777581658,0.40292470738996533,0.35798762483421803
988602,2020,M?,1,0.3599379,0.46550548,0.17455658,0.39703655,0.4141943,0.18876915,0.3400283757196694,0.443631154534569,0.21634046974576232,0.32960263953203933,0.46053671642084837,0.20986064404711172,0.4382119010378085,0.375763691678085,0.18602440728410652,0.4480603803756756,0.3695563235908193,0.18238329603350498
988635,2020,M?,1,0.3825225,0.46943894,0.14803858,0.40602398,0.32860872,0.2653673,0.44096167822030535,0.3583758862592799,0.20066243552041482,0.4332892101398159,0.36410554062254946,0.2026052492376344,0.348296423995825,0.2861833383316758,0.3655202376724992,0.3432746439778111,0.26446666558888626,0.3922586904333027
988674,2019,M?,1,0.363616,0.4386565,0.19772752,0.3923601,0.41940197,0.18823795,0.34919890393787706,0.42246763558088846,0.22833346048123515,0.3439928159293331,0.42773753784152907,0.22826964622913729,0.4531312985483865,0.3747911761263757,0.17207752532523785,0.46146069997655315,0.3743026776444615,0.1642366223789852
988774,2019,M?,1,0.21406807,0.38150388,0.40442806,0.2313749,0.41461968,0.3540054,0.26573490939287686,0.36118526705961274,0.3730798235475103,0.26032358475427075,0.35800728152369393,0.38166913372203554,0.2557596582863197,0.44756008856106105,0.2966802531526193,0.24436087825716715,0.4846026693378688,0.27103645240496416
988857,2020,M?,1,0.33977628,0.55515224,0.10507148,0.35841197,0.50033563,0.14125238,0.40264183952351074,0.429959430072932,0.16739873040355768,0.3746300654291381,0.44703627579019245,0.1783336587806693,0.3126522164812845,0.5603919092993025,0.126955874219413,0.304559366845082,0.5842865496032746,0.11115408355164338
988860,2020,M,0,0.33696446,0.41012725,0.2529083,0.3050821,0.42341053,0.2715073,0.3163599054401688,0.3626897997296405,0.3209502948301909,0.3256124788866382,0.3656979278143724,0.30868959329899,0.3153441190196254,0.4322273127201433,0.25242856826023125,0.30842378940440063,0.47634245342583237,0.215233757169767
988954,2020,M,0,0.44213948,0.37317446,0.18468602,0.44592708,0.37733087,0.17674209,0.430617508498948,0.3358354912960973,0.233547000204955,0.4300295741068513,0.3413884140042336,0.2285820118889151,0.4402088281684386,0.3493493849810333,0.21044178685052806,0.46431269002819486,0.3432060646645234,0.19248124530728156
989022,2020,M,0,0.2850655,0.22762631,0.48730823,0.2278287,0.27672204,0.49544927,0.24231592622835055,0.268733628243216,0.48895044552843336,0.2312840470992543,0.263664395215252,0.5050515576854938,0.26667329361217806,0.3051596417894476,0.4281670645983742,0.28358410364108805,0.2696519101870119,0.44676398617190005
989064,2020,M?,1,0.2017505,0.64464355,0.15360591,0.21699724,0.57689697,0.20610581,0.28494983230048926,0.4498326816968827,0.26521748600262846,0.2797403930457293,0.4750371982122447,0.2452224087420258,0.22836921071312144,0.4837395709763351,0.28789121831054354,0.21925843109895882,0.5082860014500106,0.2724555674510307
991420,2019,M?,1,0.23981234,0.55110145,0.20908622,0.27747503,0.5181132,0.20441177,0.3019461429051869,0.4628361905270599,0.2352176665677537,0.2923024327931579,0.47227313376250685,0.23542443344433525,0.28177098574480336,0.5124879322224228,0.20574108203277375,0.28392427105918566,0.5146953613994414,0.2013803675413729
991624,2019,M?,1,0.3780938,0.45716244,0.16474375,0.3758916,0.45146388,0.17264448,0.34584123772464626,0.4290129559416262,0.22514580633372738,0.36859631279544786,0.4173586464584085,0.21404504074614367,0.40240736589653536,0.42681559928597573,0.1707770348174889,0.4204329059093979,0.4176034154020215,0.16196367868858055
989166,2020,S+D,2,0.43734747,0.3793233,0.1833292,0.4235262,0.39437756,0.18209624,0.42843350994054213,0.36051221347253665,0.21105427658692164,0.4310903301613753,0.3699394610047461,0.19897020883387867,0.3856595136619847,0.38688736970730137,0.22745311663071402,0.3801700787877802,0.3968599295927072,0.22296999161951261
989243,2020,M?,1,0.24590576,0.19830814,0.5557861,0.27127206,0.2534491,0.47527885,0.27325295314844583,0.20439366000194625,0.5223533868496079,0.2698188002006033,0.2069846191255687,0.5231965806738278,0.42222055712239703,0.1782282106110409,0.39955123226656203,0.47675923356653277,0.2424071491535522,0.280833617279915
989261,2020,M,0,0.34617278,0.37798557,0.2758416,0.34117386,0.36447868,0.29434744,0.3548886467233393,0.3501395863460841,0.2949717669305766,0.36219128226351754,0.3358588583303359,0.30194985940614655,0.40383734540875227,0.3441963788908662,0.2519662757003816,0.40441457097707856,0.34894757816269484,0.24663785086022655
989285,2020,M,0,0.24284254,0.4122076,0.3449498,0.21280946,0.3697911,0.41739947,0.21931658079947727,0.337961535221988,0.44272188397853496,0.21335984631860508,0.3391370203366842,0.44750313334471037,0.3052435922358352,0.37647760397011537,0.31827880379404944,0.30979358410728103,0.36899029060752375,0.3212161252851952
989361,2019,M?,1,0.24816567,0.25695747,0.49487686,0.2775697,0.2665502,0.4558801,0.2824948842457732,0.2711238858356617,0.4463812299185655,0.27540937518877784,0.26061697401476536,0.46397365079645675,0.24728955162599608,0.25965172282928944,0.4930587255447144,0.2330752606058667,0.27711310523202726,0.4898116341621061
989412,2019,M?,1,0.22883737,0.2969012,0.47426137,0.20987885,0.30456382,0.48555735,0.20718010548790725,0.30624074256006956,0.48657915195202334,0.205624571028431,0.3011942266842976,0.49318120228727075,0.2649253778945044,0.3329970991815583,0.4020775229239372,0.26108911048786976,0.3643477316317825,0.3745631578803477
989437,2019,M?,1,0.30002066,0.5163644,0.18361494,0.342911,0.44650665,0.21058239,0.3210319124204883,0.4716026857686954,0.20736540181081667,0.31224933553863077,0.4853579145696019,0.20239274989176712,0.3440627720321917,0.3907092457418735,0.26522798222593497,0.327278632291897,0.40320126993546296,0.2695200977726401
989688,2020,M,0,0.39302802,0.4338733,0.17309867,0.40196362,0.37368867,0.22434771,0.41628374168424487,0.3716267965910823,0.21208946172467355,0.4310856949141565,0.39004046710555523,0.17887383798028775,0.38508060169354524,0.3744866899990837,0.2404327083073711,0.3802294633995976,0.3838035647242591,0.23596697187614324
989732,2019,M?,1,0.371798,0.4404709,0.18773104,0.39451513,0.41791454,0.18757036,0.3472884482993172,0.42434728263550137,0.228364269065182,0.34023899691387477,0.43572085126696664,0.22404015181915818,0.4482662260415457,0.3704771628055796,0.18125661115287467,0.4591205594851279,0.3643363069148608,0.17654313360001136
989794,2019,M?,1,0.49819586,0.35388795,0.14791615,0.44974738,0.38904688,0.16120572,0.39055410724567685,0.4014177379847211,0.20802815476960243,0.3908059198012899,0.40794131888902174,0.20125276130968806,0.486937192758803,0.3551918664339975,0.1578709408071995,0.5059644763364807,0.34919316290371344,0.1448423607598059
991334,2019,M?,1,0.43339393,0.33976826,0.22683786,0.3548899,0.33482742,0.31028274,0.38732559716342563,0.3358225385961829,0.2768518642403917,0.40173460690726837,0.34596371802892734,0.2523016750638045,0.3174722131295895,0.3088469277749075,0.37368085909550297,0.32816768844974975,0.30360771446438045,0.3682245970858698
991366,2019,M?,1,0.29987615,0.5143501,0.18577375,0.33948973,0.50001603,0.16049424,0.33724589073937344,0.44838832059011696,0.21436578867051037,0.3321499150670812,0.43717833835119313,0.2306717465817259,0.31777303333779366,0.4802147869104135,0.20201217975179292,0.3508752673851715,0.43794822368001696,0.21117650893481155
991391,2019,M?,1,0.4441487,0.33661807,0.21923319,0.38461006,0.40979576,0.20559412,0.3526282559181911,0.40321303411496867,0.24415870996684075,0.357506774144832,0.41089371413987286,0.23159951171529555,0.36186780429512067,0.3493979036122329,0.2887342920926465,0.38258124264735544,0.2863094027750502,0.33110935457759433
991428,2019,M?,1,0.35523906,0.41187674,0.23288424,0.40653715,0.37674105,0.21672174,0.4058499407517614,0.3556672572319727,0.23848280201626623,0.41535477846241364,0.35838421354267624,0.2262610079949099,0.4008894290427962,0.3995498041769792,0.19956076678022455,0.3831861320073415,0.42542286237081445,0.19139100562184416
991447,2019,M?,1,0.37463093,0.47335207,0.15201703,0.36125207,0.47354102,0.16520686,0.35484720634102074,0.43644075651419423,0.2087120371447855,0.3678782381136948,0.43022340004201043,0.20189836184429377,0.3613001863335185,0.4720698685550086,0.1666299451114728,0.3506759458546166,0.4942606193238239,0.1550634348215595
991480,2019,M,0,0.43049952,0.4519167,0.1175838,0.38092595,0.45596448,0.16310963,0.3743352604521575,0.42448351963810366,0.20118121990973928,0.3792532685239783,0.411060800620543,0.2096859308554789,0.3179197520900339,0.4691595039876496,0.21292074392231636,0.3309994738392272,0.42842859693619595,0.24057192922457685
991545,2019,M?,1,0.45467877,0.28015357,0.26516762,0.47247216,0.29774883,0.22977899,0.4344273725927817,0.3217524530627337,0.24382017434448494,0.43783430591691685,0.31370703904872516,0.2484586550343585,0.457584753829999,0.30049597247176824,0.24191927369823257,0.43179971878431034,0.30918189582726774,0.2590183853884219
991573,2019,M?,1,0.30289367,0.56243116,0.1346752,0.33433053,0.5142964,0.15137304,0.3624547929274185,0.4283839567327153,0.20916125033986688,0.33960654122617884,0.4514370962320202,0.208956362541801,0.33430910355452376,0.4970946178214443,0.168596278624032,0.32864551657612356,0.521513942870991,0.1498405405528855
991633,2019,M,0,0.58548915,0.30033395,0.11417691,0.49680734,0.36633384,0.13685888,0.4873911269763528,0.31108619919832675,0.2015226738253205,0.4876698137952598,0.3163150865879615,0.1960150996167785,0.5179753688382823,0.3435465823032857,0.13847804885843198,0.5236596541196118,0.3640339806094882,0.11230636527090002
991666,2019,M,0,0.24797213,0.3754958,0.37653202,0.27489626,0.37862593,0.3464778,0.2555547646411013,0.344926253114794,0.3995189822441047,0.2699260409530979,0.34041086152979555,0.3896630975171065,0.3554589433192804,0.33065834912860004,0.31388270755211956,0.3645867635760241,0.27114856102832197,0.36426467539565394
991676,2019,M?,1,0.30629134,0.56000197,0.1337067,0.33187872,0.5161907,0.1519306,0.3563773847400923,0.43744784711210416,0.206174768147804,0.343756034949104,0.4489895719929776,0.20725439305791857,0.3376406895952909,0.5024415077065181,0.15991780269819109,0.32851512819840606,0.5328513719440983,0.1386334998574956
991764,2019,M?,1,0.344096,0.29259637,0.3633076,0.34197044,0.2974286,0.36060095,0.36350100676217567,0.31366161469244436,0.32283737854538,0.3650045517507129,0.32696472822175204,0.3080307200275352,0.30228012586979536,0.28964564563833844,0.40807422849186625,0.29931299592415034,0.27280515971088043,0.4278818443649691
991796,2019,M,0,0.39645642,0.18020765,0.42333594,0.31027654,0.21961643,0.4701071,0.33870944862483565,0.2315083010284042,0.4297822503467602,0.33698222739581096,0.2241979164561858,0.43881985614800323,0.2035513414112673,0.152213527050721,0.6442351315380117,0.20159897134276292,0.13646373686649918,0.6619372917907379
991913,2019,M,0,0.42148048,0.39975592,0.17876352,0.37784472,0.43671656,0.1854387,0.3706207684082585,0.3874057122681572,0.24197351932358435,0.37884920496539287,0.38181201815814075,0.23933877687646682,0.3872955065609279,0.4083297450424951,0.20437474839657696,0.4299763189596726,0.3704417244274919,0.19958195661283545
991985,2019,M?,1,0.33503753,0.43203804,0.2329244,0.3100329,0.41591862,0.27404848,0.31031935079075,0.4337101842855857,0.2559704649236642,0.32794311533810067,0.42765400186664726,0.2444028827952521,0.28651372483942217,0.4104024814820327,0.30308379367854527,0.2654233776960629,0.4215716269350364,0.3130049953689007
992076,2019,M,0,0.19665651,0.5134701,0.28987336,0.19451973,0.49508375,0.31039655,0.2403670619492018,0.39246562241472716,0.36716731563607125,0.2331319683794929,0.40290773601520635,0.36396029560530047,0.2046807238584179,0.43737620403517025,0.3579430721064119,0.2079368711780578,0.42584329480730165,0.36621983401464037
992209,2019,M,0,0.33489847,0.4426434,0.22245815,0.35409206,0.40768048,0.23822746,0.3671036669188383,0.37649335579232257,0.2564029772888397,0.3825723878133329,0.38844648296685214,0.22898112921981484,0.35299254784742434,0.36402226159795686,0.28298519055461885,0.3300164780386377,0.36009132606998945,0.3098921958913729
992339,2019,M?,1,0.3130222,0.3644071,0.32257074,0.31048742,0.34692863,0.34258398,0.3209787947911027,0.36533001059311493,0.3136911946157826,0.3108943542870555,0.3736282903585845,0.31547735535435967,0.26371511826308847,0.33659492263628527,0.3996899591006263,0.2577413472071751,0.3497951334519101,0.3924635193409147
992500,2019,M?,1,0.22124082,0.5974287,0.18133049,0.28110254,0.45465782,0.26423964,0.32019125466401754,0.43027054441668533,0.2495382009192969,0.30671810360612606,0.4410787146533325,0.2522031817405414,0.27742602629097723,0.46594499643354326,0.2566289772754795,0.281407629676097,0.5022233921367483,0.21636897818715473
992515,2019,M,0,0.3208226,0.5421452,0.13703221,0.32638776,0.5217358,0.15187642,0.3496719430387568,0.47303355756522286,0.1772944993960206,0.3532601977188356,0.4874180894394704,0.1593217128416939,0.2729081393933805,0.5345123097854729,0.19257955082114658,0.2612269293247999,0.5680443260412333,0.17072874463396676
992797,2019,M?,1,0.30127504,0.59653896,0.102186,0.38466978,0.4552547,0.16007549,0.36836579326720637,0.4608109872928998,0.17082321943989434,0.3570653201637228,0.47209990495915277,0.17083477487712398,0.31720623420828326,0.5174709226360729,0.16532284315564388,0.339928482892156,0.4685208870138957,0.19155063009394835
992831,2019,M?,1,0.28490525,0.5246299,0.19046484,0.2839029,0.51109153,0.20500554,0.33864612614520895,0.45368558041026613,0.20766829344452545,0.32479188640679957,0.4655670770285494,0.20964103656465113,0.2622434753276084,0.5675168372820252,0.17023968739036646,0.2631379453660094,0.5726543556367152,0.1642076989972754
992867,2019,M?,1,0.27679595,0.625908,0.09729601,0.33902955,0.52420026,0.13677023,0.3292214098922388,0.45003351581446976,0.22074507429329177,0.33188288711938524,0.46941306784223275,0.19870404503838215,0.32047313852360176,0.571735535405831,0.1077913260705672,0.24196367342107025,0.6529636781925018,0.10507264838642807
992899,2019,M?,1,0.16179667,0.6876589,0.15054442,0.16646145,0.6546612,0.17887732,0.2687061702708788,0.47172115491139976,0.25957267481772217,0.25417359223768304,0.5024095805976846,0.24341682716463198,0.21189487958350078,0.5564470544287979,0.23165806598770128,0.20542470334935767,0.5537963069950564,0.24077898965558592
992900,2019,M?,1,0.47853154,0.410399,0.11106952,0.4651522,0.4080881,0.12675971,0.4264305125313388,0.4049805097549153,0.16858897771374629,0.4279294599227253,0.412079875231105,0.15999066484616975,0.46461076417564845,0.4043945207571111,0.13099471506724056,0.5115316041500217,0.3518269612586052,0.1366414345913731
993042,2019,M?,1,0.36194217,0.4829291,0.15512872,0.3879169,0.45418343,0.15789972,0.371931019937143,0.4146760493524877,0.21339293071036958,0.36029479761533373,0.4445998778588241,0.19510532452584234,0.39930723110110233,0.4362574340891923,0.1644353348097053,0.4127706365747332,0.43135246564085644,0.15587689778441033
994304,2019,M?,1,0.15654646,0.67419696,0.16925655,0.18564945,0.6364157,0.17793489,0.2508772742523157,0.48364232778944943,0.2654803979582351,0.25316261329630513,0.4926728564025915,0.2541645303011034,0.21097334645999047,0.6110311241702276,0.17799552936978183,0.16616425358923492,0.6643090808053862,0.16952666560537888
994507,2019,M?,1,0.4209551,0.39173207,0.18731281,0.39273694,0.43210596,0.17515703,0.3446095479695429,0.3985025914516095,0.2568878605788477,0.3587642436834976,0.38990366143535193,0.25133209488115105,0.3533096666318593,0.47059179245131033,0.17609854091683022,0.3599311964004132,0.48084466903760936,0.1592241345619775
993104,2019,S+D,2,0.2687312,0.48929977,0.241969,0.27553108,0.48150143,0.2429675,0.2926092392422491,0.41714234057933486,0.29024842017841646,0.2898708172812749,0.4447362362283642,0.2653929464903607,0.2609465081918407,0.5419836020926283,0.19706988971553108,0.2864607802816484,0.5038368221159568,0.2097023976023948
993142,2019,M?,1,0.29382703,0.5571791,0.1489939,0.23935014,0.60750794,0.15314192,0.32179628710141517,0.4515387842203771,0.22666492867820812,0.32592181061193537,0.4503658619843798,0.22371232740368502,0.24472353418441264,0.6491558047497017,0.10612066106588573,0.1956088997430792,0.720050846658221,0.08434025359869984
993150,2019,M?,1,0.3696625,0.37347537,0.25686216,0.43842027,0.40869257,0.15288714,0.4396214295126951,0.35424423737033117,0.20613433311697404,0.43346988412522414,0.36335642731905277,0.20317368855572307,0.4459161817659719,0.37052294999453317,0.18356086823949502,0.5192259199018737,0.39522195045316655,0.08555212964495967
993273,2020,M?,1,0.3504071,0.57142115,0.07817177,0.36063042,0.52560544,0.11376412,0.37764665621673216,0.48400123071312523,0.13835211307014272,0.3769629950474176,0.4838270832751222,0.13920992167745988,0.4269732868847194,0.486520495546965,0.08650621756831563,0.44549113413947883,0.48116095252436425,0.07334791333615698
993559,2019,M?,1,0.35630956,0.50620306,0.13748735,0.3764145,0.4830104,0.1405751,0.3195894501478156,0.4838441919019262,0.19656635795025867,0.32252647676611046,0.4965805931026241,0.18089293013126548,0.42796537834228643,0.4180343598344584,0.15400026182325524,0.444107537216981,0.40222034961005987,0.15367211317295917
993657,2019,M?,1,0.23780079,0.51905894,0.24314027,0.28661203,0.45360377,0.2597842,0.2930080514143523,0.3740742651716098,0.33291768341403816,0.2776459326472731,0.3824914254914848,0.33986264186124243,0.28023005244244653,0.40863182527703407,0.3111381222805195,0.2667453435405036,0.4310012120427166,0.3022534444167797
993719,2019,M?,1,0.5142277,0.29825068,0.18752164,0.4671786,0.35307008,0.17975132,0.4317884725082129,0.3476403623598433,0.2205711651319441,0.444187798739569,0.3461106821938651,0.20970151906656662,0.45523185319291876,0.36247712709451574,0.18229101971256556,0.4994444071244024,0.32785807519425053,0.1726975176813471
993724,2019,M?,1,0.3949373,0.39621368,0.208849,0.38172844,0.41968232,0.1985892,0.3519022585730325,0.4260780304308717,0.22201971099609644,0.3509115278648222,0.44690723247701164,0.20218123965816556,0.4030353119392515,0.3758954672825381,0.2210692207782104,0.4119556898626148,0.3444588142746609,0.24358549586272435
993725,2019,M?,1,0.4343628,0.30263346,0.26300377,0.4077401,0.32560804,0.26665184,0.4182991314747194,0.3146112625016124,0.2670896060236682,0.42746218043989365,0.3063741064074105,0.26616371315269577,0.3987279184886491,0.36847954373184494,0.23279253777950587,0.4001130416857733,0.3687632085446191,0.23112374976960756
993727,2019,M?,1,0.3795529,0.49112055,0.12932658,0.3501824,0.4807726,0.16904494,0.37375715673275095,0.4477813646551789,0.1784614786120705,0.3717528279143904,0.45674331923400663,0.1715038528516026,0.30229872906378435,0.5569416188610052,0.14075965207521043,0.306040904059933,0.5696428867589685,0.12431620918109858
993730,2020,M?,1,0.2824724,0.27383673,0.4436909,0.32975596,0.3104251,0.35981897,0.3324972398381932,0.3193796592293623,0.34812310093244453,0.33976437466521103,0.304328464230692,0.35590716110409687,0.38921408948369673,0.3156715815749068,0.2951143289413965,0.38365172083645327,0.3128376465236291,0.3035106326399176
993731,2019,M?,1,0.115796976,0.32253638,0.5616666,0.1770922,0.304819,0.5180888,0.1960378339846116,0.2901164309773689,0.5138457350380201,0.1905137528180373,0.2876949330144092,0.5217913141675526,0.138378647164387,0.26389371430628505,0.5977276385293279,0.12816740817904235,0.2515811488126417,0.6202514430083159
993766,2019,M?,1,0.30950847,0.18274267,0.5077489,0.35311803,0.15877427,0.48810768,0.334849022674549,0.16827481990495752,0.4968761574204934,0.33892408657030465,0.15840342148350606,0.5026724919461895,0.37872814836824226,0.14677063826720937,0.4745012133645485,0.3446985953706756,0.13228722276774643,0.523014181861578
993768,2019,M?,1,0.520915,0.3609421,0.11814295,0.47874457,0.36773163,0.15352386,0.44186922000459444,0.375157422780477,0.1829733572149285,0.4548997416827192,0.374414910678847,0.17068534763843332,0.43124146988644413,0.4380145983899951,0.13074393172356075,0.4318328466376831,0.4513949849748362,0.11677216838748067
993804,2020,M?,1,0.3380232,0.252115,0.4098618,0.33634403,0.23254155,0.43111446,0.34451404124497553,0.26650933057726084,0.3889766281777641,0.34351112278377294,0.24665692351541554,0.409831953700812,0.3541664591308787,0.22862666440142726,0.417206876467694,0.40792419567012894,0.22931542024436544,0.3627603840855055
993867,2020,M?,1,0.32100666,0.3487242,0.33026913,0.3470281,0.32651526,0.32645658,0.3530338756595314,0.30751127123298194,0.33945485310748696,0.34995100219114916,0.3062714453247904,0.3437775524840604,0.4424539076714494,0.2969456994254127,0.26060039290313797,0.4146534010389988,0.3181212859704036,0.26722531299059754
993872,2020,M?,1,0.49511075,0.3415921,0.1632972,0.42435014,0.3842232,0.1914266,0.4523489753834998,0.3237037025723497,0.2239473220441504,0.4717085581887392,0.31033776194263185,0.21795367986862874,0.45345968904017303,0.3339004714123774,0.21263983954744944,0.417282562048206,0.2919565566360666,0.29076088131572747
994155,2020,M?,1,0.52266264,0.1724407,0.3048967,0.4429132,0.19816582,0.35892093,0.38351686562825094,0.29903071546841786,0.31745241890333137,0.38947712228801445,0.26924117527701125,0.34128170243497385,0.44495346268191094,0.23879185853798365,0.31625467878010544,0.4488263000732758,0.23515142206457867,0.3160222778621456
994364,2019,M?,1,0.39826167,0.43307704,0.16866133,0.34359413,0.5024031,0.15400277,0.3358020650506017,0.4286694397722,0.23552849517719857,0.336578775216976,0.44777523080072384,0.21564599398229986,0.3467652438288434,0.5195418931445255,0.13369286302663108,0.2740672495558979,0.5986160886685719,0.1273166617755301
994394,2019,M?,1,0.24006122,0.25778806,0.5021507,0.24151851,0.33637282,0.42210868,0.25188427345696124,0.35066201013683196,0.39745371640620714,0.2591307934538884,0.35743268398363626,0.38343652256247607,0.20929381774807926,0.3690083763397281,0.4216978059121927,0.18200690470078856,0.36457338713063847,0.4534197081685731
994454,2019,M?,1,0.43287194,0.26525143,0.30187663,0.32592088,0.287621,0.3864581,0.3615484588561627,0.2676661613038383,0.37078537983999915,0.3734321393384841,0.26864900838828476,0.35791885227323095,0.21152367364458002,0.22239524075276382,0.5660810856026561,0.21109024473820207,0.23673671348420444,0.5521730417775935
994494,2019,M?,1,0.16191739,0.35271096,0.48537168,0.17189299,0.36143002,0.466677,0.20897976847728478,0.3368032747879778,0.4542169567347371,0.20118660496549454,0.34075091664414864,0.45806247839035685,0.21015441280488686,0.4435695921271729,0.34627599506794027,0.21008058517448303,0.4626013814197175,0.3273180334057995
994518,2019,M?,1,0.38293767,0.4692486,0.14781371,0.3912159,0.46217304,0.14661108,0.34382377272135767,0.46044673442477135,0.19572949285387134,0.33285081608759914,0.47721878443087995,0.18993039948152085,0.3686701233508217,0.527999150551118,0.10333072609806024,0.36902421084053205,0.5342308183614465,0.0967449707980215
994525,2019,M?,1,0.38275152,0.45260382,0.16464469,0.34492546,0.5063397,0.14873478,0.3283640097439792,0.4347833372755926,0.23685265298042807,0.3278674662523826,0.4371131826090388,0.23501935113857864,0.32746481319963966,0.5341400398495366,0.13839514695082367,0.2742575098696263,0.5891853429458558,0.13655714718451786
994533,2019,M?,1,0.26063958,0.569209,0.17015147,0.27548608,0.4699016,0.2546124,0.2839635463801282,0.40246860498812626,0.3135678486317458,0.3117264173984935,0.3972601135806267,0.29101346902087943,0.3165181442085864,0.47167813367866607,0.2118037221127476,0.31963038834629887,0.4714276295362463,0.20894198211745477
994658,2019,S+D,2,0.37043726,0.4179746,0.21158814,0.36551708,0.40054977,0.23393321,0.34917862782797315,0.37180944979104374,0.27901192238098393,0.3583073106092394,0.39644831778235246,0.2452443716084084,0.36006230806465805,0.428087041401346,0.21185065053399602,0.3685797038186155,0.44632259568040883,0.18509770050097565
994672,2020,M?,1,0.3703436,0.20151578,0.4281406,0.37548038,0.2567697,0.3677499,0.3948167090280181,0.22162643357631753,0.38355685739566436,0.3797520177277758,0.2228172319616862,0.397430750310538,0.42570990569225586,0.26955231112527983,0.30473778318246436,0.4250997780886085,0.26830680181501926,0.30659342009637214
994687,2019,M?,1,0.117251284,0.21726795,0.6654808,0.13801534,0.26603618,0.59594846,0.2011999997766536,0.27591737733500465,0.5228826228883422,0.172241077636752,0.270152535335235,0.5576063870280131,0.11742248274744452,0.2385050532186278,0.6440724640339277,0.09941407704203371,0.24135446057650853,0.6592314623814578
994811,2019,M?,1,0.2967516,0.41396078,0.28928763,0.3289463,0.36608663,0.30496708,0.3508363679079988,0.36198249376967295,0.28718113832232844,0.34656433898960337,0.36363277533478844,0.28980288567560847,0.3295004145441053,0.34474658760669763,0.32575299784919703,0.38738574502736106,0.36094122752136226,0.2516730274512767
995142,2019,M?,1,0.36233246,0.1879771,0.4496905,0.36649358,0.18179753,0.45170894,0.3277372991517311,0.2216977884449772,0.4505649124032918,0.32339384600591925,0.20445553818977205,0.4721506158043088,0.3483618325701578,0.17391032964335296,0.47772783778648936,0.3635834941270222,0.16712829103902133,0.4692882148339566
995249,2019,S+D,2,0.2930885,0.521878,0.18503344,0.2768189,0.50239015,0.22079094,0.3195793979305433,0.46224035139727804,0.21818025067217878,0.3155252125112846,0.45833128689680924,0.22614350059190552,0.29898222449095896,0.48864327571640936,0.21237449979263168,0.29852723040754875,0.5003946468163006,0.2010781227761507
995330,2019,M?,1,0.3072838,0.54576117,0.14695504,0.32254457,0.5363215,0.14113393,0.34319783277360416,0.42193738467913827,0.23486478254725798,0.32925972728881425,0.4349530423177438,0.23578723039344116,0.36357615763198053,0.40629196503413045,0.230131877333889,0.3071016032045343,0.5909847247606158,0.1019136720348499
995642,2019,M,0,0.25197464,0.6242497,0.12377568,0.30233103,0.5294994,0.1681696,0.4101215819130035,0.37370122859210947,0.2161771894948871,0.4156415751206762,0.3706827748242933,0.21367565005503003,0.3909293706007775,0.48308185739577386,0.12598877200344852,0.3238524731637406,0.5615544709684483,0.11459305586781093
1006892,2020,M?,1,0.42775685,0.27170223,0.3005409,0.3261497,0.27655932,0.397291,0.41090124510294945,0.26445215727388305,0.32464659762316755,0.41591343682832976,0.2711211139413775,0.31296544923029246,0.27047965247978734,0.2588718737658985,0.4706484737543141,0.24802398117819072,0.2718812006512977,0.4800948181705114
1006894,2020,M?,1,0.39944232,0.37723076,0.22332689,0.36346337,0.3707133,0.26582333,0.3592690790072776,0.40427066297890263,0.23646025801382,0.3833484501405757,0.3795584685247217,0.2370930813347028,0.43421407959151825,0.3580597418855198,0.2077261785229619,0.5004980483229907,0.2954328741116957,0.20406907756531364
1006900,2020,M?,1,0.17065334,0.2828057,0.546541,0.20845224,0.33633012,0.45521766,0.22342139292724603,0.2821351465731035,0.4944434604996502,0.20302823506598794,0.27546435852477763,0.5215074064092345,0.28467342326949224,0.3818861574523357,0.3334404192781721,0.26592331668337205,0.38277166973609567,0.35130501358053234
1006904,2020,S+D,2,0.6236776,0.27081162,0.10551078,0.5421764,0.31106046,0.14676313,0.46854203908651554,0.36429662335700713,0.16716133755647716,0.4710801453961967,0.3704251561620231,0.15849469844177952,0.5028994138554105,0.3394885834974591,0.1576120026471304,0.5047387132645046,0.3495962158485203,0.14566507088697517
1006959,2020,M?,1,0.3024954,0.40969905,0.2878055,0.29759288,0.38057947,0.3218276,0.3391817575809863,0.3712723959869682,0.28954584643204506,0.34629517038999685,0.35789689486595,0.29580793474405304,0.2817452788768237,0.3842080397162508,0.33404668140692556,0.27449460855324026,0.42488055978142464,0.30062483166533505
1007025,2020,M?,1,0.4512423,0.36267903,0.18607865,0.43437552,0.3497491,0.21587536,0.4126833169058981,0.3645183758078041,0.22279830728629857,0.40810501674736527,0.3704164995581264,0.22147848369450732,0.3881625998553047,0.3761494675348799,0.2356879326098154,0.38951303089784844,0.383002770307115,0.22748419879503667
1007240,2020,M?,1,0.3434899,0.3671093,0.28940082,0.36080202,0.35790735,0.28129065,0.32980952064575936,0.384118329960216,0.28607214939402453,0.34001187858258886,0.3782932357123958,0.2816948857050146,0.36659992799388624,0.3737691872295265,0.2596308847765873,0.4239357851699193,0.3584328848668732,0.2176313299632074
1007241,2020,M?,1,0.17236811,0.32152617,0.5061057,0.14907707,0.2588244,0.59209853,0.1913614149729382,0.2972547862447961,0.5113837987822661,0.18900149858955145,0.29400914104820414,0.5169893603622444,0.14589060963813114,0.22643330548462015,0.6276760848772487,0.13667581521476302,0.19100915842012348,0.6723150263651136
1007290,2020,M?,1,0.20533445,0.32050136,0.47416416,0.23591058,0.29905844,0.46503103,0.25902903824992296,0.3302607180786076,0.4107102436714696,0.25622871598055225,0.31814060316560266,0.42563068085384487,0.2686061983980505,0.296586811832999,0.43480698976895055,0.2590170267058446,0.31793659191546453,0.42304638137869083
1007311,2020,M,0,0.35379842,0.43663818,0.2095634,0.3829701,0.41151363,0.20551631,0.32762245745474,0.43207902398533543,0.24029851855992537,0.32163561513492284,0.45546009028984075,0.22290429457523622,0.4269722431225547,0.3669094022531641,0.20611835462428124,0.4422825424437879,0.3473893747758367,0.2103280827803755
1007386,2020,M?,1,0.41489646,0.20648786,0.37861574,0.31402722,0.2674366,0.41853616,0.4081585199309376,0.2705412092102128,0.3213002708588497,0.4158205014810858,0.2630890133832849,0.3210904851356298,0.22718930475057572,0.2597002044674049,0.5131104907820193,0.27587087801979515,0.27549476408873985,0.44863435789146505
1007399,2020,M?,1,0.4948924,0.27964696,0.22546063,0.48590642,0.31358093,0.20051265,0.460405369388951,0.3256210983758649,0.21397353223518384,0.44819170542155296,0.3229913717099857,0.22881692286846111,0.49249206933123046,0.28530775173932515,0.2222001789294444,0.34856280657846184,0.35816082988831976,0.29327636353321834
1007402,2020,M?,1,0.34500095,0.41867498,0.23632406,0.38403335,0.37521476,0.24075185,0.37613877951126584,0.3862483610286553,0.23761285946007915,0.38323236472284755,0.392058781625047,0.22470885365210538,0.391409027761599,0.40554691843350876,0.2030440538048923,0.36708227382788045,0.4958014154094881,0.13711631076263137
1007529,2020,M?,1,0.13540392,0.2509109,0.6136852,0.1804114,0.2604405,0.5591481,0.18320644734930475,0.2869430123543705,0.5298505402963252,0.16668829767371943,0.27779473906835156,0.5555169632579292,0.20703828107782382,0.2347423096848606,0.5582194092373156,0.2001290800891624,0.22231216340606552,0.5775587565047721
1007598,2020,M?,1,0.18562205,0.36324552,0.45113242,0.19592118,0.32119858,0.48288023,0.19164164503795894,0.31367064758582824,0.4946877073762129,0.18468856987853555,0.3073108477883963,0.5080005823330679,0.2739157637524992,0.36357921214128636,0.3625050241062145,0.28316803819450487,0.35572093344534306,0.36111102836015213
1007778,2020,M?,1,0.2936494,0.5878495,0.11850104,0.22268765,0.61208266,0.16522971,0.3451878177226621,0.4608731170401548,0.1939390652371834,0.35298254903387905,0.46334717288638716,0.18367027807973382,0.2099347435888538,0.5725535755817339,0.21751168082941233,0.28884205705679783,0.5281167184292166,0.1830412245139856
1007876,2020,M?,1,0.31907815,0.3046982,0.3762236,0.3497241,0.32862735,0.3216485,0.37197581775363353,0.31224492424876193,0.31577925799760437,0.375060987661462,0.2963121131765191,0.3286268991620183,0.39041432901497,0.31786008571055197,0.29172558527447806,0.37028392272522703,0.3160249746569398,0.31369110261783306
1007901,2020,M,0,0.61680055,0.25780162,0.12539786,0.4780186,0.33503312,0.18694828,0.5396591624981479,0.2998334276132558,0.160507409888596,0.5449769535572142,0.2869184163830124,0.1681046300597736,0.3988720999709063,0.3547752909776727,0.24635260905142087,0.4218762266277283,0.3231212166650179,0.25500255670725364
1008871,2020,M?,1,0.24800327,0.25848618,0.4935105,0.26726967,0.23712784,0.49560246,0.22992150807880857,0.18958610378019836,0.5804923881409931,0.21276493374561792,0.18111126797703236,0.6061237982773499,0.3254387593790531,0.17921352784604344,0.4953477127749036,0.3508026704979043,0.19159450694372648,0.45760282255836915
1008874,2020,M?,1,0.2591911,0.5873358,0.1534731,0.2815847,0.49685207,0.22156316,0.36256524805595913,0.44034736130515906,0.19708739063888214,0.34718737823386375,0.44024951444497906,0.21256310732115677,0.25900107839821007,0.5390073450597255,0.2019915765420645,0.26661325235941585,0.542423946162756,0.1909628014778282
1008309,2020,M?,1,0.4881742,0.35873094,0.15309487,0.4326163,0.39865294,0.16873077,0.44410112852113764,0.36058063255221434,0.19531823892664849,0.44993652084702374,0.369148430319642,0.18091504883333429,0.39390855132317093,0.4035968828525845,0.20249456582424455,0.3996058907468268,0.39338652548550695,0.20700758376766615
1008533,2020,M?,1,0.23210765,0.3306897,0.43720263,0.2903835,0.34672225,0.36289424,0.30451945913359196,0.34732643943439767,0.3481541014320106,0.300828975390924,0.3384050952247699,0.360765929384306,0.252708606361002,0.2590081590475507,0.48828323459144735,0.24529049976052508,0.2617121249702457,0.49299737526922927
1008741,2020,M?,1,0.25554076,0.2818222,0.4626371,0.2711003,0.3041773,0.42472234,0.2526545600031048,0.3040969692997641,0.4432484706971311,0.2616449464970264,0.2995349866326875,0.43882006687028574,0.28302596233313176,0.2951001119610162,0.4218739257058521,0.27487601532902683,0.3108854762298941,0.4142385084410791
1008951,2020,M?,1,0.5952823,0.24232431,0.16239339,0.38947958,0.30427888,0.3062416,0.40317998125616333,0.33494364229640233,0.26187637644743417,0.4239238361998837,0.32947322215800495,0.2466029416421112,0.26900491268360605,0.30036143881481325,0.43063364850158076,0.24639224386119443,0.3053389435403085,0.44826881259849705
1009060,2020,M?,1,0.17866452,0.43341273,0.3879228,0.19314095,0.4597021,0.3471569,0.23204296237551755,0.4250953611484754,0.34286167647600724,0.22185148167031982,0.42776882168400976,0.3503796966456702,0.19481256968186544,0.49809481612476847,0.3070926141933661,0.19456576767881928,0.49215545482265244,0.3132787774985283
1019546,2020,M?,1,0.32569453,0.38343015,0.29087538,0.34460357,0.40601742,0.24937904,0.368951246126893,0.3719339081397196,0.2591148457333876,0.3501094576156492,0.3831345782282507,0.2667559641560999,0.34781839157517014,0.44205211560799573,0.21012949281683407,0.29991958343858205,0.48260123558775486,0.21747918097366312
1019550,2020,M?,1,0.5284497,0.30824462,0.16330566,0.45473385,0.2935495,0.2517166,0.46161853630998473,0.325376639338414,0.21300482435160117,0.45083310640941326,0.33796720474676273,0.21119968884382379,0.39228460952190186,0.2952320590517552,0.31248333142634305,0.37312452690045045,0.30693873584013104,0.3199367372594186
1019706,2020,M?,1,0.41932952,0.3769157,0.20375486,0.4082318,0.36537227,0.22639593,0.4039213331419862,0.339443279512456,0.2566353873455582,0.4082562143873708,0.33045317076773595,0.2612906148448933,0.4505489012376566,0.3686838915828069,0.18076720717953643,0.423524968699533,0.40036062335117634,0.17611440794929076
1019934,2020,M?,1,0.44026285,0.4113122,0.1484249,0.4080136,0.4390419,0.15294446,0.40792093690724796,0.3822341362612163,0.20984492683153572,0.41426960329389645,0.37773735185018,0.20799304485592363,0.37991271186232417,0.48694305798478366,0.13314423015289228,0.37768735495414424,0.5101483029149765,0.11216434213087927
1020122,2020,M,0,0.43855938,0.27047405,0.2909665,0.30889806,0.3088441,0.38225785,0.433235738335583,0.2831513566989957,0.28361290496542124,0.4473575628686386,0.2714538246413644,0.28118861248999716,0.2189723770391253,0.28541058507038247,0.4956170378904923,0.21912652092143994,0.2805907531081917,0.5002827259703683
1020622,2020,M?,1,0.33422685,0.45045534,0.21531783,0.39591455,0.4381532,0.16593218,0.40050491073871036,0.3737886317696267,0.22570645749166304,0.397298079318437,0.3767183032487854,0.2259836174327774,0.41042848067326915,0.39953000428194074,0.19004151504479017,0.41428087505677935,0.38932966629502963,0.1963894586481911
1020819,2019,M?,1,0.3199194,0.5310695,0.14901114,0.35805428,0.46596724,0.17597844,0.34112463519873415,0.4777565837192515,0.18111878108201443,0.34042665125259974,0.4871858531142045,0.172387495633196,0.39604458411417404,0.433142787969606,0.17081262791622004,0.40748666545788803,0.422185227422337,0.17032810711977506
1020827,2020,M?,1,0.3599379,0.46550548,0.17455658,0.39703655,0.4141943,0.18876915,0.3400283757196694,0.443631154534569,0.21634046974576232,0.32960263953203933,0.46053671642084837,0.20986064404711172,0.4382119010378085,0.375763691678085,0.18602440728410652,0.4480603803756756,0.3695563235908193,0.18238329603350498
1020832,2020,M?,1,0.23785378,0.21755339,0.54459286,0.27153665,0.26282927,0.46563405,0.27795134369384006,0.24384681314150303,0.4782018431646571,0.2946184161551166,0.24420724125501053,0.46117434258987267,0.3103968152962166,0.3036212575773664,0.3859819271264171,0.3297728364266316,0.2902578822169533,0.37996928135641506
1033506,2020,M?,1,0.3709489,0.39713666,0.23191439,0.39501715,0.39126685,0.21371596,0.4072653076369261,0.39699919659019844,0.19573549577287525,0.3961546822243685,0.3924011538113878,0.2114441639642433,0.347287314965797,0.3566257497113799,0.2960869353228231,0.3236416587352481,0.37011148409395384,0.3062468571707982
1021093,2020,M?,1,0.51431954,0.38932344,0.096357,0.4735544,0.3724048,0.15404077,0.40032106294891495,0.3844282224615386,0.21525071458954648,0.40312099006638524,0.3986088743229386,0.19827013561067566,0.4672445572658738,0.40545793771024524,0.12729750502388093,0.4745698523213782,0.4187418668987688,0.10668828077985293
1021099,2020,M,0,0.40495816,0.36893585,0.22610594,0.33261085,0.41790333,0.24948584,0.350723901406041,0.357733596450885,0.2915425021430746,0.3630734281209862,0.3491945003410873,0.287732071537927,0.32408719083935195,0.37539085512341497,0.30052195403723314,0.31594032140130107,0.387112350638873,0.29694732795982587
1021159,2020,M?,1,0.31741917,0.37739757,0.3051833,0.31905472,0.38848144,0.2924638,0.3398254381872679,0.34115785131656856,0.31901671049616365,0.33716960241449667,0.3302481254079831,0.33258227217751984,0.3905042389867162,0.3508134112117821,0.25868234980150173,0.3406801217567833,0.4238523407498356,0.2354675374933811
1021175,2020,M?,1,0.43404213,0.35131967,0.2146382,0.44411272,0.34592295,0.20996433,0.43231489475397017,0.3610949546957843,0.20659015055024565,0.4328796847928987,0.36713746429837274,0.19998285090872833,0.45488307526375016,0.3350546485430034,0.21006227619324636,0.47820315638271677,0.29682043250476764,0.22497641111251565
1021207,2020,M?,1,0.17149903,0.23451011,0.5939909,0.19490573,0.30712873,0.49796554,0.25358470608460876,0.30944695500351665,0.4369683389118746,0.2662774266315693,0.3049015335681803,0.42882103980025044,0.20064730627345548,0.38349299423029426,0.4158596994962503,0.197388634895377,0.40667910063556856,0.39593226446905444
1021586,2019,M?,1,0.29236832,0.3531291,0.3545026,0.31648538,0.3156289,0.3678857,0.33501081348950956,0.3457687550938957,0.31922043141659506,0.34069068446454653,0.3222409218506619,0.33706839368479175,0.2724152890873019,0.34846465656604164,0.3791200543466564,0.23944006995787112,0.3678764769328984,0.3926834531092306
1022011,2020,M?,1,0.42078862,0.36339435,0.21581699,0.43322024,0.34367606,0.22310369,0.37981202435585704,0.3321892660481356,0.2879987095960079,0.3762265551434414,0.3412346848775929,0.2825387599789659,0.4154616697800349,0.38263973019553593,0.20189860002442925,0.4785160492599182,0.3023270135865544,0.21915693715352746
1022045,2019,M?,1,0.21861152,0.2278933,0.55349517,0.25299346,0.17172305,0.57528347,0.24901288595741314,0.160757330305563,0.5902297837370235,0.24066067654490594,0.1631608281690484,0.5961784952860458,0.3655477904541379,0.15953400726966122,0.474918202276201,0.3537417272904067,0.14645939877201494,0.4997988739375784
1022607,2020,M?,1,0.31353015,0.4171669,0.26930296,0.31886184,0.3922712,0.288867,0.3189858863354591,0.37507102743624837,0.3059430862282929,0.33929991271727644,0.37268876723384076,0.28801132004888297,0.3175820064036205,0.39962839315810306,0.28278960043827633,0.30515875014438953,0.44184072637031024,0.2530005234853003
1032590,2020,M?,1,0.31506103,0.4760222,0.20891671,0.4082972,0.42485702,0.1668458,0.3831479174910187,0.41666847664854445,0.20018360586043643,0.37468603002503686,0.4399864691109737,0.1853275008639888,0.4387454521883632,0.41032377210437976,0.1509307757072571,0.3733934709596021,0.49884464015197383,0.12776188888842394
1032938,2020,M,0,0.44423592,0.43354523,0.12221884,0.39820245,0.42811194,0.17368555,0.33511902911943275,0.4342715628084805,0.2306094080720869,0.34370071631917276,0.43219506672391406,0.22410421695691302,0.388451291955226,0.44978386534672266,0.1617648426980513,0.42557329660092924,0.42160951457658025,0.1528171888224905
1033091,2020,M?,1,0.26012626,0.30903777,0.43083596,0.26294205,0.33620572,0.40085226,0.3472482075042277,0.30772692358950704,0.34502486890626516,0.343250741029498,0.3095138468131532,0.3472354121573483,0.3446718861109301,0.2892062467475482,0.36612186714152173,0.3465182737881925,0.27885743542614777,0.3746242907856597
1033210,2020,M?,1,0.53620523,0.38799796,0.07579679,0.50986403,0.39167196,0.09846403,0.466840676366551,0.3863161837645825,0.14684313986886643,0.49280995807716677,0.37036447611422757,0.13682556580860583,0.4963534623317614,0.3986645622541221,0.10498197541411643,0.5073704112861391,0.40369717803578375,0.08893241067807717
1033971,2020,M?,1,0.3342675,0.3252048,0.34052768,0.31440192,0.3269992,0.35859883,0.3383430778203556,0.3266852132247312,0.3349717089549133,0.3516258163144064,0.33565916886311503,0.31271501482247827,0.23283389953904957,0.3377180620369948,0.4294480384239556,0.22864293060659766,0.3278506217181292,0.44350644767527314
1034036,2020,M,0,0.30178726,0.44534668,0.2528661,0.30980626,0.4331279,0.25706583,0.32685070509143865,0.396420205840301,0.2767290890682604,0.3267259132574315,0.4206711151125632,0.25260297163000406,0.29662104721302757,0.39957969922656045,0.30379925356041193,0.2848897136414843,0.38542653025530205,0.3296837561032135
1034124,2020,M?,1,0.3909974,0.48667687,0.12232566,0.38038146,0.48359317,0.13602534,0.3831341826485286,0.44706652204514846,0.16979929530632315,0.3982209043382747,0.43194721314278156,0.16983188251894302,0.3734119161566261,0.508725185913041,0.1178628979303329,0.38649303818005726,0.5102465414774481,0.10326042034249469
1034551,2020,M?,1,0.40146658,0.30112594,0.2974075,0.37110615,0.26878372,0.3601101,0.3693559738704417,0.29221942891944913,0.33842459721010965,0.36965641230573004,0.3054054841944991,0.3249381034997708,0.2367465409825143,0.28738675291451826,0.4758667061029674,0.2329412898851922,0.314349063219626,0.4527096468951818
1034219,2020,M?,1,0.2970071,0.34788576,0.3551071,0.31192693,0.35232732,0.33574578,0.34455422582128964,0.3325424463515356,0.32290332782717507,0.3437002437908785,0.3254557815143074,0.33084397469481397,0.28273996654463424,0.3396455239556691,0.37761450949969666,0.2869414549056871,0.35325225499568713,0.3598062900986257
1034260,2020,M,0,0.4657606,0.2820898,0.25214964,0.39598683,0.33168417,0.27232897,0.4778072231941416,0.22288637332822034,0.29930640347763826,0.4713442356425921,0.23555270652337282,0.29310305783403495,0.3728221485129021,0.32320580095634843,0.3039720505307495,0.3942024307167126,0.3109394910196275,0.2948580782636599
1034354,2020,M?,1,0.32111818,0.5099924,0.16888942,0.2435271,0.576861,0.17961188,0.27664495207336814,0.46692447463522846,0.2564305732914036,0.2622275453336045,0.4910916760216725,0.24668077864472301,0.21852362911629727,0.5784128031837195,0.20306356769998332,0.22936844009688762,0.5742304698542461,0.1964010900488664
1034411,2020,M?,1,0.4133813,0.37760323,0.2090155,0.4016657,0.357226,0.24110828,0.39455385868702486,0.3773995784695448,0.2280465628434302,0.393724073804975,0.38103030108964747,0.22524562510537705,0.3844662680162432,0.33355843176695965,0.28197530021679706,0.3960247142823524,0.37056483768093507,0.23341044803671243
1034454,2020,M?,1,0.37764683,0.33412582,0.28822738,0.3429463,0.30899468,0.348059,0.4160562731702354,0.34025477963379175,0.2436889471959726,0.4152865505623508,0.33731726640070697,0.24739618303694186,0.293717165264046,0.2995075224799921,0.40677531225596186,0.29277141890233477,0.3271701777930004,0.38005840330466484
1034571,2020,M?,1,0.41117835,0.33582878,0.25299287,0.38629562,0.33264664,0.28105778,0.35123813058533343,0.3459767045946326,0.302785164820035,0.3706125034911112,0.34406741571974936,0.2853200807891391,0.3591935921967375,0.338602810467024,0.3022035973362386,0.35748223238679255,0.3302591058662754,0.3122586617469321
1034579,2020,M?,1,0.39822093,0.32980186,0.27197728,0.38306293,0.31188652,0.30505052,0.37263370787473077,0.3392026683053402,0.2881636238199296,0.3810291948453823,0.34958697107678566,0.26938383407783134,0.31875845380654655,0.32045423139343365,0.36078731480001974,0.3258770911765885,0.30366895746456046,0.370453951358851
1034584,2020,M?,1,0.1837049,0.33402795,0.4822672,0.2650753,0.36414355,0.37078112,0.30288611126568116,0.3751135273016713,0.3220003614326481,0.31030141878697093,0.3539196562555603,0.3357789249574691,0.28667482994918664,0.395448620732902,0.31787654931791137,0.2956165665329508,0.46785437942660135,0.23652905404044788
1034676,2020,M?,1,0.30331182,0.27845952,0.41822863,0.28304088,0.27849185,0.4384673,0.34188430203834846,0.2795152353360565,0.37860046262559505,0.34211086934534857,0.2733314242631528,0.38455770639149883,0.19245919655776786,0.22995949995963233,0.5775813034825998,0.1831190934597116,0.21822211341077344,0.5986587931295149
1034705,2020,M?,1,0.415315,0.3186595,0.26602545,0.3799262,0.32962012,0.29045364,0.3377987094794051,0.3942158412955249,0.26798544922506984,0.35665523740874094,0.37473305489934156,0.268611707691917,0.3079632043790836,0.38607890896882086,0.3059578866520955,0.28269506485764134,0.40893874913232353,0.3083661860100351
1034754,2020,S+D,2,0.23179108,0.30352238,0.46468654,0.29039904,0.26110828,0.44849268,0.34388653646356887,0.31661648029651196,0.3394969832399194,0.3517473097364481,0.2882070781547939,0.3600456121087581,0.2211501704607227,0.19775521632142587,0.5810946132178514,0.10947176795628596,0.11401698317052393,0.7765112488731901
1034954,2020,M?,1,0.31001508,0.47993064,0.21005423,0.35360637,0.42361462,0.22277902,0.3572652078432735,0.38886581291394057,0.2538689792427866,0.3546061355885665,0.4009503444386687,0.2444435199727648,0.3281098869266442,0.40757975064598073,0.264310362427375,0.31726686041140706,0.49691443187384265,0.18581870771475031
1034993,2020,M?,1,0.23252054,0.5355325,0.23194697,0.23738323,0.3963573,0.3662595,0.2622880813932921,0.32759856725953057,0.4101133513471774,0.2619740134132165,0.3436419921279588,0.3943839944588249,0.19247947744703942,0.27910349077033586,0.5284170317826247,0.1775205226274901,0.3092154083997344,0.5132640689727755
1034999,2019,M?,1,0.29846308,0.5941918,0.107345104,0.2839186,0.58180976,0.13427167,0.32204181932002446,0.5286915830117519,0.14926659766822375,0.31809294024986956,0.5449777537079971,0.13692930604213355,0.26276834048422176,0.6234848332465946,0.11374682626918363,0.25874372074360125,0.6385312965881125,0.10272498266828622
1035014,2019,M?,1,0.31726673,0.55226094,0.13047232,0.30892047,0.52900684,0.16207269,0.3598166593815664,0.47119857625665207,0.16898476436178184,0.341490133415223,0.4839990414863775,0.17451082509839957,0.27743160470181943,0.5861570124575036,0.13641138284067697,0.27777135952625026,0.5958270646004267,0.12640157587332315
1035250,2020,M?,1,0.36573744,0.4467986,0.18746394,0.34043965,0.41269302,0.24686731,0.3086796576671306,0.39658351954342697,0.29473682278944285,0.32212710134563977,0.38296924528793014,0.29490365336643054,0.26561511407227384,0.4309018731139319,0.30348301281379425,0.25275187068752075,0.44319265464264324,0.30405547466983596
1035300,2020,M?,1,0.42434856,0.39777336,0.17787813,0.4454375,0.3681559,0.18640661,0.42384516426546653,0.374418457037765,0.2017363786967682,0.4220912790276686,0.36752279591775305,0.2103859250545779,0.46856821224869516,0.32436818800975514,0.20706359974154964,0.4348428205192368,0.34306991810498727,0.22208726137577603
1035376,2020,M?,1,0.25105372,0.4624566,0.2864897,0.29785913,0.40724647,0.29489434,0.28525557044567396,0.34792050807634634,0.36682392147797976,0.28135007445923865,0.35592826722949306,0.3627216583112688,0.3405466311128961,0.4023321731864183,0.2571211957006856,0.3314760118422328,0.45623700894308755,0.21228697921467954
1035743,2020,M?,1,0.5695647,0.3401496,0.09028566,0.46455833,0.3670684,0.16837327,0.41633488228342896,0.3763076276582272,0.2073574900583443,0.43466822053036225,0.38127415863634817,0.18405762083328894,0.40442756975709954,0.41167324100717895,0.18389918923572146,0.420226518212559,0.3966961056623532,0.18307737612508784
1035777,2020,M?,1,0.14084664,0.24304648,0.6161069,0.16488339,0.25415805,0.58095855,0.277034874873629,0.24909454689436053,0.47387057823201023,0.26609800468903844,0.22861550756597007,0.5052864877449911,0.15961712386956856,0.2642841761287426,0.5760987000016888,0.13908500420068023,0.29589994347012594,0.5650150523291938
1035778,2020,M?,1,0.15650305,0.28121027,0.5622867,0.19880676,0.3175238,0.48366943,0.2110414673661256,0.3030054784734853,0.485953054160389,0.19711042021761024,0.29470220070888686,0.5081873790735029,0.23169818125505892,0.32497523171620724,0.4433265870287338,0.240069830462622,0.2948948674196754,0.4650353021177026
1035785,2020,M?,1,0.12962927,0.24352622,0.6268445,0.20446117,0.30448747,0.49105132,0.24071645072788614,0.31859045526211965,0.44069309400999407,0.2514539590564199,0.314329643661331,0.4342163972822495,0.20357965050191043,0.40380827387718415,0.3926120756209055,0.17728330413460627,0.40727157682100046,0.4154451190443933
1036130,2020,M?,1,0.3716871,0.27522328,0.35308963,0.33638185,0.3777785,0.28583965,0.3691572871188962,0.34257594783503464,0.2882667650460691,0.36278128508440394,0.33906181770036925,0.29815689721522637,0.3563999907962369,0.43474401524461426,0.20885599395914892,0.34865953626289525,0.47801914364583825,0.17332132009126638
1036140,2020,M?,1,0.48258734,0.37802073,0.13939188,0.42130324,0.43413705,0.14455973,0.4092576059641571,0.38097601825100935,0.20976637578483356,0.41626827346019235,0.38146618891947026,0.202265537620338,0.3709105671644098,0.5180838180231172,0.11100561481247295,0.39910972037507086,0.4759689460040831,0.12492133362084609
1036157,2020,M?,1,0.19295444,0.35506833,0.45197722,0.22542176,0.3306278,0.4439505,0.24675578344583537,0.33268882438164676,0.4205553921725184,0.2320037240333161,0.33997639580113265,0.42801988016555115,0.19302145869324894,0.32991612611282284,0.4770624151939282,0.1787957302380471,0.3183543467163532,0.5028499230455997
1036338,2020,M?,1,0.3433329,0.49462834,0.16203873,0.37122384,0.45185408,0.1769221,0.32506584285463475,0.4774008258307684,0.1975333313145973,0.32278810055945434,0.48938603797719843,0.1878258614633473,0.4086819486804487,0.40415260554661175,0.18716544577293953,0.41234863966045254,0.405940987290083,0.18171037304946455
1036341,2020,M,0,0.3433329,0.49462834,0.16203873,0.37122384,0.45185408,0.1769221,0.32506584285463475,0.4774008258307684,0.1975333313145973,0.32278810055945434,0.48938603797719843,0.1878258614633473,0.4086819486804487,0.40415260554661175,0.18716544577293953,0.41234863966045254,0.405940987290083,0.18171037304946455
1036404,2020,M?,1,0.20018081,0.6118863,0.18793286,0.28824103,0.46560133,0.2461576,0.2913730266668661,0.3816089625150267,0.3270180108181076,0.29836727790994283,0.392374978239329,0.3092577438507284,0.35877349704261624,0.4200123210915138,0.2212141818658699,0.4341173800503857,0.34921171480474744,0.2166709051448669
1036518,2020,M?,1,0.36322194,0.52178913,0.11498889,0.40846115,0.4398309,0.15170798,0.3883711057334964,0.3977490513198091,0.21387984294669482,0.38932326038591003,0.39883621298978356,0.21184052662430666,0.365153440620388,0.4043965942097382,0.23044996516987384,0.3022330001026809,0.5980305828398834,0.0997364170574356
1036534,2019,M?,1,0.36767292,0.44915646,0.18317065,0.3625018,0.46318555,0.1743126,0.34577486263258717,0.4046690412131284,0.24955609615428437,0.35606412666174236,0.4111002185672511,0.2328356547710069,0.3399583862360244,0.49777991177974984,0.1622617019842257,0.3503283633414285,0.4898526980772184,0.1598189385813532
1036657,2019,M?,1,0.19662683,0.18375266,0.6196205,0.29616794,0.26735708,0.43647498,0.3128570168953884,0.27576483730268553,0.4113781458019265,0.3040613817792533,0.27364865295125335,0.4222899652694928,0.3372248687351363,0.253006716780768,0.4097684144840957,0.2961702908904649,0.21856486054911292,0.48526484856042196
1036856,2020,M?,1,0.3534529,0.5183775,0.12816966,0.3696401,0.46811095,0.16224891,0.35224207795383056,0.38117697931694483,0.2665809427292252,0.3503909901034282,0.39152506714138374,0.2580839427551878,0.3704359978623263,0.462549932463232,0.16701406967444177,0.36880384186399295,0.4889302842628138,0.1422658738731933
1037287,2020,M?,1,0.2913773,0.49230486,0.21631779,0.2842635,0.49896652,0.21677,0.33735394393253276,0.362846091375767,0.2997999646917001,0.33517417330096305,0.39027701001529913,0.27454881668373804,0.28519664038917264,0.5191594977804407,0.19564386183038662,0.2062648252722621,0.7307516383391425,0.06298353638859541
1037288,2020,M?,1,0.33773208,0.31323105,0.34903687,0.36570126,0.3680718,0.26622692,0.30736134342983784,0.33907081400483696,0.35356784256532486,0.3055984998217228,0.34994056661199524,0.34446093356628155,0.2555657219438333,0.333185362589779,0.41124891546638775,0.2751778027244954,0.3569621479675726,0.36786004930793204
1037447,2020,M?,1,0.3028826,0.2739211,0.42319626,0.2691467,0.26386407,0.46698925,0.3432084259199485,0.25345598736303576,0.40333558671701575,0.330742097622576,0.26643997711084105,0.40281792526658294,0.18728918817414983,0.23799075680037685,0.5747200550254733,0.18847860803424055,0.2713613159639743,0.5401600760017852
1038281,2020,M?,1,0.2732205,0.3382675,0.388512,0.33047026,0.35952514,0.31000462,0.3314240896367513,0.3231491374467398,0.3454267729165096,0.32446795731965317,0.31398636702055793,0.3615456756597885,0.39053096379519064,0.3672405695808004,0.24222846662400888,0.358869387018022,0.3903808095489526,0.2507498034330253
1038385,2019,M?,1,0.21901463,0.28100452,0.49998087,0.2540136,0.30418965,0.44179675,0.2525312491865461,0.32924139935741237,0.41822735145604156,0.2517461694671466,0.31661963877917093,0.43163419175368195,0.2729923228104474,0.29120159281936925,0.43580608437018326,0.2855338917952424,0.24561539578507746,0.46885071241968007
1038779,2020,M,0,0.53420854,0.36460096,0.1011905,0.41692585,0.39912713,0.18394701,0.45639355115004016,0.35314298482376844,0.19046346402619155,0.45374688533690666,0.33168394352020625,0.21456917114288682,0.4073829203582775,0.36775910547643487,0.22485797416528766,0.4022202755819121,0.40314808205012187,0.1946316423679661
1038784,2020,M?,1,0.3180338,0.46857747,0.21338871,0.30059174,0.49158546,0.20782275,0.3378238173459616,0.4207805174648305,0.24139566518920808,0.3366976019969546,0.4314708008057784,0.23183159719726684,0.2742640189619659,0.5366804972840004,0.1890554837540338,0.26840359049016344,0.5550167835205406,0.17657962598929586
1038790,2020,M?,1,0.3433329,0.49462834,0.16203873,0.37122384,0.45185408,0.1769221,0.32506584285463475,0.4774008258307684,0.1975333313145973,0.32278810055945434,0.48938603797719843,0.1878258614633473,0.4086819486804487,0.40415260554661175,0.18716544577293953,0.41234863966045254,0.405940987290083,0.18171037304946455
1038803,2020,M?,1,0.3350129,0.39713973,0.2678473,0.29182243,0.34013525,0.36804235,0.3501045707788691,0.34428080141798173,0.30561462780314935,0.359642234782017,0.34888255964918957,0.2914752055687931,0.25275339418478987,0.3205361512455506,0.4267104545696595,0.24532434378340254,0.3614900384833477,0.3931856177332497
1038830,2019,M?,1,0.19680503,0.25519532,0.5479996,0.19162703,0.2840335,0.5243395,0.21084405750455926,0.28622719462311313,0.5029287478723277,0.19546081272297391,0.2842826262012219,0.5202565610758042,0.2312714997317207,0.3080932520531452,0.4606352482151341,0.21806589092390258,0.32555875297545095,0.45637535610064656
1039022,2020,M?,1,0.4572165,0.3971468,0.1456367,0.4766175,0.3280996,0.1952829,0.43677438847429,0.34958783146620886,0.21363778005950107,0.4457551089819555,0.33982609260862845,0.21441879840941577,0.4506481733715973,0.3399473209741901,0.20940450565421254,0.45788944582154395,0.34230176427575343,0.1998087899027025
1039550,2020,M?,1,0.6066316,0.27007017,0.12329826,0.5470365,0.28538162,0.16758186,0.46638261303178996,0.3300031487299188,0.2036142382382912,0.4724077807480085,0.3380892661432454,0.18950295310874585,0.5184513258737429,0.3228658896172189,0.15868278450903825,0.544845018255024,0.3186768630758503,0.1364781186691258
1039832,2020,M?,1,0.4815573,0.4264331,0.09200956,0.5146861,0.38252747,0.10278642,0.46537885710609767,0.3704952052905693,0.16412593760333305,0.48738933776655585,0.362008033495334,0.15060262873811037,0.4884066847443502,0.4509906998175943,0.06060261543805554,0.4474929460042565,0.4952042416586651,0.057302812337078374
1039890,2020,M?,1,0.44373092,0.34736133,0.20890774,0.4577316,0.355198,0.18707037,0.41348133630497425,0.3767899375765365,0.20972872611848947,0.4102012099951625,0.36608344586655794,0.22371534413827887,0.456669198139397,0.3951333722544999,0.1481974296061031,0.44865724344129326,0.40747816529850794,0.14386459126019865
1039897,2020,M?,1,0.4939129,0.36763993,0.1384472,0.4794278,0.3605862,0.15998596,0.3923357998366219,0.40580922941522934,0.20185497074814884,0.39543047904619355,0.4068460472652692,0.19772347368853718,0.3898359378665298,0.35683898740752323,0.25332507472594695,0.3410631573190095,0.5413322516514258,0.11760459102956476
1040048,2020,M?,1,0.16463315,0.46148676,0.37388012,0.16932018,0.48388523,0.34679458,0.24018234017625467,0.3805324579287376,0.3792852018950078,0.2341180621441313,0.39534245744120206,0.37053948041466667,0.1746138059938259,0.44784133846108404,0.3775448555450901,0.15676128308264667,0.46472878500632264,0.3785099319110308
1040049,2020,M?,1,0.25092104,0.14660397,0.602475,0.3142485,0.16120926,0.5245423,0.2536569563463681,0.15646571708876128,0.5898773265648708,0.2601019013928021,0.14906877859192552,0.5908293200152721,0.3992141707393085,0.17828958112749965,0.42249624813319175,0.4121229349915938,0.16741709816134726,0.4204599668470589
1040056,2020,M?,1,0.31420684,0.13301189,0.5527812,0.37250423,0.15526092,0.4722348,0.25854978534348455,0.1564453809156622,0.5850048337408532,0.24407322309073268,0.16343470611162011,0.5924920707976469,0.40666413094705806,0.1811045043246131,0.4122313647283288,0.38953232643790225,0.17034204572383377,0.4401256278382639
1040059,2020,M?,1,0.37659276,0.43897405,0.18443313,0.40835798,0.42159393,0.17004803,0.3773993182232755,0.39901790624705047,0.22358277552967387,0.37649098537131986,0.411233632311424,0.21227538231725596,0.39656944128741023,0.4214940269566127,0.18193653175597702,0.3618875908209995,0.44574529885756803,0.19236711032143247
1040066,2020,M?,1,0.269579,0.14248373,0.5879373,0.30506745,0.21053126,0.48440126,0.2716412740445222,0.1859115081651931,0.5424472177902845,0.26018417237589414,0.1895522225030053,0.5502636051211005,0.4402791581974368,0.19213347075810763,0.36758737104445555,0.4704756325977961,0.16710420125176156,0.3624201661504423
1040168,2020,M?,1,0.52776426,0.30721778,0.16501795,0.43762892,0.3259033,0.2364678,0.4334668217907258,0.3722203941111403,0.19431278409813377,0.4318091775057482,0.3755258930093802,0.19266492948487166,0.4100484520378887,0.34091357362388686,0.24903797433822447,0.39762532819134855,0.3569847986985431,0.24538987311010838
1040191,2020,M?,1,0.42142293,0.4018373,0.17673977,0.3971107,0.40113395,0.2017553,0.376863053503624,0.3972853073409478,0.2258516391554282,0.37356273767380554,0.4056449279959672,0.22079233433022732,0.36335037808046683,0.4960997134519803,0.140549908467553,0.4712720056781441,0.4326981898389892,0.09602980448286677
1040204,2020,M?,1,0.54155344,0.28413528,0.1743113,0.468617,0.36717767,0.16420531,0.37728870406312787,0.3771770442998954,0.2455342516369769,0.37008219634852096,0.3892977774251618,0.24062002622631734,0.37868503763722006,0.48311661143942114,0.13819835092335878,0.4453607633938486,0.46515420317619405,0.08948503342995726
1040323,2020,M,0,0.31023678,0.3196032,0.37016,0.256135,0.33098352,0.41288152,0.2406832404522477,0.36006092002976,0.39925583951799276,0.2272990818625798,0.37409955088449315,0.3986013672529278,0.32414203864660374,0.32339476116733057,0.35246320018606564,0.37171749467666504,0.2835663733339253,0.34471613198940976
1050320,2020,M?,1,0.18661395,0.3364161,0.47697002,0.20356898,0.2908637,0.5055673,0.24354813588132462,0.2730646068924157,0.4833872572262599,0.2143212745743935,0.2744994744341573,0.5111792509914491,0.17949074857980937,0.2231994363059887,0.5973098151142019,0.1849821915721663,0.2170444012720926,0.5979734071557411
1050361,2019,M?,1,0.4915664,0.3714503,0.13698332,0.48952818,0.32947764,0.18099415,0.4642749255063825,0.347057354301628,0.18866772019198977,0.4593409878206278,0.3577759528478943,0.18288305933147736,0.5227509272272616,0.29455942392299034,0.18268964884974817,0.5556004062495997,0.24344336955569568,0.20095622419470469
1050396,2020,M?,1,0.20178081,0.33426428,0.46395496,0.2365057,0.3424148,0.42107952,0.24550582307614494,0.3343867090394297,0.4201074678844255,0.2584210791851141,0.31908741350652614,0.4224915073083599,0.1546905191449437,0.28581403086980445,0.5594954499852518,0.1447442674099276,0.29536224915100145,0.559893483439071
1050598,2019,M?,1,0.22560525,0.3195289,0.45486587,0.24142358,0.3221223,0.43645412,0.26170640842650505,0.3218438652168398,0.4164497263566556,0.26686948624508744,0.3291194764537365,0.4040110373011759,0.2940192650238534,0.29343085275954545,0.41254988221660116,0.2575920196058315,0.28759307070391626,0.4548149096902522
1050601,2019,M?,1,0.379579,0.3772012,0.24321984,0.3158175,0.37227017,0.31191236,0.3414574475124547,0.3547763163330473,0.30376623615449827,0.3676317951681046,0.3580536195722416,0.274314585259653,0.32275637269926116,0.4390913469283814,0.2381522803723574,0.45096711761696695,0.3519751455061183,0.1970577368769148
1050602,2019,M?,1,0.5262264,0.3110524,0.16272117,0.5013954,0.30840907,0.19019553,0.4591737247155923,0.3378240288367701,0.20300224644763762,0.4652323594788563,0.34256394809570745,0.19220369242543614,0.531494898844887,0.30815515549502404,0.16034994566008906,0.5606716319856753,0.30722232269668204,0.1321060453176427
1060814,2020,M?,1,0.3773378,0.47782975,0.14483249,0.41540045,0.41509622,0.1695034,0.4080405902065288,0.360473831898391,0.23148557789508067,0.4050965417245479,0.3705534629306406,0.2243499953448114,0.3925094402910551,0.45211306465416773,0.15537749505477721,0.3380195324287854,0.4902915378063374,0.17168892976487707
1060850,2020,M?,1,0.35463232,0.3874928,0.2578749,0.32650965,0.37335262,0.30013773,0.31375731939512314,0.35661796796618606,0.3296247126386917,0.31565595393414125,0.3566733853805734,0.327670660685285,0.2797117757785313,0.3897077672854508,0.330580456936018,0.27591676777109375,0.3965857698540246,0.3274974623748817
1060956,2020,M?,1,0.3172357,0.33989263,0.34287167,0.32841206,0.34240845,0.32917947,0.3522956794900903,0.3078439743113212,0.3398603461985888,0.3571413700982633,0.3308042160314148,0.3120544138703214,0.30621188629087776,0.319363463898738,0.3744246498103842,0.29897981396975615,0.3132236327163146,0.3877965533139292
1061089,2020,M?,1,0.43597868,0.40538305,0.15863828,0.42895034,0.38000324,0.19104637,0.44093741142477505,0.3610821690584814,0.19798041951674336,0.4299820150476639,0.3802600225028928,0.18975796244944276,0.47934378952542966,0.3189666873584321,0.2016895231161383,0.4688916089131163,0.3226525068891846,0.20845588419769914
1061159,2020,M?,1,0.32613325,0.3922277,0.28163904,0.28430584,0.34848285,0.3672113,0.30254559340479126,0.3798373440075129,0.3176170625876958,0.32161574219937217,0.39129978864681414,0.2870844691538133,0.28148299358244927,0.35773956382039857,0.3607774425971522,0.2778252275217512,0.37501037241837515,0.3471644000598736
1061187,2020,M?,1,0.3466792,0.4980391,0.15528172,0.37848657,0.4700274,0.151486,0.36866453104808994,0.4283110785002355,0.20302439045167428,0.36941275600709267,0.4414984479723207,0.1890887960205864,0.38783613966366276,0.47450840920873905,0.13765545112759817,0.35229219871846384,0.5036300784507475,0.14407772283078873
1061251,2020,S+D,2,0.4050294,0.26726308,0.32770756,0.30985355,0.32518545,0.364961,0.3765332930326133,0.31161581786059817,0.3118508891067885,0.3729343282813651,0.30536166288552336,0.3217040088331115,0.31316305117547377,0.3467436595225269,0.34009328930199934,0.2981456934734565,0.37253348798352687,0.3293208185430168
1061268,2020,M?,1,0.3162476,0.40517902,0.27857333,0.31408843,0.37158352,0.31432799,0.3429305987478434,0.3571280633857007,0.299941337866456,0.3497721015284062,0.36178663904994157,0.2884412594216524,0.3103186370252129,0.3589732106174614,0.33070815235732576,0.30620222603674907,0.37007699489789353,0.32372077906535746
1061272,2020,M?,1,0.34273618,0.3290054,0.3282584,0.3410756,0.31311005,0.34581435,0.3493843095165949,0.340998274572735,0.3096174159106707,0.3487015712543318,0.3478494121007355,0.3034490166449327,0.3275446612960799,0.3235341996783821,0.34892113902553795,0.32476273716194365,0.32170247761196463,0.3535347852260917
1061336,2020,M?,1,0.39694396,0.4976482,0.1054078,0.30833745,0.51115626,0.18050632,0.352470724808875,0.47104401963770887,0.17648525555341607,0.38626070869195284,0.45000533609386095,0.1637339552141855,0.32615614159568573,0.487156271492666,0.18668758691164822,0.415174030900432,0.4386438932469456,0.14618207585262236
1061365,2020,M?,1,0.29599276,0.56866044,0.1353468,0.3472216,0.4876595,0.16511881,0.3525890976189404,0.43330198010187193,0.21410892227918743,0.3569670104040991,0.42601186211924846,0.2170211274766526,0.3420172754655986,0.5214173924896324,0.13656533204476892,0.34956708785903384,0.522458704750102,0.12797420739086407
1061480,2020,M?,1,0.35658365,0.28385484,0.35956147,0.35508958,0.29993698,0.34497347,0.36550226038702394,0.2959839059381771,0.3385138336747991,0.37306057294781025,0.297545935725102,0.3293934913270878,0.3197312065952655,0.30650288967536593,0.37376590372936863,0.31547703513002606,0.3039638841511129,0.38055908071886096
1061484,2020,M?,1,0.48436108,0.3235779,0.19206102,0.4722213,0.32650954,0.20126913,0.4341996909990215,0.33072868953787127,0.23507161946310745,0.43526162311633704,0.33484445385351924,0.229893923030143,0.5124699746990707,0.31942268726025397,0.16810733804067532,0.46060309558765183,0.39065951033285723,0.14873739407949088
1061600,2020,M?,1,0.43384647,0.4059721,0.16018145,0.45018247,0.36392337,0.18589412,0.44008979301945755,0.36913885723109074,0.19077134974945173,0.46096301970538645,0.36559583858659706,0.17344114170801628,0.4366118025330933,0.349883977500596,0.21350421996631078,0.4317467936623201,0.35836104341364333,0.2098921629240367
1062306,2020,M?,1,0.2627274,0.48071074,0.2565619,0.33465078,0.44554198,0.21980728,0.34547035593302267,0.39900067578805143,0.25552896827892596,0.35153184469453325,0.4013884449832931,0.24707971032217377,0.3841793053880049,0.4307623274806977,0.1850583671312974,0.39101871265257204,0.4369391379723814,0.17204214937504658
1062308,2020,M?,1,0.30001444,0.51827633,0.18170923,0.31953642,0.5094749,0.17098871,0.36729456510842595,0.43974764240859704,0.19295779248297715,0.35073086292097677,0.44135879928973865,0.2079103377892842,0.3358209860658419,0.4401745161491701,0.22400449778498807,0.3123905177835687,0.4569997407077319,0.23060974150869928
1062385,2020,M?,1,0.1723503,0.37874734,0.4489023,0.19139424,0.4187256,0.38988015,0.24131880783927764,0.3286293676610467,0.4300518244996756,0.22562281508460147,0.3341434730169845,0.44023371189841415,0.1813275640961111,0.33958040951212115,0.4790920263917678,0.2112242409161559,0.46097912410333086,0.3277966349805132
1062559,2020,M?,1,0.28999043,0.2723866,0.4376229,0.31915998,0.32607824,0.35476175,0.3520492635169663,0.30794722954000203,0.34000350694303183,0.33046159431307387,0.3103978517280641,0.35914055395886135,0.3536441633517878,0.3300000930538538,0.3163557435943584,0.35380547449476735,0.3292148482149144,0.31697967729031823
1062652,2020,M,0,0.49873808,0.43886203,0.06239993,0.5002129,0.3978081,0.10197897,0.5059454991811606,0.3606188770312183,0.13343562378762133,0.5228997115514699,0.35254570176496164,0.12455458668356839,0.4642322940480819,0.4235281468190411,0.11223955913287693,0.4692809912490909,0.4327037983881519,0.0980152103627572
1062821,2020,M?,1,0.2855613,0.5260798,0.18835892,0.28620946,0.51680607,0.19698448,0.3337335237456853,0.45991505998871174,0.20635141626560324,0.3239015148435253,0.46883268793510074,0.2072657972213735,0.2648688808812238,0.5736471884648069,0.1614839306539693,0.2630169267383264,0.5850665790852357,0.1519164941764378
1062851,2020,M?,1,0.42377114,0.45623145,0.11999739,0.42106846,0.43013376,0.14879782,0.38475921338882585,0.43800985067505627,0.17723093593611805,0.39118614474460905,0.44121667121404834,0.167597184041343,0.4062378930085698,0.4319560594157376,0.16180604757569247,0.41100000729212455,0.4276105287317432,0.1613894639761321
1063044,2019,S+D,2,0.4791304,0.22709909,0.2937705,0.422905,0.27609047,0.30100453,0.412102558893883,0.23370614334653825,0.35419129775957914,0.4085512942713755,0.23222311071793006,0.35922559501069484,0.35318119203144605,0.30439025525921265,0.34242855270934136,0.37200674495112623,0.2936742072205898,0.3343190478282839
1063045,2019,M?,1,0.48757234,0.2800987,0.23232894,0.36043006,0.36047065,0.2790993,0.3978734175486875,0.33190928417391335,0.27021729827739954,0.3961476129534076,0.3474470138027983,0.25640537324379425,0.31065747065952853,0.38530642251218317,0.30403610682828835,0.2800500276669138,0.39480804493707444,0.3251419273960118
1063097,2019,M?,1,0.5741218,0.3161576,0.10972064,0.49765843,0.37520912,0.12713243,0.44302162300294134,0.35981559333354607,0.19716278366351248,0.45564465354361805,0.35208147532150896,0.1922738711348729,0.43706276027218416,0.4482683842246266,0.1146688555031893,0.46726834938597295,0.42068253310780096,0.11204911750622606
1063099,2019,M?,1,0.4629893,0.36227608,0.17473462,0.48863083,0.32188183,0.1894873,0.4665614965800513,0.3475300009152391,0.18590850250470964,0.4636412132922064,0.344500807242651,0.19185797946514221,0.47783911150189723,0.336601452838229,0.18555943565987382,0.48625816384430975,0.3321891619169747,0.18155267423871557
1063112,2019,M?,1,0.32813853,0.3145133,0.3573482,0.36810568,0.2952135,0.33668083,0.3179363150493368,0.30821720431670396,0.3738464806339592,0.34225670778001877,0.29184546634027575,0.3658978258797051,0.40778535028064294,0.25390900603826305,0.338305643681094,0.4040010640752216,0.25879524725992964,0.33720368866484884
1063119,2019,M?,1,0.32202446,0.16663985,0.5113357,0.34462422,0.20536117,0.45001465,0.3296503523188481,0.18359410699750295,0.48675554068364923,0.3237699429230891,0.17713922450008326,0.4990908325768279,0.35778948044406855,0.20726921924291392,0.4349413003130176,0.3745923066276361,0.1973164157329608,0.4280912776394031
1063689,2019,M?,1,0.32623982,0.39987642,0.2738838,0.3359525,0.38905305,0.27499446,0.3657301320964209,0.39150047527664744,0.24276939262693212,0.3661235813955154,0.3908451814534668,0.24303123715101807,0.39844074947343516,0.3966264803021712,0.2049327702243936,0.39447550479324844,0.4188058029918723,0.18671869221487927
1063694,2019,M?,1,0.31663993,0.40685377,0.27650627,0.29319265,0.3979972,0.30881009,0.3178216189144177,0.35603069356918016,0.3261476875164026,0.3228641693127104,0.354213259260477,0.3229225714268131,0.28839844288676136,0.37704290450721134,0.3345586526060274,0.27268825677325614,0.3920609369138968,0.3352508063128469
1063695,2019,M?,1,0.371798,0.4404709,0.18773104,0.39451513,0.41791454,0.18757036,0.3472884482993172,0.42434728263550137,0.228364269065182,0.34023899691387477,0.43572085126696664,0.22404015181915818,0.4482662260415457,0.3704771628055796,0.18125661115287467,0.4591205594851279,0.3643363069148608,0.17654313360001136
1063696,2019,M?,1,0.19665653,0.3200029,0.48334053,0.23915099,0.33317822,0.4276708,0.25570067488642045,0.30508165195881376,0.4392176731547663,0.2530534322669942,0.2977364353999232,0.4492101323330824,0.20726755062032487,0.2953655351915437,0.49736691418813145,0.19099007927403522,0.285066315952674,0.5239436047732907
1063705,2019,M?,1,0.44530606,0.2121442,0.34254968,0.44737008,0.23814419,0.31448576,0.43482162303781785,0.2134568051559165,0.3517215718062656,0.4003701694405637,0.21498067766735818,0.3846491528920781,0.48371660740096456,0.23008124418372888,0.28620214841530656,0.517401080888876,0.20907122178983384,0.27352769732129006
1063707,2019,M?,1,0.17626773,0.16438802,0.6593443,0.23573385,0.1902454,0.57402074,0.2337668412811467,0.2897578076130452,0.47647535110580835,0.25780577646910235,0.28384254286630134,0.4583516806645966,0.22194757134827167,0.1775106639706479,0.6005417646810804,0.19496602444339114,0.1619522288637184,0.6430817466928904
1063715,2019,M?,1,0.30367965,0.2755044,0.42081589,0.3106471,0.29655728,0.3927956,0.2772210930861888,0.32053203610949527,0.40224687080431615,0.2691330794124304,0.31376487544913356,0.4171020451384361,0.319155225441597,0.3486471234384475,0.33219765111995553,0.32089529627197344,0.34368026774816024,0.3354244359798662
1063759,2019,M?,1,0.45789614,0.34967545,0.19242845,0.49778646,0.3263534,0.17586009,0.4393886420850269,0.35116711331111017,0.20944424460386302,0.42026473716706975,0.36249954490886105,0.2172357179240689,0.5266102753334307,0.3448301617368579,0.12855956292971135,0.48456110804343866,0.39157537467549514,0.12386351728106616
1063790,2019,M?,1,0.30360794,0.30918464,0.3872074,0.35694948,0.300381,0.34266952,0.3316059379766362,0.33587162834446327,0.33252243367890055,0.32768926726860464,0.3285654484126381,0.34374528431875695,0.3166238578132519,0.3345920010151252,0.3487841411716228,0.28283648001743605,0.39320584003175296,0.3239576799508111
1063877,2019,M,0,0.5549056,0.29754886,0.14754558,0.48895285,0.31309792,0.19794929,0.43731954043706434,0.34070695903546827,0.22197350052746787,0.4354624296789506,0.3365826079584214,0.22795496236262777,0.40300355627728257,0.36476195831826186,0.23223448540445557,0.4047886758691242,0.3530949382529316,0.2421163858779443
1063881,2019,M?,1,0.18831083,0.2667959,0.54489326,0.2006522,0.2521044,0.5472434,0.2365637404571151,0.28876329757258073,0.474672961970304,0.2276646702673341,0.2949338529463712,0.47740147678629424,0.22528271806940545,0.2427829802055155,0.531934301725079,0.23791228154172264,0.24649158732595566,0.5155961311323217
1063893,2019,M?,1,0.45984948,0.36434206,0.17580847,0.4203455,0.33493328,0.24472119,0.4313543269965631,0.3444321672648666,0.22421350573857032,0.4345189915707933,0.3390267122214006,0.22645429620780655,0.4098554911685987,0.33235231110821384,0.2577921977231874,0.42527006000010076,0.31099385121237766,0.2637360887875215
1064699,2019,M?,1,0.32666108,0.4800249,0.19331396,0.37961343,0.4310987,0.18928789,0.3201732536708372,0.45929205170162524,0.22053469462753825,0.3121296302153736,0.47363042856416404,0.2142399412204618,0.4159224634927873,0.3823073947767722,0.2017701417304405,0.42769285722499545,0.3691137932952358,0.20319334947976878
1064717,2019,M?,1,0.27914605,0.35899106,0.36186293,0.33331692,0.36764845,0.29903463,0.3329312080730438,0.34269414110188656,0.3243746508250695,0.323928288423172,0.3450558644247708,0.331015847152057,0.42120767409857396,0.3419783225991784,0.23681400330224767,0.4343999762946379,0.3467158238266003,0.2188841998787617
1064718,2019,M?,1,0.51702887,0.36829028,0.11468084,0.44766036,0.39794314,0.1543965,0.44276219661736976,0.374186902653534,0.1830509007290965,0.4325319725883853,0.3895641833000336,0.17790384411158056,0.4057161183343425,0.4471509318643353,0.14713294980132227,0.44467106459200006,0.41291648871421344,0.14241244669378647
1064739,2019,M?,1,0.31867883,0.42786917,0.253452,0.35220966,0.3656742,0.28211617,0.39389977361985457,0.3807771890132582,0.22532303736688752,0.3775761149111686,0.40361868552718094,0.21880519956165045,0.27686740804264354,0.4091707937133666,0.3139617982439898,0.26454890683443794,0.4244290270098737,0.3110220661556883
1064740,2019,M?,1,0.5230564,0.35343117,0.123512454,0.47477272,0.3408812,0.18434608,0.41078967248572407,0.3569251453998355,0.23228518211444057,0.42675583670198686,0.37167580650517323,0.20156835679283971,0.48042349504136406,0.36550626991122903,0.15407023504740697,0.5126242790129859,0.322431352058256,0.16494436892875805
1064762,2019,M?,1,0.36239073,0.46888608,0.16872326,0.3877497,0.4359833,0.17626707,0.33882481860127334,0.45801775030310377,0.20315743109562354,0.3346886478427093,0.45860824262783473,0.20670310952945606,0.4496540002925846,0.3816121932153468,0.16873380649206865,0.46633768363171973,0.3779474529296274,0.15571486343865293
1064774,2019,M?,1,0.37871715,0.44318342,0.17809938,0.40345588,0.38354164,0.21300244,0.3929633594538523,0.3901922288189448,0.21684441172720295,0.4114838965042385,0.38143595543162717,0.20708014806413413,0.37675252104301055,0.4269481374114387,0.19629934154555062,0.3832464264153352,0.4210481976801244,0.19570537590454037
1065598,2019,M?,1,0.32879826,0.41158783,0.25961393,0.32563874,0.40071708,0.27364424,0.34705657055400835,0.3772746777517724,0.2756687516942193,0.34970595242756675,0.38641620363917767,0.26387784393325486,0.37424639268091187,0.36158735126350705,0.26416625605558114,0.3581204517769634,0.37817783773057506,0.26370171049246155
1065641,2019,M?,1,0.3812764,0.4466325,0.17209105,0.40239322,0.41531685,0.18228991,0.3740097135538864,0.4304407882917924,0.19554949815432163,0.369711426971383,0.429043649173162,0.20124492385545475,0.4252931241561337,0.39046278016409447,0.18424409567977182,0.4034639811142244,0.41620172808766914,0.18033429079810653
1066932,2020,M?,1,0.31538856,0.6018846,0.0827268,0.40411535,0.4884764,0.10740828,0.36743187906921176,0.49428182972268336,0.13828629120810512,0.36075392195693334,0.5047891132506109,0.13445696479245553,0.4553314404792716,0.4577363820836785,0.08693217743704995,0.44223445176752607,0.4779042145219744,0.07986133371049943
1067758,2020,M,0,0.45959046,0.42300054,0.117409006,0.4393749,0.42820865,0.13241647,0.4484531352774703,0.38508276630293864,0.16646409841959092,0.45470419719375804,0.38820626439437417,0.15708953841186796,0.439232078153213,0.45728458747326883,0.10348333437351812,0.3616669231601199,0.5476383616863747,0.09069471515350544
1066951,2020,M?,1,0.24775322,0.39623523,0.35601157,0.25475135,0.3729767,0.37227198,0.35641401363344555,0.3450063749332274,0.298579611433327,0.3451492865233412,0.3558337903126611,0.2990169231639968,0.3118107148025653,0.3889302173413924,0.29925906785604245,0.3046524532864041,0.4030497127076983,0.29229783400589765
1067015,2020,M?,1,0.45078486,0.45776057,0.091454536,0.45517644,0.41100818,0.13381538,0.40722190275568604,0.4205961632687832,0.17218193397553108,0.3941215014762635,0.4306114338699843,0.17526706465375255,0.4014035225210753,0.4666065469331634,0.1319899305457613,0.4046008908347119,0.44745411726700873,0.14794499189827925
1067046,2020,M,0,0.380569,0.36952844,0.24990255,0.3656373,0.38400534,0.2503574,0.3791348812546065,0.3705747083060755,0.2502904104393185,0.386603771783874,0.36223964019666144,0.2511565880194642,0.41449430787808367,0.3989220163476342,0.18658367577428214,0.3746275790989411,0.43066031768823015,0.19471210321282872
1067077,2020,M?,1,0.4118461,0.47744444,0.11070952,0.42675972,0.4483673,0.12487302,0.4268888948834936,0.4115185893632198,0.1615925157532869,0.43657478595705107,0.4031463409276477,0.16027887311530087,0.4250735895501037,0.49305854341812017,0.08186786703177622,0.38549360450722814,0.5323662924825183,0.08214010301025354
1067093,2020,M?,1,0.43930563,0.36947775,0.19121659,0.45938867,0.35164994,0.1889614,0.41000256068616275,0.3790249993658551,0.2109724399479824,0.42132780812745296,0.3689219266099031,0.20975026526264384,0.45787065528366006,0.3531184339606617,0.1890109107556782,0.5205144135390142,0.301674724710138,0.1778108617508479
1067226,2020,M?,1,0.35247016,0.4606574,0.18687248,0.32440555,0.42160174,0.25399268,0.35029555385353595,0.4104554756623179,0.23924897048414617,0.34919904183077605,0.41143130227974084,0.23936965588948325,0.3311626678399998,0.48739925834298164,0.18143807381701865,0.3545629034621602,0.467126441668682,0.17831065486915781
1067336,2020,M?,1,0.4123211,0.4332817,0.1543972,0.41993812,0.4155385,0.16452345,0.37361277126737336,0.42997677058441675,0.19641045814820907,0.38047789198675297,0.4396939337680577,0.17982817424518902,0.46529636539226016,0.39124979774639995,0.14345383686133975,0.39434797564745017,0.4694948240719039,0.13615720028064587
1067426,2020,M,0,0.2468237,0.5230489,0.23012744,0.28919005,0.5233807,0.18742926,0.3008656491321567,0.4419487962351009,0.2571855546327425,0.30994232917352277,0.4421081631421466,0.24794950768433066,0.3030079895726961,0.5341472650580508,0.1628447453692532,0.31443888607051806,0.5175747183461389,0.1679863955833431
1067471,2020,M,0,0.22237132,0.6629484,0.11468026,0.3305276,0.51516855,0.15430385,0.3036979705976482,0.5248803352739161,0.17142169412843575,0.29712313596801326,0.5507239234413513,0.15215294059063564,0.37127508517531815,0.40637098242589004,0.22235393239879178,0.319342592185765,0.5859095126140813,0.09474789520015368
1067591,2020,M,0,0.35432908,0.4583038,0.1873671,0.36564445,0.4102401,0.22411537,0.34676663602666413,0.4111501389697095,0.24208322500362744,0.3603723961152025,0.4171720594159454,0.22245554446885182,0.3592727008009412,0.4427642538706669,0.1979630453283919,0.3587043112692823,0.4606423991451665,0.1806532895855511
1067594,2020,M?,1,0.3789801,0.38046503,0.2405549,0.48013997,0.32413223,0.19572785,0.42348634610073527,0.29695021249908493,0.2795634414001797,0.43483489982878754,0.30637377234325014,0.2587913278279627,0.5738789669328238,0.24760507029048404,0.1785159627766923,0.7035330006711547,0.16345100710843838,0.13301599222040686
1067872,2020,M,0,0.2661567,0.4010757,0.33276758,0.22293626,0.39527425,0.38178954,0.27527691442271546,0.3686549160190437,0.35606816955824094,0.2794627460758544,0.37300389875101586,0.34753335517312983,0.20440135055179595,0.37384420324874557,0.4217544461994585,0.20225861772387174,0.3738794052723644,0.4238619770037638
1078070,2020,M,0,0.19622187,0.46479428,0.3389838,0.2578011,0.4640954,0.27810344,0.2611400103739892,0.37914250997782584,0.35971747964818496,0.2628086476729922,0.3756537546549156,0.36153759767209154,0.29405168240755364,0.44586474943084387,0.2600835681616026,0.313090782031938,0.3804109327238669,0.3064982852441952
1078525,2020,M?,1,0.3905761,0.38893667,0.22048724,0.44174483,0.3537939,0.20446129,0.3958035091219982,0.3629464605472491,0.24125003033075199,0.3875727884732976,0.3890222759395403,0.22340493558716165,0.44556943169395136,0.32119168472694465,0.2332388835791039,0.41569396120495283,0.33746231363802326,0.24684372515702382
1080008,2019,M?,1,0.34212393,0.17146814,0.48640794,0.34842873,0.15324725,0.49832407,0.35130590043001253,0.1740620974730041,0.4746320020969834,0.3661833269881938,0.1545250275155247,0.4792916454962816,0.38069551674176855,0.13686431781600364,0.4824401654422278,0.3694362770329492,0.11419642268757868,0.5163673002794721
1080139,2020,M?,1,0.33586726,0.5338863,0.1302464,0.349212,0.51280344,0.13798459,0.33525928432453894,0.4309149558647745,0.23382575981068665,0.3287446949846336,0.4398535596960557,0.23140174531931024,0.2996715526220833,0.5843433808618957,0.11598506651602093,0.24853600688068145,0.6337714472111068,0.1176925459082118
1080152,2020,M?,1,0.45157048,0.42855626,0.11987325,0.43874928,0.41736746,0.14388329,0.39768601828977396,0.43247883605246323,0.16983514565776286,0.40761294924083197,0.42339182356879307,0.16899522719037474,0.4511925751801606,0.40170233307701003,0.14710509174282943,0.4876078411013556,0.3463017945778589,0.16609036432078564
1080154,2020,M?,1,0.39406964,0.38755992,0.21837047,0.42799044,0.37031755,0.20169206,0.39879541701990695,0.3709715504170936,0.23023303256299868,0.39989492214295075,0.39425327642187225,0.20585180143517687,0.4123627129448125,0.37074899013891305,0.2168882969162745,0.4212757180128531,0.3451295599591004,0.23359472202804651
1080378,2020,M?,1,0.35657194,0.53545856,0.10796947,0.36325848,0.51577747,0.120964035,0.3500229551269774,0.4824560070569985,0.1675210378160244,0.35931166278035304,0.4706246246827628,0.1700637125368841,0.40616587564543916,0.46838412034255783,0.12545000401200296,0.4421501300259458,0.4179868357113185,0.13986303426273572
1080476,2020,M?,1,0.23639955,0.59583735,0.16776307,0.31193203,0.44176033,0.24630764,0.32851405467252104,0.3989938404130201,0.2724921049144596,0.3428398426702033,0.39849113170189837,0.25866902562789856,0.31321069361704174,0.4918285030678399,0.19496080331511853,0.2393675471155868,0.5974773301112647,0.16315512277314848
1080515,2020,M?,1,0.21580994,0.43110082,0.35308927,0.30308267,0.4907629,0.20615447,0.3471921956537081,0.43808724984638786,0.2147205544999039,0.3469590485637837,0.42622422875878585,0.2268167226774304,0.3460545809459893,0.5202177135818674,0.13372770547214324,0.35128334609410405,0.4999670850423301,0.14874956886356563
1081044,2020,M?,1,0.33868837,0.36763188,0.29367974,0.4002061,0.32829675,0.2714972,0.3774021833591547,0.35708143292340877,0.2655163837174366,0.37993733024113474,0.3491515134156035,0.2709111563432616,0.3388175152638376,0.29872373109955036,0.3624587536366122,0.32417707747240754,0.22427105097046318,0.4515518715571294
1080633,2020,M?,1,0.42306286,0.42726704,0.14967015,0.4024788,0.43404913,0.16347204,0.34883192282302955,0.3836740872891826,0.2674939898877883,0.36260220274330124,0.3925267311306462,0.24487106612605275,0.35201824515735863,0.5001678061050274,0.14781394873761394,0.3636938495476616,0.5028711086119645,0.1334350418403739
1080691,2020,M,0,0.21107656,0.36486885,0.4240546,0.19784786,0.37662113,0.42553097,0.24553945758443976,0.35709074546782427,0.3973697969477364,0.24801796686826805,0.3470399491491045,0.40494208398262704,0.21794965890066298,0.39123008282909894,0.3908202582702381,0.20477589848338232,0.4317444343461008,0.3634796671705169
1080730,2020,M,0,0.26762074,0.4616256,0.27075362,0.31637225,0.37083387,0.31279382,0.3418450184628647,0.38564038616261537,0.2725145953745198,0.34721383794467414,0.3759863659719774,0.27679979608334876,0.2673021598383936,0.3516531942792645,0.3810446458823418,0.26958586530516837,0.33615817706821094,0.3942559576266207
1080862,2020,M,0,0.39352763,0.404191,0.20228136,0.41203523,0.38985333,0.19811147,0.3953161933508948,0.3818707476821253,0.22281305896697948,0.39686843281175355,0.36851680085141586,0.23461476633683057,0.3744519763232605,0.3998292094999492,0.2257188141767903,0.3840046121418425,0.35097694792909073,0.2650184399290668
1080900,2020,M?,1,0.42982954,0.37754,0.19263048,0.44392475,0.3381913,0.21788393,0.4084654355367132,0.3653250068005059,0.22620955766278103,0.4182545671021377,0.35900203751005805,0.2227433953878045,0.42906961864248006,0.3509529723631581,0.21997740899436177,0.4393915436365469,0.3530882273885729,0.20752022897488018
1080934,2020,M?,1,0.3199194,0.5310695,0.14901114,0.35805428,0.46596724,0.17597844,0.34112463519873415,0.4777565837192515,0.18111878108201443,0.34042665125259974,0.4871858531142045,0.172387495633196,0.39604458411417404,0.433142787969606,0.17081262791622004,0.40748666545788803,0.422185227422337,0.17032810711977506
1080983,2020,M,0,0.39036644,0.32326168,0.28637192,0.38300088,0.342771,0.27422816,0.40849300768049573,0.31342950644693157,0.2780774858725727,0.413193894995154,0.30604053876874315,0.2807655662361029,0.388836638794872,0.37282853148424183,0.23833482972088624,0.3891937168137571,0.37281989681609606,0.23798638637014682
1080987,2020,M?,1,0.34415865,0.4283992,0.22744222,0.39924088,0.39448482,0.20627427,0.38321617863009333,0.4002721826768284,0.21651163869307755,0.3776526176005627,0.40673065378715845,0.2156167286122786,0.404165604758086,0.37390868679746486,0.2219257084444491,0.4227742888159002,0.3229101582978693,0.25431555288623064
1081345,2020,M?,1,0.358996,0.32316235,0.31784162,0.35266384,0.31266847,0.3346677,0.3591263517057828,0.30437522937957745,0.3364984189146402,0.3602814062733829,0.31275738998839897,0.3269612037382184,0.3070553667902947,0.37799370889975914,0.314950924309946,0.3036533356144064,0.39904695561390474,0.2972997087716888
1081355,2020,M?,1,0.3621981,0.3846305,0.25317138,0.3871679,0.3973117,0.21552041,0.3574623366837697,0.3711127539949151,0.27142490932131524,0.3512949090856171,0.38370994502484707,0.26499514588953627,0.38659320647084616,0.40954806319123954,0.20385873033791438,0.37048816930599,0.3748453276083646,0.25466650308564553
1081359,2020,M?,1,0.27297047,0.4616214,0.2654081,0.22364146,0.37017804,0.40618056,0.25317360349449514,0.330558584217581,0.41626781228792437,0.2584494295327629,0.34499898451126254,0.3965515859559744,0.17173010837562544,0.3069085459410749,0.5213613456832997,0.17982787592388447,0.31712934995575104,0.5030427741203646
1081360,2020,M?,1,0.3031286,0.4570884,0.23978303,0.30508265,0.43345323,0.26146412,0.31734427529229803,0.43576216892031194,0.24689355578739022,0.3137454234545416,0.44614518593979474,0.24010939060566297,0.27814650109966965,0.4709224327058627,0.2509310661944677,0.274898277839431,0.47751197076941054,0.2475897513911585
1081373,2020,M?,1,0.36031315,0.45279256,0.18689425,0.32333502,0.44317636,0.23348865,0.34199333474281285,0.42510145548885353,0.2329052097683338,0.3575679985635321,0.42823678373102175,0.21419521770544553,0.33585374181364525,0.4242263726398114,0.2399198855465433,0.36265683425827766,0.38349251437921766,0.2538506513625047
1081376,2020,M?,1,0.28421506,0.33740357,0.3783814,0.273066,0.34778267,0.3791513,0.3396551945629387,0.34984785224301884,0.31049695319404275,0.354201230422811,0.3283257141119295,0.31747305546525945,0.2764611847602174,0.44214242373718465,0.281396391502598,0.27765042272917223,0.40869606960757193,0.3136535076632558
1081394,2020,M?,1,0.4348727,0.36841726,0.19671002,0.43702647,0.3702438,0.19272968,0.408546262097649,0.3736000560449627,0.2178536818573882,0.41108283317005706,0.37650813709662306,0.21240902973331974,0.45895571788924616,0.3748466524590819,0.16619762965167192,0.4683153535629084,0.37574086683385155,0.15594377960324016
1081427,2020,M?,1,0.56476545,0.35089985,0.08433472,0.5083483,0.3831921,0.10845963,0.47486501974655776,0.3827436145293738,0.1423913657240686,0.486974747533651,0.37015337000122017,0.1428718824651286,0.46938284418415105,0.413887267472967,0.11672988834288195,0.49551222057296,0.3910464953992853,0.11344128402775475
1081439,2020,M?,1,0.4730402,0.27082545,0.25613436,0.3998875,0.30903625,0.2910762,0.37025440462145803,0.3476751659835921,0.28207042939495003,0.37426670992371996,0.35255858780640914,0.2731747022698705,0.34876535537854814,0.3468478728790176,0.30438677174243434,0.33385707121616504,0.34807979549754475,0.3180631332862902
1081528,2020,M?,1,0.4028938,0.4039589,0.19314729,0.35874146,0.38369069,0.25756782,0.40702719183539365,0.3868891933291961,0.20608361483541063,0.4041821167024828,0.3832871608556991,0.21253072244181825,0.34222243258132573,0.4252983178344555,0.2324792495842187,0.34682457359723146,0.4182473065023963,0.23492811990037224
1081669,2020,M?,1,0.28900093,0.43453997,0.27645913,0.3015298,0.37107512,0.32739508,0.36078097357764977,0.36851900048187575,0.27070002594047454,0.3670713316619805,0.37021310974319277,0.26271555859482704,0.3194287790169027,0.3771779349097578,0.30339328607333954,0.27245152293101776,0.4250609516560971,0.30248752541288504
1081693,2020,M?,1,0.14803028,0.3768148,0.47515497,0.19073968,0.37062806,0.43863228,0.2534765992714115,0.3372553776332337,0.4092680230953546,0.25069465933944945,0.34386545773515037,0.40543988292540023,0.15463601564049628,0.27314951851508296,0.5722144658444207,0.15763165856022862,0.34782834912933014,0.4945399923104413
1081834,2020,M,0,0.35664034,0.45240453,0.19095518,0.34407988,0.4478437,0.20807642,0.32025732907440474,0.4135773843259075,0.2661652865996871,0.3182591810878833,0.42796622343697477,0.2537745954751418,0.35665626514834364,0.4678034099085828,0.17554032494307345,0.3637585702598434,0.45295070402181103,0.1832907257183455
1082000,2020,S+D,2,0.29320833,0.3794477,0.32734397,0.29762203,0.3608533,0.3415247,0.34639641138850097,0.38157238718265757,0.27203120142884135,0.34811328023713173,0.3843231999001031,0.26756351986276516,0.2747091865941917,0.36134826754525684,0.36394254586055147,0.25302998934528415,0.36017103385640786,0.386798976798308
1082030,2020,M?,1,0.3908455,0.41184533,0.19730917,0.38922253,0.37571162,0.23506583,0.3966591677156656,0.39370056503797285,0.20964026724636156,0.3962503207694356,0.3667035315548602,0.23704614767570412,0.4022122953070491,0.3686346024604065,0.22915310223254443,0.3994407136878644,0.37104126851180896,0.2295180178003268
1082037,2020,M?,1,0.2782044,0.3990006,0.32279494,0.27979925,0.38194054,0.33826023,0.304413485825187,0.42951903234222744,0.26606748183258533,0.30013672927160767,0.4524651410677377,0.24739812966065422,0.25244054062640986,0.3811693589543199,0.36639010041927034,0.24092527284781526,0.3833020488736385,0.37577267827854627
1082262,2020,M?,1,0.36985928,0.42530307,0.20483762,0.22560155,0.44337156,0.33102688,0.30994542259110547,0.3798876421701773,0.3101669352387176,0.3219325542967255,0.39036242941856825,0.2877050162847068,0.19941716331663437,0.35961962542759845,0.44096321125576726,0.27497450257036843,0.3262415035401306,0.3987839938895009
1082268,2020,M?,1,0.38442093,0.49559152,0.119987495,0.42512387,0.4152464,0.15962976,0.3970246924291208,0.42649494520998615,0.17648036236089246,0.39481367229386627,0.43346133873607395,0.17172498897005967,0.43044888089114436,0.3988111556782282,0.17073996343062733,0.44988040706317806,0.3573584688179072,0.19276112411891472
1082287,2020,S+D,2,0.26420224,0.24109934,0.49469835,0.38065746,0.32106757,0.298275,0.3613994053873537,0.2932833215061004,0.3453172731065455,0.377764374640455,0.2974750019640068,0.3247606233955388,0.4304170695958721,0.32684665558857084,0.24273627481555693,0.30660042109420915,0.2798063510913735,0.4135932278144173
1082313,2020,M?,1,0.15191889,0.43193054,0.41615057,0.16119696,0.42732245,0.41148064,0.20683688353579677,0.34566342515073545,0.4474996913134678,0.21270298915992167,0.35054079103526237,0.4367562198048165,0.19160438449306813,0.4384965983976166,0.3698990171093153,0.1837281907199673,0.495594464810849,0.32067734446918367
1082354,2020,M?,1,0.40516472,0.35514277,0.23969248,0.27236184,0.47480485,0.25283328,0.34534787957147434,0.4081445714922286,0.24650754893629773,0.339617467157186,0.4224997930553205,0.23788273978749302,0.2407769220766056,0.5574458604795501,0.20177721744384422,0.23282785071420628,0.5587830967980278,0.20838905248776585
1082371,2020,M?,1,0.2353761,0.42033222,0.34429172,0.2473941,0.33185863,0.4207473,0.2851774967967566,0.2953340845423415,0.41948841866090164,0.28407414936614805,0.2962455452516483,0.4196803053822037,0.22021665470792515,0.4287693538643121,0.35101399142776285,0.2150966999437011,0.5148683327860342,0.2700349672702648
1082737,2020,M?,1,0.30664808,0.3585702,0.33478174,0.33420396,0.37078622,0.29500985,0.3372575697049595,0.36900134735391726,0.29374108294112367,0.3331824074063455,0.3738450753301158,0.2929725172635384,0.3909597543212067,0.36259163006070827,0.24644861561808495,0.3723792580941837,0.3822016596091462,0.24541908229667003
1082773,2020,M?,1,0.14371794,0.26536775,0.5909143,0.26310697,0.22271132,0.5141817,0.23308062872668964,0.2035959768420263,0.5633233944312841,0.22203310453023362,0.22278996353832997,0.5551769319314362,0.41818505581813575,0.1891890130098954,0.39262593117196887,0.38538410841575516,0.18584266190171586,0.42877322968252896
1082819,2020,M?,1,0.3361654,0.47080487,0.19302979,0.31472844,0.438011,0.24726051,0.3466831034849178,0.4142912429137937,0.23902565360128827,0.3438149041104876,0.42637571133327934,0.22980938455623312,0.3427791076298428,0.3959087564620662,0.2613121359080909,0.3257129524713927,0.39607562377272887,0.27821142375587843
1082863,2020,M?,1,0.31269535,0.31648067,0.37082398,0.33376214,0.3370761,0.32916173,0.33909317652363447,0.3221873721227526,0.33871945135361337,0.33055286307765863,0.3264434675451835,0.3430036693771573,0.36101839440456523,0.3725996174557558,0.266381988139679,0.35758551807002625,0.3663806438758929,0.2760338380540809
1082883,2020,M?,1,0.48313767,0.39217597,0.12468635,0.4609797,0.37844175,0.1605785,0.4144572398347655,0.3911033263321941,0.19443943383304046,0.433263517877632,0.38937056677644316,0.17736591534592472,0.4143069749815555,0.4222761409381837,0.16341688408026073,0.4137634877378904,0.43814577296719864,0.14809073929491082
1082987,2020,M?,1,0.3181097,0.55341953,0.12847073,0.33424196,0.5127099,0.15304816,0.3515374052554677,0.4523304632235541,0.19613213152097825,0.3513888113402805,0.4795673673592303,0.16904382130048898,0.3094946371322565,0.5245630848845483,0.16594227798319522,0.3072386943733806,0.5505275341043523,0.14223377152226713
1083009,2020,M?,1,0.15506482,0.39327955,0.45165563,0.17209731,0.3447843,0.48311844,0.1975757986790947,0.3205514527901012,0.48187274853080353,0.17923344000396288,0.31849069379162115,0.5022758662044156,0.21996017948689287,0.3066794649099491,0.4733603556031579,0.19896996566336303,0.29272452182451486,0.5083055125121221
1083219,2019,M?,1,0.29458517,0.37057015,0.3348447,0.28615266,0.34198612,0.3718612,0.3580777333168197,0.3428367785215843,0.299085488161596,0.3511897519213539,0.34143544671552317,0.3073748013631218,0.31686008915069097,0.32654911586367646,0.3565907949856326,0.31444593557427775,0.32408419070203476,0.3614698737236874
1083600,2020,M?,1,0.43515953,0.35819352,0.20664693,0.3942699,0.37772566,0.22800441,0.36378492685181657,0.3672274844589946,0.26898758868918893,0.34881713861091035,0.3726020133492498,0.2785808480398397,0.3831425387423043,0.42268839496856003,0.1941690662891357,0.37363833695754983,0.45310064629090835,0.17326101675154176
1089600,2020,M?,1,0.2974553,0.25196466,0.45058003,0.335776,0.29846373,0.36576027,0.3149940018004698,0.2940963528536627,0.39090964534586714,0.3026668547250405,0.29178223348050625,0.4055509117944529,0.3905489782582496,0.3026820792870718,0.3067689424546785,0.3956781801856955,0.332268989388562,0.2720528304257426
1089607,2020,M,0,0.3480838,0.503691,0.14822522,0.35185838,0.4814367,0.16670495,0.33507717460895164,0.4547522080866321,0.2101706173044161,0.31996084844416856,0.4717620728943182,0.20827707866151335,0.35686724242872725,0.46562206600214745,0.17751069156912533,0.37753649008277257,0.45722971463049045,0.16523379528673704
1089612,2020,M?,1,0.31860867,0.26467392,0.4167174,0.33561674,0.29775134,0.3666319,0.320881473236244,0.3010418094316559,0.3780767173321004,0.30385771356759333,0.31392929459313146,0.38221299183927465,0.3838199531580375,0.3062007331735472,0.30997931366841536,0.4008818883060366,0.3076270051855271,0.2914911065084363
1087163,2020,M?,1,0.5046113,0.3060634,0.1893253,0.46002907,0.31562218,0.22434868,0.4368750768962517,0.3492689070487609,0.21385601605498789,0.4392839955495653,0.3461944947306154,0.2145215097198195,0.4679007684275787,0.35729783894842676,0.1748013926239945,0.45306331645666115,0.4066568686760371,0.1402798148673018
1087215,2020,M?,1,0.29596058,0.24550965,0.45852977,0.3140169,0.24194951,0.4440336,0.2990968007484842,0.22688266490884235,0.47402053434267366,0.3061342915465719,0.2312044483885698,0.4626612600648584,0.27749647354040097,0.20515226636800846,0.5173512600915905,0.24502733186672127,0.2182680950472305,0.5367045730860482
1087516,2020,M?,1,0.13373639,0.26272714,0.6035365,0.1450777,0.32247597,0.5324463,0.20295689519293636,0.30086635258400224,0.49617675222306135,0.19394042679929768,0.3070049155123619,0.49905465768834034,0.15364034510412675,0.2644218377590944,0.5819378171367788,0.23311770347815192,0.3397857553622904,0.42709654115955764
1087566,2020,M?,1,0.29424432,0.49404317,0.21171252,0.32113668,0.45522046,0.22364278,0.3214858795101922,0.39783756018460004,0.28067656030520755,0.3304596502197496,0.41896217945204633,0.2505781703282038,0.29378366656791544,0.4991921867436472,0.20702414668843733,0.26595552553839086,0.5434131891403635,0.19063128532124568
1087802,2019,M?,1,0.5517725,0.3830165,0.065211035,0.5647483,0.3372496,0.098002106,0.5233949572062425,0.3486885695037616,0.12791647328999614,0.5421771425633881,0.33756595578055565,0.12025690165605583,0.48916700201832203,0.3986633093478959,0.11216968863378218,0.4955038034194599,0.4069970291201467,0.09749916746039339
1087918,2020,M,0,0.13486236,0.2948761,0.57026154,0.17895803,0.24892753,0.5721144,0.2553298851632214,0.3092566128734299,0.4354135019633487,0.2605752828425708,0.30565534300801284,0.43376937414941613,0.11626008316538405,0.14931624306365401,0.734423673770962,0.1169424191748811,0.14642239567197923,0.7366351851531396
1088017,2020,S+D,2,0.39209297,0.24488968,0.36301732,0.40585196,0.262392,0.33175606,0.3847094225360311,0.2510155660534337,0.36427501141053503,0.3669582218598999,0.24881718664037247,0.3842245914997276,0.46824921314667733,0.2239268431612687,0.307823943692054,0.48184204075641757,0.22128736489253473,0.2968705943510477
1088078,2020,M?,1,0.39514664,0.26799816,0.3368552,0.40613583,0.21490668,0.3789575,0.37125206402518673,0.2439455571967179,0.38480237877809537,0.3636750066152792,0.2571265186533767,0.3791984747313446,0.3535754270451596,0.20187787626433656,0.44454669669050384,0.3533092788503769,0.2217839658851211,0.4249067552645021
1088203,2020,S+D,2,0.28870103,0.42932242,0.28197652,0.3171415,0.39024982,0.29260868,0.32966012562617625,0.36985106788164485,0.3004888064921788,0.329165076080784,0.38276681019936104,0.2880681137198544,0.37347052049757234,0.37936439364085683,0.24716508586157082,0.31768812734886287,0.46905064145130226,0.21326123119983484
1088216,2020,M?,1,0.33357224,0.45387876,0.21254899,0.38547885,0.41223,0.20229116,0.334624380147843,0.3955000795690111,0.2698755402831458,0.3380143562616202,0.4150498060675518,0.24693583767082777,0.34605319486285013,0.46054318334657895,0.193403621790571,0.320779922708388,0.4838600806336479,0.19535999665796405
1088232,2020,M,0,0.2805252,0.14299867,0.57647616,0.3409992,0.16244605,0.49655473,0.3072495696175819,0.17153498104819906,0.521215449334219,0.28319125747363555,0.17286259528136083,0.5439461472450027,0.2829858680568395,0.17271924862043495,0.5442948833227255,0.2491437640185944,0.1572593724478392,0.5935968635335663
1088301,2020,M?,1,0.15092905,0.34643728,0.5026337,0.18980677,0.2972653,0.51292795,0.1904878087644068,0.32057932471658906,0.4889328665190038,0.16291252051827446,0.31998746319864946,0.5171000162830763,0.22041910298865722,0.2675404758293017,0.5120404211820412,0.20936620105216522,0.261669148752457,0.5289646501953778
1088412,2020,M?,1,0.34104902,0.35478398,0.30416703,0.35960448,0.34948844,0.29090708,0.37400351193487497,0.3269472100200121,0.29904927804511305,0.3673833407469196,0.33900438379780623,0.2936122754552746,0.36298865837064853,0.3439732687790698,0.29303807285028166,0.324623016819923,0.33545044326301404,0.3399265399170629
1088488,2020,M?,1,0.2938661,0.53500956,0.17112434,0.31605947,0.49485466,0.18908593,0.33992789705050597,0.444674484892939,0.21539761805655494,0.3428735779562574,0.4352619859283564,0.22186443611538617,0.3432665514975377,0.49707295578110267,0.15966049272135951,0.36383769790779724,0.4728928093428471,0.16326949274935568
1088511,2020,M?,1,0.16533798,0.27496845,0.5596936,0.19314474,0.2726426,0.53421265,0.18337370605960748,0.2776067618117882,0.5390195321286047,0.16515615709433681,0.27439682271406574,0.5604470201915968,0.2123657598648635,0.24259428808505182,0.5450399520500847,0.1907301551567626,0.2478773965922082,0.5613924482510292
1088514,2020,M?,1,0.25591782,0.35429108,0.38979116,0.29025027,0.35756153,0.35218817,0.3260001813592833,0.3707557871144166,0.3032440315262997,0.3239270067226091,0.36450742737755476,0.3115655658998364,0.27130307903970785,0.3451608731628575,0.3835360477974347,0.24413068463237544,0.36281012963000175,0.3930591857376228
1088532,2021,M?,1,0.2678155,0.3590997,0.37308475,0.2742991,0.38021418,0.34548673,0.29781644097038634,0.35404874601851616,0.34813481301109755,0.2982163407073961,0.3361717918767089,0.3656118674158946,0.24458590554123508,0.3898169602660211,0.3655971341927438,0.23591451111191658,0.38380378344119304,0.3802817054468904
1089635,2020,M?,1,0.36464873,0.49000028,0.14535102,0.35705692,0.47466514,0.16827795,0.3476078847531801,0.44054954960301623,0.21184256564380372,0.33330472486894486,0.4491843943001628,0.21751088083089262,0.3832929353276656,0.40600206851331244,0.21070499615902205,0.41277666026406645,0.38349081622125636,0.20373252351467716
1089653,2020,M,0,0.2859095,0.5592271,0.15486334,0.30725816,0.5165387,0.17620318,0.34021121930135534,0.45787455734545573,0.20191422335318912,0.3317137513092152,0.46222456400210077,0.20606168468868444,0.3049125116637402,0.4954114692739197,0.1996760190623399,0.3043804851137485,0.5219211091913287,0.17369840569492265
1089969,2020,M?,1,0.129277,0.48686042,0.38386256,0.15074916,0.43409643,0.4151544,0.18146850091326558,0.366757050927178,0.45177444815955664,0.16236660128301883,0.3679292700892461,0.4697041286277349,0.17378193767246808,0.414167018191939,0.41205104413559296,0.1466208432266756,0.49003114589693286,0.36334801087639157
1090075,2020,M?,1,0.4368081,0.32771719,0.2354747,0.45080537,0.33583358,0.2133611,0.39603297879817834,0.3671148604172117,0.2368521607846104,0.4005454777590647,0.36060069288350044,0.23885382935743496,0.4523896461608534,0.29638676273199216,0.25122359110715425,0.48440577042138777,0.28735403449856095,0.22824019508005114
1090184,2020,M?,1,0.1574992,0.7772566,0.06524416,0.20363884,0.6822449,0.1141163,0.27571298721531473,0.5294436481488716,0.194843364635814,0.27729266141691267,0.5394642160424236,0.18324312254066372,0.21697099460357053,0.6604211007147301,0.12260790468169926,0.19119870129632896,0.73463216778591,0.07416913091776119
1090371,2020,M?,1,0.3902674,0.4678242,0.14190842,0.4199016,0.44075745,0.13934094,0.3841617337926574,0.41862835688801947,0.1972099093193234,0.37681788563527285,0.4353500370710039,0.18783207729372337,0.4433466375094389,0.4140185278683442,0.1426348346222169,0.49266478368590927,0.3668859935102811,0.14044922280380973
1090390,2020,M,0,0.25993842,0.40249217,0.33756942,0.30078718,0.36130732,0.33790547,0.31524665921582273,0.35910934975501363,0.32564399102916375,0.31376255085914834,0.3643848836791188,0.3218525654617323,0.3495774203923747,0.35731067755248014,0.2931119020551451,0.34920286631820124,0.3786838133111128,0.27211332037068603
1090392,2020,M?,1,0.50283027,0.29524732,0.20192239,0.40444696,0.3504467,0.24510634,0.42525559955619674,0.34227040044321205,0.23247400000059218,0.40367425521601935,0.3514872018306125,0.24483854295336824,0.44616540030934604,0.35777252654412894,0.19606207314652493,0.4521099833260524,0.36582963211890857,0.1820603845550391
1090500,2020,M?,1,0.23077263,0.32147947,0.44774795,0.29160511,0.3019392,0.40645573,0.27105368862798107,0.34496654244370856,0.3839797689283109,0.27174388527208776,0.3457468691015329,0.38250924562637884,0.3150263562609086,0.2709014234189144,0.41407222032017715,0.3106684962379709,0.25203982036298755,0.4372916833990416
1090505,2020,M?,1,0.3041907,0.48996302,0.20584631,0.28063393,0.48040983,0.23895621,0.3123644959330859,0.43087492763652646,0.256760576430388,0.30771788861072125,0.4371229901523473,0.2551591212369313,0.2966832876988136,0.4675318102801524,0.23578490202103414,0.28753554364978196,0.49765479029046583,0.21480966605975227
1090514,2019,S+D,2,0.36744136,0.3022995,0.3302591,0.36010897,0.3300184,0.30987266,0.37590448558790474,0.31778112258338514,0.3063143918287099,0.36321396578249954,0.3133247837805622,0.3234612504369385,0.43981121574071064,0.3034766791226015,0.25671210513668785,0.4541063379696415,0.3075910389668447,0.23830262306351385
1090524,2020,M?,1,0.1493881,0.70938617,0.14122574,0.17864676,0.6302778,0.19107546,0.27110150707695185,0.4869207745773962,0.2419777183456525,0.2593724732640043,0.5062281055320882,0.2343994212039067,0.21570141484757993,0.5853785714347558,0.1989200137176643,0.2132689749634287,0.608816582673497,0.17791444236307435
1090630,2020,M?,1,0.30878812,0.52773076,0.16348113,0.32986513,0.4570287,0.21310614,0.33983958152534816,0.4072935050609577,0.2528669134136943,0.34656616231915344,0.41484643258688114,0.23858740509396545,0.27115036002587367,0.5147468776987904,0.214102762275336,0.27151247093882386,0.5325990799953464,0.19588844906582964
1090652,2020,M,0,0.4227842,0.23576728,0.34144855,0.37054875,0.2821733,0.3472779,0.4005380585204616,0.3564130011389501,0.2430489403405884,0.39246415364787424,0.355476920969368,0.25205892538275754,0.37124323549259536,0.24335973945208556,0.38539702505531914,0.3765969305410787,0.20880958993553617,0.4145934795233851
1090828,2020,M?,1,0.29406935,0.29251742,0.41341317,0.2888264,0.3110493,0.40012428,0.31494841215393465,0.3135208871580504,0.37153070068801547,0.3088300131171837,0.3157526499465566,0.3754173369362597,0.268851271241142,0.2908347146893576,0.44031401406950044,0.27866786169742985,0.3053383865111186,0.41599375179145154
1090899,2021,M?,1,0.21702437,0.14935236,0.6336233,0.25271636,0.14020766,0.607076,0.21682041273959474,0.18896775219942832,0.5942118350609772,0.2100594509832381,0.18652186099561013,0.6034186880211525,0.16217999149071463,0.10028078497747936,0.737539223531806,0.16206864326064394,0.088562423006166,0.74936893373319
1091020,2020,M?,1,0.54901975,0.3676289,0.08335135,0.43350968,0.3919582,0.17453218,0.4689260756474182,0.3613472969877208,0.1697266273648614,0.4697765118280954,0.35933201364805956,0.17089147452384526,0.39077598159241095,0.3960485493845344,0.21317546902305462,0.42068111189399526,0.34941895124808037,0.22989993685792437
1091248,2019,M?,1,0.2736949,0.27987832,0.44642675,0.29604134,0.28882578,0.41513294,0.309310377518353,0.30778254282941614,0.38290707965223114,0.2933572076281068,0.3176739792452443,0.3889688131266489,0.2662451036098224,0.23523512320440082,0.49851977318577684,0.2765661450281744,0.21584989101749028,0.5075839639543354
1091252,2019,M?,1,0.37403458,0.25656855,0.36939684,0.29907662,0.2910684,0.409855,0.3439938434184008,0.2420097426900781,0.41399641389152103,0.34004444205112483,0.24237169730896344,0.41758386063991165,0.2222644768970304,0.22283339907933938,0.5549021240236303,0.23586093744756667,0.25309630365606756,0.5110427588963657
1091489,2019,M?,1,0.20235716,0.38859162,0.40905127,0.19508345,0.38341123,0.4215053,0.2624759302744039,0.34063613126284364,0.396887938462752,0.26579171471944746,0.33832800261858864,0.39588028266196384,0.25657006013389805,0.3717494525477201,0.3716804873183819,0.25230512957932427,0.3859661568613081,0.36172871355936753
1091495,2021,M?,1,0.3433171,0.40947485,0.2472081,0.3496951,0.3769662,0.27333868,0.33003967990646915,0.37178166884015657,0.29817865125337434,0.32959350372574314,0.370765221765739,0.2996412745085171,0.32317706287254067,0.42413521992187925,0.2526877172055801,0.31984414647247406,0.4403929662272092,0.23976288730031672
1091660,2021,M,0,0.4502453,0.36808527,0.18166944,0.3852438,0.35856557,0.25619066,0.38551346553297194,0.37116699415709026,0.24331954030993766,0.4008438145504739,0.3682898556123011,0.23086632983722521,0.3498100370588664,0.3877123861787395,0.26247757676239414,0.3439280310618037,0.39255675246108224,0.2635152164771141
1091729,2020,M?,1,0.31012532,0.316032,0.37384272,0.18278891,0.37510884,0.44210228,0.22195578715384798,0.3194176221067803,0.45862659073937173,0.21591219806811313,0.31609269146944546,0.46799511046244113,0.22865914596070128,0.3531617484617069,0.41817910557759175,0.2891901884905294,0.3867558431779029,0.3240539683315677
1091744,2020,M?,1,0.53223145,0.3999654,0.067803174,0.53395337,0.37000316,0.096043475,0.4991030913481818,0.3763465569460937,0.12455035170572477,0.491142739733223,0.3730604814402498,0.1357967788265275,0.41801499033250233,0.4643230292762742,0.1176619803912235,0.4126293791650028,0.4986456569378834,0.08872496389711379
1091747,2020,M?,1,0.38852996,0.46941593,0.14205413,0.3546559,0.48704818,0.15829599,0.36842465558110216,0.43065719334225444,0.20091815107664351,0.3668591082617687,0.43951591388969935,0.1936249778485317,0.2577728353289164,0.5901485526170424,0.15207861205404127,0.24661829814364694,0.6176397526831502,0.13574194917320276
1091808,2020,M?,1,0.17015345,0.37727198,0.45257455,0.15943512,0.4256917,0.41487318,0.19476689082167012,0.35492189010381614,0.4503112190745137,0.19205820303833954,0.3594659628579128,0.44847583410374753,0.16323452102979655,0.4230104054438089,0.41375507352639446,0.15959316113305574,0.40885537088616536,0.4315514679807789
1091819,2020,M?,1,0.271819,0.23985046,0.4883305,0.25613415,0.31389523,0.42997062,0.3270135885750066,0.2896148382271598,0.38337157319783344,0.31859967864529204,0.2970966992941044,0.38430362206060403,0.23042087127448022,0.363577574250736,0.4060015544747838,0.18849343450383296,0.40786103753357056,0.4036455279625964
1091857,2020,M,0,0.47493377,0.32045367,0.20461258,0.4730316,0.32182217,0.20514618,0.47440131493366605,0.31113350176829796,0.21446518329803596,0.4661691179492108,0.31907568258286895,0.2147551994679201,0.44211474255579586,0.31248318885477694,0.24540206858942712,0.4404800320524851,0.31405342025790967,0.24546654768960527
1091858,2020,M?,1,0.36701766,0.27423558,0.3587468,0.39550415,0.3013879,0.30310798,0.3735411991152155,0.2912733177255268,0.3351854831592577,0.3619593047098173,0.29100527758715605,0.34703541770302715,0.39380820547893985,0.31710286078255645,0.2890889337385038,0.3950147148031088,0.30837039615313955,0.2966148890437516
1091891,2020,M,0,0.4054017,0.37379217,0.22080606,0.4165104,0.4004382,0.1830514,0.4234403298885756,0.35035377086503716,0.22620589924638793,0.42115316614855836,0.3495899557281622,0.22925687812327916,0.3859065802839218,0.3894380825233795,0.22465533719269876,0.3890672855604886,0.36278305457200577,0.24814965986750562
1091913,2020,M?,1,0.32975644,0.33156767,0.3386759,0.35000175,0.3358115,0.31418678,0.3588295408780306,0.32287308921778757,0.31829736990418167,0.35101463311400793,0.31110512886664615,0.3378802380193458,0.4151478439137571,0.3399729191719943,0.24487923691424868,0.42275261583014656,0.3498018233700783,0.2274455607997752
1091917,2020,M?,1,0.17802697,0.33627963,0.4856934,0.20225383,0.28984448,0.50790167,0.255171826705675,0.3136872938861732,0.43114087940815243,0.26266497753661855,0.31502328970971405,0.4223117327536675,0.20477628166037762,0.28793902803449617,0.5072846903051262,0.3591827664692396,0.2312251815030106,0.40959205202774984
1091955,2020,M,0,0.38277,0.39693502,0.22029501,0.38934806,0.3090552,0.3015967,0.38096272589567753,0.35690805010945703,0.2621292239948654,0.389190405184848,0.3592281729283235,0.25158142188682836,0.36987825333212593,0.3179942460652351,0.312127500602639,0.39352517507568324,0.2867248441334457,0.3197499807908711
1093118,2020,M?,1,0.13211255,0.31920466,0.5486828,0.17013983,0.27074608,0.55911404,0.2071360664488529,0.32940746735777976,0.46345646619336694,0.18413655790682917,0.33824423427609185,0.4776192078170797,0.23509442005863698,0.30358035306290315,0.4613252268784598,0.21968476679806737,0.2956860828777695,0.4846291503241631
1093130,2020,M?,1,0.5312857,0.24745642,0.22125785,0.43520334,0.25186604,0.31293058,0.49100069349760467,0.2941430158817877,0.21485629062060793,0.49887940508503253,0.2870551601446432,0.21406543477032475,0.3277377627064326,0.2938204388705407,0.37844179842302667,0.33859591539826905,0.28686085724207044,0.37454322735966045
1093511,2020,M?,1,0.32983872,0.15396528,0.516196,0.35470977,0.22986145,0.41542882,0.343732516025464,0.23082875640622535,0.4254387275683105,0.33989983477114677,0.24268897565922465,0.4174111895696286,0.3955766738268342,0.23263566201972635,0.3717876641534395,0.37253636350568253,0.24092216284731185,0.38654147364700553
1091971,2020,M?,1,0.32611066,0.33145916,0.34243017,0.34371892,0.35168183,0.30459926,0.3526319087602353,0.3255796868949607,0.321788404344804,0.35332578386988794,0.3224496434049939,0.324224572725118,0.3969122738957864,0.3479044430336977,0.25518328307051585,0.40840459936954854,0.34967462219034107,0.24192077844011042
1092126,2020,M?,1,0.45828885,0.4082819,0.13342923,0.3481063,0.44504803,0.20684563,0.35602373745509835,0.43369014493183117,0.21028611761307053,0.360685286402428,0.447161687073124,0.19215302652444816,0.3109881020685785,0.44911453795773126,0.2398973599736903,0.32307272127033143,0.43604070596411976,0.24088657276554892
1092130,2021,M?,1,0.15879928,0.13345453,0.7077462,0.19704677,0.19853868,0.6044146,0.24368397764907765,0.30084712426592736,0.4554688980849954,0.2477547297921755,0.27088647903101326,0.4813587911768115,0.21349465172844675,0.25061826863955433,0.535887079631999,0.21517435522140574,0.2035446125591717,0.5812810322194226
1092173,2020,M?,1,0.33411956,0.45340416,0.21247628,0.34955004,0.42312565,0.22732432,0.34784723682044827,0.4066553671305655,0.2454973960489868,0.3558348782326284,0.4130773584598537,0.2310877633075175,0.31272172185711855,0.4130735380879567,0.27420474005492473,0.2818530240183976,0.4223020278767147,0.2958449481048877
1092219,2020,M?,1,0.4350375,0.2979664,0.26699615,0.33286682,0.30287072,0.36426243,0.34293701833520657,0.33013598581285075,0.3269269958519427,0.34997206454919516,0.33251895021760214,0.3175089852332029,0.2878575082665264,0.3144381004686937,0.3977043912647799,0.2771529537546345,0.3180964884554433,0.4047505577899221
1092222,2020,M,0,0.33151567,0.43385705,0.2346273,0.28901803,0.42453307,0.28644893,0.308204483639295,0.43147962527762174,0.26031589108308306,0.2989308668855658,0.43861679086058714,0.2624523422538473,0.2999216424414106,0.3609260885344508,0.33915226902413864,0.3406567407779591,0.32979386819207196,0.3295493910299689
1092329,2020,M?,1,0.31311253,0.3922956,0.2945919,0.31561458,0.37008995,0.3142955,0.3320351176760416,0.38899320590009934,0.27897167642385945,0.3197877145345223,0.4066631906917004,0.27354909477377776,0.3051332760241949,0.38471177440068416,0.3101549495751209,0.3024300606704293,0.38465484621370466,0.3129150931158659
1092340,2020,M?,1,0.22255327,0.5471184,0.23032834,0.23284619,0.46915323,0.29800063,0.2966092610715674,0.45005534464150454,0.253335394286928,0.2856601986722239,0.44647151654853956,0.26786828477923685,0.3005549953342751,0.43402911980167974,0.2654158848640451,0.30155595146279834,0.42761493120606275,0.2708291173311388
1092353,2020,M?,1,0.37942216,0.46841383,0.15216395,0.39811787,0.4245834,0.17729877,0.36094346064640365,0.43804678598797864,0.2010097533656179,0.37399027198875956,0.4325216187627126,0.19348810924852733,0.3959219360807214,0.4114523695905652,0.1926256943287134,0.39597256897665367,0.3967724805056245,0.20725495051772186
1092394,2020,M?,1,0.2642772,0.4251858,0.31053698,0.29727495,0.38531062,0.3174145,0.33073952585292543,0.39465956676211383,0.2746009073849607,0.33095128827115466,0.39636524415338414,0.27268346757546075,0.3264750881949331,0.3383726270022772,0.33515228480278964,0.28942192964197294,0.3639432434895223,0.34663482686850466
1092434,2020,M?,1,0.28622657,0.3602217,0.35355172,0.33334938,0.3603323,0.30631834,0.3349917100374241,0.3432820856489873,0.32172620431358834,0.3342835400477209,0.34050308871300705,0.32521337123927213,0.3068484757777262,0.39974482234375514,0.29340670187851864,0.29138032589356255,0.42387068932989513,0.28474898477654226
1092495,2021,M?,1,0.15380996,0.22907266,0.61711735,0.17292814,0.27139294,0.5556789,0.1981231083319262,0.2788227727838026,0.5230541188842713,0.20241036779046698,0.27317646945424995,0.5244131627552824,0.18131869367693726,0.27962364982853244,0.5390576564945303,0.17197704213831494,0.3026150471639739,0.5254079106977111
1092512,2021,M?,1,0.5549347,0.3275619,0.11750343,0.4286159,0.39481622,0.17656784,0.37520975142238017,0.3780273700463249,0.24676287853129522,0.3984447081355071,0.3699423046208093,0.23161298724368373,0.3871470769382319,0.46474506270855076,0.14810786035321716,0.40167820275135463,0.4570985166382848,0.14122328061036066
1092848,2020,M,0,0.39202496,0.3535359,0.2544392,0.38446486,0.3493514,0.26618373,0.3705936628645857,0.3720456063280595,0.2573607308073552,0.38145785987752107,0.36737173586512667,0.2511704042573511,0.3910845572776478,0.4009690158149216,0.20794642690743045,0.37465729938691306,0.40469847709664575,0.22064422351644108
1092867,2020,M?,1,0.18501948,0.24690858,0.56807196,0.17105116,0.23730995,0.5916389,0.21137272434173368,0.2731831060884979,0.5154441695697684,0.20541768392247192,0.2654332375414794,0.5291490785360486,0.1231070993951842,0.21293072975184407,0.6639621708529718,0.13107524434851778,0.2279217913796445,0.6410029642718377
1092887,2020,S+D,2,0.28717908,0.25256482,0.46025607,0.30111182,0.24651866,0.4523695,0.30412523378529505,0.31554312598397827,0.3803316402307273,0.30034229223546416,0.29868859402684295,0.4009691137376932,0.22709470948679764,0.18804391264445663,0.5848613778687458,0.23772247079186748,0.17505953755423145,0.5872179916539011
1092981,2021,M?,1,0.4568209,0.26354685,0.27963224,0.36418423,0.27665475,0.35916096,0.4146714112163942,0.3342728054253212,0.2510557833582847,0.4191196688336384,0.3309810179329149,0.24989931323344655,0.33650657071910206,0.3066864543106022,0.3568069749702957,0.3382016838433167,0.32006519578327475,0.34173312037340847
1093200,2019,S+D,2,0.2212742,0.12851752,0.6502083,0.2545734,0.13652106,0.60890555,0.24985775805334964,0.18267245149772626,0.567469790448924,0.2546826992860578,0.15976746695245178,0.5855498337614906,0.21308859143343653,0.13566154117692913,0.6512498673896343,0.18407395796093162,0.11325934986466052,0.7026666921744078
1093213,2020,S+D,2,0.17526193,0.28731313,0.5374249,0.1982773,0.27685833,0.5248644,0.20195539714206545,0.31787434727857694,0.48017025557935783,0.19127691589651685,0.3178564782280043,0.4908666058754783,0.21536093810541912,0.2574946449728682,0.5271444169217128,0.20515415193304348,0.27457705164521395,0.5202687964217426
1093256,2021,M?,1,0.32666108,0.4800249,0.19331396,0.37961343,0.4310987,0.18928789,0.3201732536708372,0.45929205170162524,0.22053469462753825,0.3121296302153736,0.47363042856416404,0.2142399412204618,0.4159224634927873,0.3823073947767722,0.2017701417304405,0.42769285722499545,0.3691137932952358,0.20319334947976878
1093299,2020,M?,1,0.2679181,0.37561056,0.3564713,0.2775251,0.3777821,0.34469283,0.29384941001877923,0.34502104376977577,0.36112954621144516,0.27734043548595383,0.34061666615781183,0.38204289835623473,0.2515174423661228,0.3983707625011538,0.35011179513272334,0.24265755402286487,0.4096584947379152,0.34768395123921997
1093383,2021,M?,1,0.27171823,0.3244088,0.403873,0.30512843,0.32322648,0.3716451,0.33522316179961137,0.3557057955945485,0.3090710426058405,0.3442115980634118,0.34818823385498937,0.3076001680815989,0.2576224224411572,0.28567254123132924,0.4567050363275136,0.2495302258736362,0.29506744331047946,0.4554023308158844
1093402,2021,M?,1,0.2807361,0.5351938,0.18407013,0.293745,0.50106496,0.20519003,0.3351553830633856,0.45080072055576087,0.21404389638085417,0.3323824594139222,0.46895191641131506,0.19866562417476277,0.29978732519074613,0.5086639546609006,0.19154872014835317,0.2993871872648574,0.5186767279834157,0.18193608475172685
1093485,2020,M?,1,0.22383006,0.0872735,0.6888965,0.26598293,0.13122259,0.60279447,0.24107130289039566,0.14597401445581096,0.6129546826537928,0.22416131851213852,0.15461161249367733,0.6212270689941842,0.3716226073071894,0.14699819390713076,0.4813791987856799,0.3627005429708495,0.12965622403896085,0.5076432329901897
1093496,2020,M?,1,0.35979944,0.3846161,0.25558445,0.31497127,0.41779795,0.2672308,0.3608967150526646,0.3572614510552993,0.28184183389203643,0.36472027459737094,0.3579059251589827,0.2773738002436464,0.2852019713162018,0.4256902280129067,0.2891078006708914,0.25015373940506896,0.44189459032609146,0.3079516702688396
1093502,2020,M,0,0.60706526,0.32988295,0.06305179,0.5559498,0.3398491,0.10420106,0.5259406589047254,0.3449844792224708,0.12907486187280404,0.5339626804490998,0.32572188255794177,0.14031543699295848,0.4210339751609201,0.42070885703491046,0.15825716780416943,0.414977241744224,0.4373591921239903,0.1476635661317856
1093505,2020,M?,1,0.48266292,0.33104178,0.18629527,0.47903773,0.32543132,0.19553097,0.4478721710942414,0.3605421220608122,0.19158570684494663,0.4638530044668163,0.34434136590931963,0.19180562962386424,0.4584924584510427,0.36026405083643276,0.1812434907125246,0.471848647169782,0.353699317237581,0.17445203559263708
1093521,2020,M?,1,0.438864,0.37611097,0.18502498,0.44886374,0.35783803,0.19329822,0.3869418048988264,0.3937280182326072,0.21933017686856668,0.3892931484775717,0.3848706400175947,0.22583621150483368,0.3777313738562618,0.43157557788402334,0.19069304825971486,0.343282955718037,0.45525342883809433,0.20146361544386857
1095870,2021,M?,1,0.29501975,0.37089324,0.33408704,0.3340396,0.3237924,0.342168,0.3450824708500038,0.3568533387440863,0.2980641904059101,0.3363780129936408,0.3453750768406447,0.3182469101657145,0.29658779535528457,0.34966368158629435,0.3537485230584211,0.26892000000751753,0.3748780588466622,0.3562019411458202
1097831,2021,M?,1,0.34634563,0.2892478,0.36440656,0.36063537,0.32432288,0.31504178,0.38377644365933933,0.30472471284159597,0.3114988434990644,0.3704178419666064,0.3049830279793571,0.32459913005403673,0.4602854651553542,0.3006628339208618,0.23905170092378397,0.4680371236977031,0.3104111083004911,0.22155176800180573
1093541,2019,M?,1,0.35053018,0.46245465,0.18701518,0.33482394,0.45968437,0.20549166,0.4250129614925204,0.3352394318336927,0.2397476066737872,0.4227021681316013,0.33615979053857287,0.2411380413298253,0.3683266287933926,0.4322988942496341,0.19937447695697336,0.2858295550798936,0.5281955871597234,0.18597485776038306
1093580,2019,M?,1,0.091460116,0.7105532,0.1979867,0.15707661,0.60550463,0.23741876,0.2351305263151827,0.4606692956269831,0.30420017805783484,0.22893137042152745,0.47292260811593856,0.29814602146253366,0.18818960888100458,0.6033018744313188,0.2085085166876766,0.1690105881915617,0.6412919926265817,0.18969741918185665
1093588,2019,M?,1,0.1971532,0.64960176,0.15324508,0.21954796,0.6205205,0.15993159,0.3341168268904599,0.3775742028739681,0.2883089702355724,0.3288863923246164,0.3896644420449163,0.2814491656304675,0.2829807616952431,0.5301957945999131,0.18682344370484388,0.2162817690356096,0.6091994730935817,0.1745187578708087
1093594,2019,M?,1,0.21209861,0.3963438,0.39155757,0.23587172,0.39983067,0.36429763,0.27392286802915683,0.366220575275289,0.3598565566955538,0.28068921334369934,0.36856542711959395,0.3507453595367066,0.2341610158379158,0.4127642985118116,0.3530746856502725,0.22103132194292915,0.45788480884164945,0.3210838692154213
1093604,2019,M?,1,0.3509076,0.31989744,0.32919496,0.34473684,0.34702122,0.3082419,0.3480851316444813,0.34733823897965477,0.3045766293758643,0.34248913825009225,0.3575842234926619,0.29992663825724547,0.3231444750473307,0.3308800906190061,0.34597543433366323,0.3557553242401444,0.2995507305815389,0.34469394517831675
1093644,2020,M?,1,0.38269898,0.41300097,0.20430005,0.40051442,0.39699632,0.2024892,0.3688492344381224,0.4091777522777167,0.22197301328416114,0.37368364387121444,0.4171222755617764,0.20919408056700906,0.35078450322136245,0.44527735860924156,0.20393813816939602,0.2890350916471243,0.49009294763897865,0.22087196071389714
1093645,2019,M?,1,0.28792146,0.4657362,0.24634229,0.3231387,0.39324385,0.2836174,0.3609643413299128,0.3488414321754179,0.29019422649466925,0.37082394381417866,0.34014380537363925,0.28903225081218165,0.3514770016986476,0.3246964079730771,0.32382659032827527,0.38463902856660975,0.2809702780388186,0.3343906933945716
1093706,2019,M?,1,0.30994543,0.5535038,0.13655074,0.3501396,0.48519725,0.16466314,0.3489423395408942,0.4795144683408352,0.17154319211827065,0.34243487160076663,0.4958209910278109,0.16174413737142243,0.3291142555146083,0.5289399304935658,0.14194581399182582,0.2960553661157413,0.630958773570948,0.07298586031331089
1093708,2019,S+D,2,0.2288549,0.22722268,0.5439224,0.22038026,0.20262423,0.5769955,0.23681146055948626,0.2196808432685275,0.5435076961719861,0.22580598214493514,0.22647510565286322,0.5477189122022011,0.24644743535695401,0.14920681200110086,0.6043457526419452,0.22067836439031427,0.10031372282762185,0.679007912782064
1093773,2019,M?,1,0.2968971,0.43517044,0.26793247,0.31282848,0.41660926,0.2705623,0.31925381874144715,0.42063951880414857,0.260106662454404,0.32525959960462986,0.4107913324411566,0.26394906795421347,0.3819030173887524,0.4083802133376748,0.20971676927357266,0.3709719573083935,0.41879202478255806,0.21023601790904842
1093782,2020,M?,1,0.24501705,0.41217777,0.34280518,0.23049624,0.39013815,0.37936556,0.2798008910230741,0.34129635154607596,0.37890275743085017,0.27815124819577525,0.3359604296400186,0.3858883221642062,0.2488060584797238,0.35735446999863674,0.3938394715216394,0.2368297360611433,0.36252372622362206,0.4006465377152346
1093791,2020,M?,1,0.39036644,0.32326168,0.28637192,0.38300088,0.342771,0.27422816,0.40849300768049573,0.31342950644693157,0.2780774858725727,0.413193894995154,0.30604053876874315,0.2807655662361029,0.388836638794872,0.37282853148424183,0.23833482972088624,0.3891937168137571,0.37281989681609606,0.23798638637014682
1093828,2019,M?,1,0.16529292,0.38214862,0.45255846,0.17213297,0.39393985,0.4339272,0.20955523192853723,0.3509446935346277,0.43950007453683504,0.208919668461752,0.3612009469581964,0.4298793845800513,0.1688718243065392,0.36665012128064195,0.4644780544128188,0.14324464953358299,0.37629720737096845,0.4804581430954485
1093836,2019,M?,1,0.32514927,0.5153421,0.15950862,0.31128022,0.48551053,0.2032092,0.33671620241491557,0.4837354898848056,0.1795483077002788,0.3205530028688135,0.4899056050565288,0.1895413920746576,0.3455972031287002,0.42957550234348096,0.22482729452781888,0.34920182561700047,0.42782791661798075,0.22297025776501875
1093914,2019,M?,1,0.29984888,0.58108795,0.11906318,0.2886496,0.5628594,0.14849098,0.3558119867504078,0.47607564138031255,0.16811237186927994,0.3536007204202853,0.4902065549451477,0.1561927246345674,0.27489684518626484,0.5953655326903481,0.1297376221233871,0.2740135223155175,0.6052246770473816,0.12076180063710089
1094081,2021,M?,1,0.17610396,0.27967685,0.54421914,0.17339665,0.28978342,0.53681993,0.22974154207588757,0.31679962732443,0.4534588305996825,0.23074666843639377,0.31805918791988685,0.4511941436437197,0.16627490986351215,0.26745077459843564,0.5662743155380522,0.16330167520576122,0.26801629163351526,0.5686820331607235
1094251,2019,M?,1,0.3727535,0.48054475,0.14670172,0.3802955,0.43261728,0.18708724,0.3456026546329938,0.42481110210584183,0.22958624326116417,0.34430361468837767,0.4463776007034523,0.20931878460816994,0.3448220311462337,0.45757669934764067,0.19760126950612572,0.32981678153466587,0.48565144079444783,0.18453177767088616
1094372,2019,M?,1,0.36927903,0.5118189,0.11890211,0.40121374,0.46252176,0.13626447,0.36674250583759654,0.48202735718186007,0.15123013698054336,0.3395931079766062,0.5231537726474107,0.13725311937598372,0.43063396434243384,0.44352071802191934,0.12584531763564671,0.44037406723654926,0.44226152534611896,0.11736440741733178
1094440,2021,M?,1,0.18193902,0.31335533,0.50470567,0.19986439,0.33172202,0.4684136,0.2428023488923906,0.33510341366219454,0.4220942374454149,0.23886460405967203,0.3338926809828386,0.42724271495749006,0.1801383068165846,0.2758713298906694,0.543990363292746,0.16415505914573286,0.2768894143297649,0.5589555265245023
1094499,2019,M?,1,0.18031718,0.37720263,0.44248018,0.25764644,0.3226177,0.4197358,0.26468902925975785,0.31500838538991993,0.42030258535032283,0.26423375950231026,0.32650311008120014,0.40926313041648954,0.27920885810175444,0.32667988174967433,0.39411126014857134,0.23842268047380696,0.32535938007138276,0.43621793945481024
1094545,2019,M?,1,0.102512784,0.2954312,0.60205597,0.15411977,0.31266695,0.5332133,0.16173732972264138,0.3132020369995135,0.5250606332778448,0.14591267770638075,0.319278122803941,0.5348091994896786,0.20265948247033483,0.36536382889208396,0.4319766886375812,0.19659665779330496,0.37943324629130165,0.42397009591539353
1094548,2019,M?,1,0.34736603,0.34990343,0.3027305,0.34230018,0.36012387,0.29757598,0.3839145103319528,0.31949598337529644,0.29658950629275116,0.39722525222508887,0.30299691651106603,0.29977783126384466,0.38173792710459614,0.3437484026079747,0.27451367028742923,0.3801513910945288,0.30123361839233836,0.3186149905131329
1094575,2019,M?,1,0.12992045,0.80052626,0.06955333,0.18738914,0.694237,0.11837387,0.2803575216771143,0.5231213362032701,0.1965211421196159,0.27763611735455634,0.5443291514123398,0.178034731233104,0.19352852046799704,0.6641791939801001,0.1422922855519028,0.1371875969038824,0.7481856454002812,0.11462675769583627
1094592,2021,M?,1,0.44128457,0.33760422,0.22111121,0.45803055,0.31499082,0.22697857,0.4336153707747545,0.32353654410525545,0.24284808511999004,0.41930279138750814,0.32617031837079047,0.2545268902417009,0.4870822761529404,0.299206501031413,0.21371122281564645,0.4966327862982801,0.3045694447489031,0.19879776895281676
1094594,2021,M?,1,0.26946616,0.5945814,0.13595244,0.31681162,0.5311629,0.15202546,0.37852687372691773,0.39257422351450066,0.22889890275858135,0.3856683958320863,0.4076664507950244,0.20666515337288952,0.36660349880472487,0.4535971924119959,0.1797993087832792,0.3582954998493498,0.47923232953374834,0.16247217061690197
1094616,2021,M,0,0.47090846,0.10921298,0.41987854,0.40972364,0.12864292,0.46163344,0.3894908104931317,0.13682867853982822,0.47368051096704017,0.4037833452279551,0.12495455671016276,0.47126209806188235,0.20318349007490927,0.1024251051155634,0.6943914048095274,0.2993139085512919,0.14650728334151608,0.554178808107192
1094619,2019,S+D,2,0.18699047,0.33967313,0.4733364,0.17519994,0.32970858,0.49509153,0.19144677986762906,0.3226849170261815,0.48586830310618934,0.18872854699801933,0.31141098387175375,0.49986046913022725,0.2156104102908218,0.34567123843617586,0.43871835127300235,0.20800665705897414,0.3269938865242489,0.464999456416777
1094621,2019,M?,1,0.5536096,0.23500188,0.21138853,0.5025355,0.2582075,0.23925698,0.45522620244186807,0.29788892665953265,0.2468848708986,0.4615339705803464,0.2862280955921818,0.25223793382747184,0.48354414484135805,0.25857489965121866,0.25788095550742335,0.46371455788343313,0.2748392413592775,0.2614462007572894
1094642,2019,M,0,0.40031046,0.35615438,0.2435352,0.37175426,0.34493423,0.28331158,0.39472522355700385,0.33162413938483765,0.2736506370581586,0.3914081345642886,0.3390614481385722,0.2695304172971392,0.31740799342914217,0.3289940725008057,0.35359793407005213,0.24450337337399738,0.28771322389799925,0.46778340272800345
1094755,2020,M,0,0.18005638,0.33199164,0.48795205,0.20813283,0.32334074,0.46852645,0.2314788842984649,0.3466261893330588,0.421894926368477,0.23062962877150292,0.34360117393591844,0.4257691972925791,0.2238059740527428,0.3554157124750382,0.42077831347221895,0.20568946724666606,0.4144585375516351,0.3798519952016987
1094897,2021,M?,1,0.5897546,0.28353193,0.12671351,0.5469093,0.3340694,0.119021304,0.45561857857118293,0.354878780552481,0.18950264087633603,0.480510737194961,0.34367498736829555,0.17581427543674402,0.5052144631505431,0.3968075023819613,0.09797803446749555,0.49334910420818306,0.41739499606365155,0.08925589972816539
1095073,2021,M?,1,0.3606487,0.3653428,0.2740085,0.3405105,0.32811114,0.3313783,0.4005892299418782,0.30150508574538354,0.2979056843127385,0.40416944436773355,0.310069968158505,0.28576058747376126,0.39436123837115233,0.32252992832545696,0.28310883330339076,0.3737754031396512,0.3380756059613794,0.28814899089896945
1095249,2019,M?,1,0.2755286,0.56557316,0.15889826,0.32430092,0.47468796,0.20101109,0.30888329662253516,0.5108504109080296,0.18026629246943557,0.295886800830446,0.5287582278600574,0.1753549713094965,0.3125133644990278,0.3936226727696743,0.2938639627312979,0.29647539316549487,0.3950846091684156,0.3084399976660895
1095262,2019,M?,1,0.27115628,0.45048633,0.27835736,0.34847632,0.34796658,0.30355707,0.3590083872510402,0.3645555459494223,0.27643606679953814,0.3685121305896007,0.3585826923191023,0.2729051770912968,0.25439851399776603,0.28855507299311906,0.4570464130091149,0.22262479504251706,0.2160267116176743,0.5613484933398086
1095287,2021,M?,1,0.27166313,0.33056346,0.39777347,0.2895028,0.290293,0.42020416,0.31221551445758217,0.35249718178107575,0.33528730376134247,0.31113521838417074,0.3442225759445309,0.34464220567129866,0.2095352681254271,0.2540311362511172,0.5364335956234557,0.16445323574155002,0.20260410159208278,0.6329426626663671
1095289,2019,M?,1,0.3593546,0.25791058,0.38273478,0.3554421,0.31566814,0.32888973,0.36244908359571176,0.3108152326434536,0.3267356837608344,0.3622457321383935,0.29814812843527116,0.3396061394263349,0.40469640269084817,0.30071875516430646,0.2945848421448454,0.4369850378193143,0.2565966434088883,0.3064183187717973
1095602,2019,M?,1,0.41193798,0.30856085,0.2795011,0.39625326,0.29904518,0.30470154,0.4229569762897828,0.33891965240619665,0.23812337130402084,0.4009474011319159,0.3371030977497246,0.26194950111835913,0.37984968928369756,0.31303369458400443,0.307116616132298,0.4115127821198868,0.2876656585943728,0.30082155928574034
1095645,2019,M?,1,0.35379842,0.43663818,0.2095634,0.3829701,0.41151363,0.20551631,0.32762245745474,0.43207902398533543,0.24029851855992537,0.32163561513492284,0.45546009028984075,0.22290429457523622,0.4269722431225547,0.3669094022531641,0.20611835462428124,0.4422825424437879,0.3473893747758367,0.2103280827803755
1095673,2019,M?,1,0.5374326,0.38154352,0.08102385,0.5115751,0.36318704,0.12523782,0.4194354946248444,0.3924549769877182,0.1881095283874377,0.43008556628091915,0.4063799788097662,0.1635344549093147,0.45876938704473713,0.44181208817604956,0.09941852477921331,0.49575958003646425,0.40581227719300306,0.09842814277053256
1095734,2019,M?,1,0.46993276,0.24311003,0.28695714,0.3668085,0.2902706,0.34292096,0.42117336019300283,0.2942274851806829,0.2845991546263145,0.4198107541468169,0.2842993835563003,0.29588986229688324,0.3641963496626005,0.2996804194282444,0.3361232309091551,0.3600769132957719,0.3056364158660172,0.33428667083821095
1095769,2019,M?,1,0.5436172,0.30955753,0.14682528,0.48443672,0.3418279,0.17373535,0.470142032086065,0.3429467328327201,0.18691123508121482,0.46082717758855046,0.352833833519003,0.18633898889244577,0.46341578133747174,0.361284392020142,0.17529982664238616,0.45973267399120565,0.3614668281322052,0.1788004978765892
1095771,2019,M?,1,0.45120344,0.3311075,0.21768904,0.48267135,0.33357736,0.18375129,0.4191390668632211,0.34300748443161067,0.23785344870516859,0.41939645876223197,0.3380201241747974,0.24258341706296993,0.4824869326308447,0.37571893176446164,0.14179413560469367,0.4457042689169516,0.4311942887335428,0.1231014423495057
1095825,2019,M?,1,0.3480007,0.34200555,0.30999374,0.3511401,0.35095504,0.29790488,0.34529499449493445,0.34188702057322296,0.3128179849318424,0.359211377234324,0.3236463687124087,0.31714225405326746,0.3949079630992216,0.364228484581823,0.24086355231895548,0.3952743107339231,0.3974276370930151,0.2072980521730618
1096727,2020,M?,1,0.35152018,0.49255496,0.1559249,0.32636237,0.43537265,0.23826496,0.3717574737032886,0.4111446758615635,0.21709785043514807,0.35684646964783673,0.42639769092042096,0.21675583943174195,0.2754030976746463,0.45429568727651554,0.2703012150488382,0.26485780504119666,0.48740083359449626,0.24774136136430697
1096767,2021,M?,1,0.53515816,0.34543532,0.11940649,0.51190126,0.34911388,0.13898483,0.4525306022956694,0.36744805483348114,0.18002134287084967,0.4464463529170061,0.377740564915677,0.17581308216731692,0.4557877208480527,0.40894797855006504,0.13526430060188224,0.4788100162770017,0.40448620866722296,0.11670377505577534
1096782,2021,M?,1,0.40151793,0.4403471,0.15813498,0.42243436,0.38655144,0.19101423,0.4394736318388086,0.35310465615914627,0.20742171200204493,0.42953629540983157,0.3797825050198206,0.1906811995703475,0.49031087715438676,0.29493464271919295,0.2147544801264202,0.5236694703055375,0.2551091934463386,0.22122133624812387
1096862,2021,M?,1,0.21590841,0.3346986,0.44939294,0.25547722,0.3071634,0.43735942,0.2639942180265842,0.3257133867942348,0.4102923951791809,0.25490090682552197,0.3188377388324193,0.4262613543420583,0.2976292551316786,0.29169636709275043,0.41067437777557103,0.3111886569379157,0.29906884422989444,0.3897424988321898
1096956,2021,M?,1,0.4426585,0.36177856,0.19556294,0.43790245,0.3481291,0.21396847,0.42785581992993954,0.3567195011317666,0.21542467893829445,0.4136351722283559,0.3663013133478144,0.22006351442382877,0.4047105584184886,0.39205283275926917,0.20323660882224232,0.4054749280250489,0.4003663614663174,0.19415871050863368
1096972,2020,M?,1,0.37139153,0.49066925,0.13793924,0.401329,0.44627005,0.15240088,0.3654564085513253,0.47271577298199635,0.1618278184666789,0.3488467266045801,0.4924759740198537,0.15867729937556624,0.4451321254272011,0.39868850520928917,0.15617936936350965,0.45606815524306793,0.39440176854335807,0.1495300762135741
1096984,2020,M?,1,0.31726673,0.55226094,0.13047232,0.30892047,0.52900684,0.16207269,0.3598166593815664,0.47119857625665207,0.16898476436178184,0.341490133415223,0.4839990414863775,0.17451082509839957,0.27743160470181943,0.5861570124575036,0.13641138284067697,0.27777135952625026,0.5958270646004267,0.12640157587332315
1096993,2020,M,0,0.5152977,0.389156,0.09554625,0.5090101,0.3766364,0.11435352,0.48417935039792315,0.37211606233216077,0.14370458726991622,0.4846205637687948,0.3677866322999999,0.1475928039312043,0.5172532165180781,0.3765179343223724,0.10622884915954937,0.5446058996746895,0.3474700244161456,0.1079240759091649
1097011,2019,M?,1,0.3053865,0.5577572,0.13685632,0.3241211,0.5293994,0.14647952,0.3579005042513999,0.4321182701949674,0.20998122555363247,0.36770635049651934,0.4232353230611222,0.2090583264423584,0.3408318195644686,0.49363715442912176,0.16553102600640968,0.32143551956059696,0.5207244867982259,0.15783999364117704
1097335,2020,M?,1,0.31289485,0.53814226,0.14896294,0.35373518,0.4784399,0.16782495,0.32326124459891903,0.4891607582472545,0.1875779971538264,0.3129515072436866,0.5103386003248331,0.17670989243148036,0.40006610874163256,0.43788356433309084,0.16205032692527657,0.40884711910613847,0.43297525426160627,0.15817762663225515
1097598,2021,M?,1,0.4920792,0.09114797,0.41677287,0.43125796,0.11739175,0.4513503,0.42391202208564566,0.11291678822572931,0.4631711896886253,0.42495576937465546,0.10927591711235252,0.4657683135129922,0.39682242663918943,0.13269389427166178,0.4704836790891489,0.40899783582188476,0.1093089443288459,0.4816932198492693
1097739,2021,M?,1,0.30205438,0.5611412,0.13680446,0.3322778,0.5145522,0.15317006,0.3081484402934225,0.5184365775094718,0.1734149821971055,0.3013897510279319,0.5382944464709108,0.16031580250115707,0.33550842786640195,0.4489820022537175,0.21550956987988054,0.31950615398796245,0.4615284849470321,0.21896536106500541
1097775,2021,M?,1,0.28544617,0.5203387,0.19421509,0.29149133,0.50489295,0.20361575,0.3283570763371541,0.4420139830997225,0.22962894056312383,0.32227521772796597,0.4610924034223233,0.21663237884971076,0.3082647135005798,0.5041227402151586,0.1876125462842616,0.3085553133881766,0.5143138242333798,0.1771308623784435
1097796,2021,M?,1,0.60038865,0.27714822,0.12246312,0.5164794,0.35013574,0.13338488,0.5423632487434078,0.28948232881446867,0.1681544224421236,0.5688605031396469,0.26497498565661776,0.16616451120373518,0.46689563125383915,0.3410566617229796,0.1920477070231812,0.4682868933222406,0.3495077365737786,0.18220537010398086
1097804,2021,M?,1,0.33467412,0.41209894,0.2532269,0.33707318,0.3847451,0.27818176,0.3606046613565286,0.3744216272904297,0.2649737113530412,0.3632711284992012,0.37266447656711804,0.2640643949336801,0.3244519700916009,0.3755946651578416,0.2999533647505574,0.31385991633303595,0.36876383776884286,0.3173762458981211
1097876,2021,M?,1,0.2767701,0.1329601,0.59026986,0.3069942,0.1913222,0.5016836,0.28285368561375257,0.17339301286528894,0.5437533015209587,0.2622040876310388,0.18018608388287888,0.5576098284860821,0.45261941527207306,0.15421251506161957,0.39316806966630735,0.48137134680599364,0.1323915396637215,0.3862371135302848
1098628,2019,M?,1,0.5110289,0.4514816,0.03748948,0.4837645,0.42427745,0.09195799,0.41624095629431057,0.42325525667982233,0.16050378702586746,0.4216483127348829,0.4267920225109903,0.15155966475412644,0.4473148062360556,0.46493272325680435,0.08775247050714002,0.4706661994271017,0.49192904689238764,0.037404753680510786
1097983,2021,M?,1,0.57097584,0.2911698,0.13785438,0.52998024,0.26758146,0.2024383,0.48010101650748727,0.3122025490894938,0.20769643440301885,0.4675903442215973,0.3060892149547235,0.22632044082367933,0.4692555808724702,0.2925255628368205,0.2382188562907092,0.48904818128355954,0.2534996415659496,0.257452177150491
1098301,2021,M?,1,0.5445547,0.24869457,0.20675074,0.51190555,0.2733633,0.21473111,0.44879504986124374,0.2958839474308616,0.2553210027078943,0.45357989230000423,0.2872386236086164,0.2591814840913792,0.5219415099826832,0.2654269468607121,0.2126315431566047,0.5274174659391602,0.2662388489821373,0.20634368507870263
1098655,2019,M?,1,0.42750496,0.321407,0.2510881,0.35619763,0.31302407,0.33077833,0.40500225598538747,0.3225886404108395,0.27240910360377313,0.40734294681855104,0.32426054719449704,0.268396505986952,0.3536138157217218,0.303284926834467,0.34310125744381115,0.3547198509057991,0.3113943658732124,0.33388578322098844
1098670,2021,M?,1,0.40902513,0.26452076,0.3264541,0.4087339,0.29154825,0.29971778,0.4142937068255117,0.2787852504590376,0.30692104271545095,0.4175814847671518,0.272158906722635,0.3102596085102136,0.434930382938387,0.315137526223615,0.24993209083799806,0.4354982008243709,0.31952563463051903,0.2449761645451102
1099103,2021,M?,1,0.29552814,0.504789,0.19968286,0.3447897,0.44522998,0.20998028,0.3177592442554187,0.47418756059225775,0.20805319515232387,0.3098626006881399,0.48937694131304094,0.200760457998819,0.33835325273176803,0.38392508291732935,0.27772166435090256,0.32309876438655943,0.3894278745460813,0.2874733610673593
1099142,2021,M?,1,0.24796154,0.52156365,0.2304748,0.25538132,0.50615203,0.23846672,0.2893079459076969,0.45374106590216257,0.2569509881901411,0.2873145948140673,0.4666216240605787,0.24606378112535407,0.2865544422207993,0.5306612907315092,0.18278426704769157,0.30747390529889873,0.49382773465207247,0.19869836004902874
1099470,2021,M?,1,0.36819282,0.49434036,0.13746685,0.35928956,0.47377488,0.16693552,0.3723239038863237,0.44409833551964817,0.18357776059402833,0.3630648810075305,0.4530252658851653,0.1839098531073038,0.31855439174918987,0.5042152549480059,0.17723035330280418,0.31952025129101075,0.5089734813706607,0.1715062673383285
1099740,2021,M?,1,0.25618252,0.42722777,0.31658974,0.24989632,0.38359925,0.3665045,0.23728906245461046,0.36204172238196075,0.4006692151634292,0.22761191995190633,0.3585287412387304,0.41385933880936315,0.3217461604079821,0.4068492265708225,0.2714046130211954,0.3281028565778258,0.4176326518593738,0.2542644915628004
1099857,2021,M?,1,0.30002066,0.5163644,0.18361494,0.342911,0.44650665,0.21058239,0.3210319124204883,0.4716026857686954,0.20736540181081667,0.31224933553863077,0.4853579145696019,0.20239274989176712,0.3440627720321917,0.3907092457418735,0.26522798222593497,0.327278632291897,0.40320126993546296,0.2695200977726401
1101071,2021,M?,1,0.371798,0.4404709,0.18773104,0.39451513,0.41791454,0.18757036,0.3472884482993172,0.42434728263550137,0.228364269065182,0.34023899691387477,0.43572085126696664,0.22404015181915818,0.4482662260415457,0.3704771628055796,0.18125661115287467,0.4591205594851279,0.3643363069148608,0.17654313360001136
1101074,2021,M?,1,0.30002066,0.5163644,0.18361494,0.342911,0.44650665,0.21058239,0.3210319124204883,0.4716026857686954,0.20736540181081667,0.31224933553863077,0.4853579145696019,0.20239274989176712,0.3440627720321917,0.3907092457418735,0.26522798222593497,0.327278632291897,0.40320126993546296,0.2695200977726401
1101628,2021,M?,1,0.43663976,0.3835389,0.17982134,0.3622971,0.43786848,0.19983442,0.39094231424317105,0.3900385279991329,0.21901915775769631,0.37352157163455935,0.40132886011151114,0.2251495682539293,0.3116264590666198,0.441212714500537,0.2471608264328431,0.33677083782622,0.42145443838215546,0.24177472379162457
1101419,2021,M,0,0.540597,0.2216478,0.23775516,0.39220455,0.24523084,0.36256465,0.42535448692549677,0.28836126576420085,0.2862842473103023,0.4172051290237623,0.2978666797789778,0.2849281911972597,0.2780821213926002,0.2579475365596437,0.4639703420477561,0.28496513970226317,0.27530507682339295,0.4397297834743438
1101426,2021,M?,1,0.5197545,0.37240613,0.10783931,0.42690656,0.2916639,0.2814296,0.43674933599024846,0.3428091078784344,0.22044155613131738,0.4421911130081589,0.336973795356141,0.22083509163570014,0.3332784049128298,0.2858597395865883,0.38086185550058194,0.42045056471309467,0.3574751340284829,0.22207430125842237
1101632,2021,M?,1,0.5424349,0.27945858,0.1781065,0.49920785,0.28433487,0.21645726,0.4595295751682867,0.30783055098901657,0.23263987384269666,0.47219337456204535,0.3012296720787438,0.2265769533592109,0.5034069514733013,0.2692328410069871,0.22736020751971167,0.5388990985995507,0.24460477915566697,0.21649612224478232
1101645,2021,M?,1,0.31791723,0.39896798,0.28311482,0.3496615,0.38826716,0.2620713,0.3637113432182653,0.36871740538693515,0.2675712513947999,0.35126785318195447,0.38010433399226007,0.2686278128257848,0.39757336151068323,0.41701757411285234,0.18540906437646437,0.38016650472972713,0.44733961653935006,0.17249387873092278
1101678,2021,M?,1,0.4342642,0.35021237,0.21552339,0.38587737,0.37668553,0.23743714,0.42596877548520484,0.3485731611400008,0.2254580633747947,0.41364501571420137,0.35810722663625055,0.22824775764954794,0.3963803836102692,0.36650833662775545,0.23711127976197527,0.4422536673839276,0.3257401393323533,0.23200619328371905
1101684,2021,M?,1,0.47958675,0.33680543,0.18360785,0.45819494,0.32395643,0.21784861,0.43627080949118996,0.3566760841049432,0.20705310640386704,0.430111286948355,0.36146110698684075,0.20842760606480337,0.4180993932554396,0.3463256585187906,0.23557494822576988,0.41120863636205474,0.35303739331154343,0.23575397032640186
1101690,2021,M?,1,0.18425985,0.40716732,0.40857285,0.25024414,0.3608272,0.38892862,0.2539559776284415,0.35722477488216076,0.3888192474893979,0.24786896466506225,0.3641741306420477,0.3879569046928899,0.21619762186570568,0.3699577974759049,0.41384458065838947,0.21011226874308706,0.37821173242771716,0.4116759988291958
1103001,2021,M,0,0.4986983,0.26752967,0.23377202,0.40457594,0.2652563,0.33016774,0.4455675971031808,0.3147871923838535,0.23964521051296583,0.4358932302211537,0.31169542774950065,0.2524113420293458,0.35472020226563034,0.2833537474483343,0.3619260502860354,0.34991856359041834,0.3145247203457327,0.33555671606384885
1103035,2021,M?,1,0.28544617,0.5203387,0.19421509,0.29149133,0.50489295,0.20361575,0.3283570763371541,0.4420139830997225,0.22962894056312383,0.32227521772796597,0.4610924034223233,0.21663237884971076,0.3082647135005798,0.5041227402151586,0.1876125462842616,0.3085553133881766,0.5143138242333798,0.1771308623784435
1103514,2021,M?,1,0.4059935,0.3850039,0.20900266,0.40613917,0.3911983,0.20266251,0.38869979746152605,0.35912626885512156,0.25217393368335245,0.4002489854996965,0.35263256175740737,0.24711845274289665,0.5151540039316232,0.24092106678756967,0.24392492928080708,0.5654785786401056,0.22031370514020518,0.21420771621968926
1103575,2021,M?,1,0.2676105,0.32389545,0.4084941,0.3002396,0.30830637,0.391454,0.31046814305849035,0.37490582363736863,0.3146260333041412,0.30725860431784746,0.35611200770309226,0.3366293879790602,0.25349544166019544,0.291301107583842,0.4552034507559626,0.24454949193840136,0.2690368916428972,0.4864136164187014
1104642,2021,M?,1,0.16472344,0.29182616,0.5434504,0.16626203,0.2968431,0.5368948,0.1998251018376263,0.29852796480322347,0.50164693335915,0.19096450774332646,0.2886221853540548,0.5204133069026189,0.19772621170109989,0.3314886487215087,0.4707851395773913,0.18562411342401994,0.31339070666629765,0.5009851799096824
1104663,2021,M?,1,0.49643496,0.38504776,0.118517265,0.43984115,0.41848588,0.14167295,0.4717552734083034,0.34480843600946015,0.183436290582237,0.48268245383238784,0.34514091318774476,0.17217663297986763,0.4944592643455514,0.4084372931697784,0.09710344248467032,0.5285434852321014,0.3636364102395277,0.10782010452837093
1105156,2020,M?,1,0.48345414,0.3994872,0.11705866,0.46097246,0.3551736,0.18385392,0.42367738778807407,0.38881665223535783,0.18750595997656824,0.42647525277549553,0.3884665873386312,0.18505815988587282,0.45265933981384704,0.40716823019661685,0.14017242998953605,0.4716262975319733,0.3970762237474671,0.13129747872055955
1105262,2021,M?,1,0.53981835,0.31725037,0.14293124,0.48280048,0.3493726,0.167827,0.45208983851100043,0.3544898262359125,0.1934203352530866,0.46368078686239683,0.34497491265655406,0.19134430048104897,0.4979996412824827,0.3406782922443772,0.16132206647314015,0.5337610030647333,0.28999259391477095,0.17624640302049588
1105621,2021,M,0,0.476317,0.40216962,0.1215134,0.44550383,0.39867586,0.15582035,0.43762996045959024,0.37814787049933896,0.18422216904107083,0.4578999917137229,0.37585665257056033,0.16624335571571625,0.4429403748566005,0.40447117889401585,0.1525884462493837,0.4207241608061232,0.41396367407834617,0.16531216511553076
1105670,2021,M?,1,0.35026088,0.4659762,0.18376295,0.32462376,0.4783931,0.19698316,0.3695694676740115,0.4176568918092906,0.21277364051669823,0.3823237674800079,0.41118681644978083,0.20648941607021076,0.35490551995325015,0.4780672313764853,0.1670272486702645,0.35102968590656597,0.4876411664373726,0.1613291476560614
1105922,2021,M?,1,0.47215298,0.43085873,0.09698833,0.44549134,0.4165225,0.13798618,0.4349533594531258,0.39970381584913733,0.16534282469773712,0.42957327584410665,0.4179006159460411,0.1525261082098522,0.4405004105882583,0.4478544358867725,0.1116451535249692,0.46098106387583393,0.4450733949563494,0.09394554116781671
1105939,2021,M?,1,0.40177014,0.35839832,0.23983152,0.38752174,0.32721508,0.2852632,0.42162487513264607,0.3508858404811858,0.2274892843861682,0.4230130368140151,0.33873544783194703,0.23825151535403769,0.3799237324443578,0.30485637548622874,0.3152198920694135,0.40350887893343895,0.30474472536254293,0.2917463957040181
1105951,2021,M?,1,0.2719093,0.3808668,0.34722388,0.29864344,0.4114131,0.28994343,0.328702809955307,0.40557339536219345,0.2657237946825002,0.32520408315785465,0.4168357771473818,0.2579601396947636,0.34062530183399947,0.42694174925299,0.23243294891301053,0.3434750454179175,0.4335680953872692,0.2229568591948133
1106103,2020,M?,1,0.34340712,0.5295359,0.12705699,0.36779496,0.41041228,0.22179276,0.36073906417465346,0.3710409721910642,0.2682199636342823,0.3456479012838345,0.38457801210896586,0.2697740866071992,0.32948148981423847,0.41993457148182056,0.2505839387039409,0.36362261055949713,0.5408918219375622,0.09548556750294068
1106112,2020,M?,1,0.37852484,0.46958345,0.1518917,0.36172682,0.4911511,0.14712209,0.365851803082858,0.3949847891023415,0.23916340781480078,0.37380914935730497,0.4193413894944986,0.2068494611481966,0.3454048072273909,0.5373420580120833,0.11725313476052573,0.35262951872151094,0.5363854582325162,0.11098502304597285
1106128,2021,M,0,0.39370087,0.41287997,0.19341917,0.40180138,0.31336254,0.28483605,0.45627857482148193,0.3302491200810982,0.21347230509741988,0.44152551966019293,0.34683722010312806,0.21163726023667867,0.341199377062356,0.3282438378705164,0.3305567850671275,0.34705239640019053,0.3532634756700661,0.2996841279297434
1106134,2021,M?,1,0.4794167,0.31309575,0.20748755,0.44496244,0.35086104,0.20417646,0.443446265736617,0.3196880348551457,0.23686569940823654,0.4502954840681209,0.308542801437105,0.24116171449477392,0.49881008647844555,0.2968188105534694,0.20437110296808497,0.5112540805494661,0.2431095930795749,0.24563632637095906
1106216,2021,M,0,0.29410324,0.29982448,0.40607232,0.28788117,0.27604523,0.43607363,0.3828707601886631,0.27749640736119324,0.33963283245014336,0.3812529917271749,0.2719101746271699,0.3468368336456546,0.21629904385400098,0.24369744458246695,0.5400035115635321,0.2071020169777996,0.22443810643402118,0.5684598765881793
1106571,2021,M?,1,0.14594825,0.36135516,0.4926966,0.13235724,0.3117613,0.5558815,0.17410132851882354,0.3149545736505378,0.5109440978306388,0.1608185435466869,0.30317074949531475,0.5360107069579986,0.12402059227963667,0.260476572934843,0.6155028347855203,0.12121960171283437,0.28346834927889913,0.5953120490082664
1106721,2021,M?,1,0.42470452,0.31424558,0.26104993,0.3772126,0.30488014,0.3179072,0.34821721089562835,0.361194031937405,0.2905887571669673,0.34415538314980076,0.3560763528438465,0.29976826400635254,0.3339764595715828,0.3549023374617187,0.31112120296669843,0.3036991023676778,0.3700729790406197,0.3262279185917025
1106863,2021,M,0,0.35490537,0.43984908,0.20524555,0.31938487,0.4062376,0.2743775,0.33578194844960024,0.36703078369495423,0.2971872678554454,0.3407054757841966,0.3705549380097266,0.28873958620607676,0.3660511574647487,0.4086379915285095,0.22531085100674186,0.3970751750941216,0.39702309535221797,0.20590172955366035
1106939,2021,M?,1,0.19795962,0.363678,0.4383624,0.20240375,0.3301625,0.4674337,0.2110779199368379,0.3056341184262106,0.48328796163695165,0.2014342158562996,0.30048739616862147,0.49807838797507825,0.2638902027063306,0.399816457596382,0.33629333969728736,0.2721147969485974,0.39696614599935476,0.3309190570520478
1107045,2021,M?,1,0.38033965,0.2575652,0.36209512,0.3230029,0.30311102,0.37388608,0.3319702181205403,0.3406617764633143,0.3273680054161456,0.32214967635318237,0.32935345079475226,0.34849687285206554,0.264708884387577,0.28067272477535704,0.4546183908370659,0.30847174208431405,0.2995589559088976,0.3919693020067884
1107619,2021,M?,1,0.20548041,0.30598366,0.4885359,0.21725649,0.33217221,0.45057133,0.23318830422498776,0.2980270219410336,0.4687846738339792,0.2280767045799826,0.3079442082081238,0.46397908721189374,0.23124614613921496,0.3482318444483479,0.4205220094124371,0.22333476082489417,0.33033919068521145,0.4463260484898944
1107629,2021,M?,1,0.17931303,0.30971247,0.51097447,0.16631821,0.31386316,0.5198186,0.20453604663391106,0.30154912591952066,0.4939148274465681,0.19907956336408505,0.3081975480522349,0.4927228885836804,0.19382982397715592,0.39447303940348866,0.4116971366193555,0.1902391062250886,0.4081209519070804,0.40163994186783103
1107707,2021,M?,1,0.3033256,0.48308706,0.2135873,0.2955437,0.47376713,0.23068912,0.3323100916803202,0.4186258769906899,0.24906403132898994,0.3220360622052308,0.43269475493519144,0.2452691828595772,0.25077221455786675,0.5395666935748862,0.20966109186724702,0.23537615313210494,0.5500684857986068,0.21455536106928821
1121539,2021,M?,1,0.18577369,0.40932754,0.40489882,0.24815899,0.36442262,0.38741833,0.2726652653977566,0.3713327937700365,0.3560019408322069,0.26282287878660393,0.37729452096868066,0.35988260024471513,0.21880039391653544,0.3988727961931903,0.3823268098902743,0.193322686430203,0.44235617976079117,0.36432113380900566
1108467,2021,M?,1,0.44240466,0.32355037,0.23404497,0.41040984,0.31912357,0.2704666,0.3956903716182848,0.3346322463058905,0.2696773820758248,0.4027212815835535,0.32892940523018366,0.26834931318626276,0.35359437560547047,0.33707730700348876,0.3093283173910407,0.365785633106885,0.32279327648235784,0.31142109041075705
1108482,2021,M?,1,0.2834298,0.59347916,0.12309102,0.33453614,0.5431402,0.12232369,0.41021221592556817,0.4011213843876765,0.18866639968675578,0.40477395005740874,0.4133825294716823,0.18184352047090868,0.3734290622014402,0.5245205026843426,0.10205043511421726,0.39647582072684723,0.5190711598202902,0.08445301945286249
1108926,2021,M,0,0.67448896,0.2351678,0.090343215,0.5239789,0.29599652,0.1800246,0.5232089124790659,0.3040618881145911,0.1727291994063428,0.516503199098025,0.3012972547087597,0.18219954619321566,0.40370570484148494,0.35806403056779523,0.23823026459071986,0.4324920976847966,0.2969679025034596,0.27053999981174376
1108950,2021,M?,1,0.23038979,0.27503324,0.49457696,0.24892177,0.20301263,0.5480656,0.3336142407309843,0.24687316768327147,0.4195125915857447,0.3453709071877315,0.22925251101355176,0.42537658179871685,0.27664282682468444,0.16863126692639202,0.5547259062489236,0.266744406938448,0.16519925565376783,0.5680563374077842
1108982,2021,M?,1,0.33180895,0.4460616,0.22212946,0.32629666,0.41100964,0.26269364,0.32996369314662,0.41396311179583367,0.2560731950575467,0.3234142244814954,0.403684689113036,0.27290108640546856,0.29229377538463275,0.4162544074890149,0.2914518171263523,0.2832200737671396,0.4408426698238277,0.27593725640903277
1109303,2021,M,0,0.26765758,0.6255128,0.10682968,0.30966634,0.56179774,0.12853591,0.3616940479697121,0.45756563620656115,0.18074031582372685,0.35079791243990405,0.4504808046442433,0.19872128291585284,0.32031405914125166,0.5084904814039813,0.17119545945476705,0.3060365990240077,0.533085178614712,0.1608782223612803
1109482,2021,M?,1,0.28190014,0.45953,0.2585698,0.30738202,0.4240365,0.26858148,0.3210551416654884,0.4224816407770549,0.2564632175574568,0.3174641576781654,0.4277639464008004,0.2547718959210338,0.33046163968449577,0.4046960996103636,0.26484226070514055,0.3191359434771582,0.41836061598683866,0.2625034405360032
1109488,2021,M,0,0.22357647,0.42792964,0.3484939,0.29742956,0.39956576,0.30300465,0.2682444943999973,0.36522877404121873,0.3665267315587839,0.2831777193923314,0.3591236755496377,0.3576986050580303,0.32571248682523596,0.4476155543288888,0.2266719588458752,0.3400404787194477,0.44906877165464637,0.21089074962590593
1109492,2021,M?,1,0.317564,0.5776879,0.10474804,0.3535567,0.5274659,0.1189774,0.3856229770088956,0.43962467689623097,0.1747523460948735,0.37875976547055695,0.45373380831043797,0.16750642621900524,0.3441277555909046,0.4815382891122153,0.17433395529688012,0.3906917532205918,0.44227608865337664,0.16703215812603156
1109498,2021,M?,1,0.40115842,0.26003334,0.3388083,0.37354037,0.27292624,0.35353333,0.35614574854322895,0.28018619115783044,0.36366806029894116,0.3460390557762117,0.28980437639677253,0.36415656782701594,0.41947322512533114,0.27788289914447717,0.3026438757301917,0.4508017821750268,0.28124972632090167,0.26794849150407163
1109516,2021,M,0,0.45418137,0.38275775,0.16306084,0.45551062,0.35261405,0.19187537,0.4190098673248364,0.3816430897099609,0.1993470429652032,0.42314795473460565,0.3709192460187248,0.20593279924666952,0.4320110392518753,0.3938667481380277,0.174122212610097,0.4369089689703226,0.3915811196521745,0.17150991137750282
1109518,2021,M,0,0.43010184,0.3270728,0.24282531,0.3689118,0.304652,0.32643622,0.4308109290069106,0.34163018801923145,0.22755888297385837,0.4418388856126734,0.3536992366004644,0.20446187778686195,0.3012653267715193,0.3625067025717997,0.33622797065668103,0.3216243662238347,0.36930926709105627,0.30906636668510906
1109531,2021,M?,1,0.30088,0.34124416,0.35787582,0.2939558,0.34464762,0.3613966,0.3308141392951063,0.3384160739602254,0.3307697867446684,0.3203735274704881,0.3312349229086729,0.3483915496208391,0.3380490285799259,0.3920699475233401,0.269881023896734,0.3715917653733616,0.3851045870998198,0.24330364752681852
1109592,2021,S+D,2,0.29308096,0.27810737,0.4288117,0.27672237,0.25678363,0.46649393,0.3465122447002512,0.25979511959170715,0.3936926357080414,0.34206461974422725,0.2562400434330434,0.40169533682272907,0.2040754900929582,0.2569932169422264,0.5389312929648153,0.18746928440114702,0.25932179006531586,0.5532089255335371
1109641,2021,M?,1,0.47525623,0.37874076,0.14600301,0.42582282,0.30551365,0.26866356,0.4936891075058779,0.32898429880301,0.1773265936911124,0.47844506632010897,0.3365299477452369,0.18502498593465422,0.37813980463774655,0.3261415239608124,0.29571867140144104,0.38439925973988637,0.3187043915939909,0.29689634866612274
1110108,2021,M?,1,0.41417223,0.33661377,0.24921405,0.378941,0.2799206,0.34113836,0.4584318776110432,0.3141236187148284,0.22744450367412833,0.45502733933135486,0.31911945257436825,0.2258532080942767,0.29551416747676146,0.3015089147325065,0.402976917790732,0.2775420420543737,0.35023059333876355,0.3722273646068628
1110112,2021,M,0,0.50757074,0.3206171,0.17181216,0.44705003,0.27499682,0.27795312,0.45260109705067325,0.31884230903659205,0.22855659391273467,0.44885690904083936,0.32819317382983654,0.2229499171293237,0.41143809136820875,0.28819452625563863,0.3003673823761525,0.40846751430349526,0.2809084956533501,0.31062399004315466
1110136,2021,M?,1,0.18432839,0.46823636,0.34743527,0.18638392,0.42142847,0.3921876,0.22556271945441134,0.3847766610808587,0.3896606194647305,0.21472506181100312,0.3836133461826972,0.4016615920062991,0.21626016431136175,0.40234740604519115,0.3813924296434472,0.2232660385575785,0.4212441128313517,0.3554898486110698
1110151,2021,M?,1,0.47193676,0.3066667,0.22139654,0.45606044,0.31766322,0.22627628,0.43189415128712777,0.3288740501158119,0.23923179859706065,0.42287954422627894,0.33752998213437224,0.2395904736393484,0.4686647404899335,0.33540539811148584,0.19592986139858057,0.4816276811394394,0.3448903505535837,0.17348196830697687
1110164,2021,M?,1,0.5224856,0.31644526,0.16106915,0.39912426,0.4238916,0.17698409,0.45018736569925244,0.35088594650681243,0.1989266877939352,0.4611216784409337,0.3346183039883845,0.20426001757068174,0.44641725632472595,0.3555918324550769,0.19799091122019713,0.4410106686372778,0.36727108400877434,0.19171824735394774
1110299,2021,M?,1,0.45812565,0.28922215,0.25265217,0.4197965,0.28160292,0.29860058,0.418365571511295,0.3187247467841304,0.2629096817045748,0.41823617853518386,0.33823021361018973,0.2435336078546263,0.4097407945678686,0.26034427070413263,0.32991493472799877,0.41343577049725794,0.23696494219983952,0.34959928730290246
1110320,2021,M?,1,0.35246927,0.53889817,0.10863257,0.30210418,0.543511,0.15438488,0.32506317809174384,0.42621750935690483,0.24871931255135152,0.32735975847658055,0.435454306763728,0.23718593475969146,0.26299559387318805,0.5590970167473679,0.177907389379444,0.2721678893168862,0.5315736865461493,0.1962584241369645
1120521,2021,M?,1,0.21482062,0.39033675,0.39484268,0.26192674,0.37433493,0.36373827,0.27002070086468427,0.344063194834503,0.3859161043008125,0.26527449478030196,0.33859759318859006,0.3961279120311075,0.30934935334478453,0.3428701529831406,0.3477804936720749,0.34081797784310675,0.3027660444419739,0.3564159777149193
1120803,2021,M?,1,0.48380837,0.3101891,0.20600253,0.46495003,0.29712218,0.23792784,0.4173055572584652,0.35123864921670495,0.23145579352483023,0.411276425117198,0.35484369011599687,0.23387988476680516,0.42013575252345536,0.29303946472711984,0.2868247827494247,0.45247045395021857,0.2553831773494027,0.29214636870037886
1120927,2021,M?,1,0.34717748,0.35379347,0.29902905,0.3584087,0.297789,0.34380233,0.37225353918737003,0.3623477557373638,0.2653987050752665,0.3541031050249166,0.3496363571730716,0.29626053780201184,0.339576825629095,0.31796832272636205,0.34245485164454303,0.2938819087985063,0.3284963274514783,0.37762176375001544
1121011,2019,M,0,0.5039788,0.08371267,0.4123085,0.34436533,0.11079175,0.5448429,0.39379899825674414,0.11473558210002717,0.4914654196432286,0.3930683537340468,0.11773055385704081,0.48920109240891224,0.15168403393298568,0.07809947655177793,0.7702164895152365,0.15820240105040734,0.05559800553397717,0.7861995934156156
1121021,2021,M?,1,0.21364792,0.69939625,0.086955845,0.27816364,0.603862,0.11797437,0.31958146850944846,0.481539841447462,0.19887869004308995,0.31180236176583986,0.4984325571320409,0.18976508110211934,0.3286209394601508,0.523500308092161,0.14787875244768814,0.3026367649597349,0.5549468890065724,0.14241634603369271
1121131,2021,M,0,0.41573405,0.4018402,0.18242572,0.4120184,0.3867273,0.20125435,0.3444640552291786,0.3781531458451268,0.2773827989256949,0.35850337943160293,0.3854328227302068,0.25606379783819,0.4020080447963331,0.3704555194275556,0.22753643577611132,0.401188740428354,0.35867182940284503,0.24013943016880102
1121335,2021,M?,1,0.45994532,0.41668665,0.12336802,0.42976025,0.41549084,0.15474896,0.40665431137652397,0.4224653299082732,0.17088035871520263,0.4186154980638036,0.4019018141420528,0.1794826877941426,0.46293094493706083,0.3656810433823,0.1713880116806391,0.505470495779943,0.3201504407575473,0.17437906346250975
1121623,2021,M?,1,0.33307958,0.41990572,0.24701475,0.2727688,0.40899625,0.3182349,0.3197457329386618,0.3706574478578166,0.3095968192035214,0.3346586090921482,0.3513805913708973,0.3139607995369553,0.30882277807019703,0.365982879359049,0.3251943425707539,0.31027035681543,0.4091231183048881,0.2806065248796818
1122043,2019,M?,1,0.22202246,0.34430075,0.43367678,0.19925988,0.30247808,0.49826208,0.26395042967689714,0.28322736729924436,0.45282220302385845,0.26709536355438973,0.28277152655418336,0.45013310989142696,0.12007451437386889,0.2569505979567979,0.6229748876693332,0.10261531672885517,0.30198940550725434,0.5953952777638905
1125257,2021,M?,1,0.3417662,0.48279825,0.17543553,0.3760417,0.43958977,0.1843685,0.3295819279665984,0.4712295232607294,0.19918854877267272,0.3237113351059563,0.479143801368448,0.1971448635255957,0.42005620041458036,0.38536139332095615,0.19458240626446355,0.42973906227551534,0.377042462841394,0.19321847488309063
1127227,2021,M?,1,0.3395847,0.32281953,0.3375958,0.3434296,0.35604334,0.30052704,0.3542809131082967,0.3354708864803486,0.3102482004113549,0.3591812285441063,0.32405100086411126,0.3167677705917822,0.3942044358940331,0.325151446980805,0.2806441171251619,0.3482015451273878,0.39743468462153664,0.2543637702510756
1122811,2021,M?,1,0.42080438,0.32966173,0.2495339,0.3382645,0.36469716,0.29703832,0.3513235993498914,0.3804250731118306,0.2682513275382782,0.37698910732511665,0.36539623003918953,0.2576146626356934,0.29290364953463127,0.4227141020530983,0.2843822484122705,0.3809114184229009,0.38687015342198655,0.2322184281551125
1122825,2021,M?,1,0.17756738,0.32865098,0.49378163,0.25208005,0.30183935,0.4460806,0.23429207334502503,0.301404172340401,0.4643037543145739,0.23711246829535684,0.30353416506451647,0.45935336664012644,0.2869873685036139,0.2803264846481315,0.4326861468482547,0.2931125193641544,0.279117684477333,0.4277697961585125
1122831,2021,S+D,2,0.17532001,0.33810705,0.4865729,0.219881,0.31805855,0.46206042,0.22942497007077597,0.33708942058322655,0.4334856093459973,0.23158028791109816,0.33916174669678767,0.429257965392114,0.22159648803799098,0.29142019827028987,0.48698331369171904,0.2095169708184075,0.2712779244873949,0.5192051046941977
1122892,2021,M?,1,0.35604644,0.33490428,0.30904925,0.40162468,0.3087924,0.2895829,0.38079316228360466,0.3166858646435248,0.30252097307287057,0.36901290073956633,0.2987071106744329,0.3322799885860011,0.37500524833536325,0.3106398167261064,0.31435493493853034,0.36226792660737284,0.3281696160511351,0.30956245734149207
1124282,2021,M?,1,0.40265498,0.43437347,0.16297163,0.37927154,0.45032194,0.17040655,0.34253982591371873,0.4049141434147955,0.252546030671486,0.3275813518170734,0.40935387381399,0.2630647743689367,0.3824473739447421,0.45357550012518383,0.16397712593007405,0.40032957479849246,0.4576188959856153,0.14205152921589234
1124562,2021,M?,1,0.4062509,0.46130997,0.13243909,0.37357906,0.47551826,0.15090267,0.3782273681898563,0.4504986317032986,0.17127400010684582,0.3728011913553686,0.4422351362892196,0.18496367235541125,0.28474027894610754,0.5687469630824449,0.14651275797144753,0.278223663293687,0.5894290152308149,0.13234732147549821
1124587,2021,M?,1,0.44722545,0.23113328,0.32164124,0.41422275,0.26759785,0.31817943,0.4297170515337373,0.22344851587343031,0.346834432592832,0.41391248564882516,0.2182152169038454,0.36787229744732897,0.4617496654488599,0.20528712505800112,0.3329632094931389,0.5091089313048145,0.1749901946907925,0.31590087400439304
1124724,2021,M?,1,0.26648086,0.3834744,0.35004473,0.2638894,0.4341162,0.3019944,0.3040656073091309,0.3942858765917448,0.30164851609912396,0.3329482513464068,0.3678502704620199,0.299201478191573,0.2677490652036603,0.39703585500508276,0.3352150797912569,0.25506572972295255,0.4328985860341516,0.3120356842428958
1125242,2021,M?,1,0.3417662,0.48279825,0.17543553,0.3760417,0.43958977,0.1843685,0.3295819279665984,0.4712295232607294,0.19918854877267272,0.3237113351059563,0.479143801368448,0.1971448635255957,0.42005620041458036,0.38536139332095615,0.19458240626446355,0.42973906227551534,0.377042462841394,0.19321847488309063
1125321,2021,M?,1,0.48354208,0.38070843,0.13574952,0.47241336,0.3610456,0.16654103,0.4357769461245206,0.3777938660369172,0.18642918783856233,0.44250216388750097,0.3845140259109217,0.1729838102015778,0.41944366424830765,0.3721469633473129,0.20840937240437948,0.4396552135810973,0.3606506792016401,0.19969410721726252
1126000,2019,M,0,0.54891294,0.087571435,0.36351565,0.42735103,0.10854177,0.46410722,0.4134517686897865,0.10214690258524348,0.48440132872497005,0.43774868505454373,0.08257733836337987,0.47967397658207633,0.3856285721829955,0.12433666615377548,0.49003476166322896,0.46273460613439077,0.10328362306729232,0.4339817707983169
1126005,2019,M,0,0.5862104,0.12862836,0.28516123,0.47663987,0.15796444,0.36539564,0.4838687325845335,0.1651812246731875,0.3509500427422789,0.4924950216902723,0.16440496576756228,0.3431000125421657,0.35376246194649325,0.16492975937465107,0.4813077786788556,0.3217779532848643,0.18930415686330063,0.4889178898518351
1126013,2019,M,0,0.49998116,0.08825981,0.41175905,0.39829698,0.10906674,0.49263623,0.439720565996155,0.1129855847465656,0.4472938492572793,0.4654625392664299,0.10685090648015695,0.42768655425341306,0.32071478679624454,0.0940919478640269,0.5851932653397285,0.3573543753464566,0.07140257791098449,0.5712430467425589
1126016,2019,M,0,0.463553,0.14234065,0.39410633,0.42013296,0.12981582,0.45005125,0.43705935424913683,0.12651061359123103,0.43643003215963244,0.44829231477220766,0.12723972059803235,0.42446796462976005,0.39170420322979765,0.14019212750296853,0.46810366926723374,0.4004999413656652,0.13079363042303369,0.46870642821130115
1126024,2019,M,0,0.44030535,0.1292769,0.43041775,0.40562466,0.14656894,0.44780642,0.4361710157031171,0.15941087666665,0.40441810763023267,0.451885019964122,0.14888351878001255,0.3992314612558655,0.2698120814435831,0.18262802561921584,0.5475598929372011,0.2199104272351152,0.17131739766974982,0.6087721750951349
1126049,2021,M?,1,0.4330562,0.3995817,0.16736206,0.46725538,0.3467607,0.18598387,0.4494856991929792,0.3454168529008497,0.20509744790617077,0.44719653209837307,0.3470024584842626,0.20580100941736423,0.466630897127241,0.3247925944941723,0.2085765083785866,0.41400995144619196,0.3916978267284029,0.19429222182540515
1126079,2021,M?,1,0.37917787,0.48870993,0.13211215,0.39626533,0.4638609,0.13987379,0.3762759503083967,0.44059777844390546,0.18312627124769815,0.37970152501733373,0.44905934088194244,0.17123913410072375,0.39572461278694515,0.4476431383584299,0.15663224885462493,0.40641409237509296,0.4333658693451712,0.16022003827973583
1126498,2019,M?,1,0.3924977,0.3363731,0.27112928,0.39252716,0.35529473,0.2521781,0.3513926425864009,0.3428347558705378,0.3057726015430614,0.36395667131250115,0.34243058632746987,0.2936127423600288,0.43264771095259724,0.3337273638389986,0.2336249252084042,0.47273754847353716,0.3127430740378163,0.21451937748864655
1126500,2019,M?,1,0.34184253,0.45765978,0.2004977,0.37705618,0.44771397,0.17522988,0.33909215133622894,0.41139508792579693,0.24951276073797446,0.3529295279262218,0.41902381556983337,0.22804665650394518,0.34877575220251783,0.4468780747711373,0.2043461730263449,0.39277979339802943,0.4270669861817014,0.18015322042026927
1126501,2019,M?,1,0.3580618,0.31567547,0.3262627,0.38666284,0.32468247,0.28865466,0.3513939705583429,0.36200063171208635,0.286605397729571,0.34531579644271765,0.35292980415076364,0.30175439940651844,0.3826430374530387,0.3610045603385497,0.25635240220841155,0.40235894465171074,0.35610280632110336,0.24153824902718596
1127053,2021,M?,1,0.5227788,0.35464907,0.12257211,0.48865297,0.34873176,0.16261522,0.45357622475356424,0.3606923452579738,0.18573142998846146,0.44638543819999094,0.3695300639823541,0.18408449781765468,0.4932064685767371,0.33703575034862776,0.16975778107463507,0.5146584786647971,0.3014667813480129,0.18387473998718998
1127418,2021,M?,1,0.44232136,0.3834992,0.17417939,0.43019536,0.37158528,0.19821933,0.38108289358537084,0.3949927885522434,0.2239243178623856,0.38671227828511684,0.3970976449256806,0.21619007678920263,0.4038607331816065,0.36030457221857753,0.23583469459981604,0.3844712993071468,0.37409257281001473,0.24143612788283852
1127736,2021,M?,1,0.3433329,0.49462834,0.16203873,0.37122384,0.45185408,0.1769221,0.32506584285463475,0.4774008258307684,0.1975333313145973,0.32278810055945434,0.48938603797719843,0.1878258614633473,0.4086819486804487,0.40415260554661175,0.18716544577293953,0.41234863966045254,0.405940987290083,0.18171037304946455
1127838,2021,M?,1,0.2940256,0.29310146,0.41287294,0.31152076,0.2989451,0.38953412,0.3083872889033429,0.3105302669139898,0.3810824441826675,0.30311685697184837,0.33192955077542635,0.3649535922527252,0.3021067733678239,0.30318114591430156,0.3947120807178745,0.33461490588297566,0.33347936931042577,0.3319057248065985
1127994,2021,M?,1,0.1999057,0.46948302,0.33061123,0.18294919,0.42138952,0.3956613,0.19675889012183878,0.3777199121016585,0.4255211977765026,0.19306073830685883,0.37706162223409306,0.429877639459048,0.22418144926526073,0.41693117731805707,0.3588873734166822,0.22122638817067358,0.46599809116911844,0.312775520660208
1127997,2021,M?,1,0.6400077,0.2667501,0.09324226,0.54570407,0.29597345,0.15832248,0.4606126332858999,0.3346763525818918,0.20471101413220857,0.4811219266133185,0.3327888696150629,0.1860892037716181,0.5394910415532075,0.2965560572632166,0.16395290118357592,0.5735683638833139,0.29162911721618223,0.1348025189005039
1128189,2021,M,0,0.50323826,0.3873634,0.109398335,0.47776362,0.36709806,0.15513833,0.4074413767121576,0.38969945786621907,0.20285916542162336,0.40642561883586176,0.4056914433611519,0.18788293780298645,0.5334054089037195,0.28089093605081833,0.18570365504546216,0.5660936985055353,0.2559078733904021,0.1779984281040626
1128220,2020,M?,1,0.44584355,0.3532222,0.2009342,0.44169506,0.34099606,0.21730886,0.41544877256117874,0.3472297931874021,0.23732143425141977,0.4229948911606388,0.35213854679021694,0.22486656204914346,0.42331125603842,0.34350940511972217,0.23317933884185782,0.4427308643059841,0.3391467735645217,0.21812236212949423
1130990,2021,M?,1,0.328027,0.33950981,0.33246315,0.3355607,0.3575169,0.30692235,0.35359994692149016,0.32015318055446457,0.32624687252404555,0.3645378918474747,0.31207794482516715,0.3233841633273574,0.3766589775317113,0.36922108381957036,0.2541199386487182,0.3773933427656684,0.3813094121812331,0.2412972450530985
1133429,2019,M?,1,0.28366414,0.276374,0.43996188,0.2975349,0.28712353,0.41534156,0.3350781706559253,0.2530938846817303,0.4118279446623441,0.3211371914776509,0.2554191247741498,0.4234436837481996,0.3003994505644824,0.30037163983706544,0.39922890959845214,0.2721053674851266,0.30083861055451133,0.427056021960362
1128649,2021,M?,1,0.39739117,0.442695,0.15991385,0.37334147,0.42473286,0.20192571,0.3945927434097529,0.3920636935316435,0.21334356305860383,0.40686216998487135,0.40615547290363,0.18698235711149877,0.37330206795441445,0.467701669463062,0.15899626258252356,0.3585549011244451,0.4951078377460884,0.14633726112946635
1129234,2021,M,0,0.367872,0.4197006,0.21242736,0.4080075,0.31014276,0.28184974,0.41915971504309224,0.3523384794037876,0.22850180555312036,0.4085895567325074,0.3541407303535716,0.23726971291392057,0.3518953523916947,0.2956048762827254,0.3524997713255798,0.3425599523156389,0.3086511566469719,0.34878889103738925
1129527,2019,M?,1,0.33855292,0.27304527,0.3884018,0.29489216,0.34318763,0.36192024,0.3499281082799273,0.35370372590521887,0.2963681658148539,0.3502132799996031,0.3310005243709478,0.3187861956294488,0.33597292023672487,0.3065168093751105,0.3575102703881645,0.3291294763579889,0.2920771085467095,0.37879341509530157
1129542,2019,M?,1,0.24849606,0.42424688,0.32725704,0.32836324,0.3546849,0.3169519,0.33941234040019513,0.38250578341373787,0.27808187618606717,0.3158790339203671,0.39433242826760784,0.2897885378120255,0.24190143887466808,0.313935257464793,0.4441633036605388,0.21628529310254485,0.3129958015415023,0.4707189053559528
1129825,2021,M?,1,0.15391962,0.2673537,0.57872665,0.2244387,0.27273092,0.5028303,0.2460713698191111,0.3107490397215745,0.44317959045931465,0.2621385134265883,0.30707537024725,0.43078611632616143,0.20109580451176523,0.2560741473844673,0.5428300481037676,0.16133915344102936,0.2544665699077882,0.5841942766511824
1130850,2021,M?,1,0.14322382,0.62788546,0.22889075,0.22225949,0.4595316,0.3182089,0.2712802541815861,0.40289908694043125,0.32582065887798306,0.2781283085925647,0.40834438451766664,0.3135273068897691,0.19232186738939797,0.46597408674120466,0.34170404586939745,0.138910624429601,0.5418658337341409,0.31922354183625823
1131275,2021,M?,1,0.32283324,0.3785658,0.298601,0.31951225,0.36070156,0.31978625,0.3469018802934699,0.37874606285047124,0.2743520568560589,0.3484153684228221,0.3660929593144121,0.28549167226276545,0.28359536546805264,0.3428823974416591,0.3735222370902883,0.27711842135978326,0.3326777036323947,0.39020387500782205
1131760,2021,M?,1,0.13315952,0.7697437,0.097096816,0.18234512,0.6698014,0.14785343,0.2806347357875725,0.4197502830719864,0.29961498114044155,0.27417163288400614,0.4295704010796982,0.29625796603629617,0.2623735281070724,0.5456175982443177,0.19200887364860994,0.19627804623190695,0.6130947176929802,0.19062723607511278
1132135,2021,M?,1,0.31540984,0.5139302,0.17065999,0.33146322,0.49242485,0.17611194,0.3540545168591153,0.43525017123267573,0.2106953119082095,0.3503520783307177,0.4473589387230292,0.20228898294625275,0.2789303836247621,0.538858978649355,0.18221063772588295,0.26923277591933203,0.5985391616463045,0.13222806243436347
1132331,2021,M?,1,0.6045017,0.27176028,0.12373802,0.5428573,0.29010168,0.167041,0.48045436075675557,0.34230404549581567,0.177241593747429,0.48268743772782663,0.33621892358459216,0.18109363868758113,0.4699188970666037,0.35938094785599556,0.17070015507740066,0.471700254623796,0.37665776491976466,0.15164198045643934
1132626,2021,M?,1,0.3433329,0.49462834,0.16203873,0.37122384,0.45185408,0.1769221,0.32506584285463475,0.4774008258307684,0.1975333313145973,0.32278810055945434,0.48938603797719843,0.1878258614633473,0.4086819486804487,0.40415260554661175,0.18716544577293953,0.41234863966045254,0.405940987290083,0.18171037304946455
1132964,2021,M?,1,0.6153693,0.32578418,0.05884653,0.5240751,0.36580187,0.11012309,0.43226456338074487,0.4205724298390222,0.1471630067802332,0.44520271201434525,0.419287505114675,0.13550978287098037,0.44866303417468284,0.4533709425835826,0.0979660232417345,0.510475133811192,0.39762067132512263,0.09190419486368528
1133327,2021,M?,1,0.49665463,0.3669401,0.13640526,0.46609423,0.3829962,0.15090957,0.42659505079631005,0.3753320718976011,0.1980728773060888,0.42619436782343184,0.385608492896666,0.18819713927990211,0.3852177851476838,0.4856744078707573,0.12910780698155883,0.37716689448563934,0.5010350106271142,0.12179809488724645
1133354,2019,M?,1,0.36332667,0.3546196,0.28205377,0.4088791,0.30398065,0.28714022,0.3838485576050573,0.305600661167623,0.31055078122731994,0.36899533979447696,0.3053056733431007,0.32569898686242255,0.40877494270405496,0.26618268468556666,0.3250423726103783,0.40222436615426865,0.2598273145941021,0.33794831925162927
1133357,2019,S+D,2,0.28522417,0.25586843,0.45890737,0.3001063,0.26415992,0.43573382,0.29496909166016305,0.28173902752209573,0.42329188081774144,0.30355998462804495,0.28481664203098245,0.4116233733409727,0.31708072210552035,0.23328590608637376,0.449633371808106,0.31300718487507845,0.21640675539212856,0.47058605973279294
1133362,2019,M,0,0.50979465,0.21244001,0.27776533,0.41723558,0.27922088,0.30354354,0.4334336986207105,0.21931217126616986,0.3472541301131199,0.45497261761089514,0.20952177784755324,0.33550560454155176,0.3654207139899214,0.2965066083452225,0.33807267766485616,0.382380595548588,0.28936077707915625,0.32825862737225586
1133369,2019,M,0,0.31820214,0.1781141,0.5036838,0.33921206,0.21350555,0.44728237,0.3426999040684761,0.1875692962551777,0.46973079967634623,0.34946349674802946,0.1808299633651341,0.4697065398868369,0.3231508370779432,0.22327812269581734,0.45357104022623945,0.33542495426747015,0.21736895919595267,0.4472060865365771
1133377,2019,M?,1,0.36903825,0.1876804,0.44328132,0.38503873,0.2042451,0.4107162,0.34708602156812557,0.21143552890413564,0.44147844952773857,0.3413635272481141,0.20189885125820614,0.4567376214936801,0.3721906549533289,0.2393556060950374,0.3884537389516336,0.38965878008309074,0.22852596612353382,0.38181525379337544
1133391,2019,M?,1,0.431192,0.2460069,0.32280108,0.3794102,0.25751787,0.3630719,0.37276585947794677,0.2699232151191155,0.3573109254029376,0.3775866408434531,0.2558769762706148,0.3665363828859325,0.38299635203247884,0.2379222124672034,0.37908143550031775,0.4051320119727534,0.2301978277890685,0.3646701602381783
1133395,2019,M?,1,0.33953217,0.23606828,0.42439952,0.34535888,0.2377473,0.4168938,0.33478539395376117,0.24419182017306132,0.42102278587317715,0.332077713697528,0.2540929920734485,0.41382929422902426,0.33833543806733024,0.22117536611993474,0.440489195812735,0.36559648098678055,0.20889124254009697,0.42551227647312245
1133408,2019,M?,1,0.3756867,0.30954054,0.31477273,0.38862723,0.32705662,0.28431618,0.3612833888066146,0.30760531512092515,0.33111129607246026,0.36935559865821477,0.29685198457303136,0.33379241676875404,0.41656128253243774,0.327956685700106,0.2554820317674563,0.41602368639286896,0.3336173761337543,0.2503589374733768
1133420,2019,M?,1,0.26052916,0.1844797,0.5549911,0.2728291,0.21542378,0.5117471,0.2929331877011456,0.2066227284216946,0.5004440838771599,0.3194094821386293,0.19348510334502086,0.4871054145163506,0.24025659124586646,0.21955417253461076,0.5401892362195228,0.24641838595430066,0.21523503100504415,0.5383465830406552
1133435,2019,S+D,2,0.33029556,0.19314417,0.4765603,0.35245302,0.22257997,0.42496696,0.3247753207313729,0.23337748497813401,0.44184719429049285,0.31912537486747916,0.23137646342921583,0.44949816170330537,0.36073245684573213,0.2077914717494914,0.43147607140477645,0.3772817154784586,0.19289732253000988,0.4298209619915314
1133439,2019,S+D,2,0.19385663,0.13346654,0.67267686,0.19312662,0.17708333,0.62979,0.2803401402347521,0.18825013172756588,0.5314097280376818,0.29513088983326985,0.18394266782647503,0.5209264423402556,0.19686841352604073,0.16223534717363444,0.6408962393003248,0.20708739595802772,0.15541562871534875,0.6374969753266235
1133440,2019,M?,1,0.38616377,0.3361091,0.27772713,0.40730065,0.3491969,0.24350242,0.3969125193708297,0.2998618152225822,0.303225665406588,0.41135894015094543,0.29754900015977026,0.2910920596892838,0.43768428854098035,0.3212787105702879,0.2410370008887318,0.4288517850680753,0.3319193406137377,0.23922887431818698
1133444,2019,M?,1,0.24019441,0.24080566,0.519,0.26343375,0.22634572,0.5102205,0.2720880611776632,0.22579356546413828,0.5021183733581981,0.2759560736004816,0.2327737143112154,0.49127021208830324,0.2339138407381923,0.24070329454716374,0.5253828647146439,0.23934275089504575,0.2262688340152959,0.5343884150896583
1133446,2020,M,0,0.47355643,0.36151248,0.16493107,0.38559878,0.35337195,0.26102927,0.3674810575291183,0.3267144344960953,0.3058045079747865,0.3892608404028144,0.3260278871449632,0.2847112724522225,0.28553624731508254,0.3618290501044115,0.3526347025805059,0.2795192625172907,0.43370411708656886,0.2867766203961403
1133458,2019,S+D,2,0.35678065,0.29150006,0.35171923,0.32653373,0.28414297,0.3893233,0.379288256495622,0.19958631290340242,0.42112543060097546,0.3763058342436069,0.21110572951798545,0.412588436238408,0.3126150900298628,0.22589550335839104,0.46148940661174614,0.31281428659650007,0.2127062784733435,0.4744794349301563
1133475,2019,M?,1,0.3333808,0.23331472,0.43330446,0.34234387,0.26882294,0.38883317,0.35302566252979156,0.23634736580589508,0.4106269716643135,0.35619460562393107,0.2267467848809255,0.41705860949514345,0.2998864229466264,0.3213117450955441,0.37880183195782957,0.3252582799469972,0.31696522132923893,0.3577764987237639
1133678,2020,M?,1,0.37870446,0.36097902,0.26031655,0.36413658,0.37770504,0.25815842,0.3934674167898583,0.32987425191415937,0.27665833129598233,0.40414927091972586,0.3342315598339098,0.26161916924636475,0.33582587719157936,0.3954221766035055,0.26875194620491516,0.2517917993931474,0.556549807699285,0.1916583929075677
1133680,2020,M?,1,0.40908995,0.24153396,0.3493761,0.36059922,0.271519,0.36788172,0.35803662536607006,0.2808608625708579,0.3611025120630717,0.3763895966097326,0.2606124097296562,0.36299799366061136,0.29795361697688755,0.4245535366509929,0.27749284637211963,0.31695079272324284,0.4267963659014841,0.2562528413752731
1133682,2020,M?,1,0.27384987,0.4181927,0.30795744,0.2831353,0.4179068,0.29895788,0.30056804201240606,0.34347742228498185,0.3559545357026127,0.3006582178376084,0.3437327155583555,0.3556090666040362,0.28556949532269654,0.4507249271441748,0.26370557753312857,0.2572997132713425,0.4837590840367423,0.25894120269191534
1134150,2021,M?,1,0.54665285,0.20036958,0.25297758,0.46811607,0.2790166,0.25286737,0.3883356282036268,0.3283570544516689,0.28330731734470466,0.40538045596527156,0.3188691300329861,0.27575041400174255,0.35597590910952676,0.38363110960144625,0.26039298128902705,0.4144018709706649,0.35199931566277515,0.2335988133665599
1133513,2019,S+D,2,0.22505984,0.21583347,0.5591067,0.27766106,0.29615518,0.4261838,0.30872456385602187,0.24350222135522853,0.44777321478875004,0.31493758008609,0.23253648603820104,0.4525259338757088,0.2588551543262965,0.3038643875428788,0.43728045813082467,0.2756678143764399,0.3083854474945469,0.4159467381290133
1133522,2020,S+D,2,0.2465198,0.2070436,0.5464366,0.27650565,0.20569992,0.51779443,0.25464847023876214,0.21706770620788687,0.5282838235533509,0.25493417491161713,0.23397134824776564,0.5110944768406177,0.25075373723998223,0.2007948398035127,0.5484514229565051,0.257646128975436,0.19135207838415366,0.5510017926404104
1133523,2020,S+D,2,0.38453102,0.15822384,0.45724517,0.3813929,0.18623477,0.4323723,0.3318546280973152,0.20974837548194247,0.4583969964207424,0.3316076512843808,0.2119963748146322,0.45639597390098774,0.3757159549103325,0.16185545208027538,0.4624285930093922,0.38901868187996264,0.14885925042760528,0.462122067692432
1133549,2019,S+D,2,0.3794834,0.14147449,0.4790421,0.3438892,0.21863641,0.43747443,0.3581001483762352,0.23174580474004913,0.41015404688371576,0.3583015971518424,0.22471324791021416,0.4169851549379436,0.29018573186975744,0.31363681144760475,0.39617745668263776,0.3191828517393397,0.3052852077505922,0.375531940510068
1133553,2019,M?,1,0.20991425,0.28173396,0.5083518,0.26127282,0.31667486,0.42205226,0.24717805111742833,0.2873492380664243,0.4654727108161478,0.2624275698736948,0.270742982808608,0.4668294473176969,0.276620158219816,0.31007615449953196,0.4133036872806521,0.2646386332894122,0.31302283682359683,0.422338529886991
1133557,2020,M?,1,0.3842981,0.30981776,0.3058841,0.43506205,0.29266727,0.2722707,0.35675326947345765,0.2972591871908455,0.3459875433356967,0.3404315101557659,0.29936100986356534,0.36020747998066904,0.39240574179899107,0.2109765821404705,0.39661767606053844,0.43052619075540943,0.19558570092316754,0.37388810832142305
1133563,2019,S+D,2,0.4837236,0.3414188,0.17485757,0.39543825,0.33761454,0.2669472,0.42557287388923015,0.2751635614705251,0.2992635646402448,0.4328448651400281,0.279807482692175,0.2873476521677974,0.38205602395754235,0.2899751947773541,0.3279687812651035,0.4097491681786953,0.26977923075381455,0.3204716010674902
1133565,2019,M?,1,0.37620768,0.37437987,0.2494124,0.34480464,0.3405456,0.3146498,0.3530746590094543,0.30571958548139877,0.34120575550914684,0.3520687281848389,0.2902225378640103,0.35770873395115105,0.32346136856636304,0.24769611896951835,0.42884251246411864,0.3638648275648059,0.22600150439346758,0.41013366804172646
1133573,2020,S+D,2,0.28010228,0.1678051,0.5520926,0.34429857,0.19807328,0.4576281,0.32288319375738944,0.21532522069892693,0.46179158554368405,0.3206556600416656,0.20789336494326638,0.47145097501506816,0.3903680727516707,0.16700282440369527,0.4426291028446341,0.41757282635562204,0.1589244426803598,0.4235027309640182
1133580,2020,S+D,2,0.2628564,0.2973721,0.4397715,0.29667282,0.2672426,0.43608457,0.3013366304145318,0.2910705457434819,0.4075928238419868,0.302832391558387,0.3000646061788512,0.3971030022627619,0.3012827222511924,0.26025121905504484,0.4384660586937628,0.29430576094717115,0.24919989076521237,0.45649434828761654
1133583,2020,M?,1,0.3385556,0.28306478,0.37837958,0.34363034,0.27650678,0.37986284,0.31340151348434603,0.2789468228824701,0.40765166363318406,0.3290798661783965,0.2759168966269498,0.3950032371946537,0.37789767353909176,0.2440144342909164,0.37808789216999195,0.37433645142984906,0.235884600376487,0.38977894819366393
1133601,2020,M?,1,0.38183084,0.32103842,0.29713076,0.37284982,0.34032518,0.28682497,0.38132875847314546,0.3061160673919596,0.31255517413489536,0.3819819998907486,0.3092072746528915,0.30881072545636,0.384213335857652,0.32908153206859453,0.2867051320737534,0.3509357036362369,0.3530323939044928,0.29603190245927025
1133605,2020,M?,1,0.26704448,0.37233075,0.36062476,0.30027705,0.37896264,0.32076025,0.33641396370253707,0.37245969857296746,0.2911263377244955,0.3271655651846136,0.396072361649284,0.2767620731661021,0.25833001943927136,0.3867705456070728,0.3548994349536558,0.23733442229515195,0.41246392865017056,0.35020164905467754
1133609,2020,M?,1,0.4739864,0.23543353,0.2905801,0.42067468,0.27194706,0.3073782,0.4044595437643362,0.2693117748457147,0.3262286813899492,0.4069370797655566,0.29335634776022856,0.29970657247421467,0.39802329251648916,0.28146281047877275,0.3205138970047382,0.3910873567267084,0.2855428723908121,0.3233697708824795
1133633,2020,M?,1,0.38484496,0.17271139,0.44244367,0.38998115,0.20549732,0.40452152,0.3538461199213464,0.21600737586104618,0.4301465042176071,0.3499027965732605,0.20837721008029012,0.44171999334644935,0.3793129735833832,0.23981925023813722,0.3808677761784796,0.3999669651463122,0.23112087350804253,0.36891216134564536
1133641,2020,M?,1,0.30776334,0.52130044,0.1709362,0.31992906,0.47278973,0.20728119,0.3896383654172584,0.3529478797658969,0.2574137548168451,0.40510213062229034,0.35854903007275873,0.23634883930495046,0.3200920756844109,0.5045095736724188,0.17539835064317025,0.3131277577438741,0.5244181465316978,0.16245409572442818
1133657,2019,M?,1,0.47649145,0.4008495,0.122659065,0.4469409,0.3909998,0.16205929,0.4143253334008379,0.3586832561712165,0.22699141042794593,0.4188983135020685,0.36407836922252557,0.21702331727540586,0.42140113010065355,0.44156206211767557,0.13703680778167104,0.38523991553346165,0.4830603414576114,0.13169974300892692
1133660,2019,M?,1,0.32989505,0.24120322,0.4289017,0.29601145,0.22781007,0.4761785,0.31715298008307813,0.24630566685069008,0.4365413530662316,0.3347894483597182,0.2404940320392101,0.4247165196010719,0.2727672589861339,0.18713542333673852,0.5400973176771275,0.28033942068799794,0.16371004659496036,0.5559505327170416
1133661,2019,M?,1,0.26222783,0.43045607,0.30731615,0.28706527,0.35047114,0.3624636,0.3075142139258762,0.3360258512101922,0.3564599348639314,0.3076267105216053,0.3389029478615455,0.35347034161684915,0.2911438138641377,0.3133119385789068,0.3955442475569555,0.27516445982134574,0.3049712191303288,0.4198643210483255
1133700,2020,M?,1,0.33496255,0.2559307,0.40910676,0.31677625,0.3106233,0.37260044,0.34840282570696596,0.3070793524332236,0.34451782185981017,0.35558720102926616,0.2938590476623802,0.35055375130835403,0.298871491337797,0.3879216895700268,0.31320681909217607,0.3180623043199008,0.38637722387720297,0.2955604718028963
1133712,2020,M?,1,0.52963734,0.33672518,0.13363746,0.46840227,0.33534312,0.1962546,0.43022256372849393,0.31147305255914953,0.2583043837123567,0.4518508462458351,0.3148988055274006,0.23325034822676444,0.4225058225849512,0.34666002444141814,0.2308341529736307,0.4268374400196832,0.342753868045256,0.23040869193506075
1133719,2020,S+D,2,0.3848462,0.3274143,0.28773955,0.39818665,0.31655863,0.2852547,0.38594152167726664,0.29693979927062963,0.317118679052104,0.4016364098910495,0.2863227272751725,0.3120408628337782,0.37864086018767656,0.250747606019164,0.3706115337931593,0.4019065310733499,0.23302685430018655,0.36506661462646367
1133729,2020,M?,1,0.33349788,0.25297558,0.41352648,0.3114255,0.30073097,0.38784352,0.3409446046665316,0.2537218869027371,0.40533350843073157,0.341329307976241,0.24510535746745257,0.41356533455630684,0.3224048219143098,0.26601980664671854,0.41157537143897177,0.3523724623666765,0.259816175412756,0.38781136222056745
1133736,2020,M?,1,0.32683668,0.4510828,0.22208054,0.3261907,0.4148546,0.25895467,0.32404580408961114,0.36755709415751886,0.3083971017528703,0.3452152982934282,0.38454180080358513,0.2702429009029866,0.29822937392978427,0.37982995696750627,0.3219406691027094,0.29954761730819335,0.3737252588221719,0.3267271238696348
1133755,2020,M?,1,0.2017946,0.10654031,0.6916651,0.25438985,0.18442711,0.56118304,0.3248227201581078,0.20321502819233153,0.4719622516495609,0.3236985360116708,0.21104310571105042,0.4652583582772788,0.2154102326674043,0.3167448864451463,0.46784488088744947,0.22889103447418543,0.319349823844562,0.4517591416812526
1133810,2020,M,0,0.25478444,0.3151112,0.43010437,0.31027803,0.3397938,0.3499282,0.27162567209450095,0.2833802847738399,0.4449940431316594,0.27366569803104207,0.28673741456890284,0.43959688740005476,0.29843628560069163,0.28704951841508697,0.41451419598422146,0.2882583834376282,0.29167330280689596,0.4200683137554759
1133819,2020,M?,1,0.33009154,0.25713414,0.4127743,0.34080195,0.25394544,0.40525264,0.33657871288471897,0.2610817281747449,0.40233955894053575,0.3448370624564783,0.2589832098012289,0.39617972774229365,0.35747461309271816,0.22836371592864677,0.41416167097863515,0.37641699811543444,0.21594108304334933,0.4076419188412162
1133826,2020,S+D,2,0.30407092,0.4488961,0.24703297,0.32283854,0.41742957,0.2597319,0.3114936094795087,0.3694248385921878,0.3190815519283033,0.315008484287575,0.36689784910272005,0.31809366660970406,0.27259974111793206,0.49585085036191834,0.23154940852014952,0.2508417696793432,0.533400514408537,0.21575771591211976
1133831,2020,M?,1,0.4223209,0.24884167,0.32883742,0.40961808,0.25666153,0.33372036,0.3383463525399808,0.26285346733325843,0.3988001801267608,0.3522736742001121,0.2615019533486168,0.386224372451271,0.39735492607861517,0.2907855475152951,0.3118595264060896,0.3974768499679355,0.2855278484267107,0.31699530160535383
1133837,2021,S+D,2,0.2555151,0.20036118,0.5441237,0.29631436,0.25298342,0.45070225,0.28290385171983873,0.26367321560035084,0.45342293267981115,0.2892425319311921,0.27388158360709275,0.4368758844617159,0.27905094753833964,0.2620245860313859,0.4589244664302744,0.18377475494851434,0.1692544851964079,0.6469707598550778
1133850,2020,S+D,2,0.2191509,0.20823695,0.5726121,0.25634196,0.24785301,0.49580505,0.26766221287683684,0.2165595204933847,0.5157782666297783,0.285280922060363,0.20072251252757503,0.5139965654120624,0.29002891015490073,0.30272371796781217,0.40724737187728705,0.28790500543180064,0.299151641224505,0.41294335334369436
1133851,2020,M?,1,0.38102564,0.40477005,0.21420433,0.41946283,0.37984607,0.2006911,0.41242606893346245,0.34507123150546865,0.24250269956106899,0.4304240585767112,0.3472523842813026,0.22232355714198537,0.42246167041495736,0.34185599463845995,0.23568233494658272,0.42651322668004427,0.3407439270091019,0.2327428463108539
1133858,2020,M?,1,0.22056589,0.27313185,0.50630224,0.2650911,0.3002149,0.43469408,0.2477148091531845,0.2609651208544218,0.49132006999239425,0.25854928028310664,0.25136366359907825,0.49008705611781467,0.27810102295135064,0.2250556745465888,0.4968433025020606,0.26611341283429224,0.21879581674318016,0.5150907704225275
1133861,2020,M?,1,0.42582795,0.24135913,0.33281294,0.41356105,0.25164706,0.33479187,0.3563741573519771,0.26645851468779014,0.37716732796023245,0.36799460137756695,0.266491312690727,0.36551408593170615,0.4075928307677773,0.26274650775113995,0.3296606614810828,0.4079929319597871,0.2532229624296556,0.3387841056105573
1133865,2020,M?,1,0.34166247,0.34606102,0.31227654,0.37648186,0.31581783,0.3077003,0.3603315854992866,0.3006167704922934,0.33905164400841953,0.3665348012079574,0.3046603655560073,0.32880483323603493,0.4364075777087133,0.281631381354224,0.2819610409370628,0.4274429494058251,0.2949405126191507,0.2776165379750243
1133875,2020,S+D,2,0.15984915,0.21354887,0.62660193,0.16620368,0.18977821,0.6440181,0.2613519048805114,0.2466914980065449,0.4919565971129432,0.259344966460772,0.24431768753150096,0.49633734600772755,0.15785948387708718,0.1430220646983703,0.6991184514245427,0.1603820078103614,0.13202509140062,0.7075929007890186
1133877,2020,M,0,0.47583634,0.24681176,0.27735198,0.4382652,0.25648528,0.30524945,0.38937361259960734,0.27252392046845536,0.3381024669319373,0.3936415774509651,0.2853789186762547,0.32097950387278007,0.438042928732686,0.2560577117920027,0.30589935947531127,0.43859410197349163,0.2532655670038375,0.3081403310226708
1133879,2020,M?,1,0.17937352,0.63848394,0.18214253,0.2416635,0.53325254,0.22508399,0.30331672857641273,0.38731250428767516,0.30937076713591216,0.3095555007191649,0.40778333981739456,0.2826611594634405,0.2952458247171116,0.44367519815027207,0.2610789771326162,0.28672017783990367,0.4616484818416686,0.25163134031842777
1133881,2021,M?,1,0.61552006,0.27857864,0.10590135,0.53785497,0.28417727,0.17796776,0.46669777629686804,0.315762378161699,0.21753984554143274,0.47376112718727414,0.3256877679818617,0.20055110483086488,0.5292661795300806,0.24546554614912358,0.22526827432079585,0.5509747579211167,0.23247963106812947,0.21654561101075384
1133882,2021,M?,1,0.2940488,0.26402095,0.4419302,0.31724045,0.2760619,0.40669763,0.2860184204226033,0.2887359157250416,0.42524566385235524,0.28452270955245657,0.28878916052567605,0.42668812992186744,0.321672050193472,0.27725713130306495,0.401070818503463,0.3142890911732763,0.2764750367411703,0.4092358720855534
1133883,2020,M?,1,0.4852939,0.22637013,0.2883359,0.4418737,0.24736243,0.31076393,0.38598267795351227,0.2712884257546458,0.3427288962918417,0.39283231306028865,0.2759713186344819,0.33119636830522947,0.4531941898312709,0.2571571233033167,0.28964868686541245,0.44890288927588323,0.26073857345708756,0.2903585372670293
1133884,2021,M?,1,0.19104666,0.22202328,0.58693004,0.20295697,0.20935334,0.58768964,0.27889120592918437,0.23369521775056187,0.48741357632025406,0.28911431471320836,0.23721777637723832,0.47366790890955307,0.1597895680425104,0.170263038755044,0.6699473932024456,0.10079872983269154,0.11843192691736397,0.7807693432499446
1133887,2019,S+D,2,0.1989813,0.17518567,0.625833,0.24700458,0.20534831,0.5476471,0.2983539750336979,0.19845431530302832,0.5031917096632736,0.3047226733324828,0.19225570761252964,0.5030216190549879,0.23307027813342718,0.14736884136419956,0.6195608805023733,0.23665766798000615,0.14694125499912253,0.6164010770208713
1133892,2019,M?,1,0.21722224,0.43878636,0.3439914,0.2638665,0.37258735,0.3635461,0.2754816577553899,0.3764294556052485,0.34808888663936144,0.275062347252706,0.38192478989810674,0.34301286284918703,0.2979819046775411,0.28051951475261944,0.42149858056983946,0.2838650593154458,0.29361673299158886,0.4225182076929653
1133898,2019,S+D,2,0.2706047,0.15973854,0.5696568,0.3350765,0.18020928,0.48471424,0.31952982217769854,0.23348849941526995,0.4469816784070315,0.323137093431329,0.2204590067874291,0.45640389978124213,0.34416728122311785,0.17943040248285339,0.4764023162940288,0.209961643899084,0.11367825262702316,0.6763601034738929
1133906,2021,M,0,0.28684375,0.24125752,0.47189873,0.32520548,0.25118375,0.4236108,0.31418238517168356,0.26669488775740036,0.41912272707091636,0.33248124407100976,0.26326068773282446,0.4042580681961656,0.32782654167874475,0.20520606998654384,0.4669673883347114,0.25791475572584066,0.16816744163523464,0.5739178026389247
1133907,2019,M?,1,0.41223183,0.260685,0.32708314,0.42487982,0.28308654,0.2920336,0.3640815292302962,0.3036978811704376,0.3322205895992664,0.37427464746092104,0.29880209054255125,0.32692326199652755,0.41960255466992413,0.3245830109681135,0.2558144343619624,0.42259318716928385,0.3278343861770988,0.24957242665361742
1133913,2019,M?,1,0.42362428,0.32140294,0.25497273,0.40656784,0.3161797,0.27725244,0.4052312399432509,0.3273428602556237,0.2674258998011255,0.4157719186512205,0.3178185709048831,0.2664095104438966,0.4172812817087817,0.3323552232903539,0.25036349500086436,0.39326292640820165,0.34965528887986325,0.25708178471193516
1133926,2021,M?,1,0.3299886,0.32233098,0.3476804,0.3848778,0.31132174,0.30380043,0.34701632239234975,0.29973754565837163,0.35324613194927823,0.3524814543636186,0.2936238659021108,0.35389467973427025,0.43075872476974697,0.2812880425283807,0.2879532327018725,0.4257450214803689,0.2876000691164192,0.2866549094032118
1133939,2020,M?,1,0.33155522,0.3561401,0.31230468,0.3780195,0.33034536,0.2916352,0.3903761474814636,0.33254031098586195,0.27708354153267445,0.3820650818011145,0.3385626194371023,0.27937229876178293,0.4012359673519202,0.3228094774591634,0.2759545551889164,0.37203714490757267,0.3485631030032803,0.279399752089147
1133964,2021,M,0,0.54028386,0.31636277,0.14335339,0.48489535,0.36199954,0.15310514,0.43483284487561097,0.31702202723742257,0.24814512788696655,0.42752700634726176,0.31364410734665216,0.25882888630608575,0.4952486892213959,0.23889230913026216,0.265859001648342,0.5665895769201834,0.20168720090014988,0.23172322217966657
1133969,2021,M,0,0.31677523,0.24995312,0.4332717,0.35691923,0.23625647,0.4068243,0.343872834597663,0.25294846163026097,0.4031787037720758,0.34766570439778194,0.25259720730487173,0.3997370882973464,0.3278621131960429,0.323360255116502,0.34877763168745507,0.349707131862032,0.3215523158932731,0.32874055224469484
1133973,2021,S+D,2,0.30998862,0.18706769,0.5029437,0.32537028,0.19577242,0.4788573,0.3151686179854265,0.20934135963843203,0.47549002237614174,0.31088061038331233,0.21311719126722045,0.47600219834946733,0.3239785706513278,0.17840285484720625,0.497618574501466,0.33612017946429285,0.17234717879885353,0.4915326417368536
1133993,2020,M?,1,0.17803262,0.33623818,0.4857292,0.26155633,0.2998699,0.4385738,0.2375144932898288,0.3004128772949603,0.46207262941521154,0.2376949347355158,0.2932622268421376,0.4690428384223467,0.2631405053297669,0.2679396799221426,0.46891981474809036,0.2482606419683803,0.27007345391602194,0.4816659041155978
1133994,2021,M,0,0.28904653,0.17009903,0.54085445,0.3235131,0.19386306,0.48262382,0.3193370963151703,0.18583738361545837,0.4948255200693716,0.3194301466609687,0.17642932294252753,0.5041405303965042,0.32041543402015066,0.19529126624438758,0.48429329973546176,0.3313367120106608,0.17590931400854476,0.49275397398079435
1134014,2021,M?,1,0.56509554,0.332786,0.1021184,0.52135,0.3005392,0.17811081,0.4672134332828586,0.3243600628017692,0.20842650391537196,0.4769210896167764,0.33718108217425696,0.18589782820896722,0.4578468873948267,0.31687518371347634,0.22527792889169698,0.4645632051291135,0.3095465117918445,0.2258902830790421
1134023,2021,M?,1,0.2561713,0.3436581,0.4001706,0.27726644,0.30717504,0.4155585,0.30260239529337757,0.31295016318377483,0.38444744152284804,0.30083876855790076,0.3197171920610624,0.37944403938103655,0.3078505523408084,0.2712354027952115,0.4209140448639801,0.29767942782653045,0.2636462744068887,0.4386742977665808
1134028,2020,S+D,2,0.32599008,0.29680687,0.37720305,0.2656902,0.2637357,0.47057402,0.2986553183040839,0.27148209470120266,0.42986258699471364,0.2895220994218444,0.2941192364516994,0.4163586641264563,0.1935687716542137,0.21328220896039418,0.5931490193853922,0.19630323939970212,0.25804427053777435,0.5456524900625235
1134043,2021,M?,1,0.28382266,0.29108283,0.42509452,0.28434482,0.3143142,0.40134096,0.3313309699728364,0.2874676887609618,0.3812013412662022,0.33251528537906594,0.29344617375717436,0.3740385408637601,0.22017850615324946,0.2131464686737556,0.566675025172995,0.19895471976065526,0.2086695270414364,0.5923757531979084
1134049,2021,M,0,0.48243058,0.32966384,0.1879056,0.39489016,0.35564196,0.2494679,0.3755477029236095,0.2714992611722642,0.3529530359041262,0.3812856294397548,0.26625359726978465,0.3524607732904607,0.32067107970016234,0.3221026006515742,0.3572263196482634,0.29714116742916846,0.33734265768646304,0.36551617488436844
1134079,2021,M,0,0.20893274,0.6219123,0.16915493,0.2704284,0.50684077,0.22273089,0.3302713226494867,0.3743832161236552,0.2953454612268582,0.35167796068437696,0.3804171899022012,0.2679048494134221,0.32513057005226426,0.42283402004375914,0.25203540990397644,0.31698355966399444,0.4396722759077405,0.24334416442826523
1144534,2021,M,0,0.64446586,0.23388983,0.12164428,0.51467216,0.29098514,0.1943427,0.4488884250252408,0.3283529157500341,0.22275865922472504,0.4515905754003967,0.3131879622184005,0.23522146238120278,0.47662082525975485,0.34540369862552495,0.17797547611472034,0.4889456681371702,0.35629765670832847,0.1547566751545013
1144621,2021,M,0,0.43093288,0.47561532,0.09345183,0.44383708,0.43513954,0.12102332,0.42109474476358255,0.42897564280013617,0.14992961243628167,0.44229896218398573,0.4215048290352413,0.13619620878077296,0.4157036920542033,0.47763278070797116,0.10666352723782552,0.40502683546428014,0.48927324430214386,0.10569992023357602
1144625,2021,M?,1,0.26749706,0.5228026,0.20970036,0.289727,0.43107414,0.27919883,0.3023718783424881,0.4415784965688455,0.25604962508866624,0.29854743351841173,0.44445757064108093,0.25699499584050817,0.29160906707956,0.4050420130471614,0.30334891987327856,0.29555355481503043,0.38673989562154604,0.31770654956342365
1154885,2021,M?,1,0.38139707,0.50313705,0.11546587,0.40399304,0.46339983,0.13260715,0.3749065189291239,0.47053772395187754,0.154555757118998,0.3571282066153039,0.4646180725163231,0.17825372086837318,0.42247641645443146,0.42601307323713516,0.1515105103084335,0.428915740150813,0.42378185692074727,0.14730240292843969
1154995,2021,M,0,0.32381105,0.43851322,0.23767573,0.33438206,0.4302036,0.23541434,0.32145041741190594,0.42553904683551147,0.2530105357525824,0.3249469840873018,0.4270427334076839,0.24801028250501392,0.36126844240256384,0.44612109722789045,0.19261046036954577,0.385084347076958,0.39752340427838523,0.21739224864465675
1155705,2021,M?,1,0.090161785,0.82706773,0.08277053,0.17667128,0.68629736,0.13703135,0.2950233702779732,0.4611358821231568,0.24384074759887012,0.29329308909725604,0.47129299365692895,0.23541391724581473,0.24017002771056695,0.6305560688653689,0.12927390342406417,0.17662999018758974,0.7176148951960784,0.10575511461633195
1155721,2021,M?,1,0.48036972,0.34611303,0.17351729,0.41928664,0.40293065,0.17778276,0.3646934871520268,0.34551243033122825,0.2897940825167452,0.35659023336879997,0.34743461098561795,0.29597515564558247,0.41121134333972315,0.3996780109578804,0.18911064570239647,0.4310657945813245,0.37992647008644337,0.18900773533223217
1155826,2021,M?,1,0.58002454,0.32498062,0.09499486,0.4936071,0.34610367,0.16028923,0.5053087611288797,0.30132455466097136,0.19336668421014888,0.5149922156555221,0.2958031661440975,0.18920461820038106,0.46610370310867316,0.36722577048129257,0.16667052641003421,0.47154294280449444,0.3688895694573171,0.1595674877381885
1155974,2021,M?,1,0.2568475,0.56391907,0.17923343,0.22916357,0.39935353,0.37148288,0.2197623773136336,0.37449472944850387,0.40574289323786256,0.2251890001019467,0.3741912420210543,0.40061975787699866,0.21191106977957838,0.4226945781663175,0.365394352054104,0.23784744182815357,0.5584708649811762,0.2036816931906703
1156030,2021,M?,1,0.40950185,0.33924925,0.2512489,0.3557842,0.35446358,0.28975224,0.3146377555182075,0.3546539942273593,0.3307082502544333,0.3165208221919459,0.3749617509033203,0.3085174269047332,0.30921079911991306,0.4039024447226923,0.2868867561573947,0.3137328954689207,0.3952771698612846,0.29098993466979467
1156150,2021,M?,1,0.22943044,0.24660945,0.5239601,0.2220417,0.2807732,0.49718514,0.25790336058070806,0.28866023544121,0.45343640397808194,0.24984650006061287,0.2780812155630239,0.4720722843763629,0.25489449816071397,0.3192123121721904,0.42589318966709555,0.2506341181992968,0.3133314759280857,0.4360344058726175
1156175,2021,M?,1,0.16590193,0.3689207,0.46517733,0.19859163,0.40295663,0.39845175,0.23301130505936413,0.3354703850009693,0.4315183099396665,0.24539194857940155,0.32899879496484824,0.4256092564557506,0.23579603078807898,0.38146079118361303,0.38274317802830804,0.24522683531012113,0.42472349604584153,0.33004966864403723
1156747,2021,M?,1,0.4006672,0.43443897,0.16489384,0.4064991,0.4208268,0.17267415,0.3948509637358482,0.414230465987763,0.1909185702763883,0.38844992838832776,0.40948429691087107,0.2020657747008006,0.3810616056102747,0.4207051406005891,0.19823325378913614,0.36958099722579985,0.4371656495741276,0.19325335320007253
1156809,2021,M?,1,0.55138576,0.26504853,0.18356572,0.46610975,0.26265702,0.27123323,0.4049995557117528,0.27835267848286793,0.3166477658053793,0.4110513672686406,0.274701413594793,0.31424721913656656,0.3946362906822461,0.2831736401487401,0.32219006916901377,0.4230944752545881,0.2706676854852118,0.30623783926020015
1156848,2021,M?,1,0.42435804,0.39372218,0.18191983,0.4119665,0.36436072,0.22367276,0.40061236078598617,0.377209327526157,0.22217831168785698,0.40953168816837815,0.37371392575380996,0.21675438607781122,0.3786906221645834,0.3610997361638051,0.26020964167161154,0.3602334275116888,0.3966405846717092,0.24312598781660208
1156872,2021,S+D,2,0.393623,0.2785943,0.32778278,0.4268577,0.32487482,0.24826743,0.40340481120441274,0.27616668896379576,0.32042849983179195,0.41488509722900635,0.2674991038307304,0.3176157989402634,0.4078694640820698,0.31112491985017565,0.28100561606775454,0.30353550339450275,0.2383303153272348,0.4581341812782625
1156901,2021,M?,1,0.46692565,0.4206933,0.112381004,0.43500832,0.40716618,0.15782548,0.3498259874819742,0.45519882082289753,0.19497519169512817,0.34794405680569035,0.4659873304279769,0.18606861276633258,0.4207188650210785,0.45900007235620244,0.12028106262271902,0.5139626153158454,0.35652088465544246,0.1295165000287122
1156972,2021,M?,1,0.37229624,0.46532276,0.16238096,0.43612123,0.40837887,0.15549983,0.3817079706893053,0.4465295352737385,0.1717624940369559,0.38003032299802725,0.44332942670586556,0.17664025029610653,0.4805744987264809,0.39605655838749304,0.12336894288602594,0.48726762457887784,0.4033283887185948,0.10940398670252745
1157099,2021,M?,1,0.25893754,0.10660145,0.634461,0.25790805,0.18851946,0.5535725,0.3284248221901054,0.19726579485796575,0.47430938295192926,0.3369370459206744,0.2035133996659427,0.4595495544133829,0.226789899475035,0.31808808530798843,0.45512201521697665,0.24738388931555116,0.31801739533830065,0.4345987153461482
1157432,2021,M?,1,0.3115283,0.5026681,0.18580365,0.33681262,0.4449858,0.21820161,0.3307141683235331,0.418885167335714,0.25040066434075325,0.3304036876229685,0.4306312101102676,0.23896510226676468,0.3561270027785288,0.5083642045782694,0.13550879264320173,0.3840652350473244,0.48458682776168477,0.1313479371909907
1157865,2021,M?,1,0.15944898,0.27191848,0.56863254,0.19810264,0.29723996,0.5046574,0.182787352238265,0.31299189153466456,0.5042207562270707,0.1562432379972929,0.31853187745585143,0.5252248845468559,0.25775976011739593,0.3228356758276435,0.41940456405496046,0.27481827373351436,0.2883146189595596,0.436867107306926
1158433,2021,M?,1,0.51827085,0.34341773,0.13831143,0.4342398,0.31738326,0.24837689,0.40989773385797523,0.35659999679765925,0.23350226934436555,0.3857581261464411,0.35809900265138433,0.25614287120217455,0.34212998209324746,0.35306964662193135,0.3048003712848211,0.3701511843583137,0.32532108522588443,0.30452773041580194
1158926,2021,M?,1,0.39845493,0.28673363,0.3148114,0.3963041,0.30805412,0.29564175,0.3734934395105133,0.32261980463423606,0.30388675585525077,0.37697100780208154,0.3259482114186741,0.2970807807792448,0.3912996023628844,0.32238708899963747,0.2863133086374781,0.3641637404437798,0.3454114965754989,0.29042476298072134
1158079,2021,M?,1,0.31632054,0.30553105,0.3781484,0.30740193,0.3303959,0.36220223,0.31896054685505354,0.290274991898457,0.3907644612464897,0.32541865385617863,0.2888821959299264,0.385699150213895,0.32726850235640864,0.3010339190889942,0.37169757855459706,0.32238795119710867,0.2993890306254498,0.37822301817744153
1158225,2021,M,0,0.54048103,0.34500167,0.1145173,0.4147492,0.35937485,0.22587593,0.38951056767095427,0.3457993531192526,0.26469007920979326,0.3788589898668872,0.35316249535066274,0.26797851478244966,0.33272393295686725,0.3680857041578696,0.299190362885263,0.32363507532122,0.37043361632988536,0.30593130834889465
1158263,2021,M?,1,0.2822571,0.24885833,0.4688845,0.2948784,0.23363146,0.47149017,0.29161151825573267,0.3418654653345008,0.36652301640976714,0.2818717889846256,0.3286522619722133,0.38947594904316063,0.18267062684773328,0.2700783702137932,0.5472510029384735,0.143002615438938,0.2156166811506467,0.6413807034104153
1158282,2021,M?,1,0.5140951,0.28573242,0.20017247,0.48300898,0.31045586,0.20653516,0.4389440582107127,0.34622697322763296,0.21482896856165487,0.44683577885791304,0.32751817556129764,0.22564604558078954,0.4627499922800083,0.3228198325940516,0.21443017512594015,0.49714379748597326,0.2896155501980237,0.21324065231600312
1158406,2021,M?,1,0.27323508,0.21337037,0.51339453,0.2690154,0.2687584,0.4622262,0.3054914249182653,0.24196117717494484,0.4525473979067899,0.30697317436657195,0.24450814446753788,0.44851868116589017,0.2335974480295328,0.27633072091393984,0.4900718310565273,0.18021257989270748,0.22430347981988444,0.595483940287408
1158459,2021,M?,1,0.3759542,0.4987448,0.12530099,0.3537811,0.5064019,0.13981701,0.35774956731922414,0.452453634397733,0.1897967982830431,0.35667678364661204,0.4653806988433691,0.17794251751001894,0.33060992239300224,0.5439494914324791,0.12544058617451873,0.27365246872056026,0.6240060778610275,0.10234145341841233
1158700,2021,M?,1,0.4343628,0.30263346,0.26300377,0.4077401,0.32560804,0.26665184,0.4182991314747194,0.3146112625016124,0.2670896060236682,0.42746218043989365,0.3063741064074105,0.26616371315269577,0.3987279184886491,0.36847954373184494,0.23279253777950587,0.4001130416857733,0.3687632085446191,0.23112374976960756
1158701,2021,M,0,0.41807175,0.22702847,0.3548998,0.3722064,0.22720525,0.40058836,0.3728394452555518,0.26208205632740933,0.36507849841703904,0.3728860455361773,0.25103083115921615,0.37608312330460686,0.2793119969821407,0.3469315302406069,0.3737564727772524,0.2988555302760296,0.3455549202786621,0.35558954944530824
1158706,2021,M?,1,0.21688354,0.28909752,0.4940189,0.2791573,0.30831432,0.41252834,0.27505101606088783,0.2824113259262752,0.44253765801283695,0.277206279730139,0.2825361935893097,0.44025752668055085,0.28779897608696187,0.3104174260336119,0.40178359787942636,0.27650650910144636,0.31862872162979267,0.40486476926876086
1159149,2021,M?,1,0.38833502,0.30020207,0.31146297,0.37971604,0.31081384,0.3094701,0.3829417706426982,0.32991055481250997,0.28714767454479206,0.3763298273025974,0.3101224765955664,0.31354769610183586,0.3347058389313186,0.3884777571490198,0.27681640391966156,0.3549113921995037,0.41641342965662015,0.22867517814387622
1159223,2021,M?,1,0.31289485,0.53814226,0.14896294,0.35373518,0.4784399,0.16782495,0.32326124459891903,0.4891607582472545,0.1875779971538264,0.3129515072436866,0.5103386003248331,0.17670989243148036,0.40006610874163256,0.43788356433309084,0.16205032692527657,0.40884711910613847,0.43297525426160627,0.15817762663225515
1159239,2021,S+D,2,0.3010738,0.1513079,0.5476183,0.33972925,0.15927075,0.5009999,0.25681580885994526,0.18059734058236016,0.5625868505576944,0.2529643496799609,0.18371866807026357,0.5633169822497754,0.4059996521048256,0.14908181938376408,0.44491852851141034,0.3932205732049708,0.10879261274598494,0.4979868140490443
1159387,2021,M?,1,0.42059785,0.33388826,0.2455139,0.36068913,0.36331353,0.2759973,0.317014857277024,0.34888745213875483,0.3340976905842215,0.3133605080393128,0.34855044165421567,0.338089050306471,0.3286776663766301,0.3718410128430539,0.299481320780316,0.349803152480932,0.33664301637368643,0.31355383114538155
1159466,2021,M?,1,0.25962472,0.5288335,0.21154179,0.261289,0.49978438,0.23892659,0.30814368326503666,0.47879543719192214,0.21306087954304112,0.3055141332399495,0.48409822453782775,0.21038764222222262,0.2778775306011057,0.46417115095873607,0.2579513184401582,0.26671602844140235,0.48537746529838544,0.24790650626021207
1159518,2021,M,0,0.3580186,0.36978722,0.2721942,0.2689709,0.3734872,0.3575419,0.37208725469361603,0.2962647091650816,0.33164803614130295,0.3737217545256319,0.3235774055140116,0.3027008399603567,0.32903744161454895,0.3749598168548331,0.296002741530618,0.33000175070984716,0.39425835575315915,0.2757398935369937
1159659,2021,M?,1,0.39534727,0.5073301,0.097322665,0.33531305,0.49856842,0.16611852,0.3541699699975143,0.4502189367059864,0.19561109329649937,0.36046275833719776,0.4610732549842119,0.1784639866785903,0.31253206376785714,0.5470673384951562,0.14040059773698665,0.4137785174852769,0.48242106911338367,0.10380041340133941
1159674,2019,S+D,2,0.16876815,0.19129612,0.63993573,0.19438463,0.20580019,0.59981513,0.28877707721603624,0.22084723371679027,0.49037568906717355,0.2891927339763503,0.22583548812179674,0.48497177790185275,0.1506635282438678,0.14683593173452741,0.7025005400216048,0.15730353805233432,0.13614832871785948,0.7065481332298063
1159683,2019,M?,1,0.25947437,0.1951813,0.54534435,0.3056957,0.23550424,0.45880002,0.28312359219172506,0.22735562473557833,0.48952078307269653,0.3057716112067947,0.2306291256721795,0.4635992631210263,0.2991061801977353,0.2619161442824493,0.43897767551981526,0.2985232942024954,0.25412193038145525,0.44735477541604934
1159942,2021,M?,1,0.37597632,0.48858446,0.13543925,0.34837523,0.5143124,0.1373124,0.35771828494701,0.45985651229162827,0.18242520276136237,0.36053541493897767,0.4796217135714804,0.15984287148954157,0.28525409867528406,0.5859520191025531,0.12879388222216287,0.2595638380115879,0.6185835270104092,0.12185263497800299
1160222,2021,M?,1,0.28504044,0.6031554,0.1118042,0.31077906,0.48590627,0.20331472,0.32400055735257033,0.4723980739935247,0.20360136865390496,0.32656886684151504,0.482779661225885,0.19065147193260043,0.3222697694552137,0.44514797010686197,0.23258226043792438,0.32028450681572834,0.4519318615609546,0.22778363162331713
1161542,2021,M?,1,0.2855613,0.5260798,0.18835892,0.28620946,0.51680607,0.19698448,0.3337335237456853,0.45991505998871174,0.20635141626560324,0.3239015148435253,0.46883268793510074,0.2072657972213735,0.2648688808812238,0.5736471884648069,0.1614839306539693,0.2630169267383264,0.5850665790852357,0.1519164941764378
1162439,2021,M?,1,0.31289485,0.53814226,0.14896294,0.35373518,0.4784399,0.16782495,0.32326124459891903,0.4891607582472545,0.1875779971538264,0.3129515072436866,0.5103386003248331,0.17670989243148036,0.40006610874163256,0.43788356433309084,0.16205032692527657,0.40884711910613847,0.43297525426160627,0.15817762663225515
1162441,2021,M?,1,0.29234633,0.28790784,0.4197459,0.29823837,0.3097896,0.39197198,0.31017471335521124,0.31439286145326273,0.375432425191526,0.3111632074711946,0.30939544995647006,0.3794413425723353,0.3001321318965398,0.3340264979568183,0.3658413701466419,0.29093604333658774,0.3396144194650887,0.3694495371983237
1163106,2021,M?,1,0.39579332,0.30990353,0.29430315,0.38280094,0.32963598,0.28756306,0.40761497242018907,0.3133313476917584,0.2790536798880524,0.4091050950161989,0.3081000684376048,0.2827948365461965,0.3830350280845944,0.36697846333109163,0.2499865085843139,0.3849365539553781,0.36075296819104335,0.25431047785357846
1163431,2021,M?,1,0.2941208,0.28836274,0.4175164,0.29072997,0.29154292,0.4177271,0.3669071851714756,0.29993531554789665,0.3331574992806279,0.36416896756237804,0.3036581679675946,0.3321728644700276,0.24245274487264604,0.35655725649718856,0.40098999863016543,0.2650435593764971,0.4019532595501461,0.3330031810733568
1160611,2021,M,0,0.21758297,0.21536352,0.5670535,0.2631623,0.2563498,0.48048785,0.27457002997197727,0.2350295718730853,0.4904003981549373,0.29591740491797114,0.2343732358521002,0.4697093592299293,0.29246075908487124,0.265312676888919,0.44222656402620975,0.2908790502556321,0.2571623884847509,0.45195856125961703
1160647,2021,M?,1,0.28728837,0.31966126,0.39305034,0.30289283,0.3708985,0.3262087,0.33274735020231866,0.3263659620691096,0.34088668772857195,0.32638157774866905,0.32356567343280807,0.3500527488185222,0.3293366596241572,0.4145604733724146,0.2561028670034281,0.32452548131817954,0.45582796058599134,0.21964655809582911
1160863,2021,M?,1,0.39739734,0.26290545,0.33969718,0.34787276,0.33859843,0.31352878,0.34675551493861206,0.33170699345757365,0.32153749160381445,0.32730301990673705,0.3532826958155564,0.3194142842777063,0.24839784080712962,0.3228210314818882,0.4287811277109821,0.24087297103976144,0.32459975796793616,0.4345272709923025
1161091,2021,M?,1,0.2855613,0.5260798,0.18835892,0.28620946,0.51680607,0.19698448,0.3337335237456853,0.45991505998871174,0.20635141626560324,0.3239015148435253,0.46883268793510074,0.2072657972213735,0.2648688808812238,0.5736471884648069,0.1614839306539693,0.2630169267383264,0.5850665790852357,0.1519164941764378
1161190,2021,M?,1,0.47813827,0.2781427,0.24371904,0.4589332,0.32740566,0.21366109,0.39639515635519623,0.3060807676878502,0.2975240759569537,0.40191819656864114,0.2996910657883852,0.29839073764297397,0.3894904029532668,0.23587770850208117,0.37463188854465196,0.44211698954203676,0.2063268785991787,0.3515561318587845
1161439,2021,M,0,0.40723327,0.33674246,0.25602424,0.3259051,0.4445153,0.22957961,0.31737602900919665,0.4280243674680863,0.2545996035227176,0.3165037743144825,0.459939377884032,0.22355684780148533,0.2716839704876923,0.5693486454689621,0.15896738404334562,0.3384304198897065,0.47124465687363853,0.1903249232366551
1161468,2021,M?,1,0.29803756,0.51439685,0.1875656,0.2991251,0.4835581,0.21731676,0.32793378444917576,0.4061875650147957,0.26587865053602877,0.33240206081971535,0.41836450797122443,0.24923343120906,0.23651341494421954,0.5737945055700243,0.1896920794857562,0.2440968293804721,0.5914553512043833,0.16444781941514466
1161469,2021,M?,1,0.31394917,0.43490916,0.25114167,0.31563026,0.4093857,0.27498403,0.32743514450368677,0.4307809998091678,0.24178385568714517,0.324918278277204,0.44756342553637896,0.22751829618641695,0.2980152106766046,0.42567588110873045,0.2763089082146649,0.28232267892703333,0.42517855988630643,0.29249876118666024
1161478,2021,M?,1,0.2784623,0.6426007,0.07893696,0.3144694,0.57461965,0.11091095,0.3091272911673164,0.5522341207584507,0.13863858807423263,0.29850944539355806,0.5689930257865998,0.13249752881984278,0.39276057074828136,0.4886511327743011,0.11858829647741763,0.3995783441554603,0.48793642350835376,0.11248523233618593
1161691,2021,M,0,0.39963865,0.49048144,0.1098799,0.3538053,0.5100289,0.13616581,0.37306923569517075,0.43967608026205207,0.1872546840427772,0.36918824799466315,0.4517859353262157,0.17902581667912115,0.2831245812709973,0.6276375014883157,0.08923791724068687,0.2950947817789809,0.6225430048734271,0.08236221334759201
1161739,2021,M?,1,0.32786727,0.39875576,0.27337694,0.25855798,0.38950604,0.35193598,0.29664659271357396,0.3597523954780676,0.3436010118083589,0.3042987070780772,0.3624995838906935,0.33320170903122964,0.2896243777038723,0.3713249016297483,0.33905072066637937,0.3029496556822812,0.35252549187014964,0.34452485244756914
1161755,2021,M?,1,0.3391789,0.549913,0.11090812,0.365915,0.51344115,0.120643854,0.33438774374363933,0.47805363847029,0.18755861778607125,0.3508593214084344,0.4714338096571127,0.1777068689344533,0.30401353476422144,0.6205931613083191,0.07539330392745959,0.2313577552454704,0.667684409228227,0.10095783552630264
1161774,2021,M?,1,0.19890058,0.47194856,0.3291509,0.24836418,0.43864292,0.3129929,0.25268069822456424,0.3739779557522921,0.3733413460231439,0.25252855325401363,0.39872075291289166,0.3487506938330946,0.306071758796773,0.4229621962135179,0.27096604498970905,0.3168761864822311,0.4232830651339359,0.25984074838383303
1161831,2021,M?,1,0.4623413,0.4249136,0.11274512,0.44728008,0.4381095,0.11461041,0.3789635174781394,0.43244786647851297,0.18858861604334773,0.37458827123151084,0.4464059002675836,0.17900582850090554,0.40658440775768084,0.496436181793353,0.09697941044896602,0.38172854850462473,0.519168971413979,0.09910248008139633
1162465,2021,M?,1,0.6326985,0.26139262,0.10590891,0.48390907,0.3257002,0.19039078,0.42924486404604306,0.37434994676006506,0.19640518919389185,0.43343371348975057,0.37235162248330034,0.19421466402694879,0.44825485656229086,0.37686687504021754,0.17487826839749174,0.5162322161340391,0.3057293038394649,0.17803848002649594
1162468,2021,M?,1,0.31712526,0.5310153,0.15185945,0.33196616,0.51248133,0.15555249,0.3566833840583755,0.43883112855687023,0.20448548738475425,0.35817467985339396,0.440835981789184,0.20098933835742178,0.37670062163051,0.4429837980659454,0.18031558030354464,0.32775086141476695,0.474409902345874,0.19783923623935912
1162504,2021,M?,1,0.31289485,0.53814226,0.14896294,0.35373518,0.4784399,0.16782495,0.32326124459891903,0.4891607582472545,0.1875779971538264,0.3129515072436866,0.5103386003248331,0.17670989243148036,0.40006610874163256,0.43788356433309084,0.16205032692527657,0.40884711910613847,0.43297525426160627,0.15817762663225515
1162529,2021,M,0,0.18086791,0.38994667,0.42918545,0.21256585,0.40464792,0.3827862,0.2487794038434135,0.3660453135612868,0.3851752825953005,0.23755403358125263,0.34660477032489845,0.41584119609384923,0.1967931018360442,0.37207935720507657,0.4311275409588793,0.1859048371877099,0.37789961258318594,0.43619555022910433
1162672,2020,M?,1,0.2162521,0.56338197,0.22036594,0.23548461,0.5540098,0.21050556,0.30437815483801756,0.40459852438786875,0.29102332077411364,0.29086041397040513,0.4413396400578982,0.2677999459716969,0.22497343559824168,0.5507198209941618,0.2243067434075964,0.15840163607928914,0.6229134259938378,0.218684937926873
1162733,2020,M?,1,0.3232009,0.26794118,0.40885785,0.32524547,0.29813814,0.37661642,0.3155296453311493,0.29609345972402945,0.3883768949448214,0.3148466390104818,0.2848882284249741,0.4002651325645441,0.3226981857413559,0.336661952243582,0.34063986201506224,0.31840174860127385,0.3426539669778174,0.3389442844209086
1162736,2021,M,0,0.5231593,0.36286986,0.11397084,0.5049135,0.36467838,0.13040811,0.45319255719060975,0.37540486342305285,0.1714025793863374,0.47966434576020395,0.3566667112767082,0.16366894296308804,0.4891416012464806,0.3994686296146392,0.11138976913888023,0.5433285780241056,0.3508961520121554,0.10577526996373891
1162748,2021,M?,1,0.44553384,0.45657328,0.09789282,0.42799553,0.45639804,0.11560638,0.40591977575596994,0.45751546970792295,0.1365647545361075,0.4164941544819341,0.4467889529347733,0.1367168925832923,0.4469381090218983,0.45193409304197873,0.10112779793612284,0.46108993164031664,0.4417312615576445,0.09717880680203882
1162875,2021,M,0,0.41494173,0.39351043,0.19154786,0.42344987,0.3655152,0.21103494,0.40687481093763556,0.3707290155936481,0.22239617346871648,0.40681963867093546,0.36991938999500334,0.22326097133405995,0.40333248212499523,0.39071016620598525,0.2059573516690195,0.36986156767488904,0.41165117486200975,0.21848725746310113
1162890,2021,M,0,0.19487731,0.3171664,0.48795635,0.20261142,0.34964037,0.44774824,0.24047376656294847,0.34628050102838803,0.4132457324086632,0.24051136667174108,0.3443044437682907,0.4151841895599682,0.2084851320435444,0.3426040267886267,0.4489108411678287,0.20559941162351722,0.3892967766953823,0.4051038116811005
1162916,2021,M?,1,0.21382435,0.4058435,0.3803322,0.26521078,0.39238003,0.34240913,0.26616842699741694,0.35374767039871957,0.38008390260386316,0.2568560714666286,0.35639853691300627,0.38674539162036436,0.3196763812673562,0.3988472811007667,0.2814763376318771,0.32149197798835777,0.40388523036412594,0.2746227916475164
1163162,2021,M?,1,0.15799943,0.24234286,0.5996577,0.1699798,0.23825087,0.59176934,0.23819103872579986,0.3061659319471484,0.45564302932705203,0.24249266318311832,0.2963135236479062,0.461193813168975,0.16706957357350594,0.23238913851163892,0.6005412879148551,0.14801539584944995,0.2682262115488699,0.58375839260168
1163216,2020,M?,1,0.37333766,0.43145868,0.19520363,0.35553247,0.45496854,0.18949905,0.3393229164358815,0.4166340603046648,0.24404302325945365,0.3207815788584812,0.42908490580937536,0.2501335153321435,0.3499086233033305,0.4271324751805625,0.2229589015161071,0.36290463347724,0.427122925749175,0.20997244077358512
1163256,2021,M?,1,0.34984848,0.5113063,0.13884524,0.37828884,0.45745578,0.16425544,0.3281672964665356,0.4881087780296453,0.18372392550381914,0.31041414421023455,0.5176318676243452,0.17195398816542082,0.4097101201809732,0.4322135235247948,0.1580763562942319,0.41939591606903165,0.42732465159594357,0.1532794323350247
1163692,2021,M?,1,0.28442138,0.43412772,0.2814509,0.3014102,0.39141217,0.3071776,0.33187041299086106,0.3844768533778563,0.28365273363128274,0.32574374015330493,0.38046810404843007,0.2937881557982645,0.2845098277007361,0.3716696096220767,0.34382056267718736,0.25206038226548344,0.3897831145687493,0.3581565031657673
1163763,2021,M?,1,0.29494548,0.3298933,0.3751613,0.33736297,0.34216815,0.32046893,0.34375658014391464,0.32852613427139904,0.3277172855846863,0.3577568126463388,0.3289361348246881,0.31330705252897295,0.36314074601608354,0.2744606524583138,0.3623986015256027,0.3522813604088258,0.26523309376904675,0.3824855458221275
1163874,2021,M?,1,0.22516277,0.69583476,0.07900245,0.25828633,0.6202905,0.121423155,0.2952987106216177,0.5776067340151967,0.12709455536318515,0.2785155565106417,0.6049056164696741,0.11657882701968438,0.3011103576295648,0.5143366000343056,0.18455304233612962,0.28521787311237473,0.5289980352590216,0.18578409162860382
1164038,2021,M?,1,0.31179565,0.25439054,0.4338138,0.41913638,0.25660667,0.324257,0.38947289689775183,0.28879406368683885,0.3217330394154092,0.38390348715832623,0.26308520480388625,0.3530113080377875,0.4686590875232055,0.24889093024942122,0.28244998222737316,0.3702320010607484,0.15792127126888336,0.47184672767036834
1164046,2021,M?,1,0.3671732,0.53069395,0.102132864,0.3428874,0.5169478,0.14016482,0.327048469190714,0.5074075513993255,0.16554397940996018,0.3448770090315046,0.49471470949278784,0.16040828147570804,0.3116872937505391,0.5476114393005098,0.14070126694895108,0.4126270258024302,0.4743944070986055,0.11297856709896442
1168045,2021,M?,1,0.6231114,0.28299177,0.0938968,0.5150565,0.33986858,0.14507493,0.42629278936320375,0.3934409585088504,0.18026625212794595,0.43673491892702354,0.3943428717331588,0.16892220933981772,0.4387437815926531,0.40848003996536514,0.15277617844198169,0.4571500642210032,0.39258261357917207,0.15026732219982486
1171237,2021,M?,1,0.3206554,0.37987873,0.29946592,0.31691852,0.3533747,0.3297068,0.33552032664493825,0.37642507646964657,0.2880545968854151,0.3464815521463501,0.3713416093020844,0.28217683855156517,0.2823975934143146,0.3512231805276474,0.36637922605803813,0.27807721905875676,0.35651442898620667,0.3654083519550365
1171240,2021,M?,1,0.37130347,0.42538106,0.20331548,0.383077,0.38842362,0.22849937,0.3933650489204881,0.38585633034799777,0.22077862073151408,0.38943346051345457,0.38796606124531274,0.22260047824123227,0.38786187997056887,0.3591088247602228,0.25302929526920825,0.37414668739702767,0.376881028593447,0.24897228400952529
1164173,2021,M?,1,0.42012894,0.39654386,0.1833272,0.41702217,0.38310367,0.19987419,0.3828920488667774,0.4089991509959621,0.20810880013726032,0.3993671048795387,0.3960569897954199,0.20457590532504097,0.3841597870936687,0.4019444825623768,0.21389573034395454,0.39596079768707815,0.39752460056412375,0.2065146017487981
1164698,2021,M?,1,0.26939198,0.28256625,0.44804177,0.2865291,0.27312276,0.44034818,0.3276572153257167,0.29059833357336146,0.3817444511009218,0.3111515319853687,0.2766507221595457,0.41219774585508584,0.21805996434139474,0.2661708720032475,0.5157691636553577,0.21067180028047655,0.25641412114787643,0.5329140785716471
1164729,2021,M?,1,0.2908908,0.3716313,0.33747786,0.29036367,0.36774218,0.3418942,0.3237905073750446,0.34858780281855767,0.3276216898063976,0.3208412593939739,0.34156756174723846,0.33759117885878814,0.3032657289310018,0.363664459098036,0.3330698119709623,0.33495600921129487,0.37054235210263087,0.2945016386860742
1164833,2021,M?,1,0.3187353,0.35567853,0.32558614,0.29606253,0.35903367,0.3449038,0.34223150915265277,0.36877403436519846,0.2889944564821485,0.33530532599914875,0.36723383296421575,0.2974608410366351,0.26972293654066337,0.3648975308860221,0.3653795325733145,0.26870497113971176,0.38826849501859745,0.34302653384169085
1165026,2021,M?,1,0.39036644,0.32326168,0.28637192,0.38300088,0.342771,0.27422816,0.40849300768049573,0.31342950644693157,0.2780774858725727,0.413193894995154,0.30604053876874315,0.2807655662361029,0.388836638794872,0.37282853148424183,0.23833482972088624,0.3891937168137571,0.37281989681609606,0.23798638637014682
1165041,2021,S+D,2,0.5677831,0.3426999,0.08951705,0.48653343,0.37569454,0.13777201,0.4442951393899008,0.3755606054586493,0.18014425515144994,0.46516971499375087,0.3720453874580341,0.1627848975482151,0.4650157920325332,0.40433896199373115,0.13064524597373564,0.45104691993555746,0.42293901682256435,0.12601406324187817
1165073,2021,M?,1,0.3199194,0.5310695,0.14901114,0.35805428,0.46596724,0.17597844,0.34112463519873415,0.4777565837192515,0.18111878108201443,0.34042665125259974,0.4871858531142045,0.172387495633196,0.39604458411417404,0.433142787969606,0.17081262791622004,0.40748666545788803,0.422185227422337,0.17032810711977506
1165124,2021,M,0,0.31858927,0.209273,0.47213778,0.3225237,0.21769257,0.45978367,0.3182410239406755,0.21774523469903798,0.46401374136028645,0.3180424226600213,0.23180501736865722,0.4501525599713214,0.29528871809836255,0.19932326127994335,0.5053880206216941,0.3048278660575986,0.1877702303600942,0.5074019035823072
1165173,2021,M?,1,0.1538437,0.23799323,0.6081631,0.18492842,0.2510033,0.56406826,0.20417622862900237,0.25131060276863915,0.5445131686023588,0.2039267259362563,0.23177826525311945,0.5642950088106242,0.141491383115092,0.19242934914017992,0.666079267744728,0.13186542082181169,0.17023630865616016,0.6978982705220282
1165214,2021,M,0,0.5508737,0.37413687,0.07498939,0.48909378,0.37046102,0.14044514,0.49429155794613905,0.35814050950848336,0.14756793254537748,0.5055588731445567,0.3523771202983705,0.14206400655707305,0.5010113730811513,0.3847826613290837,0.114205965589765,0.5934821301684202,0.29960530975623784,0.10691256007534199
1165257,2021,M?,1,0.20127666,0.37957972,0.41914362,0.28426796,0.38831493,0.32741708,0.294608706652907,0.34718677196078196,0.35820452138631104,0.2925432972769322,0.35709407096257256,0.3503626317604944,0.3145055603053644,0.4057070220031546,0.2797874176914809,0.28837103446375995,0.40782405230249436,0.30380491323374564
1165269,2021,M?,1,0.37829903,0.40608415,0.21561682,0.44377998,0.34518436,0.21103561,0.4001824193932755,0.3539431139289051,0.2458744666778193,0.4009727475201955,0.3481784470424779,0.2508488054373263,0.5122705021918887,0.30341441108677797,0.18431508672133337,0.5591993775739156,0.2644689404380882,0.17633168198799623
1165472,2021,M?,1,0.32789403,0.32023543,0.35187054,0.3690301,0.31161037,0.31935957,0.3406769804071753,0.31168382104490155,0.3476391985479231,0.3752248575298466,0.30639459949434195,0.3183805429758115,0.3956881224581201,0.28723218531269956,0.3170796922291804,0.3884287572438737,0.2885520918109911,0.3230191509451352
1165504,2021,M?,1,0.22237186,0.20972146,0.5679066,0.24901803,0.21026263,0.54071933,0.26863966716267984,0.21830389131706626,0.5130564415202538,0.2652192847154717,0.22344799022363343,0.5113327250608944,0.2099482614450851,0.21405762922495566,0.5759941093299592,0.21354733949765808,0.20100254810711235,0.5854501123952296
1165641,2021,M?,1,0.372651,0.46047592,0.16687301,0.32502797,0.5117401,0.16323191,0.3520183943617568,0.47146664592587384,0.17651495971236983,0.3506526877284063,0.4811137428828545,0.16823356938873882,0.26261894595625707,0.5941604697355173,0.1432205843082257,0.27528295934868274,0.5559621422815834,0.16875489836973392
1165642,2021,M?,1,0.39137173,0.47041348,0.13821483,0.37658545,0.4707042,0.15271036,0.38038048992807044,0.41100700308240745,0.2086125069895223,0.3827968444693613,0.4118797193193094,0.20532343621132934,0.35863637090406075,0.5228096388139387,0.11855399028200057,0.37295544371967404,0.5076596713413611,0.1193848849389648
1165721,2021,M?,1,0.19079554,0.23035231,0.5788522,0.22542362,0.22381434,0.55076206,0.30263496034377263,0.2754655402498159,0.4218994994064118,0.3168968222146028,0.24276115213910032,0.44034202564629715,0.2442764180527756,0.21636480337018643,0.539358778577038,0.19292355059694305,0.17005958821292422,0.6370168611901328
1165778,2021,M,0,0.5225792,0.3898124,0.08760845,0.4755795,0.4210808,0.10333973,0.4494805326880671,0.39513109151478437,0.15538837579714837,0.4360447765298238,0.407037621109783,0.15691760236039304,0.4652070148207104,0.410335453417808,0.12445753176148165,0.48939851659524974,0.3892462952124837,0.12135518819226662
1165781,2021,M?,1,0.24630482,0.12301618,0.630679,0.25186276,0.14609484,0.6020424,0.27237672015924064,0.14550697412819852,0.5821163057125609,0.26958630035772163,0.14628887714115157,0.5841248225011274,0.17075852735741645,0.11153411232961348,0.7177073603129702,0.16796018435945795,0.0893111312459234,0.7427286843946186
1165990,2021,M,0,0.46858978,0.37278324,0.15862694,0.47143632,0.344137,0.18442671,0.4322355922654788,0.37304548671295795,0.19471892102156294,0.4321949193164613,0.38100905640357796,0.1867960242799601,0.4552676757651822,0.35766969282545097,0.18706263140936677,0.46910864547493564,0.34254045297241376,0.18835090155265052
1166003,2021,M?,1,0.15402694,0.2867386,0.5592345,0.16355337,0.31056395,0.52588266,0.21639880343630383,0.32863052377465174,0.4549706727890442,0.20227873447795822,0.32303619920126225,0.47468506632077945,0.17514345619300833,0.2863906352463564,0.5384659085606354,0.1634376001117096,0.26918355907278085,0.5673788408155095
1166323,2021,M?,1,0.2938006,0.57921594,0.12698346,0.32384408,0.5458315,0.13032436,0.3641516055816889,0.44454406252998585,0.19130433188832546,0.34122205267127165,0.46797923012495046,0.1907987172037775,0.3448175326399918,0.5505728946124978,0.10460957274751047,0.3074230776115312,0.5908857582980602,0.1016911640904087
1166346,2021,M?,1,0.2022628,0.41820005,0.3795371,0.22471902,0.4306546,0.34462637,0.2877658957345527,0.36325485459351986,0.3489792496719271,0.2850814855942664,0.3569506184318826,0.3579678959738506,0.2810928911948544,0.41551848327397467,0.30338862553117096,0.2716252643556754,0.4116776659316751,0.3166970697126495
1166419,2021,M?,1,0.3602687,0.14500964,0.49472165,0.312493,0.2406293,0.44687772,0.3463395341698084,0.2605128842379753,0.3931475815922162,0.3432320648790612,0.24936293184709263,0.40740500327384666,0.23364670320939335,0.3503666100743219,0.41598668671628475,0.24911531532610362,0.3434686499085135,0.40741603476538285
1166541,2021,M?,1,0.12402474,0.3596661,0.5163092,0.16684455,0.42548105,0.4076744,0.2730605046661967,0.40767870146665025,0.31926079386715306,0.26610758950066143,0.41231663183579265,0.32157577866354614,0.24142805100106549,0.46784648957623143,0.2907254594227031,0.22667863380482303,0.4764532707013353,0.29686809549384174
1166579,2021,M,0,0.19839887,0.72047365,0.08112749,0.27254546,0.5426152,0.18483937,0.38341102731484233,0.43910163701448257,0.17748733567067498,0.3715287432260407,0.44943198231478826,0.179039274459171,0.2513302675566857,0.5255584038064613,0.22311132863685287,0.255528422138201,0.49438329170874007,0.250088286153059
1166658,2021,M?,1,0.3199194,0.5310695,0.14901114,0.35805428,0.46596724,0.17597844,0.34112463519873415,0.4777565837192515,0.18111878108201443,0.34042665125259974,0.4871858531142045,0.172387495633196,0.39604458411417404,0.433142787969606,0.17081262791622004,0.40748666545788803,0.422185227422337,0.17032810711977506
1166807,2021,M?,1,0.13641766,0.111040376,0.75254196,0.27746546,0.14070688,0.58182764,0.2118523988603515,0.16109062272460778,0.6270569784150408,0.21064236355444776,0.16706880985445263,0.6222888265910992,0.25830174879694856,0.14456459064429747,0.5971336605587539,0.22620608537605905,0.09644260240700442,0.6773513122169365
1166938,2019,M?,1,0.5291636,0.2623387,0.20849769,0.49953213,0.3067401,0.19372773,0.45002466003622393,0.2966859844625402,0.25328935550123566,0.46542319801852094,0.29231903215479305,0.2422577698266856,0.5122099272356011,0.3128448770651171,0.1749451956992817,0.5626706198605713,0.3043476474691021,0.13298173267032667
1166979,2021,M?,1,0.20738582,0.36548424,0.42712992,0.23502341,0.39464575,0.37033084,0.2618432812685673,0.33245644363844146,0.40570027509299117,0.26235206878482076,0.331273922587113,0.40637400862806594,0.2686519709884806,0.39041639959670815,0.34093162941481125,0.2506139003480309,0.40476069281634675,0.34462540683562237
1167077,2021,M?,1,0.07059248,0.28983745,0.6395701,0.109594144,0.31318912,0.57721674,0.19179993954967503,0.3042422825292653,0.5039577779210599,0.18740206775104465,0.3022041554947087,0.5103937767542466,0.09907180449473585,0.24233606370516275,0.6585921318001013,0.1223787655040242,0.21492841395773107,0.6626928205382446
1167136,2021,M?,1,0.19135635,0.28584278,0.5228009,0.23045915,0.33027747,0.4392633,0.30478623848580133,0.31364920465507823,0.3815645568591204,0.2869939264817388,0.31588521423818905,0.3971208592800727,0.21391141628828392,0.30153937747567233,0.4845492062360438,0.1888758813764017,0.28523897592337044,0.5258851427002278
1167151,2021,M?,1,0.2661139,0.33914122,0.39474487,0.27552614,0.3597837,0.36469012,0.28364365236952216,0.3737749971345413,0.3425813504959364,0.273840311088008,0.3691462200565536,0.35701346885543844,0.24623804931195598,0.3153675193345034,0.43839443135354056,0.2154553601841081,0.3180796371510402,0.4664650026648518
1167194,2021,M?,1,0.163871,0.28813884,0.54799014,0.221042,0.33909413,0.43986383,0.23793580483497093,0.283900163993536,0.4781640311714927,0.2355420658321793,0.2710085201500078,0.49344941401781256,0.24273933994950128,0.3213208924960154,0.4359397675544834,0.2213603799240143,0.33413703408262324,0.44450258599336245
1167334,2021,M?,1,0.24694163,0.6279339,0.12512444,0.34951422,0.48657712,0.16390866,0.310431009384346,0.5026034587390635,0.18696553187659062,0.3032863325258726,0.5282212551394756,0.16849241233465195,0.3750873485621537,0.370930327895387,0.25398232354245937,0.3285675003943921,0.5603953334389175,0.1110371661666904
1167378,2019,M?,1,0.4796684,0.3251645,0.19516705,0.46779883,0.34260598,0.18959525,0.4346085659618727,0.34057157818546285,0.22481985585266462,0.45207721325800904,0.3346247386475673,0.21329804809442368,0.506860990151841,0.3164922619559819,0.17664674789217702,0.5221396559345082,0.2941353233675634,0.18372502069792837
1167617,2020,M?,1,0.28702107,0.46109888,0.25188002,0.27132902,0.48898944,0.23968154,0.29152226181330615,0.40063836543646486,0.30783937275022916,0.2829109332062913,0.41461786555330105,0.3024712012404079,0.23547605239912575,0.4593792603763196,0.30514468722455473,0.25554115889724,0.44473100182756675,0.2997278392751933
1167668,2021,M?,1,0.43022478,0.2264042,0.34337097,0.3735626,0.2537937,0.37264368,0.3517589797316133,0.34749389483914,0.3007471254292468,0.36003986825642775,0.3449137870535,0.29504634469007185,0.2841058159204967,0.272047307708481,0.4438468763710223,0.27211071977626383,0.21746516389672502,0.5104241163270111
1167715,2021,M?,1,0.3948676,0.45691124,0.14822115,0.39122918,0.41355816,0.19521265,0.33394845902598197,0.4009093107442139,0.2651422302298043,0.347910153045297,0.3861964324744887,0.26589341448021425,0.36944567982944077,0.4185994673490137,0.21195485282154564,0.3686603146861458,0.4289588285456584,0.2023808567681958
1167718,2021,M?,1,0.56326246,0.33363494,0.103102595,0.4494665,0.35950518,0.19102837,0.414042114688193,0.3519123231202829,0.23404556219152473,0.4176591453203801,0.3669120859749163,0.21542876870470354,0.3790177147752605,0.3976741087424658,0.22330817648227372,0.38697699447245887,0.39055686614507346,0.22246613938246762
1167741,2021,M?,1,0.3813661,0.47360697,0.14502688,0.33519956,0.45202804,0.21277237,0.3487329904005599,0.46088083802906243,0.19038617157037718,0.3644316805246375,0.4665617061807174,0.1690066132946454,0.2876975517655745,0.4276286814748784,0.28467376675954703,0.29567723396345924,0.40997578809986124,0.2943469779366794
1167784,2021,M?,1,0.21888888,0.3100512,0.47105998,0.25107086,0.3320957,0.4168334,0.2783683173853281,0.33188080703909073,0.38975087557558175,0.2726229554365627,0.33045716586675716,0.39691987869667966,0.2066761529473869,0.3005261737130641,0.49279767333954905,0.1941460910757363,0.26559380611063954,0.5402601028136241
1167943,2021,M?,1,0.22345126,0.4531458,0.32340288,0.21310422,0.39744446,0.38945132,0.2488017236333133,0.3768075585636773,0.3743907178030093,0.2547565734728766,0.37083979232126507,0.3744036342058582,0.19729916158186206,0.34852612724971493,0.454174711168423,0.1740796142701612,0.3844054658520066,0.4415149198778321
1167954,2021,M?,1,0.2047278,0.5511507,0.24412152,0.20104304,0.53703517,0.26192176,0.2538594850403415,0.4432975509440957,0.3028429640155635,0.26507911666422546,0.4525721591889142,0.2823487241468603,0.21676070703686942,0.5674100434317517,0.21582924953137878,0.24343732689838954,0.5189139675328692,0.23764870556874126
1167962,2021,M?,1,0.29805157,0.46868968,0.2332587,0.28309956,0.4470042,0.26989627,0.30988684837949254,0.4133586578709309,0.27675449374957617,0.3187541246601103,0.411462279786244,0.2697835955536457,0.2832251475277239,0.3887268047082465,0.32804804776402957,0.28265429166816536,0.3809154409022332,0.33643026742960136
1167975,2021,M?,1,0.2732259,0.56370324,0.16307087,0.28539538,0.50686413,0.20774046,0.32638218479196046,0.3968386246274462,0.276779190580593,0.34179576018309027,0.40658522575614264,0.2516190140607674,0.3148154910183588,0.4536844324125845,0.23150007656905666,0.3189724370880034,0.49498681878013134,0.18604074413186528
1168177,2021,M?,1,0.28890723,0.45529193,0.25580087,0.17456734,0.39219385,0.43323883,0.23050459894306177,0.3283905216952343,0.4411048793617038,0.2211043532757487,0.3311344204371187,0.4477612262871329,0.13243679520572016,0.32286498573933636,0.5446982190549434,0.12846160560391398,0.4007111267032002,0.47082726769288596
1168387,2021,M?,1,0.32946736,0.46342096,0.20711173,0.32088327,0.4894914,0.18962537,0.3517481555090376,0.41799601168418227,0.23025583280678033,0.35023544742783863,0.40134064880915526,0.24842390376300633,0.31043822773356233,0.49182061685993206,0.19774115540650566,0.30831688836877313,0.507541010586079,0.18414210104514778
1168407,2021,M?,1,0.24576506,0.6421693,0.11206567,0.35451055,0.49402308,0.15146637,0.30860166513081905,0.518886793375533,0.17251154149364795,0.29443740662675866,0.5501256293654488,0.1554369640077929,0.3808972735301136,0.40181812599776556,0.21728460047212084,0.3283507338298855,0.5796199300403877,0.09202933612972677
1168881,2021,M,0,0.35592803,0.29121092,0.35286102,0.37764505,0.3262014,0.29615352,0.37663091408484933,0.2871178134517856,0.33625127246336484,0.3707318512124522,0.28459070790687796,0.34467744088067037,0.3812328652374234,0.3532697588646691,0.2654973758979076,0.37393297253442304,0.3658767145152221,0.2601903129503549
1169705,2021,S+D,2,0.20897628,0.23607607,0.5549476,0.1943176,0.25999478,0.5456876,0.24310032963121858,0.3076839415810236,0.44921572878775745,0.23847113321612018,0.31083742273979037,0.4506914440440896,0.17858839748161875,0.2588375861054718,0.5625740164129094,0.16797078456561224,0.2635422237253931,0.5684869917089946
1169841,2021,M?,1,0.20517272,0.3963881,0.3984392,0.25464675,0.37760752,0.3677457,0.26663970186106767,0.3558648052000897,0.3774954929388429,0.2614351703820229,0.36216126598355297,0.37640356363442407,0.2248869559628254,0.348019998727652,0.4270930453095226,0.2300102566904249,0.3396337875118068,0.43035595579776836
1169878,2021,M?,1,0.1274854,0.5391781,0.33333656,0.17848761,0.4831491,0.33836323,0.22238769826919716,0.4083614778671835,0.36925082386361935,0.21977953433721037,0.4054855323392573,0.37473493332353214,0.18183153003347027,0.501409669427019,0.3167588005395107,0.16874134483016562,0.516780632703725,0.3144780224661094
1169907,2021,M?,1,0.24907307,0.22747366,0.52345324,0.30838656,0.26298392,0.42862955,0.23435974180981234,0.2198655755361696,0.5457746826540181,0.23576709776314822,0.23229513995119053,0.5319377622856608,0.4253248435746938,0.19022191872964817,0.3844532376956581,0.4021124067788508,0.23292549729347903,0.36496209592767015
1169909,2021,M?,1,0.2335419,0.3095123,0.45694575,0.2373087,0.34451616,0.4181752,0.25854527595983223,0.3060509710401932,0.43540375299997486,0.266287945437664,0.29846280027831634,0.4352492542840197,0.20115926983171262,0.3194462669534354,0.4793944632148519,0.21233525461316607,0.3918018256222706,0.3958629197645633
1170019,2021,M?,1,0.20079304,0.26049137,0.53871554,0.20421468,0.28555417,0.51023114,0.29543977181288805,0.26145303164059835,0.4431071965465133,0.2868535262449562,0.2753174380459012,0.4378290357091422,0.2827185040692544,0.21178881195849455,0.505492683972251,0.2757107147973756,0.21646360623505104,0.5078256789675734
1170023,2021,M?,1,0.2279657,0.2948237,0.47721058,0.24587934,0.2278328,0.5262879,0.25667314877602326,0.2942286017739624,0.44909824945001453,0.25647998121833315,0.28615324593206776,0.4573667728495993,0.24695552599090062,0.18840844353866446,0.564636030470435,0.1389341001007114,0.1169065026555991,0.7441593972436895
1170424,2021,M,0,0.30298102,0.51976687,0.17725207,0.35746443,0.4601456,0.18238994,0.32243120055508795,0.47109043368333575,0.20647836576157697,0.3127117124243933,0.48041354810145925,0.20687473947414708,0.39713802578932167,0.4200901744407345,0.1827717997699438,0.3965180389373908,0.42891657634057373,0.17456538472203542
1170745,2021,M?,1,0.32541707,0.31378713,0.36079583,0.29859653,0.3435539,0.3578495,0.3115395201560177,0.31332174225585613,0.37513873758812616,0.31759173081711345,0.31891287425967,0.36349539492321653,0.30708618150703615,0.39236975731035867,0.3005440611826052,0.2812667538027201,0.4212172194047291,0.29751602679255085
1170766,2021,M?,1,0.12763745,0.260604,0.6117586,0.15514441,0.2618393,0.5830163,0.17531836406856102,0.2759971700616653,0.5486844658697733,0.17431079921868645,0.2688173218958862,0.5568718788854277,0.14399381881623574,0.22125762687380385,0.6347485543099604,0.148302343931943,0.2303992587297213,0.6212983973383357
1171135,2021,M,0,0.5406912,0.4012143,0.05809447,0.5381484,0.3703816,0.09147004,0.4856216086215752,0.3985329402498578,0.11584545112856709,0.4887981011569794,0.38637372283519533,0.124828176007825,0.47639526434486335,0.3867208252999513,0.13688391035518535,0.523929503362374,0.34683398643628993,0.129236510201336
1171323,2021,M?,1,0.29140845,0.47626242,0.23232915,0.308124,0.4277396,0.2641364,0.3076747707492351,0.45782641661169865,0.23449881263906605,0.320773188430536,0.44955798806362196,0.22966882350584114,0.2990526214884117,0.4060294740292816,0.29491790448230676,0.29090313180402383,0.4077807689875978,0.3013160992083785
1171403,2021,M?,1,0.38818416,0.46684363,0.14497219,0.4056268,0.42861897,0.16575424,0.390836190225555,0.42151762800912596,0.18764618176531941,0.38353644709254214,0.4373979677835266,0.17906558512393145,0.3625677739039061,0.4622822031797635,0.17515002291633053,0.3405139377651722,0.47204878023961905,0.18743728199520884
1171483,2021,M?,1,0.35942215,0.25657606,0.3840018,0.33683157,0.31430343,0.34886506,0.3497642045854703,0.3146784471222095,0.3355573482923204,0.35008420793118816,0.3127195426353096,0.33719624943350235,0.35963921940570104,0.33721410521274386,0.303146675381555,0.36941762993195687,0.3435563212605846,0.28702604880745847
1171608,2021,M,0,0.25307542,0.15171148,0.5952131,0.32556513,0.20645,0.4679849,0.31902129970526644,0.20296291792831783,0.47801578236641595,0.3175229070649223,0.20557498408464792,0.4769021088504298,0.3474001526100935,0.19856870398453014,0.45403114340537626,0.2162644537450773,0.1275084144274782,0.6562271318274445
1171656,2021,M?,1,0.27905127,0.3602231,0.3607256,0.2833913,0.37264767,0.343961,0.30674203044526355,0.3546413691795696,0.33861660037516683,0.3055550668600303,0.34009246586964553,0.35435246727032416,0.2807375684318143,0.3762692382647768,0.34299319330340894,0.28381196655237245,0.3863788946992923,0.3298091387483352
1181903,2021,M,0,0.47373807,0.10177926,0.4244827,0.41468993,0.13315152,0.45215854,0.43485964437185737,0.12657971028036857,0.43856064534777434,0.43735343827653544,0.1294968499677196,0.43314971175574507,0.3693933062220822,0.16345768288379628,0.4671490108941216,0.347701315228945,0.18117647776570137,0.4711222070053536
1181904,2019,M,0,0.3714624,0.33639392,0.2921436,0.371856,0.3697423,0.2584017,0.33609970254738986,0.34804867974550074,0.3158516177071093,0.3565097868127007,0.34478088441392885,0.29870932877337053,0.4433228749326425,0.36210113073382333,0.19457599433353423,0.4840945196319533,0.2996842238323002,0.21622125653574648
1181906,2019,M?,1,0.23110683,0.40724242,0.36165074,0.26136714,0.3828272,0.35580564,0.28908988676340674,0.31835743470930244,0.39255267852729087,0.28427647205432477,0.3160708405945333,0.39965268735114173,0.29440324087762815,0.32689544227171613,0.3787013168506558,0.28451558588479203,0.32489313122048297,0.39059128289472506
1181908,2019,S+D,2,0.2958519,0.24026033,0.46388784,0.304895,0.25010863,0.4449964,0.3109005080081917,0.252120968867617,0.43697852312419133,0.300856200478618,0.26237670443915667,0.43676709508222544,0.32593142049096985,0.2648157186421465,0.4092528608668836,0.3655084968222875,0.25044507595216486,0.38404642722554766
1181909,2019,M?,1,0.21504568,0.4076924,0.3772619,0.25476485,0.39889866,0.3463365,0.31444996189441254,0.36887877392069424,0.3166712641848934,0.3054827096979077,0.37254982706301015,0.3219674632390818,0.32409346789965326,0.4011206788920337,0.2747858532083131,0.2970745880820979,0.4258079222123325,0.27711748970556943
1181910,2019,S+D,2,0.24017818,0.21959384,0.540228,0.24693815,0.23872896,0.5143329,0.33248285708500214,0.2307824719781192,0.4367346709368785,0.32926752127417935,0.23325770800484874,0.4374747707209727,0.32327462210544533,0.28439622746315474,0.39232915043139993,0.29650088516708284,0.27716134739743226,0.4263377674354849
1181927,2019,M?,1,0.2205807,0.13343674,0.64598256,0.30112222,0.22017609,0.47870165,0.2967304661450016,0.22725230348834707,0.47601723036665167,0.3026754620480681,0.2283170339400744,0.46900750401185787,0.28747284061456874,0.18715886904641962,0.5253682903390117,0.22531938735267726,0.1443088496079356,0.6303717630393871
1181936,2021,M?,1,0.1909804,0.46303874,0.34598082,0.16821532,0.45326877,0.37851593,0.23731439964878556,0.36719140924929244,0.39549419110192174,0.2156068313057334,0.38534006413565947,0.39905310455860693,0.1873789591721929,0.5085964299444657,0.3040246108833412,0.1792089022048536,0.6082857804015115,0.21250531739363493
1182045,2021,M?,1,0.25627849,0.57896304,0.16475846,0.25514147,0.5601965,0.184662,0.29931818072285077,0.47011359486533,0.23056822441181946,0.30224372463380644,0.46601247892714925,0.23174379643904444,0.2726762283464218,0.5402886557021619,0.18703511595141625,0.2446977586630184,0.5539968540551092,0.20130538728187236
1182131,2021,M?,1,0.17042443,0.48197955,0.34759608,0.21947093,0.44777152,0.33275756,0.254423397740676,0.40490917056827125,0.3406674316910528,0.2510739807079785,0.39956690226044356,0.3493591170315776,0.21141695899776208,0.3871168833161108,0.40146615768612703,0.19631993639214818,0.40167746349274375,0.4020026001151082
1182140,2021,M,0,0.4952624,0.25619617,0.24854138,0.44710532,0.29102492,0.26186982,0.4265757583451172,0.3122103469401893,0.2612138947146939,0.426251792004049,0.30313095684853864,0.2706172511474126,0.4742161313012173,0.2799700507070859,0.24581381799169683,0.4820050058542666,0.248022146954309,0.26997284719142434
1182141,2021,M,0,0.34085277,0.37132055,0.28782666,0.34019953,0.37307364,0.28672683,0.36554593839166183,0.36592898630618564,0.26852507530215236,0.37213840718125396,0.3642550750135781,0.2636065178051674,0.3362822595725791,0.37449748479102485,0.28922025563639603,0.30550444673030075,0.408246983778942,0.2862485694907573
1183063,2020,M?,1,0.18295823,0.1516955,0.66534626,0.25950947,0.16923429,0.57125616,0.21778837105031093,0.18442001217315834,0.5977916167765304,0.21292335596948866,0.18573750039113066,0.6013391436393802,0.33309647059361147,0.14606583453209712,0.5208376948742914,0.32999068594051323,0.13859764139180278,0.531411672667684
1183064,2021,M?,1,0.46327594,0.08411147,0.45261258,0.4080007,0.11394502,0.47805429,0.4243783028131635,0.10869983545863017,0.46692186172820666,0.4410430792216562,0.1041812229830275,0.45477569779531635,0.3619019402233513,0.1258286152948904,0.5122694444817584,0.3532426200945249,0.10015675450427675,0.5466006254011984
1183067,2021,M?,1,0.47083065,0.21928665,0.3098827,0.4248898,0.2484578,0.32665232,0.37281895150581723,0.22572601735368442,0.4014550311404988,0.3760690850523173,0.23128676365654058,0.39264415129114133,0.46539283732504355,0.24884694116476294,0.2857602215101935,0.4730575759370056,0.2591680660571348,0.26777435800585947
1183121,2021,M?,1,0.39596912,0.50183153,0.102199346,0.44103372,0.43692845,0.12203783,0.4121789865535374,0.4485747072358803,0.1392463062105825,0.39131914840480575,0.4649891215357831,0.1436917300594113,0.5135593171530198,0.37821587400355894,0.10822480884342126,0.534933032423243,0.36942807501065306,0.09563889256610399
1183378,2021,M?,1,0.25606644,0.3978954,0.3460382,0.29338184,0.36540404,0.34121412,0.3569909748356227,0.37466459565565513,0.26834442950872217,0.3539214662925971,0.36386026902914315,0.2822182646782596,0.2730965625659008,0.336871497229921,0.3900319402041782,0.2602797519257263,0.3557840381384504,0.3839362099358234
1183394,2021,M?,1,0.3272447,0.4083375,0.26441786,0.32938603,0.40334943,0.26726457,0.3176681567953386,0.39034641282093974,0.29198543038372154,0.32953129543963317,0.3863436607353844,0.2841250438249821,0.330142433691527,0.37097299788077176,0.2988845684277012,0.32216655925596654,0.35583918089572786,0.3219942598483055
1183404,2021,M,0,0.4579022,0.3451032,0.19699462,0.44977313,0.33613616,0.21409073,0.4076826937283226,0.36454795452090005,0.22776935175077714,0.4165892038410594,0.3766998194202831,0.2067109767386572,0.4066089843212003,0.3369565510797925,0.25643446459900726,0.4126077726712991,0.2906628402583957,0.29672938707030516
1183494,2021,M,0,0.35700834,0.48442894,0.15856275,0.3645392,0.45521164,0.1802492,0.36198317269694535,0.4444672342498672,0.1935495930531871,0.36230083368408456,0.445073195357299,0.19262597095861614,0.38056792451690924,0.44308602830844646,0.17634604717464442,0.3918047064323537,0.4526343640683523,0.155560929499294
1183599,2021,M?,1,0.37730455,0.50503415,0.11766129,0.41237605,0.43245864,0.15516528,0.33032060033009236,0.4319441761304987,0.2377352235394094,0.352494329061185,0.42954670309331816,0.21795896784549665,0.45526716275050805,0.3991226281937254,0.14561020905576647,0.44962618670757676,0.4153535888523103,0.13502022444011288
1183601,2021,M?,1,0.28337643,0.2895783,0.42704532,0.30930677,0.28574774,0.4049455,0.285917225164006,0.30654564666844186,0.4075371281675524,0.2909338950609154,0.3079829294902331,0.40108317544885175,0.30311539437903584,0.2775432969975059,0.4193413086234582,0.29657860075065845,0.2691931178576368,0.4342282813917049
1183629,2021,M,0,0.63721997,0.12918547,0.23359461,0.4641013,0.1764531,0.35944557,0.4986537718313435,0.1655767548707632,0.3357694732978934,0.49347226405257627,0.17293730329674437,0.3335904326506796,0.3121786517947129,0.18585199203946848,0.5019693561658187,0.3453464628523714,0.1593309992928246,0.49532253785480396
1183631,2021,M,0,0.4975073,0.092076674,0.41041607,0.42428753,0.11869928,0.45701325,0.4214504664977055,0.14068435782421979,0.43786517567807487,0.426267671509124,0.13933310949805455,0.4343992189928217,0.36061363018778425,0.12873446432049063,0.5106519054917251,0.36467254185317477,0.10469054799130226,0.5306369101555231
1183633,2020,M,0,0.28012916,0.074698165,0.6451726,0.2661443,0.113947086,0.6199086,0.3280213457969524,0.10051525437665088,0.5714633998263967,0.3372027671561824,0.10334696727420635,0.5594502655696114,0.19772298291597723,0.10586925334313822,0.6964077637408845,0.1791608878118486,0.09203754655342714,0.7288015656347242
1183635,2020,M,0,0.50289404,0.08421037,0.41289556,0.43202865,0.11581449,0.45215687,0.4312053760204305,0.11643006552504277,0.45236455845452717,0.43263626459056786,0.11110977528124166,0.45625396012819086,0.38585045165399284,0.13386867561194243,0.4802808727340646,0.39611556952450766,0.11003351507495697,0.49385091540053533
1183639,2020,M,0,0.4178677,0.10210229,0.48002997,0.38174808,0.12443555,0.49381638,0.4026106147935388,0.12574097998835412,0.47164840521810736,0.4091128210053816,0.12180790341936014,0.46907927557525847,0.31280441219140837,0.12985121333523023,0.5573443744733615,0.30940490549844396,0.11941360669282301,0.5711814878087331
1183643,2020,M?,1,0.46478623,0.33414575,0.20106801,0.46200806,0.33497217,0.20301983,0.40441727784914844,0.38154436492960614,0.21403835722124512,0.41710533475177863,0.3754452520109717,0.20744941323724939,0.36124831243010563,0.4289732060971364,0.20977848147275807,0.3265652583024115,0.46870742811595656,0.20472731358163196
1183665,2020,M,0,0.4704043,0.10180135,0.42779434,0.41800988,0.12699263,0.45499745,0.4271002971759171,0.13156157735639296,0.4413381254676901,0.41685091972724225,0.12113693329871594,0.4620121469740422,0.35291590115417143,0.16005842114316077,0.48702567770266786,0.33852278392899415,0.139029520536697,0.5224476955343088
1183672,2021,M?,1,0.2962557,0.29597935,0.40776497,0.31319967,0.32529467,0.36150563,0.30371516474538823,0.3252919922475152,0.37099284300709706,0.2968085695922244,0.32401152093244656,0.3791799094753291,0.30680327324228274,0.34144955145483735,0.3517471753028799,0.3462056561276124,0.29669377358193183,0.35710057029045583
1185090,2021,M?,1,0.26595542,0.5732357,0.16080889,0.3226644,0.5029688,0.17436683,0.34615527451203376,0.42048832291777866,0.23335640257018703,0.33545206860563803,0.441206943774994,0.2233409876193682,0.33127250143950837,0.42947851128792364,0.23924898727256802,0.3464621066585357,0.3882526519487897,0.2652852413926746
1183778,2021,M?,1,0.1846857,0.34582093,0.46949333,0.23459704,0.3122347,0.45316824,0.26476184916444107,0.3479231581223632,0.38731499271319547,0.2612155765227459,0.3425555634399013,0.3962288600373524,0.1975221250593231,0.27615129578363595,0.5263265791570411,0.1674328125790114,0.26424235070139324,0.5683248367195953
1183779,2020,M?,1,0.34350723,0.34391162,0.31258115,0.3508897,0.37743676,0.27167356,0.35229672775784565,0.3518104200998091,0.29589285214234495,0.34595725757239393,0.3515476409711135,0.3024951014564919,0.32895631825256477,0.3936031232982258,0.27744055844920956,0.3268676261356488,0.39592049947793223,0.2772118743864189
1183787,2021,M,0,0.2248067,0.32410055,0.45109278,0.27057785,0.31520057,0.41422155,0.2982558476170143,0.34470939943437723,0.3570347529486092,0.30686851552273164,0.33414605990577356,0.35898542457149496,0.26199020712383053,0.3240268394265021,0.4139829534496673,0.20412229724871953,0.3520603608373218,0.4438173419139587
1183790,2021,M?,1,0.25627849,0.57896304,0.16475846,0.25514147,0.5601965,0.184662,0.29931818072285077,0.47011359486533,0.23056822441181946,0.30224372463380644,0.46601247892714925,0.23174379643904444,0.2726762283464218,0.5402886557021619,0.18703511595141625,0.2446977586630184,0.5539968540551092,0.20130538728187236
1183876,2021,M?,1,0.30938345,0.47209114,0.21852545,0.30650735,0.44667602,0.24681658,0.31471607815061814,0.4408421348449764,0.24444178700440558,0.3168447799259561,0.4359888037986561,0.24716641627538724,0.3018640046099082,0.4473778899499097,0.25075810544018207,0.2976097014536493,0.46523411312966617,0.23715618541668448
1184290,2021,M?,1,0.16247159,0.365528,0.4720004,0.18018368,0.3294071,0.49040926,0.21309756773087654,0.3617035539027598,0.4251988783663638,0.19590798092792105,0.35711374957597153,0.4469782694961086,0.24186568461559996,0.31527019011388246,0.4428641252705176,0.24868402887582236,0.3209055830158289,0.43041038810834886
1184307,2021,M?,1,0.3239279,0.5326601,0.14341193,0.33422056,0.49631202,0.16946737,0.3511153887988798,0.44323884923814266,0.2056457619629777,0.35598398886467225,0.4664005103071655,0.1776155008281615,0.29164614828348423,0.5390584285436828,0.16929542317283292,0.31092043700485483,0.5189913380389932,0.17008822495615197
1184399,2021,M,0,0.46234,0.30033916,0.23732086,0.44821498,0.32629398,0.22549105,0.41966016158698555,0.3473279665470224,0.23301187186599198,0.41549217047927145,0.3437282280176169,0.2407796015031114,0.4090854373491653,0.3120949513740254,0.2788196112768094,0.3978739968321922,0.33215786536502134,0.26996813780278633
1184428,2021,M?,1,0.37104556,0.48362693,0.14532755,0.32378995,0.4778698,0.19834027,0.35746484026038056,0.4405922171085949,0.20194294263102458,0.3583470311164549,0.42636369224829734,0.21528927663524752,0.3294614928011834,0.4973689353259874,0.17316957187282905,0.34916253822015164,0.48040204851005347,0.17043541326979475
1184598,2021,M?,1,0.29415432,0.53779435,0.16805133,0.33779734,0.40411443,0.25808823,0.30748741250389294,0.39154693407570434,0.3009656534204023,0.30167485067120686,0.4084973025432636,0.28982784678552975,0.2487952877070326,0.39565698988159637,0.3555477224113711,0.2816890579201137,0.5321342893499924,0.1861766527298938
1184622,2020,M?,1,0.21705088,0.42979527,0.35315382,0.19694777,0.40496704,0.3980852,0.25627294944747936,0.3798684993210452,0.36385855123147515,0.2712905054413672,0.3747341059377625,0.3539753886208702,0.17939923642043248,0.4237157400268446,0.39688502355272304,0.20516180334132203,0.4845803456425981,0.3102578510160799
1184746,2021,M,0,0.14214428,0.7625512,0.095304556,0.20174474,0.65586567,0.1423896,0.30201145214180725,0.4919758731242753,0.20601267473391782,0.29534689811581893,0.49168526457009876,0.212967837314082,0.22657773180942678,0.6309624548575259,0.14245981333304733,0.1562323844156671,0.727884104983244,0.11588351060108884
1185134,2021,M?,1,0.51597404,0.34168258,0.14234339,0.4592624,0.39019236,0.15054528,0.3953074436637044,0.4016153823345029,0.20307717400179248,0.39018306534124775,0.4248065496153634,0.18501038504338777,0.4518230635637818,0.4105501251418279,0.13762681129439033,0.3068232481483049,0.5161797464762753,0.1769970053754197
1185153,2021,M?,1,0.43376857,0.33516353,0.23106788,0.43870085,0.3018042,0.25949487,0.4339031133406613,0.32276532986648226,0.2433315567928573,0.42541443499343307,0.31561454991314525,0.2589710150934217,0.4312217284277659,0.3115395099103148,0.2572387616619192,0.43457245125820954,0.34252122130730817,0.2229063274344822
1185283,2021,M?,1,0.35589144,0.41446552,0.229643,0.35109735,0.38581517,0.2630875,0.32966347512521293,0.4196146553198546,0.2507218695549326,0.3226874995433303,0.43276703201412386,0.2445454684425451,0.3072560465466455,0.4234619726052533,0.26928198084810134,0.2923060720477332,0.4508093946254092,0.2568845333268578
1185327,2021,M?,1,0.2787407,0.5104345,0.21082477,0.3115595,0.43792772,0.25051275,0.3311871266678348,0.4105099152169413,0.25830295811522413,0.32934595219099067,0.4234019482520698,0.24725209955693875,0.3289310416343888,0.40660163845058084,0.2644673199150304,0.3199586081179355,0.43464180617688974,0.2453995857051749
1185343,2021,M?,1,0.34023246,0.39657807,0.26318946,0.33052257,0.4098876,0.25958982,0.34315614554695795,0.4093271684395948,0.24751668601344734,0.3444983442621406,0.4107676259456023,0.24473402979225622,0.30657936590163903,0.4137362442129731,0.27968438988538796,0.3277439738468776,0.37744845830584706,0.2948075678472753
1185366,2021,M?,1,0.32249433,0.45354816,0.22395751,0.32352594,0.42670056,0.24977347,0.3287570236564362,0.4397509422281109,0.231492034115453,0.3298007530147617,0.4366471017779152,0.233552145207322,0.2907262304950353,0.475846176673817,0.2334275928311476,0.2869341831732184,0.48862572479144584,0.22444009203533594
1185369,2021,M?,1,0.535451,0.30007613,0.16447285,0.50226104,0.31880423,0.17893474,0.44325067694445597,0.34586529015212764,0.21088403290341626,0.45896993380294066,0.3391740798729676,0.2018559863240915,0.5352434608659355,0.32066776504738437,0.14408877408668005,0.5843745153553995,0.27409845958551726,0.14152702505908318
1185376,2021,M?,1,0.40616375,0.20237052,0.39146572,0.42380753,0.22042368,0.35576877,0.3759539079511457,0.23391829576775136,0.3901277962811029,0.36711699495933103,0.24636188948212162,0.386521115558548,0.43497911027050284,0.2324636506582285,0.33255723907126866,0.522618413214084,0.17712846589121642,0.3002531208946997
1185394,2021,M?,1,0.1745459,0.16947784,0.65597624,0.21456732,0.20812134,0.5773114,0.2526562165986695,0.26861315721254814,0.4787306261887826,0.23308544617233323,0.24689616776907095,0.5200183860585956,0.20571158288006447,0.22603245925939414,0.5682559578605414,0.1855255101384388,0.23090619126878334,0.5835682985927779
1185404,2021,M?,1,0.58805114,0.2769658,0.13498306,0.5327955,0.3149391,0.15226543,0.4469194736613231,0.3625931012418226,0.1904874250968543,0.4675708204352784,0.3486532710900929,0.18377590847462844,0.470000310541102,0.3763071093858181,0.15369258007307995,0.5175913677091581,0.3246539444665987,0.15775468782424323
1185468,2021,M?,1,0.396906,0.51774675,0.08534729,0.30417976,0.5839579,0.11186237,0.3545225871387482,0.4980211033613504,0.14745630949990185,0.37746178953736725,0.4918131591018172,0.13072505136081483,0.25205377986192956,0.6313318546138104,0.11661436552426019,0.23194599948148156,0.6801953203944873,0.08785868012403121
1185500,2021,M?,1,0.12784873,0.7067797,0.16537152,0.1560039,0.6279983,0.21599782,0.2314648763734485,0.45601208033723617,0.31252304328931585,0.24096985063157803,0.46642444489993595,0.2926057044684861,0.18793664391811377,0.6016264009895812,0.2104369550923049,0.13027587690072895,0.6778623592517127,0.1918617638475584
1185550,2021,M,0,0.1690292,0.7169099,0.114060916,0.18643618,0.6623544,0.15120941,0.3207987371729926,0.4683961922528986,0.21080507057410933,0.318674774965085,0.4675309841811201,0.21379424085379498,0.2728580016913373,0.5717220455530443,0.15541995275561846,0.22599647079424268,0.6368222202485353,0.13718130895722203
1185574,2021,M?,1,0.39311072,0.44485125,0.16203797,0.36619267,0.46543017,0.1683771,0.3457949688655194,0.4195102222579504,0.23469480887653035,0.330340067592443,0.43050236904434963,0.2391575633632078,0.36215225012678914,0.4604036612822369,0.17744408859097402,0.3831039310347559,0.45823374117324633,0.15866232779199785
1185593,2021,M?,1,0.25355145,0.6314209,0.11502762,0.2890588,0.5744084,0.13653278,0.37536449789471904,0.44969410787874836,0.17494139422653285,0.36391266030355424,0.47079235045999923,0.16529498923644634,0.31309849467725026,0.4763431059814238,0.21055839934132597,0.3038441434761378,0.5002949668673199,0.1958608896565423
1185594,2021,M?,1,0.26518223,0.26469827,0.47011954,0.2977996,0.29225025,0.40995023,0.3032068549958654,0.2922916427845569,0.40450150221957787,0.2909358990828574,0.2955581764265825,0.41350592449056023,0.3067805941718448,0.21682267807934497,0.4763967277488101,0.3339937649715465,0.19972866858988364,0.46627756643856977
1185669,2021,M?,1,0.29114497,0.30376118,0.40509388,0.36209193,0.2752508,0.36265728,0.32182872140820323,0.28658096090978086,0.39159031768201585,0.3188790522798823,0.2833168590320746,0.39780408868804257,0.43245862191640144,0.2363848661353996,0.33115651194819906,0.43832337482878003,0.18894992282768183,0.37272670234353816
1185675,2021,M?,1,0.3480838,0.503691,0.14822522,0.35185838,0.4814367,0.16670495,0.33507717460895164,0.4547522080866321,0.2101706173044161,0.31996084844416856,0.4717620728943182,0.20827707866151335,0.35686724242872725,0.46562206600214745,0.17751069156912533,0.37753649008277257,0.45722971463049045,0.16523379528673704
1185737,2021,M?,1,0.3459706,0.48064077,0.17338863,0.36055985,0.46802157,0.17141858,0.34134163778368226,0.42135883907919564,0.23729952313712235,0.32919151790767665,0.4324090847690127,0.23839939732331067,0.36931258273195905,0.43357903738182,0.19710837988622087,0.3763725884675514,0.44754564215578885,0.1760817693766597
1185740,2021,M?,1,0.37580672,0.46467373,0.15951957,0.38564986,0.42283344,0.19151673,0.34331573216064387,0.41825745236676554,0.2384268154725909,0.33833401927393936,0.4051018020453946,0.2565641786806661,0.38899817521692825,0.44266294224939123,0.16833888253368043,0.41271998873934657,0.45033668544911615,0.1369433258115372
1185754,2021,M?,1,0.32778367,0.4955246,0.1766917,0.31858632,0.49942786,0.18198588,0.34259342850305163,0.4563918994376527,0.20101467205929582,0.3260734136233803,0.46595333824091734,0.20797324813570264,0.3205984798052755,0.4767197843376049,0.20268173585711965,0.3387407588591677,0.4270080120103951,0.23425122913043722
1185776,2021,M?,1,0.5415908,0.2565754,0.20183381,0.49647492,0.27809867,0.22542638,0.44248480747095864,0.3056646523337512,0.25185054019529024,0.45842434648727637,0.30148253955114485,0.2400931139615785,0.5459234150842539,0.249332994151297,0.20474359076444912,0.5875449730035643,0.2448633583684241,0.1675916686280115
1185834,2021,M?,1,0.14218482,0.75879556,0.0990196,0.20900457,0.6349074,0.15608795,0.27611287035463855,0.4880278775226393,0.2358592521227224,0.26699694321686457,0.5222572078024188,0.21074584898071624,0.23615683067570237,0.5967720613201688,0.16707110800412897,0.1761940479552193,0.684016775650242,0.13978917639453872
1185916,2021,M?,1,0.4120501,0.41189498,0.17605487,0.39892152,0.4253539,0.1757246,0.3428842422805692,0.4180762011137939,0.2390395566056368,0.3461112368386161,0.41455659404333367,0.23933216911805033,0.4157723290111338,0.40437890002603144,0.17984877096283475,0.4505097364912307,0.3768513182296292,0.17263894527914017
1185966,2021,M?,1,0.26772988,0.36670893,0.36556113,0.29984206,0.3258641,0.37429377,0.2800086216569548,0.36340825325092885,0.3565831250921162,0.2916172471397997,0.34787789157641597,0.36050486128378423,0.3286463791514842,0.2789524678300832,0.3924011530184325,0.3288164074689543,0.24635007653218283,0.4248335159988628
1186035,2021,M?,1,0.123149976,0.75092554,0.12592447,0.17570518,0.65370893,0.17058587,0.2494356537514134,0.49048582236631666,0.2600785238822704,0.24220790392567576,0.5214417183849576,0.23635037768936684,0.2224406938571512,0.602627297790349,0.17493200835249992,0.1937324563353914,0.6393840850911965,0.16688345857341216
1186159,2021,M,0,0.34637645,0.44773018,0.20589343,0.30482277,0.42176613,0.27341107,0.3175907287839717,0.4349393876765789,0.24746988353944924,0.3054234095984823,0.4485081909061911,0.2460683994953266,0.2817134946426368,0.4322646721909509,0.2860218331664123,0.3011805566530844,0.42243947494319645,0.2763799684037191
1186160,2021,M?,1,0.30685353,0.57041544,0.122731015,0.37815452,0.4435607,0.1782848,0.3745051665149627,0.450933912064824,0.17456092142021346,0.366860814130368,0.4541503120535665,0.17898887381606546,0.3284696719546932,0.46599221131756685,0.20553811672773997,0.3472129428816062,0.41208707032089437,0.24069998679749952
1199788,2020,M?,1,0.27914405,0.3725887,0.3482672,0.27087668,0.33344883,0.3956745,0.26297251471597305,0.33964080286715725,0.3973866824168695,0.26305560536838746,0.32726671265115365,0.4096776819804596,0.21798028792623703,0.28675102316401047,0.4952686889097525,0.25420711652598027,0.27531702194839647,0.47047586152562315
1188729,2021,M?,1,0.32523224,0.568234,0.10653374,0.30884576,0.5395691,0.15158519,0.34243862242318973,0.48633189817150096,0.17122947940530964,0.34747353605481784,0.48399918806964953,0.1685272758755324,0.2622819760145081,0.5673168510091832,0.1704011729763087,0.337597037029907,0.5243060726581513,0.13809689031194156
1188768,2021,S+D,2,0.4873916,0.4388812,0.07372717,0.50675637,0.3821432,0.111100405,0.4875397185941828,0.3720976250955422,0.14036265631027567,0.4881483795965407,0.36221144870976046,0.14964017169369903,0.44890291554590084,0.40787522416057,0.1432218602935291,0.39546030491340106,0.46689283061850195,0.13764686446809699
1188869,2021,M?,1,0.30298102,0.51976687,0.17725207,0.35746443,0.4601456,0.18238994,0.32243120055508795,0.47109043368333575,0.20647836576157697,0.3127117124243933,0.48041354810145925,0.20687473947414708,0.39713802578932167,0.4200901744407345,0.1827717997699438,0.3965180389373908,0.42891657634057373,0.17456538472203542
1188918,2021,M?,1,0.23836014,0.3971495,0.3644904,0.20616156,0.42036408,0.37347436,0.2142921162549556,0.34268686043035096,0.44302102331469323,0.21882081629753816,0.31466549064252736,0.46651369305993484,0.2631560309934343,0.45332518256466314,0.28351878644190254,0.26793638443508055,0.44544684049933214,0.28661677506558725
1188934,2021,M?,1,0.4068099,0.39934528,0.19384481,0.38621536,0.39003223,0.22375245,0.349708884466593,0.4010561598771328,0.2492349556562749,0.3658635998304347,0.3971438216768363,0.23699257849272917,0.38344479216050914,0.41592538195039375,0.20062982588909706,0.407516847545504,0.41601741540238835,0.17646573705210764
1188967,2021,M?,1,0.51607966,0.3725584,0.11136198,0.5075109,0.36026087,0.1322282,0.4159263521917228,0.4170786193003407,0.16699502850793643,0.4340484069696703,0.4172469093477125,0.1487046836826164,0.45495387658287173,0.4060782901029678,0.13896783331416038,0.4848155697451901,0.36759936981987645,0.1475850604349335
1189028,2021,M?,1,0.3981397,0.43982628,0.16203402,0.36318135,0.4491341,0.18768454,0.3679969210570604,0.42693107141058156,0.2050720075323583,0.36884360000640243,0.42866686265119136,0.20248953734240605,0.3467626231648931,0.48806382409777876,0.16517355273732806,0.3898982704116059,0.4362012180142952,0.17390051157409894
1189084,2021,M?,1,0.29533982,0.36554387,0.3391163,0.31607908,0.34657755,0.3373434,0.28242945676573117,0.354416406086193,0.363154137148076,0.2918702759597311,0.359035754313382,0.34909396972688683,0.3009533604392199,0.407026400006685,0.292020239554095,0.27544351829446667,0.4309042199649146,0.2936522617406187
1199277,2019,M?,1,0.43091494,0.2629397,0.30614537,0.37735257,0.24760386,0.37504354,0.44803748544844557,0.26944383133713246,0.2825186832144222,0.43370609105994684,0.2667819216950747,0.29951198724497813,0.3042552719743749,0.2317852383865035,0.4639594896391215,0.3085621969718236,0.25306235856535714,0.4383754444628193
1199323,2021,M?,1,0.18234093,0.44946268,0.36819634,0.215842,0.4596944,0.32446355,0.24244416475577749,0.37794841798111434,0.3796074172631084,0.24256807714873826,0.3862091263458106,0.3712227965054511,0.25858141997621503,0.46990463614761596,0.271513943876169,0.2495953554645365,0.4791801205082184,0.2712245240272451
1199339,2021,M?,1,0.12823191,0.3164747,0.5552934,0.14833586,0.391598,0.4600661,0.18209734862694116,0.3516190576645798,0.4662835937084795,0.1668477575709335,0.33647452148078627,0.49667772094827967,0.17215931342755597,0.37576220430472046,0.4520784822677235,0.17264440412562176,0.3707103504063636,0.4566452454680146
1199350,2021,M?,1,0.2251887,0.33330557,0.4415058,0.25019845,0.3075691,0.4422325,0.258991828317745,0.3472046085695945,0.3938035631126607,0.26121158060098,0.3466949921764253,0.39209342722259444,0.23391906618095187,0.31259437840234405,0.4534865554167041,0.19279215839335803,0.35214352630476475,0.45506431530187713
1199358,2020,M?,1,0.34568503,0.44243026,0.21188465,0.35585916,0.4009544,0.24318649,0.33681854618263957,0.4011943553896104,0.26198709842774964,0.340849354724298,0.4019124663858074,0.25723817888989414,0.33222178622952114,0.4800006858967735,0.18777752787370533,0.29268876012649025,0.5496724754223509,0.15763876445115882
1199368,2021,M?,1,0.2064829,0.4432751,0.350242,0.1397811,0.39638588,0.46383303,0.20180427516278696,0.35416694315646813,0.4440287816807446,0.20927662030299757,0.36368700883240984,0.4270363708645928,0.18262268831000944,0.40733372545118224,0.41004358623880827,0.25916582193652593,0.39070383691133476,0.3501303411521393
1199397,2021,M?,1,0.47808698,0.37336612,0.14854693,0.48488167,0.34925595,0.16586234,0.42581625766743725,0.37549978530565004,0.19868395702691258,0.44749964202881903,0.3695402412772561,0.18296011669392487,0.5010870323216163,0.31690063351474523,0.18201233416363843,0.5190873761020277,0.3000505398873202,0.18086208401065215
1199414,2021,M,0,0.3972374,0.40196595,0.20079668,0.34004515,0.4617029,0.19825189,0.44069348242420026,0.3326730119734112,0.22663350560238874,0.42404125706372064,0.3430097575477198,0.2329489853885593,0.45415104427484476,0.3873508135031168,0.15849814222203829,0.38028945187171664,0.4687231007132102,0.15098744741507308
1199499,2021,M,0,0.5457802,0.27177852,0.18244131,0.42037255,0.26171345,0.31791407,0.4404853341292522,0.3304646843109191,0.22904998155982867,0.45515838017233784,0.32630955019387803,0.21853206963378402,0.3135625190712785,0.29431253431243737,0.39212494661628416,0.3036107342510574,0.28766128794963913,0.4087279777993035
1199517,2021,M?,1,0.3610299,0.2563243,0.38264585,0.2874824,0.18922964,0.52328795,0.3053418330811322,0.23999640584100754,0.4546617610778604,0.32868046749182495,0.22554429320039518,0.4457752393077805,0.1969858122595162,0.15105919349315572,0.6519549942473281,0.16957428004483444,0.13573429307594367,0.694691426879222
1199648,2021,M?,1,0.34350386,0.3045487,0.35194746,0.33313656,0.32038388,0.34647956,0.35416403330831775,0.3316205622144845,0.3142154044771978,0.3547970913729166,0.3313776855312359,0.3138252230958472,0.29337357500485034,0.28661540488139176,0.42001102011375785,0.2724118117792616,0.26999682014005105,0.45759136808068746
1199680,2021,M?,1,0.2692473,0.16202444,0.56872827,0.2809431,0.18662944,0.53242743,0.2686041878087875,0.1963860427845253,0.5350097694066873,0.2670645108201744,0.1907499433215143,0.5421855458583116,0.24372907280584907,0.19650295819959912,0.5597679689945518,0.2618544797389556,0.18797083620942645,0.5501746840516178
1199798,2020,M,0,0.52549154,0.27403882,0.20046966,0.47615135,0.28321478,0.24063393,0.46203457980886525,0.31344027627332327,0.22452514391781198,0.4532552180701178,0.3144180974286553,0.2323266845012274,0.48163888345569567,0.2960349522322901,0.22232616431201413,0.5256257273432778,0.2779524852284591,0.19642178742826308
1200065,2020,M?,1,0.40712658,0.42822468,0.16464879,0.44098735,0.3881779,0.17083474,0.41344878613929725,0.3816106099367915,0.20494060392391095,0.41023024579808154,0.3903818820705376,0.19938787213138037,0.48320144747582267,0.37160407591182215,0.14519447661235504,0.40748783484505163,0.459419845995095,0.13309231915985337
1200069,2020,M?,1,0.25469145,0.3550561,0.39025247,0.2904388,0.30326068,0.40630051,0.34460523841925916,0.360200284609713,0.295194476971028,0.3437135035083621,0.36107227409023435,0.29521422240140316,0.2679552830870204,0.277214651915093,0.4548300649978866,0.25974021790504603,0.2884636978593743,0.4517960842355795
1199824,2021,M?,1,0.4225454,0.35739994,0.22005464,0.41058204,0.34150603,0.24791187,0.39968817354918657,0.3579379379916262,0.24237388845918778,0.3925300458989705,0.35008759649070825,0.25738235761032136,0.37668070702624806,0.32332325864227157,0.29999603433148037,0.3892440436830391,0.3120875367696388,0.29866841954732204
1199838,2021,M?,1,0.31860712,0.26893574,0.41245714,0.29147482,0.34783491,0.3606903,0.3274992688581461,0.3030276288747313,0.36947310226712327,0.30805214099345446,0.31307386309592244,0.378873995910623,0.35152850645055717,0.4102080191844656,0.23826347436497733,0.3009693366577403,0.48518520115989,0.21384546218236972
1199886,2021,M?,1,0.43251193,0.2848067,0.28268138,0.4419997,0.30077168,0.2572286,0.4374403834261709,0.30677581076305455,0.255783805810775,0.43640722425381034,0.28012428677191126,0.2834684889742781,0.4060671616374983,0.2940973557561366,0.2998354826063652,0.4129008861664887,0.2472054055356815,0.33989370829782983
1199914,2021,M?,1,0.2561467,0.58487415,0.1589791,0.24094942,0.586099,0.17295153,0.29898932106412823,0.47973982646376545,0.22127085247210662,0.30114811415519993,0.4739996774838248,0.22485220836097547,0.2543479913909018,0.5808138081491754,0.1648382004599228,0.20013357326390177,0.6599017184865699,0.13996470824952825
1200016,2020,M,0,0.5350398,0.28330734,0.18165287,0.4919387,0.31220478,0.19585645,0.42632582169329747,0.37004604570125155,0.20362813260545148,0.42928283509308085,0.36847468593366706,0.20224247897325207,0.45152756887302614,0.3645715653488897,0.18390086577808418,0.4671392932015441,0.34801693625008845,0.18484377054836743
1200031,2020,M?,1,0.33644238,0.539965,0.12359262,0.37638336,0.4842451,0.13937156,0.3533260055348121,0.4902854150798883,0.1563885793852994,0.3373304758651126,0.5205917691201118,0.14207775501477612,0.42098344216591116,0.44985843618814414,0.1291581216459447,0.42993299089030806,0.4487728542549484,0.12129415485474367
1200039,2020,M?,1,0.34182513,0.45579177,0.20238312,0.37916943,0.4490475,0.17178307,0.37366820068230977,0.43253681222236334,0.19379498709532667,0.3684268931943969,0.443574717016552,0.18799838978905148,0.4054166223560011,0.4296519824526123,0.16493139519138664,0.40949916995331237,0.4390703679232317,0.15143046212345596
1200042,2020,M?,1,0.4640955,0.33830065,0.19760382,0.41961175,0.35279116,0.22759712,0.3901726251447745,0.3938233722440903,0.2160040026111352,0.4007177281577946,0.39196050414707556,0.2073217676951292,0.3653601323701483,0.3593622656487227,0.275277601981129,0.3547078020295138,0.3639079001594138,0.2813842978110724
1200050,2019,M?,1,0.26400873,0.3222491,0.4137421,0.297311,0.32941866,0.37327033,0.3325736080107704,0.30748006908939995,0.35994632289983,0.3352231894112564,0.30806097172901664,0.35671583885972713,0.3426159255273686,0.2455167173769673,0.41186735709566413,0.33124727904938883,0.24949330547503754,0.41925941547557355
1200054,2020,M?,1,0.44766843,0.3899246,0.16240694,0.45997095,0.39148277,0.14854623,0.4079841956564305,0.39874973591715457,0.19326606842641478,0.40650152190875216,0.4091536675446972,0.18434481054655014,0.49280230137344244,0.3893310258358731,0.11786667279068451,0.5193649584650959,0.3463988588785196,0.13423618265638446
1200058,2020,M?,1,0.32914495,0.32185885,0.34899622,0.34981078,0.3343407,0.31584853,0.3352583862469629,0.3216007965908788,0.34314081716215816,0.3308222195956159,0.31699156256668676,0.352186217837697,0.3988823364762528,0.33369492049181093,0.26742274303193625,0.4125003782874724,0.3233350011839626,0.264164620528565
1200085,2021,M?,1,0.24022776,0.33748457,0.42228764,0.22410706,0.34273902,0.43315393,0.2557923193197142,0.31992739807469495,0.4242802826055909,0.24369855711259464,0.31938768822324076,0.4369137546641646,0.20436964884611086,0.2939430088330617,0.5016873423208275,0.1880651149280649,0.27070937018200847,0.5412255148899267
1200231,2021,M?,1,0.30018488,0.27481574,0.4249994,0.32224855,0.25115818,0.42659327,0.3033247383633752,0.34203986021383387,0.35463540142279104,0.30496716612947194,0.3384949612175758,0.35653787265295295,0.3418629086803123,0.23153557914826853,0.42660151217141923,0.3580404830652033,0.22242749286335567,0.419532024071441
1200237,2021,M?,1,0.1433276,0.2686736,0.5879988,0.18590519,0.26312044,0.55097437,0.2123536295181348,0.2915583026540768,0.49608806782778875,0.21219382815459942,0.2984601801212734,0.489345991724127,0.2153514154447239,0.23244265197660624,0.5522059325786699,0.21431939354015464,0.22219739830890237,0.563483208150943
1200649,2019,M?,1,0.30832916,0.47987765,0.21179317,0.2655945,0.48965976,0.24474573,0.30432945658706917,0.42525674019442056,0.2704138032185107,0.30315859358820474,0.4363727339777704,0.26046867243402516,0.3167337242629983,0.5330047489601245,0.15026152677687735,0.3133668221317893,0.5531210533513445,0.13351212451686603
1200899,2019,M?,1,0.446277,0.29443622,0.2592868,0.42069337,0.30925018,0.2700565,0.393809598430875,0.2687339586103131,0.33745644295881216,0.38577222245932086,0.25055655800848303,0.36367121953219644,0.4706046657188094,0.26193961585473025,0.26745571842646043,0.5135003928480963,0.24720457033820775,0.23929503681369596
1200910,2019,M?,1,0.13286923,0.24084976,0.626281,0.15283,0.28577214,0.56139785,0.20635439177818232,0.27930991169296016,0.5143356965288578,0.19854429800553894,0.2628044091879168,0.5386512928065443,0.18243155092109417,0.32732656163110857,0.4902418874477972,0.17334163597272442,0.3205032221439614,0.5061551418833142
1200914,2019,M?,1,0.17149255,0.27221948,0.556288,0.13993336,0.36580247,0.49426416,0.19347318374749242,0.31700537420412406,0.4895214420483836,0.1933565641806684,0.33849808683979843,0.46814534897953336,0.1187662377680257,0.39900794388631095,0.48222581834566325,0.11295478520275874,0.44787057488384985,0.4391746399133914
1200924,2019,M?,1,0.43089595,0.46641514,0.102688916,0.40294182,0.482438,0.11462013,0.36386463702484406,0.47373919331365816,0.16239616966149795,0.3739314210637121,0.4741256684186472,0.15194291051764067,0.4036070488401535,0.45934936785224695,0.13704358330759947,0.4007935695662076,0.4597071793205165,0.13949925111327593
1200937,2019,M?,1,0.35128215,0.45307168,0.19564618,0.37945545,0.43920848,0.1813361,0.36427889995327173,0.4270341825505645,0.20868691749616367,0.36829236755328126,0.4100291362321194,0.22167849621459884,0.34035482907563785,0.4614370451652201,0.1982081257591421,0.30174750816662965,0.5129693023403115,0.18528318949305891
1200955,2019,M?,1,0.39036644,0.32326168,0.28637192,0.38300088,0.342771,0.27422816,0.40849300768049573,0.31342950644693157,0.2780774858725727,0.413193894995154,0.30604053876874315,0.2807655662361029,0.388836638794872,0.37282853148424183,0.23833482972088624,0.3891937168137571,0.37281989681609606,0.23798638637014682
1200964,2019,S+D,2,0.45082495,0.32739234,0.22178265,0.3999442,0.32355517,0.27650064,0.4191059072263153,0.34272355086056744,0.2381705419131173,0.4185954348706618,0.323883590273533,0.25752097485580483,0.3567651108851193,0.3568688834046525,0.2863660057102282,0.36712583852290526,0.3409961136797478,0.29187804779734694
1200968,2019,M?,1,0.34932226,0.46864605,0.18203165,0.3443111,0.4407865,0.21490234,0.35494309179829875,0.39918828141049945,0.2458686267912016,0.37241980106653505,0.3985054021455165,0.2290747967879484,0.36948662009531463,0.4299576435378584,0.2005557363668269,0.3697936443485251,0.42199386280132606,0.20821249285014892
1200975,2019,M?,1,0.30324402,0.4459605,0.25079542,0.29662994,0.40974963,0.29362047,0.32825674362053003,0.3854297528093083,0.28631350357016205,0.3339418592192105,0.38612468070231865,0.27993346007847125,0.2873503387621044,0.4007738638224695,0.311875797415426,0.2600294909663447,0.4278204545993291,0.31215005443432625
1201352,2021,M?,1,0.17478134,0.24738662,0.577832,0.24727635,0.23575616,0.5169675,0.20198001716004563,0.22247102770590035,0.575548955134054,0.1983602119487076,0.23292804692739374,0.5687117411238982,0.37023878649992065,0.18665318839238876,0.4431080251076905,0.3696836691369057,0.17727280985099383,0.4530435210121005
1211639,2021,M?,1,0.13888673,0.70535904,0.15575425,0.18395364,0.5990107,0.21703562,0.22730932916085841,0.5043181649979614,0.2683725058411805,0.22536048967351108,0.511729795230576,0.262909715095913,0.2104125898165546,0.5407089338318948,0.24887847635155072,0.21384905699276,0.5519179341268661,0.234233008880374
1211656,2021,S+D,2,0.17524987,0.19483192,0.6299182,0.22191955,0.25119033,0.5268901,0.24357762998451984,0.25171931141469506,0.504703058600785,0.23693257067272852,0.24012143022039878,0.5229459991068729,0.17774126009403693,0.21483859823929968,0.6074201416666634,0.12498778947073093,0.1690859045595174,0.7059263059697517
1211662,2019,M,0,0.49609265,0.094912596,0.40899476,0.4029937,0.12978609,0.46722022,0.4431318043358629,0.10177175512160266,0.45509644054253434,0.44928335153002924,0.09205622160013562,0.4586604268698351,0.35918826452504193,0.1630181098484782,0.47779362562647987,0.3741145839391122,0.15515973426798568,0.4707256817929021
1211671,2019,M,0,0.47373807,0.10177926,0.4244827,0.41468993,0.13315152,0.45215854,0.43485964437185737,0.12657971028036857,0.43856064534777434,0.43735343827653544,0.1294968499677196,0.43314971175574507,0.3693933062220822,0.16345768288379628,0.4671490108941216,0.347701315228945,0.18117647776570137,0.4711222070053536
1211672,2019,M,0,0.44182837,0.08356375,0.47460788,0.35552043,0.12145569,0.52302384,0.39169430056888893,0.12036333524028442,0.4879423641908263,0.3927574645355136,0.11718208672281455,0.4900604487416714,0.20194950429468234,0.08965088776875499,0.7083996079365625,0.20615117723241638,0.08354930263893248,0.710299520128651
1213442,2021,M?,1,0.24334992,0.4740025,0.28264755,0.2781896,0.47615352,0.24565686,0.3206288374557942,0.40626793452497684,0.2731032280192289,0.3224074393275423,0.397146171486973,0.28044638918548515,0.3433501201981984,0.4346398389987529,0.22201004080304884,0.32459653007225153,0.46574574078327263,0.20965772914447584
1213447,2021,M?,1,0.4257632,0.29041043,0.28382638,0.32797247,0.3488812,0.32314634,0.3856172901414129,0.35469437071369503,0.2596883391448923,0.39113224373872946,0.3504066009389499,0.25846115532232106,0.32551883525392095,0.3391950325776789,0.33528613216840014,0.3278802618388304,0.2904620884592578,0.3816576497019118
1213549,2021,M?,1,0.49033535,0.35768765,0.15197706,0.45855108,0.37635624,0.16509268,0.420721854833868,0.3703306429455139,0.20894750222061784,0.4301487825299342,0.3593052802170065,0.21054593725305903,0.49987659302479254,0.35897074545324975,0.1411526615219577,0.5669666665117623,0.3419215376646376,0.09111179582360024
1213579,2021,M?,1,0.3964362,0.36233506,0.24122874,0.40277284,0.36130235,0.23592481,0.3953532624611655,0.3705503095334595,0.2340964280053752,0.4009654615489226,0.35046835171319257,0.24856618673788503,0.38754289261476255,0.35735071992604966,0.25510638745918773,0.40029678745131747,0.3085427184241528,0.29116049412452955
1213619,2021,M?,1,0.41429955,0.38273188,0.20296863,0.3717963,0.37364173,0.25456202,0.409693375211366,0.38153855402340375,0.20876807076523038,0.40943584751495926,0.36984044893071544,0.22072370355432538,0.3570421932883265,0.36760369558620665,0.2753541111254669,0.36368809123734136,0.37293699836401223,0.2633749103986464
1213654,2021,M?,1,0.30583048,0.534726,0.15944347,0.30110213,0.5278916,0.1710063,0.3311466134978401,0.4699441411806105,0.1989092453215494,0.33284947802536996,0.47456580441508756,0.19258471755954218,0.23574504851110947,0.6038404449101559,0.16041450657873474,0.23074977037615974,0.621934553311562,0.1473156763122783
1213670,2021,M?,1,0.4196781,0.4340325,0.14628938,0.41248515,0.42843893,0.15907593,0.3919683374371112,0.4150736839892344,0.19295797857365407,0.3865585647576652,0.4395423345656075,0.17389910067672665,0.4522071878479217,0.4123674683182305,0.1354253438338476,0.45263575418181795,0.41086398592129314,0.13650025989688888
1213679,2021,M,0,0.5547601,0.2923694,0.15287049,0.49058896,0.3155592,0.19385183,0.4289507850589814,0.3364972409574199,0.234551973983599,0.44548682926587135,0.3288090847480889,0.22570408598603964,0.4603653580259394,0.3343900955004709,0.20524454647358964,0.5239169836981098,0.3189204631141678,0.15716255318772243
1215130,2021,M?,1,0.2775046,0.3593077,0.36318767,0.33384028,0.3408482,0.32531154,0.3620278499882516,0.3150149465715111,0.32295720344023743,0.3541148090448207,0.300962671903137,0.3449225190520422,0.35940586534364016,0.3602217406434676,0.2803723940128921,0.33505371863811645,0.3751303467464156,0.289815934615468
1215136,2021,M?,1,0.39955416,0.24113846,0.35930735,0.37733796,0.2658912,0.35677087,0.39267319614104285,0.25397739492281357,0.35334940893614347,0.3735166675149045,0.2516264573223411,0.37485687516275445,0.38666532930236963,0.2529875438481994,0.3603471268494309,0.40526206205400345,0.24625122420814718,0.34848671373784934
1215705,2021,M?,1,0.21022236,0.36902016,0.4207574,0.23433897,0.3846936,0.3809674,0.2564642439440194,0.36532129421955944,0.37821446183642154,0.2516480247780866,0.3617806437841621,0.3865713314377512,0.21429579379025995,0.363599667763928,0.4221045384458121,0.2088090450073464,0.3731884555504032,0.4180024994422504
1215708,2021,M?,1,0.1294173,0.7535031,0.11707963,0.20317538,0.64411217,0.15271245,0.2874365137721252,0.4195813318478019,0.2929821543800734,0.2976340582768619,0.43270241794513,0.2696635237780084,0.3048321300836415,0.5091645347012392,0.18600333521511936,0.23716527685774128,0.5901142856504237,0.1727204374918351
1213695,2021,M?,1,0.21108422,0.32778087,0.46113488,0.19726802,0.322919,0.47981298,0.20642969005109293,0.31275600084700445,0.48081430910190287,0.1993233073067476,0.3091159646887311,0.4915607280045219,0.21933429650749386,0.30022005007207164,0.4804456534204345,0.21218091245085471,0.24730666551139616,0.5405124220377492
1213702,2021,M?,1,0.33314154,0.40170157,0.26515692,0.34114456,0.37495375,0.2839017,0.3996574045755251,0.3010186667517929,0.29932392867268215,0.3981323232413437,0.31445619879634784,0.28741147796230826,0.4090096696666312,0.3950333267701959,0.19595700356317278,0.375520834219702,0.4573003931114078,0.16717877266889025
1213789,2021,M?,1,0.2996527,0.36549807,0.33484924,0.2958398,0.34686488,0.35729533,0.31152471516277813,0.34906410817553074,0.3394111766616911,0.315757832554646,0.36240112919090356,0.32184103825444993,0.22506507370701956,0.3245840017509825,0.45035092454199804,0.20317090995181403,0.33663697665808306,0.460192113390103
1213804,2021,M?,1,0.32307017,0.3856185,0.2913113,0.21189383,0.38581657,0.4022896,0.24074305311292185,0.3359994507417467,0.42325749614533165,0.24465299089055514,0.3269778509149168,0.42836915819452864,0.2540561482281499,0.41214754635722484,0.33379630541462524,0.2578472145952174,0.4182017414538875,0.3239510439508951
1213814,2021,M?,1,0.3477822,0.56503105,0.0871868,0.4109376,0.4739055,0.11515683,0.35413078010599663,0.49239765562930476,0.15347156426469813,0.3561580299709043,0.5001060033570921,0.14373596667200383,0.4286907720097577,0.46831332959985067,0.10299589839039171,0.40793587850092927,0.4906229952319197,0.10144112626715096
1213840,2021,M?,1,0.2655395,0.46789193,0.26656863,0.31534994,0.42497814,0.25967196,0.3201281232241223,0.4048336732759562,0.2750382034999211,0.30794463276511014,0.40532110447567804,0.2867342627592122,0.37196411032791393,0.40316725654791286,0.22486863312417316,0.39952998778276066,0.37055843554662304,0.22991157667061626
1213844,2021,M?,1,0.27218783,0.3187381,0.40907407,0.1962693,0.35637,0.4473607,0.22577418573078115,0.29463845764418545,0.47958735662503316,0.2216765620341668,0.27955468447811394,0.4987687534877188,0.24160312121796795,0.3319468668286728,0.42645001195335935,0.2531736861645195,0.33542635838719426,0.4113999554482863
1213902,2021,M?,1,0.2881246,0.3742798,0.3375956,0.28273776,0.36487275,0.3523895,0.3004011179754267,0.365288632524229,0.3343102495003438,0.2844321068342226,0.3677797308469933,0.347788162318784,0.22873387385662794,0.4230773128311519,0.3481888133122201,0.22720601063547716,0.4310225685508099,0.34177142081371303
1213932,2021,M?,1,0.22247684,0.37270355,0.40481958,0.19553892,0.36950812,0.434953,0.22212826228214733,0.3322123243476569,0.4456594133701961,0.21863977414876884,0.3183667581069577,0.46299346774427336,0.16222589762648718,0.36406681165838295,0.4737072907151298,0.1587871382764946,0.37339649995231367,0.4678163617711917
1214308,2021,M?,1,0.2535402,0.47606176,0.27039802,0.26796865,0.44055685,0.29147455,0.31246372242663933,0.3895712246180448,0.297965052955316,0.3010958250561862,0.3924545506338158,0.30644962430999795,0.29937378590572916,0.4437653643485045,0.2568608497457664,0.30499929600666664,0.4446009428714256,0.2503997611219077
1214335,2021,M,0,0.4068985,0.3481433,0.24495824,0.36183345,0.32728323,0.31088325,0.3410755684174574,0.38152934553585405,0.27739508604668844,0.36006804422996397,0.40229605252260264,0.23763590324743278,0.28513660940450974,0.39345314476287274,0.3214102458326176,0.3003712155421027,0.40407433475252524,0.2955544497053721
1214347,2021,M?,1,0.16067708,0.3436861,0.49563685,0.15475543,0.3221026,0.523142,0.2371972557077981,0.3639707957896757,0.39883194850252607,0.22928559493286257,0.3424303995477785,0.4282840055193589,0.173427566472765,0.27260770741585477,0.5539647261113803,0.17009177351527022,0.24084665981764852,0.5890615666670813
1214348,2021,M?,1,0.3730064,0.41163704,0.21535662,0.373961,0.3919884,0.23405066,0.3472868677250579,0.4123905864517933,0.24032254582314896,0.35791146096180865,0.40361259249874526,0.23847594653944587,0.3633775044119365,0.4242325031071192,0.21238999248094423,0.36064150108096915,0.4242318788683259,0.21512662005070493
1214350,2021,M?,1,0.28877208,0.40954792,0.30168006,0.31277,0.3868018,0.30042818,0.344982101670594,0.3902951474399131,0.2647227508894932,0.34924391549509787,0.3910773933872811,0.25967869111762143,0.35802396994798275,0.3704875378081391,0.27148849224387817,0.3495004432026845,0.36919335421277394,0.28130620258454153
1214354,2021,M?,1,0.41865554,0.48101372,0.10033075,0.45584765,0.43928906,0.10486333,0.3832649387511546,0.4476312352161443,0.16910382603270102,0.381636934076533,0.4535434338090052,0.1648196321144617,0.4440714365653809,0.47755838321770844,0.07837018021691061,0.48776975327675937,0.43837793860245855,0.07385230812078213
1214362,2021,M?,1,0.27164006,0.36011612,0.36824384,0.26566043,0.35142857,0.38291097,0.3141227672415711,0.3717500285569629,0.3141272042014655,0.31178293165488113,0.36750363813596115,0.320713430209157,0.2719297066511364,0.4125732116471727,0.3154970817016909,0.26378900718854176,0.4299352449155834,0.3062757478958749
1214407,2021,M?,1,0.14924969,0.41586274,0.43488756,0.1669213,0.4046876,0.4283911,0.224380312540811,0.3592197822166924,0.41639990524249665,0.21812774108788274,0.35722420178592434,0.42464805712619247,0.15415080932326283,0.37474393198699574,0.4711052586897414,0.1477737124989243,0.38148768824850077,0.4707385992525749
1214422,2021,M?,1,0.2505066,0.35532504,0.39416838,0.24232382,0.35948643,0.39818975,0.3068864135890508,0.4094709905825429,0.2836425958284064,0.2953006757168378,0.39747155609828766,0.30722776818487446,0.2082595611318181,0.28929205943223607,0.5024483794359459,0.2005277973307237,0.2780882775424771,0.5213839251267992
1214443,2021,M?,1,0.16272056,0.3634864,0.4737931,0.17292638,0.3734081,0.45366555,0.22097072920658864,0.3362343333213147,0.4427949374720968,0.2121258008035901,0.3364146201328675,0.451459579063542,0.1552726083684858,0.3413586292838276,0.5033687623476866,0.1402589396796534,0.3642255249015326,0.4955155354188139
1214444,2021,M?,1,0.32576632,0.33609605,0.33813763,0.3422264,0.31824592,0.3395277,0.342597826899463,0.38010064879157895,0.2773015243089582,0.3382700396718194,0.36940142511002333,0.29232853521815716,0.311701497331706,0.32060701898797417,0.3676914836803198,0.32816572057585447,0.33390609646047364,0.3379281829636719
1214463,2021,M?,1,0.22317597,0.30135027,0.4754738,0.22211467,0.343664,0.43422127,0.2412038242162635,0.34026730260630034,0.41852887317743626,0.22727191427662363,0.33689783926404665,0.4358302464593299,0.21523705381515768,0.36134758580429177,0.4234153603805505,0.20498105522891455,0.34531211791487215,0.4497068268562133
1214535,2021,M?,1,0.18933992,0.27058345,0.5400766,0.21035771,0.2717712,0.5178711,0.22813174632497804,0.2896421801767986,0.4822260734982237,0.22972000515857988,0.2920252806690968,0.47825471417232335,0.16142911880516964,0.25341106101795463,0.5851598201768757,0.14975112051961526,0.256934779586657,0.5933140998937279
1214537,2021,M?,1,0.36203676,0.46212268,0.1758405,0.38040608,0.42886657,0.19072731,0.37640774282266753,0.4186089347338795,0.204983322443453,0.36776021284874744,0.4237242074502566,0.20851557970099566,0.35727414222872345,0.4401885880738601,0.2025372696974164,0.3465045582752229,0.467471006378916,0.18602443534586108
1214561,2021,M?,1,0.20063867,0.3256331,0.47372818,0.23220146,0.31157663,0.45622197,0.23271083431224843,0.30821948071178534,0.45906968497596634,0.244179644198546,0.31896264740282826,0.43685770839862587,0.18278009505590476,0.30249732683467223,0.514722578109423,0.17688589043640848,0.3189766549685887,0.5041374545950028
1214588,2021,M?,1,0.24178569,0.3412528,0.4169615,0.21800005,0.34410825,0.43789166,0.23570071900924433,0.29817556585915733,0.4661237151315987,0.23965505765091774,0.30221199735276516,0.4581329449963174,0.17993094992270373,0.3356812649203372,0.484387785156959,0.17388347639564403,0.36353671529533865,0.46257980830901735
1214592,2021,M?,1,0.28558114,0.48226932,0.2321495,0.29357275,0.4453927,0.2610346,0.30983493931558126,0.42791491995303893,0.26225014073138014,0.30503865724065227,0.436134746806497,0.25882659595285057,0.2804839466172119,0.463061661393294,0.2564543919894941,0.267420627921286,0.4915325915233343,0.24104678055537965
1214595,2021,M?,1,0.3741783,0.40943965,0.21638198,0.34857324,0.40005663,0.25137013,0.36112142554257265,0.3726037217357607,0.266274852721667,0.3666551954812314,0.37177836834050176,0.2615664361782666,0.31063491094334567,0.4234744545886551,0.26589063446799915,0.3169610340590197,0.4079386854959186,0.2751002804450617
1214646,2021,M?,1,0.2128321,0.48374677,0.30342114,0.21306092,0.5155895,0.27134955,0.27324407520171085,0.3997596502991329,0.32699627449915636,0.2779987168219541,0.3973940667558618,0.32460721642218415,0.20721483228500667,0.49085135126299295,0.30193381645200035,0.20170486740871166,0.5395604929393889,0.25873463965189947
1214654,2021,M?,1,0.33431742,0.44899267,0.21668988,0.35741752,0.3664475,0.27613494,0.39257043569865663,0.3303340635546227,0.277095500746721,0.39627918911088933,0.3478632610852423,0.2558575498038684,0.3623074306066828,0.3833987530984013,0.254293816294916,0.34067576197114474,0.4074098394383234,0.2519143985905319
1214913,2021,M?,1,0.36948648,0.3546668,0.27584672,0.37033406,0.37366802,0.2559979,0.3412654623513882,0.3645075199614352,0.2942270176871766,0.3552531469416842,0.36262545135950774,0.2821214016988077,0.3729379143793632,0.3854609329876791,0.24160115263295764,0.3733125724712424,0.3958030171775918,0.2308844103511659
1214923,2021,M?,1,0.2815949,0.2949031,0.42350203,0.32997352,0.33597335,0.3340531,0.3008978875545415,0.3315324200240388,0.36756969242142007,0.2981732221635426,0.31874255494646375,0.3830842228899932,0.42635041714045935,0.3283551778776886,0.245294404981852,0.4465049727205845,0.32656652840719685,0.22692849887221878
1214937,2021,M,0,0.29638362,0.57859707,0.1250193,0.3168044,0.5355743,0.14762127,0.32749099502216117,0.46992717004030754,0.2025818349375315,0.3173677998664708,0.5031577403343244,0.17947445979920473,0.28399258351756296,0.5702351405650617,0.14577227591737535,0.2950740978740366,0.5636082696195748,0.14131763250638862
1215006,2021,M?,1,0.37106097,0.46925402,0.15968503,0.3618009,0.46911544,0.1690837,0.3026724312064134,0.4219714627196687,0.2753561060739179,0.299415221124001,0.43803895091070827,0.2625458279652908,0.33918434012135956,0.5130622494250179,0.14775341045362253,0.35710413811977026,0.5127748228024885,0.13012103907774125
1215190,2021,M?,1,0.2700838,0.36354324,0.36637297,0.2635532,0.40142992,0.33501685,0.2942829689392842,0.35291017422978854,0.3528068568309271,0.3009844209509725,0.34489036960711644,0.35412520944191106,0.24553514894416356,0.42337855643713895,0.33108629461869743,0.23959380299501618,0.450601028777574,0.30980516822740983
1215202,2021,M?,1,0.35506037,0.32093704,0.32400265,0.37218678,0.31150115,0.31631207,0.3618463305753458,0.33246119069273855,0.305692478731916,0.353392387671842,0.334115886895841,0.31249172543231674,0.4105312240189156,0.30653953929795014,0.2829292366831343,0.3493510047417119,0.36337059655155324,0.2872783987067349
1215242,2021,M?,1,0.32352716,0.4121637,0.2643092,0.2806923,0.48230958,0.23699807,0.32818518181424655,0.4446099840141616,0.22720483417159232,0.3263363325552798,0.44245859300810564,0.23120507443661417,0.23547928652346,0.532899108798388,0.231621604678152,0.23406762269747217,0.5530896435053342,0.2128427337971937
1215493,2021,M?,1,0.30075112,0.57453525,0.124713644,0.3187696,0.5395148,0.14171566,0.3397240174229566,0.4609184780972077,0.199357504479836,0.3335655563942529,0.49325511913597486,0.17317932446977166,0.2864045424675675,0.5755283929503024,0.13806706458213008,0.30892866151610043,0.5759646801309356,0.11510665835296391
1215607,2021,M?,1,0.4445865,0.3465678,0.20884572,0.42183122,0.35911098,0.21905777,0.4462971570206991,0.3302229265766375,0.22347991640266335,0.4488850381332681,0.318729996325918,0.23238496554081398,0.4166032379784867,0.3899856015366521,0.1934111604848611,0.41839453859077136,0.39504170006746864,0.18656376134175995
1215673,2021,M?,1,0.240562,0.22507825,0.53435975,0.29256007,0.2528518,0.45458812,0.27396279892755737,0.27683418096295054,0.44920302010949253,0.2756949292731005,0.2572385561855937,0.46706651454130543,0.29555295303136114,0.25084955597561154,0.4535974909930274,0.28829731416930293,0.2527089079109004,0.4589937779197967
1215679,2021,M?,1,0.18044029,0.38061923,0.43894053,0.2563901,0.38816315,0.3554468,0.23212163350101123,0.33424271298151026,0.4336356535174782,0.24287836931279552,0.35636449901967326,0.40075713166753085,0.3094893092732719,0.3330697670503379,0.3574409236763902,0.3105861261005594,0.33612311235445586,0.3532907615449847
1215699,2021,M?,1,0.27257314,0.3228279,0.40459898,0.28752124,0.32699627,0.38548252,0.2925299719734032,0.3173497087841817,0.3901203192424156,0.3120779579803376,0.30766371095943806,0.3802583310602241,0.3046295856453671,0.3076258317892059,0.38774458256542704,0.29116153545057105,0.31707089175743614,0.39176757279199287
1215717,2021,M?,1,0.241341,0.64253896,0.11612004,0.30320904,0.55262625,0.14416473,0.35998680716586484,0.4088580584691654,0.2311551343649699,0.3471864252341708,0.4215994436083503,0.23121413115747924,0.3104148891547532,0.5599900582366926,0.12959505260855433,0.30899102207512424,0.5773036031982409,0.1137053747266349
1215796,2021,M?,1,0.3576785,0.48274067,0.15958078,0.376942,0.46432912,0.15872893,0.38551648495529,0.4082453455387532,0.2062381695059569,0.377264926865454,0.42621258298360076,0.19652249015094497,0.367702849122944,0.5125197682659527,0.11977738261110327,0.5904854854085813,0.3351080009540604,0.07440651363735841
1215904,2021,S+D,2,0.40902606,0.33790052,0.2530734,0.4104142,0.31988487,0.26970097,0.3803687347576746,0.3330403288884316,0.28659093635389427,0.39569405013888925,0.3431141736081478,0.2611917762529626,0.3741404148730073,0.36039893993556227,0.2654606451914303,0.38129394465577643,0.3659682691997559,0.2527377861444676
1215918,2021,M?,1,0.3450731,0.47738215,0.17754476,0.35954636,0.4116231,0.22883052,0.36394005543074415,0.3637320444845603,0.27232790008469565,0.3624137978612051,0.38610671928694246,0.2514794828518522,0.3591480867693418,0.432562261298808,0.2082896519318502,0.35921691042962073,0.44616375547035003,0.19461933410002924
1215926,2021,M?,1,0.29028755,0.39633146,0.31338102,0.3202408,0.37509567,0.30466354,0.31335875949027603,0.38732811831137026,0.2993131221983538,0.31116546771907,0.4096216228864836,0.27921290939444626,0.2465880546225987,0.35586709559388824,0.39754484978351307,0.214460043866268,0.3608859255905566,0.4246540305431753
1216430,2021,M?,1,0.363616,0.4386565,0.19772752,0.3923601,0.41940197,0.18823795,0.34919890393787706,0.42246763558088846,0.22833346048123515,0.3439928159293331,0.42773753784152907,0.22826964622913729,0.4531312985483865,0.3747911761263757,0.17207752532523785,0.46146069997655315,0.3743026776444615,0.1642366223789852
1228529,2021,M,0,0.22668761,0.4304355,0.3428769,0.2458797,0.4281595,0.32596081,0.26547161860714613,0.3596601105801043,0.37486827081274937,0.2776175137203563,0.3610102645153942,0.3613722217642497,0.20816939108269178,0.38542722842501864,0.4064033804922896,0.19407355628200604,0.41607471328026674,0.3898517304377272
1216188,2021,M?,1,0.25853288,0.58818066,0.15328646,0.28033936,0.53086454,0.1887961,0.3402454944226453,0.40270698431049956,0.25704752126685526,0.3561684623435118,0.3994182224957355,0.2444133151607529,0.31051233112628807,0.5372347536604675,0.15225291521324444,0.2940623846157079,0.5626133340152266,0.14332428136906536
1216215,2021,M?,1,0.3199194,0.5310695,0.14901114,0.35805428,0.46596724,0.17597844,0.34112463519873415,0.4777565837192515,0.18111878108201443,0.34042665125259974,0.4871858531142045,0.172387495633196,0.39604458411417404,0.433142787969606,0.17081262791622004,0.40748666545788803,0.422185227422337,0.17032810711977506
1216274,2021,M,0,0.41988155,0.27190012,0.30821836,0.41091806,0.29047126,0.29861063,0.41246830395975126,0.2870067931385049,0.30052490290174394,0.41881688386874777,0.2825687334406103,0.2986143826906424,0.42810520281995057,0.30994954745897085,0.2619452497210786,0.430004433433255,0.3086595876254911,0.2613359789412538
1216282,2021,M?,1,0.27770397,0.51791584,0.20438023,0.28962985,0.50621945,0.2041507,0.3304464826254549,0.4407828322402168,0.22877068513432874,0.3220433586900869,0.4563437437752885,0.22161289753462474,0.3116991993642955,0.5101384214091317,0.17816237922657277,0.30910974840585415,0.52664791924415,0.16424233234999583
1216307,2021,M?,1,0.32447085,0.48192167,0.19360745,0.3762781,0.4334164,0.19030556,0.3213780872103171,0.4591635332240788,0.2194583795656047,0.3173345380523011,0.4640387370091825,0.21862672493851604,0.40478601908548933,0.4010744062947201,0.1941395746197906,0.410844972474843,0.39784981441678396,0.191305213108373
1216328,2021,M?,1,0.28276756,0.557224,0.1600085,0.3553726,0.4637816,0.18084578,0.34773004252154893,0.48069604888014,0.17157390859831115,0.35027964366172293,0.4747852516806316,0.17493510465764522,0.3568786578623589,0.4101907875388552,0.2329305545987859,0.3422803571078478,0.42263530249817566,0.23508434039397663
1216334,2021,M?,1,0.2535972,0.25856817,0.48783463,0.28636125,0.3209934,0.3926454,0.2723968489042175,0.32400356410200437,0.40359958699377846,0.26532175801250096,0.3283570180093161,0.4063212239781825,0.3323008388380899,0.3388042418249604,0.32889491933694964,0.3577661895731598,0.2924584969067945,0.3497753135200457
1216379,2021,M,0,0.5681579,0.26245183,0.16939023,0.43049294,0.29061761,0.27888945,0.4513501443542915,0.32932593491191897,0.21932392073378912,0.4544337766303701,0.341912206359466,0.20365401701016395,0.376789662039768,0.2959711509041711,0.327239187056061,0.40333642133064895,0.2993461997769804,0.29731737889237053
1216382,2021,M?,1,0.31629384,0.4864766,0.19722949,0.355701,0.40242603,0.24187294,0.3148506124776934,0.4462809958780017,0.2388683916443048,0.3194690922286375,0.45461767235579936,0.22591323541556252,0.35799779667509396,0.4195030162036043,0.22249918712130168,0.3309607452673637,0.4490374268986581,0.22000182783397815
1216419,2021,M?,1,0.35378033,0.49382505,0.15239464,0.32710952,0.5088629,0.16402756,0.370189668448759,0.4424733886273362,0.1873369429239053,0.3692678625656125,0.4477105902514627,0.18302154718292432,0.29132982719847783,0.5565650115868708,0.15210516121465137,0.2842591665024901,0.5793699238205617,0.1363709096769482
1216451,2021,M?,1,0.2855613,0.5260798,0.18835892,0.28620946,0.51680607,0.19698448,0.3337335237456853,0.45991505998871174,0.20635141626560324,0.3239015148435253,0.46883268793510074,0.2072657972213735,0.2648688808812238,0.5736471884648069,0.1614839306539693,0.2630169267383264,0.5850665790852357,0.1519164941764378
1216517,2021,S+D,2,0.23572817,0.410354,0.3539178,0.29227966,0.3802818,0.32743856,0.3119028821691439,0.3493077412232672,0.3387893766075892,0.2976623674332605,0.34171393928641725,0.3606236932803227,0.24091905170089226,0.2656261020594633,0.4934548462396446,0.27365510592536535,0.25411974955393635,0.47222514452069836
1216543,2021,M,0,0.21665344,0.27457476,0.5087718,0.2652686,0.34030646,0.39442497,0.29252101406710446,0.3263357548426105,0.38114323109028536,0.29351914506476107,0.3283822418958441,0.3780986130393947,0.30310313960798835,0.3057362069797593,0.3911606534122524,0.2580513204399228,0.25839523270561365,0.4835534468544635
1216550,2021,M?,1,0.24412386,0.26953247,0.4863436,0.26251844,0.26564965,0.47183186,0.29173865402766347,0.23661745318032099,0.47164389279201563,0.29282563178127935,0.23556156790705876,0.4716128003116617,0.23577659730338174,0.23592333339174143,0.5283000693048768,0.24389466197220602,0.22194986172384673,0.5341554763039472
1216553,2021,M?,1,0.3681768,0.32599315,0.30583003,0.36451176,0.3404078,0.29508042,0.35541119714920233,0.30477646849506757,0.33981233435572955,0.3727222916175804,0.30113158789756606,0.32614612048485364,0.3922565130557179,0.3268334044705427,0.28091008247373933,0.3883060083885267,0.3278187438181136,0.2838752477933597
1216608,2019,M?,1,0.23884113,0.24243262,0.5187262,0.22838588,0.3191458,0.45246828,0.2712337593966574,0.27540852139816907,0.4533577192051733,0.28266123234913687,0.2569643864010475,0.4603743812498154,0.21191067632360785,0.3103455557430771,0.4777437679333152,0.19742457440093888,0.3326425203101299,0.46993290528893117
1216624,2021,M?,1,0.24305218,0.4427669,0.31418094,0.2556916,0.41884947,0.3254589,0.2877829031643189,0.3923285141100216,0.31988858272565895,0.28013547801219607,0.3757774521786598,0.34408706980914394,0.23308357694477438,0.4304358893079364,0.33648053374728915,0.18777189446871956,0.4773773915687739,0.33485071396250654
1216625,2021,M?,1,0.33092487,0.28989536,0.37917978,0.2738009,0.28890395,0.43729514,0.33595726402883025,0.3008208859403893,0.3632218500307803,0.3469321781507102,0.28337975151454975,0.3696880703347396,0.18900252030392006,0.2382934714670626,0.5727040082290173,0.18944547571534603,0.2383444051976572,0.5722101190869968
1216639,2021,M?,1,0.17590022,0.32247987,0.50161994,0.19804169,0.34054062,0.4614177,0.21980020799999928,0.32445247798073007,0.4557473140192712,0.2177485815471623,0.2890116982708471,0.4932397201819905,0.1679909344507154,0.31409960008594606,0.5179094654633385,0.15658472871022885,0.33554364975009077,0.5078716215396805
1216671,2019,M?,1,0.2698936,0.09885616,0.63125026,0.23899226,0.11261788,0.6483899,0.32181649211366464,0.10571963139007087,0.5724638764962641,0.32663300576729737,0.10095082064237718,0.5724161735903257,0.17392450880107732,0.09940266203073482,0.7266728291681879,0.16431232193546774,0.09035474895708785,0.7453329291074444
1216673,2019,M,0,0.31725585,0.14880128,0.5339429,0.30289623,0.1513529,0.54575086,0.34067409547769245,0.1956478649666819,0.4636780395556259,0.3497126828232395,0.1898583153184782,0.46042900185828195,0.16154184313684727,0.10454017081179029,0.7339179860513624,0.12210533716360103,0.10064801605497699,0.777246646781422
1217048,2021,M?,1,0.47914353,0.30050138,0.2203551,0.44657755,0.33283553,0.22058696,0.4196622687658636,0.33428172020998265,0.24605601102415398,0.4361260465318172,0.32965280742418057,0.23422114604400182,0.468944780899715,0.324732181720666,0.20632303737961893,0.4671310393926318,0.32691152644541327,0.20595743416195494
1217053,2021,M?,1,0.3489843,0.3744197,0.27659607,0.26515096,0.38361537,0.35123363,0.28253464039079257,0.34373344000230577,0.3737319196069015,0.29981100809266864,0.35074715679066243,0.34944183511666893,0.2878523359722421,0.35750230298774976,0.35464536104000827,0.3171116538675978,0.2999374590979924,0.3829508870344097
1217087,2021,M?,1,0.3055019,0.40638408,0.28811398,0.33504656,0.3454712,0.31948224,0.3519696459282661,0.28647630376578176,0.3615540503059523,0.3386160076626636,0.29426912192016047,0.3671148704171758,0.20291364017827107,0.533897569147404,0.2631887906743249,0.1553888009756115,0.5924247165664145,0.2521864824579741
1217109,2021,M?,1,0.3996674,0.43091533,0.16941725,0.34187365,0.5048279,0.15329845,0.30362191491765755,0.4638988763537451,0.23247920872859756,0.30238733153835473,0.4791763510073185,0.2184363174543268,0.2854129512851317,0.604784561027718,0.10980248768715019,0.278489246589154,0.6104689575891569,0.1110417958216891
1217110,2021,M?,1,0.23480475,0.16569541,0.5994998,0.26200068,0.18556543,0.5524339,0.2597857581970155,0.19978524206480688,0.5404289997381777,0.2624416776095559,0.2008398651193982,0.5367184572710457,0.21551406359925335,0.14254281346287423,0.6419431229378724,0.22742305077048783,0.1357709203059263,0.6368060289235858
1217123,2021,M?,1,0.413809,0.44987044,0.13632059,0.41592115,0.41672754,0.1673513,0.3820850135308602,0.4205980994600149,0.19731688700912517,0.3678116950558066,0.43335833615399066,0.19882996879020268,0.31114774865799566,0.4402087517120067,0.24864349962999768,0.25781324351989143,0.46711033130347107,0.27507642517663744
1217247,2021,M?,1,0.44215012,0.4174104,0.14043951,0.44590485,0.3424201,0.21167502,0.36462931723309755,0.3714066999141089,0.2639639828527938,0.3755092351148629,0.36983596635566796,0.25465479852946904,0.4123490780592674,0.41041479468695763,0.17723612725377497,0.40236100804058633,0.41921123237666785,0.1784277595827459
1217258,2021,M?,1,0.2713833,0.5808429,0.14777377,0.3375835,0.44619966,0.21621683,0.33740837604885743,0.39230484833599627,0.27028677561514675,0.3534372544839307,0.3815849248646401,0.2649778206514293,0.33236722559729615,0.436232763174142,0.2314000112285618,0.3195505258148385,0.44857639804396016,0.2318730761412014
1217298,2021,M?,1,0.20484357,0.34267923,0.45247722,0.22166665,0.37141994,0.40691343,0.22130335825291703,0.31949943362581673,0.45919720812126597,0.21463060138611822,0.3366182009909018,0.4487511976229806,0.2525941106094451,0.3527024849246756,0.39470340446587937,0.24488733230937493,0.3696483436741382,0.3854643240164868
1217432,2020,M?,1,0.389178,0.19389404,0.41692796,0.37095544,0.2076174,0.42142716,0.37017772505454927,0.2502596149929671,0.3795626599524833,0.3720744214097759,0.2577232545147056,0.3702023240755185,0.338809257344058,0.20245406174080643,0.45873668091513564,0.325091584682336,0.17671816818484937,0.4981902471328147
1217457,2021,M?,1,0.17521372,0.251651,0.5731353,0.27399474,0.26963305,0.45637217,0.22843048490855844,0.2676424249638472,0.5039270901275947,0.2215278335939403,0.2814746201012202,0.4969975463048398,0.29611318237496437,0.23263324406779504,0.4712535735572406,0.29175518190811783,0.22698401824791356,0.4812607998439686
1217530,2021,M?,1,0.40606585,0.2521644,0.34176978,0.38768154,0.26550308,0.3468154,0.38592541426244853,0.26595777517363817,0.3481168105639138,0.3752031854237377,0.25340758711911066,0.3713892274571514,0.37278998336413066,0.30379624881506856,0.3234137678208008,0.41477022772441513,0.3222224109920394,0.2630073612835454
1217550,2020,M?,1,0.346058,0.43913233,0.21480967,0.32587692,0.40814653,0.26597652,0.3559242251642993,0.3841278432894432,0.2599479315462579,0.3596646096062133,0.39193385919286994,0.24840153120091657,0.27039038072274785,0.41291467091145634,0.31669494836579576,0.2840363105709464,0.3942851515481913,0.32167853788086226
1217566,2021,M?,1,0.28858483,0.6311472,0.080267966,0.32381603,0.55989254,0.11629147,0.32043066606907133,0.5385110038436663,0.14105833008726212,0.3158102481250771,0.5506754278158321,0.1335143240590917,0.3899144816009524,0.48473069209300307,0.12535482630604472,0.40018913234028924,0.47809487004848217,0.12171599761122857
1227832,2020,M?,1,0.3258899,0.37709275,0.29701737,0.30883935,0.36797276,0.32318786,0.33658411863205406,0.37988503148694475,0.28353084988100097,0.34463912834887933,0.39060721777230617,0.264753653878814,0.2705798199068804,0.3735225553433348,0.3558976247497848,0.274002568490055,0.37674672269857684,0.3492507088113682
1227834,2021,M,0,0.23228551,0.6462979,0.121416554,0.29532692,0.5534224,0.15125068,0.33767966754302314,0.4842924702228652,0.17802786223411202,0.3403855248254152,0.4887753993434563,0.17083907583112767,0.269469529594603,0.5717103962317938,0.1588200741736032,0.2788843762805823,0.5819886034948407,0.139127020224577
1227835,2020,M?,1,0.14620878,0.48412353,0.36966765,0.20470002,0.45078075,0.34451923,0.24768622172518906,0.4228446741978966,0.3294691040769146,0.24895998666462785,0.42007402588054,0.3309659874548331,0.20440788860500428,0.4312507091110594,0.3643414022839364,0.1786188848928767,0.40094115084508164,0.4204399642620417
1227836,2021,M?,1,0.26037398,0.412238,0.32738805,0.31799635,0.3426264,0.3393773,0.3353862284955893,0.31470398169042463,0.34990978981398624,0.3285910385636167,0.31259087319420936,0.35881808824217337,0.3491318868364797,0.31143776954082003,0.3394303436227002,0.34339028358774487,0.3084053972858262,0.34820431912642885
1227837,2021,M?,1,0.5883792,0.26122665,0.15039414,0.43010956,0.28214842,0.28774205,0.34486654447960224,0.3438155201958027,0.3113179353245951,0.3715881492244006,0.3471322626259344,0.2812795881496652,0.39925074790160775,0.27031282784777666,0.33043642425061553,0.42427051505072877,0.24939407301534586,0.32633541193392546
1227838,2021,M?,1,0.47551718,0.30912474,0.2153581,0.43754265,0.33904696,0.22341044,0.42547727840805327,0.3428127597417232,0.2317099618502236,0.43254340322856094,0.34600030385058056,0.221456292920858,0.4153871778128596,0.34056007174484865,0.24405275044229185,0.3984462068068693,0.3507775114483243,0.2507762817448063
1227852,2021,M,0,0.4044748,0.14277828,0.45274696,0.34489027,0.22740418,0.42770556,0.36023525311195176,0.26418622378299383,0.3755785231050545,0.3613924351583892,0.25456362510614494,0.3840439397354659,0.266451798583568,0.34096864024856377,0.3925795611678683,0.28599507997204265,0.3372761001485834,0.376728819879374
1227853,2021,M?,1,0.37124953,0.47683883,0.15191162,0.26669967,0.5816255,0.15167484,0.34523627171062166,0.43871664938029503,0.21604707890908345,0.3699184909120658,0.42312840757232906,0.20695310151560473,0.22915393152728591,0.6656466232075126,0.10519944526520154,0.16863417287137172,0.7565874453646582,0.07477838176397017
1227855,2021,M?,1,0.27256122,0.63601744,0.09142133,0.32514036,0.5494732,0.12538637,0.3523832797804008,0.4801789566130515,0.16743776360654805,0.3546887195375538,0.4920586009751644,0.15325267948728094,0.3207506070420721,0.5345119385163897,0.1447374544415382,0.28844284833650746,0.5691675475908199,0.14238960407267268
1227861,2019,M,0,0.36681488,0.20231825,0.4308668,0.1923332,0.1554184,0.6522484,0.35889747165150676,0.20241029867726906,0.4386922296712242,0.35069293282380654,0.21236682837272502,0.4369402388034684,0.28229232170010643,0.22574370076007244,0.49196397753982113,0.2885115588559743,0.20636774461626667,0.505120696527759
1227862,2021,M,0,0.49994493,0.27608868,0.22396643,0.46658984,0.25165224,0.28175786,0.39391368033964896,0.2984145531873041,0.30767176647304684,0.4004011981900326,0.28756413944050396,0.31203466236946403,0.45524918974983536,0.2579723465177572,0.2867784637324074,0.4854951274433284,0.24856977129625288,0.2659351012604187
1228045,2020,M?,1,0.33315215,0.4903999,0.17644794,0.31739616,0.43205875,0.25054514,0.3549157583757219,0.41484348462473014,0.230240756999548,0.3360427293278957,0.4336211514887569,0.2303361191833478,0.277165284316025,0.4893526599428282,0.23348205574114675,0.296308627421441,0.48345398506608156,0.22023738751247737
1228046,2020,M,0,0.36673388,0.54932153,0.083944544,0.337601,0.5274227,0.1349763,0.3395204587338056,0.5123246800149391,0.1481548612512554,0.3506897554939462,0.5045226360209553,0.14478760848509895,0.31509143024783126,0.5513235511250333,0.1335850186271355,0.4114216576162885,0.48549177481344635,0.10308656757026509
1228047,2020,M?,1,0.3868907,0.34615868,0.26695055,0.3508176,0.34864488,0.30053753,0.36643136756046746,0.38114193829580506,0.2524266941437271,0.3641897759224162,0.38905342700105644,0.24675679707652665,0.3321662523045087,0.37469698995943024,0.293136757736061,0.3283226052394446,0.36327838982058736,0.30839900493996814
1228048,2020,M?,1,0.30608958,0.40238047,0.29152995,0.31049162,0.41858372,0.27092463,0.32676391842591285,0.39754138264603833,0.27569469892804865,0.3197481364734994,0.4162945376958567,0.26395732583064385,0.31676232278428196,0.4596611066529017,0.22357657056281643,0.28273289199597584,0.5271057074538643,0.1901614005501598
1228049,2021,M?,1,0.30353105,0.39229742,0.3041715,0.33592463,0.37026748,0.29380792,0.35522848559119624,0.36504238141854334,0.27972913299026075,0.35490887602019777,0.3531033832040996,0.2919877407757027,0.39209516732733657,0.34449142481682266,0.2634134078558408,0.3219770786327063,0.41270239022497324,0.2653205311423205
1228050,2021,M?,1,0.22394142,0.35573167,0.42032692,0.21133354,0.34416226,0.44450417,0.2254588854886794,0.3041867796214651,0.47035433488985545,0.20758009524404067,0.2983343494788826,0.49408555527707665,0.26850050022054056,0.37078734948093695,0.36071215029852244,0.25303865785789026,0.3643999235832235,0.3825614185588863
1228051,2021,M?,1,0.509094,0.36808977,0.12281624,0.43064854,0.3667172,0.20263423,0.46325313801357804,0.3232030625591307,0.21354379942729174,0.4681541175419091,0.31563047541419587,0.21621540704389497,0.37219164186300074,0.37270950595158064,0.2550988521854186,0.381464680028299,0.37601887512139964,0.2425164448503013
1228052,2021,M?,1,0.122821376,0.7497617,0.127417,0.18606417,0.6359325,0.1780033,0.28136051390055045,0.41903816148481643,0.2996013246146335,0.27958046430795525,0.4263140946479224,0.2941054410441229,0.22200696422727523,0.5227969783707236,0.2551960574020012,0.1581519274561832,0.6104227906181777,0.23142528192563916
1228054,2021,M?,1,0.2774676,0.63396156,0.08857081,0.31561977,0.5555386,0.1288417,0.35062667821463367,0.48447334660200747,0.16489997518335894,0.35284593443941437,0.4988686532732306,0.14828541228735437,0.311805667858795,0.5370294679095138,0.1511648642316913,0.34972755796523197,0.5363708488739863,0.11390159316078163
1228370,2021,M?,1,0.26505902,0.47913444,0.25580657,0.31189725,0.41407847,0.27402428,0.3393130336075661,0.36214298424656916,0.29854398214586514,0.3465188725438169,0.36530946526434244,0.2881716621918401,0.35845226466738006,0.40354345907783123,0.23800427625478868,0.3543264074497274,0.4230186602828108,0.22265493226746186
1228413,2021,S+D,2,0.18036027,0.36786565,0.4517741,0.27189556,0.33416617,0.3939383,0.28849333343572736,0.35617546842211245,0.3553311981421604,0.2875274259411645,0.33944934219426487,0.37302323186457087,0.23690703427190038,0.31327983350844685,0.44981313221965274,0.23212739962148296,0.32500797193543596,0.44286462844308105
1228437,2021,M?,1,0.29239464,0.44528466,0.2623207,0.2687362,0.47152525,0.25973853,0.31909266809519193,0.4224423266408179,0.25846500526398997,0.31426680667659385,0.4190745893331494,0.26665860399025665,0.24282038020830837,0.4971339058242387,0.26004571396745285,0.2243316141761911,0.5532060959912705,0.22246228983253838
1228447,2021,M,0,0.25804618,0.33067784,0.41127595,0.2898694,0.33896706,0.37116358,0.3208595625916187,0.3424015624579113,0.33673887495047045,0.3161815247730218,0.33141718468279563,0.3524012905441824,0.2500728047612513,0.3017948737107849,0.44813232152796373,0.2509868851921885,0.3024753700511808,0.44653774475663066
1228518,2021,M?,1,0.13244465,0.31170404,0.5558513,0.15115018,0.3123954,0.53645444,0.2069122665382817,0.2988662216366618,0.49422151182505614,0.1970047749424911,0.28396662637994846,0.5190285986775602,0.11717559598607481,0.30463149697139225,0.5781929070425329,0.11050046581752261,0.3130364378934748,0.5764630962890026
1228525,2021,M?,1,0.36248264,0.35074368,0.28677365,0.37922117,0.28696153,0.33381733,0.3393940164154209,0.3183042930490218,0.3423016905355578,0.35272265452890167,0.3169668140330421,0.3303105314380563,0.34396814220106997,0.2833188940009787,0.3727129637979514,0.32866067433444374,0.29704006864437976,0.37429925702117645
1240152,2021,S+D,2,0.18693456,0.31268618,0.50037926,0.19365849,0.32699263,0.47934893,0.2236462210109567,0.3066508380374003,0.4697029409516434,0.22119076314261565,0.3141942263839885,0.4646150104733959,0.1782006261846508,0.31063637599802607,0.5111629978173232,0.17069206109313254,0.3308609316304545,0.4984470072764129
1242699,2019,M?,1,0.45414764,0.31333566,0.23251666,0.37719423,0.3048748,0.31793097,0.3440351577369472,0.3555059380022067,0.300458904260846,0.3763071271029696,0.342648117971991,0.2810447549250394,0.28784721832470006,0.3415802722426946,0.3705725094326054,0.23758260680812093,0.40033410931107494,0.362083283880804
1242849,2021,M,0,0.4052949,0.4578812,0.13682391,0.40128428,0.4579236,0.14079215,0.3589833908544309,0.45972801035633254,0.18128859878923648,0.3503404960477283,0.4729700448549451,0.17668945909732617,0.3815232291288174,0.4802500564256488,0.13822671444553367,0.43541548252844664,0.4246339108369004,0.13995060663465292
1255044,2019,M?,1,0.24000075,0.41538736,0.3446119,0.24575806,0.44144443,0.31279752,0.2776871656326257,0.39145536583791246,0.33085746852946146,0.26664622179247427,0.38352992839376043,0.34982384981376524,0.22384338704328485,0.46465330623461676,0.31150330672209847,0.2208192093531397,0.4765317329275559,0.30264905771930445
1255078,2021,M?,1,0.17164758,0.33758742,0.49076495,0.19655818,0.31209183,0.49135,0.19167901027659823,0.3102492627304818,0.4980717269929201,0.17775958656465804,0.31177535332808276,0.5104650601072592,0.23830521147800024,0.301608434085753,0.4600863544362467,0.2340480479587057,0.30102758844758576,0.46492436359370864
1255095,2020,M?,1,0.35019082,0.37500083,0.27480838,0.3508692,0.35449907,0.29463175,0.3302545905963218,0.3611384687371014,0.30860694066657673,0.3545301388272753,0.3626793157266836,0.2827905454460411,0.37403473117731506,0.3621828152294534,0.2637824535932316,0.43492234307926103,0.32050470439624906,0.24457295252448988
1256763,2021,M?,1,0.37658915,0.49448246,0.12892838,0.3100568,0.5421976,0.14774558,0.33658432904211866,0.41430247444758683,0.24911319651029468,0.3477192271372126,0.4363930182815166,0.2158877545812709,0.2692857966644712,0.5916728543760871,0.13904134895944173,0.30204458849899063,0.5297083414733021,0.16824707002770725
1258120,2021,M?,1,0.39341682,0.113685064,0.4928981,0.26620027,0.116719045,0.6170806,0.3500277971912521,0.1591750852800586,0.49079711752868954,0.35974655140422235,0.14064485294294177,0.4996085956528358,0.16395473550832118,0.08950058963470758,0.7465446748569713,0.13172033842239747,0.05357196439195093,0.8147076971856516
1258121,2021,M?,1,0.25471005,0.64852,0.09676999,0.29852033,0.5824203,0.11905936,0.3458289695568483,0.4661804564514485,0.18799057399170396,0.3411827755051307,0.48860343622538366,0.17021378826948477,0.31699328211725925,0.5607206463240536,0.12228607155868726,0.28429240858363375,0.603993197448692,0.11171439396767438
1258122,2021,M?,1,0.26477405,0.30295026,0.43227568,0.2517311,0.32470992,0.423559,0.26069666354982396,0.31463760337820024,0.4246657330719759,0.27793349889891705,0.2923231568833312,0.42974334421775234,0.19363968707172813,0.2612226740363882,0.5451376388918837,0.2306516478225722,0.28288288760212216,0.48646546457530576
1260896,2021,M,0,0.5353404,0.29755464,0.16710494,0.44332135,0.29733023,0.25934848,0.40107569173610613,0.30407080977628276,0.29485349848761155,0.4234391009787928,0.29839201019190126,0.2781688888293062,0.4048695732530122,0.25165912671414753,0.3434713000328403,0.43543073157242346,0.2364470431761521,0.3281222252514244
1261921,2019,M?,1,0.15070069,0.45542747,0.39387187,0.19231325,0.41131055,0.39637622,0.23678564890577,0.33418954560183245,0.4290248054923979,0.23566757023349058,0.3285821324789924,0.4357502972875176,0.2440837010094769,0.38123076764226965,0.3746855313482535,0.21135915183823034,0.43597560835761767,0.3526652398041521
1261928,2020,M?,1,0.15201278,0.4863595,0.36162776,0.18854356,0.4828566,0.32859978,0.22604124746130147,0.44068961325505485,0.33326913928364416,0.21717877579654948,0.43767301964546923,0.345148204557981,0.20217481895328374,0.49026667962710613,0.3075585014196102,0.2005509634884554,0.4876187617647765,0.3118302747467683
1275403,2019,M?,1,0.3311432,0.3322924,0.3365644,0.34715587,0.31270874,0.34013537,0.34417852045375386,0.3480703357160851,0.307751143830161,0.3370515114023062,0.34922022373998957,0.313728264857704,0.2880102343871288,0.3420404455861187,0.3699493200267525,0.3403886523848927,0.34741164656096274,0.3121997010541445
1275703,2019,M?,1,0.32711056,0.4173325,0.2555569,0.3429285,0.37158445,0.28548703,0.3456632059238109,0.38986465569051215,0.2644721383856773,0.3466952266475487,0.38724877470321073,0.26605599864923996,0.32091846102360666,0.41492836894914453,0.26415317002724875,0.3152741819926967,0.42507080709941286,0.2596550109078904
1274758,2019,M?,1,0.23712406,0.49184862,0.2710274,0.28363702,0.42574653,0.2906165,0.28706169014591515,0.37192873831226725,0.34100957154181766,0.297475722199838,0.3767341130598102,0.3257901647403514,0.3231955054112571,0.42257533215863996,0.254229162430103,0.32448660616873903,0.4080078781987416,0.2675055156325194
1274803,2019,M?,1,0.41988155,0.27190012,0.30821836,0.41091806,0.29047126,0.29861063,0.41246830395975126,0.2870067931385049,0.30052490290174394,0.41881688386874777,0.2825687334406103,0.2986143826906424,0.42810520281995057,0.30994954745897085,0.2619452497210786,0.430004433433255,0.3086595876254911,0.2613359789412538
1274832,2019,M?,1,0.5349313,0.29971844,0.1653502,0.44810265,0.33940017,0.21249717,0.37865396748763713,0.353622559857827,0.26772347265453583,0.3940719995944623,0.35229169445998465,0.2536363059455528,0.4149094613366584,0.351730058802397,0.2333604798609446,0.4467532312231363,0.33882500374363717,0.2144217650332265
1274853,2020,M?,1,0.22510622,0.369412,0.4054818,0.19948678,0.38411888,0.41639435,0.2074982354529684,0.3298161079226333,0.4626856566243984,0.1987769835264334,0.33219884247343656,0.4690241740001298,0.2364529409143565,0.36053147011658115,0.4030155889690623,0.24334159705132755,0.3544278185980022,0.4022305843506703
1274854,2020,M?,1,0.28490525,0.5246299,0.19046484,0.2839029,0.51109153,0.20500554,0.33864612614520895,0.45368558041026613,0.20766829344452545,0.32479188640679957,0.4655670770285494,0.20964103656465113,0.2622434753276084,0.5675168372820252,0.17023968739036646,0.2631379453660094,0.5726543556367152,0.1642076989972754
1274877,2021,M?,1,0.3228567,0.4136606,0.26348266,0.3327544,0.3793907,0.2878549,0.3269155058107574,0.40290217785301424,0.2701823163362291,0.3244917678704806,0.4012973514551753,0.2742108806743436,0.2958445489455919,0.4209677898518326,0.28318766120257544,0.293688917772042,0.4243156414445255,0.28199544078343264
1275320,2019,M?,1,0.27394542,0.40495816,0.32109642,0.24606116,0.3950524,0.35888648,0.2854257875458629,0.36136832490949133,0.35320588754464594,0.2954203153768802,0.36440163181262714,0.3401780528104929,0.2506751226155377,0.35166339972125654,0.3976614776632058,0.24838008405821238,0.35347745311962775,0.39814246282215987
1275359,2019,M?,1,0.16073233,0.38374892,0.4555187,0.18667716,0.3286599,0.48466298,0.1886690041044856,0.33607108636684274,0.4752599095286716,0.17775532815078557,0.34004779972297355,0.4821968721262412,0.268166848116218,0.3050213267137141,0.42681182517006777,0.2791321636730418,0.2914256883477541,0.4294421479792041
1275456,2021,M,0,0.24975345,0.33285087,0.41739568,0.1806049,0.3560654,0.46332973,0.2347464766340611,0.3010311598374976,0.46422236352844093,0.2332262461521664,0.28843192217331615,0.4783418316745176,0.2185066152590287,0.3484468046220581,0.43304658011891306,0.2292527929051075,0.3287190773256468,0.4420281297692457
1275692,2019,M?,1,0.21818687,0.3903109,0.3915022,0.20466733,0.36148283,0.43384984,0.2515850823780782,0.3670834477261241,0.3813314698957976,0.26408748931051135,0.3728050436448846,0.3631074670446043,0.19669893281325967,0.4115464496396457,0.3917546175470947,0.18888190340282202,0.4263282207137767,0.3847898758834012
1275808,2019,M?,1,0.28040668,0.48432344,0.23526984,0.29800245,0.45703012,0.24496745,0.3247017038894037,0.4183446297793438,0.25695366633125255,0.3187617242530781,0.4243696184248546,0.25686865732206693,0.27293744736856995,0.5167792252898012,0.21028332734162877,0.2343392735166527,0.5891115862676725,0.1765491402156749
1275813,2020,M?,1,0.3465963,0.5308513,0.12255244,0.38519296,0.48116416,0.13364288,0.35594813741240233,0.4563864161570303,0.1876654464305672,0.37010759104365376,0.4410705168359686,0.18882189212037784,0.3822684020775173,0.3903323806778108,0.22739921724467188,0.30739986174802575,0.5932666738478491,0.0993334644041252
1275815,2019,M?,1,0.1552632,0.722452,0.12228479,0.19610596,0.6444878,0.15940627,0.27164159994131154,0.48999377598613764,0.2383646240725512,0.27532372738821226,0.48226098700590425,0.24241528560588343,0.2055690667284353,0.6361002817750909,0.15833065149647374,0.13870433650761416,0.7282911008981521,0.13300456259423377
1275828,2020,M?,1,0.113729805,0.20240915,0.683861,0.14652331,0.25449887,0.59897786,0.2311704575044908,0.29994477046781975,0.46888477202768947,0.2302301354977679,0.28044410443495876,0.4893257600672729,0.12988637649594872,0.25545445508862,0.6146591684154311,0.09889910799426603,0.24332051362841298,0.657780378377321
1275834,2020,M,0,0.18658522,0.4439893,0.36942548,0.21630691,0.39964274,0.3840503,0.22493068301104877,0.37594849329145175,0.3991208236974995,0.23086029702873692,0.3838558018252743,0.38528390114598865,0.217692928640781,0.4131315386287728,0.3691755327304463,0.19261659355369515,0.41464347560805004,0.39273993083825487
1275855,2021,M?,1,0.4495534,0.40636122,0.14408535,0.45205858,0.39665803,0.1512834,0.3982246993955893,0.40484374251685207,0.19693155808755883,0.4143367673832949,0.4113943779596869,0.17426885465701833,0.3776562416995457,0.4451756873278169,0.17716807097263743,0.3459310524544065,0.48323775559447546,0.17083119195111812
1276296,2019,S+D,2,0.27194658,0.42063874,0.30741462,0.27961737,0.34020478,0.3801778,0.2708759196921103,0.36845769945689394,0.3606663808509956,0.25530926209878674,0.3412182349723053,0.40347250292890857,0.3761489149999981,0.32752437852087807,0.2963267064791239,0.3733176808686143,0.3121911641119939,0.31449115501939173
1276312,2021,M?,1,0.4302956,0.3809867,0.18871775,0.43143326,0.38348404,0.18508273,0.3506947679012526,0.38258402983999545,0.26672120225875195,0.36735582490595564,0.37976544253926414,0.25287873255478005,0.5169408652177927,0.32514161618370724,0.15791751859850006,0.5451430636952481,0.30125096583075106,0.1536059704740007
1276728,2020,M?,1,0.35867244,0.3672225,0.27410504,0.36865696,0.34192324,0.28941974,0.34559262063543167,0.36750969949003254,0.28689767987453596,0.35527755675225103,0.3425521374606582,0.30217030578709037,0.3689958989995086,0.3446068297070169,0.2863972712934744,0.3817362043886387,0.3930517104955255,0.22521208511583568
1276731,2019,M?,1,0.6184854,0.27352348,0.10799115,0.5610555,0.28808135,0.15086313,0.43134645012762024,0.3605251450607472,0.20812840481163258,0.45658046167071553,0.36419570760719466,0.17922383072209006,0.5577463461232678,0.3204548049957152,0.12179884888101708,0.5969754853372093,0.2851120898855628,0.11791242477722787
1277866,2020,S+D,2,0.3999354,0.43641788,0.16364679,0.3479992,0.3849698,0.267031,0.3807489516585228,0.3440471242735888,0.27520392406788824,0.3892454155336882,0.34231733401796816,0.26843725044834305,0.4158535402397038,0.262211231825434,0.3219352279348623,0.4217672922381295,0.24951036848839606,0.3287223392734745
1277876,2021,M?,1,0.31518725,0.5820273,0.102785446,0.3119572,0.5792751,0.10876775,0.3810518469839598,0.44113682540426824,0.17781132761177232,0.3855438168031507,0.4493396071909382,0.16511657600591062,0.35118369427072377,0.555364261056922,0.09345204467235424,0.3599736163845145,0.5555037169560788,0.08452266665940668
1278352,2019,M?,1,0.4878248,0.29129303,0.22088224,0.4056609,0.32218128,0.27215785,0.41159236836286966,0.33484191198639923,0.253565719650731,0.40775017210890907,0.32843405287132554,0.2638157750197651,0.347794342719499,0.4078488461373064,0.24435681114319466,0.3365718488165243,0.4041379498225637,0.2592902013609119
1278364,2021,M?,1,0.28400907,0.32721084,0.38878012,0.26687342,0.28893372,0.44419292,0.33970512699809335,0.34012532208610485,0.32016955091580185,0.3335764278150242,0.33354268418011157,0.33288088800486465,0.24726220781362448,0.2613315494849675,0.49140624270140787,0.2138489435320194,0.2430154208610261,0.5431356356069545
1279840,2021,S+D,2,0.106777504,0.20167786,0.69154465,0.17437315,0.24420905,0.5814178,0.26007523191049564,0.2666334928906628,0.4732912751988422,0.2497869818912167,0.26536676630429934,0.4848462518044845,0.21640652452555714,0.301692171875233,0.48190130359920985,0.1814517159111111,0.3209182443761367,0.4976300397127524
1279876,2020,M?,1,0.3949577,0.4785062,0.12653606,0.34837186,0.48721445,0.1644137,0.38510471878907127,0.4423969639214383,0.17249831728949044,0.40022567505251666,0.4399760666546445,0.15979825829283845,0.330058080177659,0.5457943725718727,0.12414754725046828,0.31692844730727715,0.5711297136745697,0.11194183901815324
1279888,2020,M?,1,0.29844603,0.20666215,0.49489185,0.28985274,0.21850388,0.49164343,0.2944994158542541,0.2291427818264699,0.476357802319276,0.3039288944923683,0.23053778208544887,0.4655333234221831,0.25751323306865304,0.2532518525440761,0.4892349143872709,0.26679852772301205,0.24522118432662837,0.48798028795035947
1279900,2020,S+D,2,0.1610215,0.37582427,0.46315426,0.24604778,0.3719888,0.38196346,0.28534495749605904,0.34937015537659655,0.3652848871273445,0.2839407349778566,0.33610234040803805,0.37995692461410546,0.23407457981082802,0.32756828757431705,0.43835713261485504,0.22517753093403073,0.34275577143059466,0.4320666976353747
1279915,2020,M?,1,0.1534064,0.34335694,0.50323665,0.15981421,0.3316041,0.5085817,0.21679276598692718,0.3283174696763257,0.45488976433674755,0.21251850669242686,0.32686649589778194,0.46061499740979156,0.15305035604945078,0.28035701705776817,0.5665926268927811,0.1572023914594203,0.2878411618418802,0.5549564466986995
1279924,2020,M?,1,0.31289485,0.53814226,0.14896294,0.35373518,0.4784399,0.16782495,0.32326124459891903,0.4891607582472545,0.1875779971538264,0.3129515072436866,0.5103386003248331,0.17670989243148036,0.40006610874163256,0.43788356433309084,0.16205032692527657,0.40884711910613847,0.43297525426160627,0.15817762663225515
1279929,2020,M?,1,0.23769653,0.14562415,0.6166793,0.3368782,0.16883852,0.49428335,0.25190481224010625,0.175253405735468,0.5728417820244259,0.23629665034358216,0.16822397313469323,0.5954793765217241,0.3893358624139953,0.20533908429303963,0.4053250532929651,0.3865941851477706,0.19937866243364746,0.4140271524185819
1279953,2020,M?,1,0.17325163,0.28954676,0.53720164,0.16082838,0.2759926,0.563179,0.23036997314853688,0.2906664485358544,0.47896357831560843,0.21380542456108298,0.28564549157578084,0.5005490838631367,0.1493152291943887,0.2456080399314633,0.6050767308741479,0.15418770441941923,0.24630213735782644,0.5995101582227543
1279957,2020,M?,1,0.20726874,0.3795186,0.41321266,0.23792301,0.40277094,0.35930604,0.28537369448392236,0.3546628487905815,0.35996345672549585,0.285756627016576,0.3421086660220173,0.37213470696140655,0.2725526350200601,0.40781709208446043,0.3196302728954794,0.26179213113150424,0.40238094303889255,0.33582692582960316
1279960,2020,M?,1,0.2179144,0.166975,0.61511064,0.24585134,0.24974954,0.5043991,0.2605886323987941,0.22633581441335943,0.5130755531878464,0.2591805267985166,0.23378144964339026,0.5070380235580927,0.3618515285303026,0.2576677751317096,0.3804806963379878,0.32843717024580865,0.2612656563762182,0.4102971733779733
1279961,2020,S+D,2,0.46651974,0.443383,0.09009727,0.49188396,0.38360402,0.124511965,0.481720253185892,0.36256144722854705,0.15571829958556124,0.4785054073833757,0.36327335347795014,0.1582212391386744,0.4821009555410581,0.37426197506266784,0.1436370693962741,0.4794393148138284,0.3777012576449341,0.14285942754123754
1279969,2020,M,0,0.5543565,0.33099943,0.11464405,0.43023318,0.33422247,0.23554438,0.4658232097276365,0.32637358930849086,0.20780320096387234,0.443641862390239,0.32189032649033517,0.2344678111194253,0.33928287961065284,0.38944263114372485,0.27127448924562236,0.33199812728339684,0.39270974910065104,0.27529212361595223
1279970,2020,M?,1,0.12996514,0.6524755,0.21755943,0.19491005,0.6635515,0.14153844,0.27852827623107734,0.49449333310643173,0.22697839066249118,0.2717235415762649,0.5068219550105524,0.22145450341318235,0.21390504239476177,0.6994880992333146,0.08660685837192371,0.18009613296054866,0.7547581591028161,0.06514570793663525
1279971,2020,M?,1,0.17113833,0.4042371,0.4246246,0.19172937,0.3729177,0.43535295,0.19178437353618472,0.33440817470933637,0.47380745175447897,0.18596517195226483,0.3438357788857975,0.4701990491619382,0.25535464910750816,0.43830115547613474,0.30634419541635705,0.2613590843358182,0.43631460505376213,0.3023263106104197
1279981,2020,M?,1,0.27936423,0.13463129,0.5860045,0.31520554,0.1764582,0.5083363,0.24689391981265035,0.16729374549642492,0.5858123346909246,0.23681404723199317,0.152301057540864,0.6108848952271423,0.34820664726732264,0.18118847985171366,0.4706048728809636,0.3610475808027438,0.16563392572241564,0.4733184934748405
1279983,2020,M?,1,0.37018427,0.17688504,0.45293066,0.32743794,0.1950488,0.47751325,0.37172425038671936,0.2018111737359482,0.4264645758773326,0.3575873958169786,0.2097967565021086,0.4326158476809136,0.29912888891471673,0.16094046274283436,0.5399306483424489,0.3177330828111127,0.15697600443666077,0.5252909127522265
1279984,2020,M?,1,0.25591782,0.35429108,0.38979116,0.29025027,0.35756153,0.35218817,0.3260001813592833,0.3707557871144166,0.3032440315262997,0.3239270067226091,0.36450742737755476,0.3115655658998364,0.27130307903970785,0.3451608731628575,0.3835360477974347,0.24413068463237544,0.36281012963000175,0.3930591857376228
1279989,2021,M?,1,0.3648372,0.2730389,0.36212397,0.3921174,0.30307645,0.30480614,0.37138173842666655,0.28281940663127886,0.34579885494205453,0.35970397347214084,0.2802044848372995,0.3600915416905599,0.3855427928585977,0.33464713542540686,0.2798100717159955,0.382864450782625,0.3353647051729192,0.28177084404445574
1280009,2021,M?,1,0.33640045,0.350575,0.3130245,0.33065748,0.33069623,0.33864626,0.3706240091664366,0.35621259685538026,0.2731633939781836,0.3539073172939478,0.35325796170134466,0.2928347210047075,0.277695245492336,0.30308431562561927,0.4192204388820446,0.2804244457501181,0.29754380216513976,0.42203175208474225
1280013,2021,M?,1,0.47436446,0.23034546,0.2952901,0.41918606,0.3049012,0.27591273,0.3595813287421298,0.3169537390063284,0.3234649322515417,0.35844845425943767,0.31399564580342515,0.32755589993713735,0.33236893520368666,0.3585710638039283,0.30906000099238506,0.387057221781861,0.3238824578162549,0.2890603204018841
1280016,2021,M?,1,0.43413746,0.3966007,0.16926183,0.4803883,0.32944888,0.1901628,0.468844001840225,0.3321516523090491,0.19900434585072602,0.4587317179118211,0.34418101046877037,0.19708727161940845,0.470893370961993,0.3144233509714465,0.21468327806656043,0.47683492524642684,0.3121123658892551,0.2110527088643181
1280018,2021,M?,1,0.31338972,0.3777874,0.3088229,0.3116006,0.38505188,0.30334756,0.3494842924480231,0.37866673755018465,0.27184897000179303,0.34890975371045996,0.3731720688944011,0.2779181773951393,0.2969314907352414,0.41407159911031116,0.28899691015444745,0.3797109893905189,0.3804391767605568,0.23984983384892433
1280023,2021,M?,1,0.4320576,0.34097707,0.22696532,0.40802598,0.3086004,0.28337356,0.3850237926512571,0.30921248884143676,0.30576371850730666,0.3749075979574119,0.3072367827062455,0.3178556193363432,0.5171472851538167,0.24632215630672122,0.23653055853946198,0.5441965154822318,0.2210818456322157,0.23472163888555253
1280042,2021,M?,1,0.41637197,0.28963366,0.2939943,0.42511478,0.26462078,0.31026447,0.3691477379949884,0.28711345707199154,0.34373880493302,0.3676888440111612,0.29037603169588294,0.3419351242929556,0.42239679325558027,0.26975339346882443,0.30784981327559524,0.41690398045425314,0.27447658973044425,0.3086194298153026
1280044,2021,M?,1,0.4228036,0.39193934,0.18525709,0.44071028,0.34775546,0.21153425,0.4129831013024037,0.3463705562168324,0.24064634248076489,0.4123733547497945,0.3546367194465432,0.2329899258036613,0.44891937474142823,0.3440704753142116,0.20701014994436,0.44914597817046514,0.3690752182925592,0.1817788035369758
1280051,2021,M?,1,0.20622973,0.3190948,0.4746755,0.20022494,0.3035499,0.49622524,0.2191895204847968,0.3016829579011807,0.4791275216140228,0.20212323262009854,0.29690598244986804,0.5009707849300331,0.16889507119061395,0.24830995759719296,0.5827949712121931,0.17288321982759855,0.28335864022240453,0.5437581399499969
1280062,2021,S+D,2,0.34866917,0.2816812,0.36964962,0.35343674,0.33135453,0.31520876,0.37209948129799975,0.30878321199522957,0.31911730670677046,0.37355581662364384,0.29666115171915314,0.3297830316572032,0.4098652605933158,0.34307885790358245,0.2470558815031017,0.6477638475141653,0.20642702038634134,0.14580913209949348
1280072,2021,M?,1,0.25438026,0.36672226,0.3788975,0.2742124,0.3788849,0.34690267,0.29307442530593114,0.3518369210668836,0.35508865362718495,0.2893159279196331,0.3571537847364435,0.35353028734392333,0.2735738945523807,0.3790481842979841,0.3473779211496351,0.2725418297806972,0.3998300561588546,0.3276281140604481
1280141,2021,M?,1,0.3152845,0.18811966,0.49659583,0.3311308,0.22047164,0.44839755,0.2561162679789927,0.19896758493912592,0.5449161470818813,0.24867145002121582,0.1992705830184485,0.552057966960335,0.42996921508938757,0.17480556636430172,0.39522521854631065,0.45292754539664165,0.15135698206853987,0.39571547253481854
1280237,2021,M?,1,0.62113297,0.31653237,0.062334668,0.5075801,0.3317859,0.16063403,0.5514838071453202,0.31233569409208706,0.1361804987625923,0.5484095980873613,0.3210770469275168,0.13051335498512193,0.4220427294405131,0.36358595339189403,0.214371317167593,0.4652151319258502,0.3354293978256968,0.19935547024845296
1280270,2021,M?,1,0.315152,0.38704124,0.2978068,0.3344024,0.3511188,0.31447875,0.3602228432246659,0.3429958012962152,0.29678135547911905,0.3525377015175099,0.3510660956782426,0.2963962028042473,0.22326396658589553,0.34420050281620435,0.4325355305979001,0.17962073577567436,0.38835891582976223,0.4320203483945634
1280282,2021,M?,1,0.29202104,0.16693202,0.5410469,0.31684893,0.14380094,0.53935015,0.30382385119924693,0.2087471939453385,0.4874289548554151,0.2896432020640148,0.20606315980591028,0.5042936381300751,0.29054774316382165,0.16386040308296843,0.54559185375321,0.2599908010655091,0.1601027312959829,0.5799064676385081
1280297,2021,M?,1,0.4619232,0.32264578,0.21543099,0.44281512,0.29785436,0.25933054,0.4437535727934622,0.31408555980459507,0.2421608674019432,0.4477707628515787,0.3018998822006458,0.25032935494777586,0.457693638191423,0.2700892197883651,0.27221714202021186,0.4431337773886544,0.31892763002697533,0.23793859258437025
1280420,2021,M,0,0.3061027,0.47670117,0.21719608,0.3704385,0.37063193,0.2589296,0.3108701668465484,0.4474896385718023,0.24164019458164934,0.3063130023620349,0.4473878682195994,0.2462991294183648,0.31950187826526605,0.4148912806547157,0.26560684108001825,0.2904392507225426,0.4453206399629588,0.2642401093144986
1280422,2021,M?,1,0.11318334,0.25585416,0.6309625,0.14908232,0.29848158,0.55243605,0.17524372473769884,0.3017091757346667,0.5230470995276343,0.16771449102032346,0.28696875436198255,0.5453167546176942,0.18182570877255597,0.31148200508823154,0.5066922861392125,0.1739871051423775,0.30041436470545924,0.5255985301521633
1280516,2021,M?,1,0.20848499,0.37431028,0.41720477,0.23059964,0.39249447,0.37690586,0.2183824276553721,0.3576872710157365,0.42393030132889187,0.21458062517875057,0.3549822576121965,0.4304371172090531,0.2974454097982957,0.43194443084990486,0.27061015935179944,0.25278190468851486,0.48994215957614634,0.25727593573533875
1280522,2021,M?,1,0.47575092,0.4536616,0.070587516,0.5144488,0.37218073,0.11337045,0.4882386617828734,0.36029281105570415,0.15146852716142242,0.4860963729995796,0.36585601692273323,0.14804761007768702,0.47467112706913084,0.4004379998779318,0.12489087305293736,0.5457445214879263,0.3808783361812765,0.07337714233079723
1280524,2021,M?,1,0.2669352,0.39014187,0.34292296,0.26655805,0.34862405,0.38481793,0.3295712701579435,0.36167593521388663,0.30875279462817007,0.3202414457093312,0.37622300145377774,0.303535552836891,0.282821362024855,0.40887587447982565,0.30830276349531927,0.26168302565160156,0.4550839047378164,0.2832330696105819
1280549,2021,M?,1,0.32232836,0.26588243,0.41178915,0.33939275,0.22830175,0.43230554,0.23910002619664328,0.23705904579714873,0.523840928006208,0.24558308969881756,0.24913852235811487,0.505278387943067,0.40320354535210184,0.18477467755998844,0.41202177708790977,0.46028592170234384,0.16559102969594844,0.37412304860170786
1280642,2021,M?,1,0.3180338,0.46857747,0.21338871,0.30059174,0.49158546,0.20782275,0.3378238173459616,0.4207805174648305,0.24139566518920808,0.3366976019969546,0.4314708008057784,0.23183159719726684,0.2742640189619659,0.5366804972840004,0.1890554837540338,0.26840359049016344,0.5550167835205406,0.17657962598929586
1280647,2021,M?,1,0.19250801,0.13458465,0.67290735,0.27214357,0.19944637,0.5284101,0.2301972994848319,0.19810656357687512,0.5716961369382928,0.22648008321887833,0.18498302077132053,0.5885368960098015,0.42299885569152895,0.1733554359840177,0.4036457083244533,0.4080541259929619,0.1490234495079581,0.44292242449908
1280657,2021,M?,1,0.19275486,0.28020123,0.52704394,0.27170995,0.32063672,0.4076533,0.26932655066965333,0.2762061017525057,0.4544673475778414,0.26678154045947944,0.2752169760773565,0.4580014834631633,0.2785131771545874,0.2841602173109045,0.4373266055345081,0.26183501247001073,0.298415519160347,0.4397494683696423
1280662,2021,M?,1,0.409147,0.29666436,0.29418865,0.39502352,0.32085553,0.28412095,0.4183308131357667,0.2896476948173319,0.2920214920469017,0.4219236080151756,0.2841525109692281,0.2939238810155964,0.3907275700325369,0.3384925085294956,0.27077992143796753,0.3865503984815993,0.3442195958095796,0.2692300057088211
1280666,2021,M?,1,0.33516747,0.52841514,0.13641737,0.30618757,0.5355839,0.15822846,0.35160800836086226,0.447546490095406,0.20084550154373187,0.347178896975846,0.46688119416857177,0.18593990885558248,0.2864996710135618,0.5606232508850665,0.15287707810137177,0.28127592468215246,0.5775284677505502,0.14119560756729732
1280698,2021,M?,1,0.26885146,0.38205105,0.34909743,0.28688136,0.3643053,0.34881335,0.294606071572258,0.38603160117071306,0.3193623272570289,0.29640718358908225,0.3822727766031697,0.3213200398077478,0.24377735708961049,0.4315251789761036,0.3246974639342859,0.2351969721844362,0.4499021910441774,0.31490083677138647
1280700,2021,M?,1,0.32321146,0.5062895,0.17049904,0.32593587,0.44433108,0.22973312,0.36790511703706613,0.40991337620114626,0.22218150676178816,0.352101096417123,0.44464996353112013,0.2032489400517569,0.29968705501165627,0.4589005732383289,0.24141237175001484,0.2868621781831483,0.45295954959202833,0.2601782722248235
1280803,2021,M?,1,0.38948476,0.41467655,0.19583866,0.46576726,0.35631764,0.17791508,0.4190782546089934,0.36617711671423936,0.21474462867676763,0.4295018415788934,0.3599568244691314,0.2105413339519745,0.4789495126717041,0.3760372639959039,0.14501322333239197,0.518660449169953,0.38285053504298844,0.09848901578705865
1280814,2021,M?,1,0.36548045,0.31612825,0.31839126,0.2819063,0.35212758,0.36596608,0.3656282448376175,0.3489873776307085,0.28538437753167445,0.36701393255751213,0.3528788346886821,0.28010723275380506,0.3166268272783403,0.38471568530196615,0.2986574874196936,0.3135418712338799,0.3838216547021452,0.3026364740639749
1280816,2021,M,0,0.29151177,0.4431351,0.2653531,0.33763093,0.39510623,0.26726288,0.3696584667313185,0.34531313650018697,0.2850283967684947,0.37185810257431756,0.3394330659561085,0.2887088314695736,0.38088295891202173,0.40560647647393305,0.2135105646140452,0.41692355228368133,0.36438988765064656,0.21868656006567203
1280820,2021,M,0,0.3197703,0.61144364,0.06878606,0.35445714,0.54496926,0.1005736,0.32519198930215676,0.5300756675724315,0.14473234312541186,0.32123192674617845,0.5479928357040181,0.13077523754980386,0.40643786607888943,0.4873713181377041,0.10619081578340644,0.41133730360235243,0.4967444324142151,0.0919182639834323
1280864,2021,M,0,0.45874232,0.26596537,0.27529234,0.3872305,0.34445316,0.26831636,0.3975790286659119,0.3192523436021334,0.2831686277319542,0.39956947777663765,0.31881269682416213,0.2816178253992001,0.3669101226019748,0.41394300100723597,0.2191468763907893,0.34203135479074903,0.4389359361683516,0.21903270904089944
1280878,2021,M?,1,0.22210717,0.13468018,0.6432126,0.28088847,0.17464374,0.5444678,0.27098878805280524,0.14300039598789263,0.5860108159593019,0.2836626778269134,0.13938159785326731,0.5769557243198191,0.38512324163930667,0.16594293447551373,0.4489338238851796,0.37784271867064856,0.14009227356427384,0.48206500776507766
1280885,2021,M?,1,0.20966142,0.22671574,0.56362283,0.22774799,0.2541662,0.51808584,0.2965682525132924,0.26127063811935414,0.4421611093673537,0.302560629063172,0.26109630248478494,0.4363430684520431,0.33102047438066473,0.21781865036810255,0.4511608752512327,0.3054084051521794,0.22021817934058152,0.4743734155072391
1281303,2021,M?,1,0.17237134,0.61823124,0.20939739,0.21752903,0.5240716,0.25839937,0.28873287201814685,0.3625342010827516,0.3487329268991019,0.2804208240953246,0.37839646068852745,0.34118271521614796,0.21003341380698948,0.5076227750949157,0.2823438110980948,0.14104827914617882,0.5954918702556725,0.26345985059814875
1281320,2021,M?,1,0.3433329,0.49462834,0.16203873,0.37122384,0.45185408,0.1769221,0.32506584285463475,0.4774008258307684,0.1975333313145973,0.32278810055945434,0.48938603797719843,0.1878258614633473,0.4086819486804487,0.40415260554661175,0.18716544577293953,0.41234863966045254,0.405940987290083,0.18171037304946455
1292112,2021,M?,1,0.57827055,0.19234169,0.22938775,0.44643247,0.2576488,0.2959187,0.3795555308819438,0.25750194541106725,0.3629425237069891,0.3762468359683613,0.26148747755407487,0.36226568647756396,0.4195102536646302,0.3061187781087199,0.27437096822664997,0.5327503478115072,0.24679003841210218,0.2204596137763906
1292123,2021,M?,1,0.38726744,0.35500857,0.25772402,0.37187418,0.36467263,0.2634532,0.41426168286513315,0.33827683831310346,0.24746147882176334,0.4260867709467119,0.3375242415363311,0.23638898751695714,0.40795829999467814,0.35578956806233575,0.23625213194298608,0.41385255180582164,0.3620081358084054,0.224139312385773
1292126,2021,M?,1,0.31289485,0.53814226,0.14896294,0.35373518,0.4784399,0.16782495,0.32326124459891903,0.4891607582472545,0.1875779971538264,0.3129515072436866,0.5103386003248331,0.17670989243148036,0.40006610874163256,0.43788356433309084,0.16205032692527657,0.40884711910613847,0.43297525426160627,0.15817762663225515
1292138,2021,M?,1,0.3847516,0.42405012,0.1911983,0.38824606,0.38929173,0.22246222,0.38493219547602203,0.4037949899644578,0.2112728145595205,0.38422242029480197,0.4086706119541485,0.2071069677510494,0.35914501337235083,0.4013817811024094,0.23947320552523982,0.35797913137821596,0.41073479566402266,0.2312860729577613
1292161,2021,M,0,0.3894929,0.3783915,0.23211555,0.30262828,0.40859747,0.28877425,0.346385996551003,0.37462026207989535,0.2789937413691016,0.36339268986925477,0.36076889993863737,0.27583841019210786,0.3184968985948713,0.41198734464654757,0.26951575675858114,0.31059382721082396,0.449545267408276,0.23986090538090016
1303945,2019,M?,1,0.4808785,0.36090672,0.1582148,0.3932476,0.39959368,0.20715867,0.37805940897405804,0.390760690870446,0.23117990015549644,0.38582916791837946,0.3912805536754462,0.22289027840617415,0.37834556284710236,0.41031554732920944,0.2113388898236883,0.38053911087601255,0.4020660687136338,0.21739482041035357
1304604,2021,M?,1,0.29360464,0.4060442,0.30035114,0.31514442,0.42106447,0.26379117,0.32385914257098625,0.4036056095268073,0.27253524790220635,0.32880683731209825,0.3884507382376978,0.28274242445020414,0.3649689169880485,0.3850587975801081,0.24997228543184344,0.39259989156835035,0.33885975002007895,0.2685403584115708
1305202,2021,M?,1,0.23981234,0.55110145,0.20908622,0.27747503,0.5181132,0.20441177,0.3019461429051869,0.4628361905270599,0.2352176665677537,0.2923024327931579,0.47227313376250685,0.23542443344433525,0.28177098574480336,0.5124879322224228,0.20574108203277375,0.28392427105918566,0.5146953613994414,0.2013803675413729
1305483,2019,M?,1,0.116815284,0.24726823,0.63591653,0.19092351,0.2848336,0.5242429,0.25018133037737816,0.34964640274084696,0.40017226688177493,0.24936096392506954,0.34605916076954396,0.40457987530538636,0.1978371697077287,0.3763187247795533,0.4258441055127179,0.18810227851967673,0.3746435406299598,0.43725418085036344
1306183,2019,M,0,0.37647343,0.36094192,0.26258466,0.3769218,0.32924095,0.29383725,0.3626068032289721,0.3590747686810637,0.27831842808996404,0.35422842418337125,0.36177234840229905,0.28399922741432937,0.30345220092231284,0.34686156702775817,0.34968623204992905,0.29224803360446133,0.33429948220505357,0.37345248419048505
1306328,2021,M,0,0.41732135,0.38827345,0.1944052,0.41776994,0.3637407,0.2184894,0.39567124669931547,0.36528042800374527,0.2390483252969404,0.40180135364360003,0.3672715685690091,0.23092707778739072,0.3772446894588994,0.36647958609929354,0.2562757244418071,0.3895933301604261,0.35607864037636605,0.2543280294632079
1306515,2019,S+D,2,0.4286919,0.2808606,0.2904475,0.41024065,0.31813082,0.2716286,0.409214220541691,0.2949129270277764,0.2958728524305325,0.4047182435111717,0.27100794540944007,0.3242738110793879,0.42924385810226784,0.2582015926452099,0.31255454925252235,0.41972396219038116,0.2539652650288854,0.32631077278073345
1306532,2019,M?,1,0.36822498,0.25477904,0.37699604,0.35412446,0.23224078,0.4136348,0.3679741143722649,0.2699541781743948,0.3620717074533407,0.35202296355892215,0.2608420291444009,0.38713500729667694,0.3619800781573694,0.19262628614709518,0.4453936356955354,0.35807979060852557,0.19038366460547881,0.4515365447859956
1306551,2020,M?,1,0.49595937,0.32153237,0.18250825,0.28748277,0.5090339,0.20348336,0.31324299743109457,0.4311961560901276,0.25556084647877786,0.28687018655104735,0.4673498835058308,0.2457799299431215,0.24748316964241687,0.5113496259530288,0.24116720440455433,0.2820188289617662,0.47621052613667514,0.24177064490155845
1307535,2020,S+D,2,0.26447138,0.17468743,0.5608412,0.26702008,0.21146184,0.52151805,0.3101612188487475,0.21654890516108924,0.47328987599016303,0.3118678516785205,0.21928497669062597,0.46884717163085343,0.26149099195023384,0.16728787320291025,0.5712211348468559,0.2756535228521219,0.15428227019876375,0.5700642069491143
1308577,2021,M,0,0.30172688,0.48491856,0.2133546,0.31163666,0.44776878,0.24059452,0.32562235318340155,0.4350936270889724,0.23928401972762625,0.32780647370309013,0.43856046668685605,0.23363305961005257,0.29077314156980344,0.4750122432169555,0.234214615213241,0.28605860280776685,0.48907319349552564,0.22486820369670757
1309235,2021,M?,1,0.30732775,0.4069368,0.28573543,0.34654483,0.38021204,0.27324316,0.3270676958941176,0.386891749735958,0.28604055436992426,0.3210413867241112,0.39269429208314044,0.2862643211927481,0.3104961313872084,0.4496083888618894,0.2398954797509023,0.27919496022273577,0.4821353532343078,0.2386696865429564
1310016,2021,M?,1,0.46130347,0.28078604,0.2579105,0.4495199,0.2869648,0.2635152,0.3724775276878329,0.34099081917611196,0.2865316531360553,0.38385191936644986,0.3423488263838228,0.27379925424972734,0.42577175920570004,0.33308720177245377,0.24114103902184622,0.5049561624613998,0.27782789928114954,0.2172159382574506
1310141,2021,M?,1,0.2383312,0.37880054,0.3828683,0.23145075,0.34941152,0.41913775,0.25225540075778424,0.33823130949564056,0.4095132897465752,0.2504497951938677,0.3421180300638808,0.4074321747422519,0.2118546924434859,0.3071960184855592,0.4809492890709549,0.19636996499728293,0.29884395827599736,0.5047860767267197
1310311,2021,S+D,2,0.29504865,0.2925368,0.41241458,0.27242085,0.22080554,0.50677365,0.3609087819642556,0.24945256037072755,0.38963865766501626,0.3727764001535433,0.24046471525894222,0.386758884587515,0.2509147549434843,0.23401403468654675,0.515071210369969,0.1737240661352417,0.30551542506672796,0.5207605087980304
1310349,2020,M?,1,0.31565404,0.5105922,0.17375372,0.30815145,0.49813443,0.19371407,0.34229776019307745,0.46129453525018327,0.19640770455673942,0.33944428560167805,0.4792394636057857,0.1813162507925361,0.2726177691369643,0.5690663029524093,0.1583159279106263,0.2713098624046905,0.5806558271950236,0.148034310400286
1310471,2021,S+D,2,0.21890461,0.28714418,0.49395114,0.23265824,0.31970704,0.4476347,0.29703915605614106,0.30300631623579505,0.399954527708064,0.2901212307829644,0.30371145827546137,0.4061673109415741,0.3035948558408441,0.3413438653410446,0.3550612788181113,0.29169149226671315,0.3608417307389386,0.3474667769943483
1310936,2021,M?,1,0.5081154,0.29123697,0.20064765,0.48171887,0.27240923,0.24587195,0.4543086911440762,0.31135935726124214,0.23433195159468231,0.44218773264852407,0.32815222653349985,0.22966004081797656,0.45428650677890187,0.290155290058996,0.25555820316210215,0.4753997283246909,0.29820757175786666,0.2263926999174424
1311815,2020,M?,1,0.2658581,0.15066126,0.58348066,0.30664557,0.22050796,0.4728465,0.29618836634761014,0.22029473971338828,0.4835168939390018,0.31612629689952265,0.21262855903829808,0.47124514406217977,0.3054060908132293,0.23193010978327996,0.4626637994034908,0.3030210600724501,0.22277951137238175,0.47419942855516817
1311832,2021,M?,1,0.23616429,0.51253325,0.25130245,0.28074983,0.48027736,0.23897275,0.29761313441076326,0.4762356113490924,0.22615125424014443,0.28591244070531824,0.48451243871122096,0.2295751205834603,0.2869965699664416,0.48855621397697635,0.22444721605658222,0.2712877121073258,0.5151165375168425,0.21359575037583176
1313386,2021,M?,1,0.16800709,0.47958037,0.3524125,0.191219,0.38711268,0.42166832,0.20629552757504344,0.3736320965248455,0.4200723759001111,0.19563525682958838,0.38513859097614955,0.4192261521942628,0.26981175211976316,0.3797398631891382,0.3504483846910987,0.2685302036781853,0.41365299915518083,0.3178167971666339
1325829,2021,M?,1,0.19472702,0.24956737,0.5557056,0.19281028,0.26470435,0.54248536,0.29964132957833056,0.2602338745784769,0.44012479584319264,0.28636049692821514,0.2743596906638612,0.4392798124079239,0.22391291367080804,0.19634949537821916,0.5797375909509729,0.20895019666041245,0.20118125229189365,0.589868551047694
1325832,2021,S+D,2,0.37744075,0.27132952,0.35122973,0.35348347,0.32866967,0.3178469,0.3641500531905005,0.3298605277240513,0.305989419085448,0.3605871456591669,0.32828824604939194,0.3111246082914412,0.3962518036348082,0.30273645040623604,0.3010117459589557,0.3978753267352095,0.24944765717417264,0.3526770160906179
1325875,2021,M?,1,0.53452086,0.24679884,0.21868026,0.46175414,0.25864065,0.27960527,0.46229093825062845,0.3182154274502135,0.21949363429915777,0.46458523766171855,0.32276009623290425,0.2126546661053771,0.36107357867735884,0.3028669998593023,0.3360594214633388,0.361355689689938,0.2916585296440941,0.34698578066596786
1326025,2021,M,0,0.39801115,0.48232195,0.11966696,0.409207,0.44376257,0.14703047,0.4106480784506952,0.4146229747840208,0.17472894676528442,0.3972089340619052,0.4255636867280828,0.17722737921001191,0.2926846422736978,0.5388013173941616,0.16851404033214068,0.28310003150201707,0.5620696509722568,0.15483031752572604
1337441,2021,M?,1,0.42380247,0.31129828,0.26489922,0.3590041,0.32676587,0.31423,0.3440967348891754,0.33475855155946066,0.3211447135513642,0.35462367812700435,0.31924073817119175,0.3261355837018035,0.3426055471448387,0.38337029155854274,0.2740241612966185,0.3565837762052387,0.41891564547639515,0.22450057831836615
1337478,2021,M?,1,0.36919132,0.4091356,0.22167304,0.36443672,0.39202613,0.24353717,0.35252062135734263,0.39694858772467995,0.25053079091797786,0.35061475813230963,0.39347528176994184,0.25590996009774797,0.3252731025552804,0.43015573428792636,0.2445711631567931,0.3186133530366608,0.44749800315799837,0.23388864380534088
1338441,2019,M?,1,0.18905525,0.33803475,0.47291005,0.23016529,0.3059734,0.46386132,0.26026610914399745,0.3230034069286648,0.41673048392733797,0.25516660583169115,0.3339916789352714,0.4108417152330368,0.3142061470662381,0.2888005264069671,0.39699332652679487,0.3365871348708711,0.3046218631073012,0.3587910020218276
1338442,2019,M?,1,0.4151464,0.45218188,0.13267168,0.39325944,0.44934788,0.1573927,0.395625746834004,0.4334737440819957,0.170900509084,0.39861348007499403,0.4362131003968195,0.16517341952818573,0.4173261709893517,0.4191587334392917,0.16351509557135663,0.41077002301825355,0.4239783782842768,0.16525159869746964
1338513,2021,M?,1,0.16858268,0.3566056,0.47481173,0.17353524,0.33927885,0.48718587,0.2142212139408223,0.31667108796958254,0.4691076980895948,0.2064231969378435,0.30735921790614795,0.48621758515600905,0.14657447361793247,0.29833778012137885,0.5550877462606887,0.12930416244155,0.31013332718200604,0.560562510376444
1341298,2021,M?,1,0.28362593,0.40809685,0.30827725,0.30865407,0.40664196,0.28470397,0.3270587643313326,0.36944088485817833,0.3035003508104892,0.3327539629272101,0.36115746816805,0.3060885689047392,0.38765147217990203,0.3919468355640077,0.22040169225609024,0.39703392361393963,0.39284403316608724,0.2101220432199732
1344438,2021,S+D,2,0.44234797,0.27906945,0.27858254,0.372372,0.32281584,0.30481216,0.4197396510277353,0.28035815198456243,0.29990219698770204,0.4425543926791945,0.2749988554800227,0.2824467518407826,0.46464019542670687,0.2997196071801025,0.2356401973931906,0.48812696270661804,0.30813058920104885,0.20374244809233313
1344890,2019,M?,1,0.43835068,0.3275404,0.23410892,0.43552646,0.32745206,0.23702145,0.4638984176165584,0.3217006432164789,0.21440093916696285,0.4711028645402713,0.3016680347175978,0.2272291007421305,0.43917090486893656,0.30303776120002524,0.25779133393103826,0.4518391128560439,0.25975673324362486,0.28840415390033136
1344917,2020,M?,1,0.4227736,0.36769387,0.20953248,0.36156076,0.4168093,0.22162993,0.38681131311591493,0.3829870633420557,0.23020162354202992,0.3640342146052706,0.3982618201027055,0.2377039652920234,0.32328135331057983,0.4023880842428839,0.2743305624465363,0.300421445696466,0.40106634592885065,0.29851220837468334
1344931,2019,M?,1,0.22641206,0.30715495,0.46643293,0.18959326,0.2861367,0.52427006,0.22089179226176786,0.28566278472580675,0.49344542301242533,0.20701807403668654,0.2919422042329739,0.5010397217303393,0.17029136566651606,0.288723464185924,0.54098517014756,0.1507480114098897,0.28529880216182435,0.5639531864282858
1345074,2019,M?,1,0.2504622,0.4181648,0.33137307,0.23433276,0.4373597,0.32830754,0.29976699501174814,0.3990174577881751,0.3012155472000772,0.2984839774437941,0.39914641853822475,0.30236960401798135,0.25059848420071024,0.3940571983051026,0.35534431749418727,0.2343055760117322,0.38712347863606555,0.3785709453522023
1345142,2019,M?,1,0.422145,0.2700757,0.30777928,0.41273987,0.28732553,0.29993454,0.4113650228973906,0.2879967803626394,0.3006381967399702,0.4175275262878333,0.2825653575217244,0.29990711619044286,0.4177882647395319,0.3138354221609453,0.2683763130995228,0.41851203531628817,0.31223614333666544,0.2692518213470464
1345150,2020,M?,1,0.41988155,0.27190012,0.30821836,0.41091806,0.29047126,0.29861063,0.41246830395975126,0.2870067931385049,0.30052490290174394,0.41881688386874777,0.2825687334406103,0.2986143826906424,0.42810520281995057,0.30994954745897085,0.2619452497210786,0.430004433433255,0.3086595876254911,0.2613359789412538
1345154,2019,M?,1,0.31741735,0.3952186,0.28736398,0.32810768,0.4058004,0.26609194,0.32265029066506856,0.3973669893680584,0.2799827199668735,0.3167466117873803,0.3914457543630456,0.29180763384957364,0.3319278176914284,0.44871014269644127,0.21936203961213027,0.3147880128754135,0.45872714053627955,0.22648484658830678
1345156,2020,M?,1,0.18612254,0.32883736,0.48504007,0.16486737,0.32392156,0.5112111,0.23629609662110265,0.29171582942397734,0.4719880739549198,0.2197429796418826,0.29837236641464626,0.48188465394347046,0.16259929899683903,0.34552279473393677,0.49187790626922423,0.16006887748352322,0.3826266378856717,0.4573044846308052
1345184,2019,M?,1,0.60278064,0.23258169,0.16463764,0.5199994,0.28509322,0.19490738,0.4521526679907877,0.33657855425454675,0.21126877775466604,0.4561988881043279,0.33400282173298007,0.20979829016269153,0.4610079136757696,0.3326693715539916,0.20632271477023875,0.5035360174924477,0.29343798992235987,0.2030259925851923
1345244,2021,M?,1,0.1906893,0.303405,0.50590575,0.21178722,0.2784075,0.50980526,0.23622507152049768,0.29685280820935966,0.46692212027014274,0.2297926850271006,0.30049175437325426,0.46971556059964514,0.16246569280925613,0.2677053787409055,0.5698289284498383,0.15111173426175495,0.25473253916590316,0.5941557265723418
1346959,2020,S+D,2,0.35393643,0.22713797,0.41892558,0.32416898,0.25406152,0.42176953,0.34886752138194765,0.2736433406915978,0.37748913792645494,0.34827324951631083,0.2667348971305859,0.3849918533531037,0.3131659327467941,0.245883697039875,0.44095037021333094,0.3128058033658897,0.24058436855046775,0.44660982808364247
1348971,2019,S+D,2,0.18575838,0.23526175,0.5789799,0.22162206,0.20232332,0.57605463,0.272271229838005,0.22121870763421855,0.5065100625277767,0.2599722227532511,0.21854877360703553,0.5214790036397132,0.29660389877554943,0.16829123553030262,0.5351048656941478,0.2560963152775584,0.13268330190519986,0.6112203828172418
1348977,2019,M?,1,0.2199913,0.14057927,0.63942945,0.2260775,0.14421593,0.62970656,0.26850415250751747,0.19233958202669285,0.5391562654657895,0.2595935860684706,0.197862305385556,0.5425441085459735,0.262085132206304,0.14431665259084303,0.593598215202853,0.23023729404904164,0.1113015266580777,0.6584611792928806
1351263,2019,M?,1,0.46062335,0.36784428,0.17153232,0.42327642,0.415138,0.16158558,0.4190321452988211,0.39007304546972166,0.19089480923145727,0.42517837771531547,0.3717037081628785,0.20311791412180574,0.4830336055716665,0.4001030905498634,0.11686330387846991,0.5134286161985039,0.37804428599864,0.10852709780285627
1351403,2021,M?,1,0.33278924,0.36152047,0.30569023,0.29328644,0.3651134,0.34160018,0.3099625417264017,0.3406780424009257,0.34935941587267255,0.29974380299128023,0.3473397686582082,0.3529164283505118,0.3273925202423479,0.36951532932755626,0.3030921504300959,0.3362656272692821,0.32460533521408996,0.3391290375166278
1351406,2021,M?,1,0.34895268,0.42349648,0.22755086,0.3444478,0.40518862,0.25036356,0.35274931198400106,0.37614772860050555,0.2711029594154936,0.342068336891588,0.385804756139014,0.2721269069693975,0.38953655381281693,0.39695875767252514,0.21350468851465784,0.37930584592045025,0.41842481248561136,0.20226934159393833
1351411,2020,M?,1,0.40659782,0.40731817,0.18608402,0.36628938,0.38585576,0.24785478,0.3717500159734185,0.3243732435460252,0.30387674048055613,0.3772126808875734,0.33503447462876024,0.28775284448366617,0.28406830762952867,0.39418410050274594,0.3217475918677254,0.2804134305821338,0.45744838283255645,0.26213818658530974
1364360,2020,S+D,2,0.29907215,0.2556717,0.4452562,0.31129068,0.3127865,0.37592283,0.3434346971005581,0.2575184436931688,0.3990468592062733,0.34727434950387837,0.24938169863747514,0.4033439518586469,0.29628102093975156,0.3272811287583149,0.3764378503019335,0.32112742519355253,0.3185700511814144,0.36030252362503296
1364995,2020,M?,1,0.1619018,0.3213212,0.516777,0.17801031,0.31514004,0.50684965,0.22944999493581225,0.32390144912670166,0.44664855593748604,0.2238393256471028,0.32076828548372155,0.4553923888691761,0.16375308446564593,0.28111183701242143,0.5551350785219327,0.15622897570974856,0.29788987932846656,0.5458811449617849
1364998,2020,M?,1,0.07393692,0.856592,0.06947113,0.13956015,0.7325687,0.12787114,0.23383399094836327,0.5290962790426692,0.2370697300089682,0.23017119798203034,0.5583595339602807,0.2114692680576888,0.19040113276498266,0.6636600024779974,0.14593886475701995,0.14370715761780145,0.7292081048003636,0.1270847375818349
1365108,2021,S+D,2,0.10635265,0.28679323,0.60685414,0.1497558,0.34116188,0.5090823,0.18794707257528015,0.336445351757491,0.475607575667229,0.19221775604327507,0.3326563716452701,0.47512587231145464,0.13315320514851411,0.29099793892882153,0.5758488559226643,0.11141845512945033,0.2408630011297475,0.6477185437408022
1365528,2021,M?,1,0.16810936,0.3189328,0.5129579,0.17445521,0.3317133,0.4938315,0.22262906850108946,0.3686312586275324,0.40873967287137863,0.2164582188831172,0.34922585554458635,0.43431592557229715,0.18506318742790592,0.3007859284649933,0.5141508841071007,0.18097314337212778,0.28600028404209454,0.5330265725857776
1365553,2019,M?,1,0.37364984,0.43210667,0.19424348,0.38574687,0.37642035,0.2378328,0.40565702946999715,0.3822174978142277,0.2121254727157753,0.4160906605279419,0.3822182873485105,0.20169105212354746,0.31772814064000876,0.38679497937047314,0.2954768799895182,0.3100025093715954,0.37997209476655563,0.310025395861849
1365555,2019,M?,1,0.49486938,0.3182885,0.18684207,0.43469533,0.36529472,0.20001,0.40982307103762905,0.39448436184766467,0.19569256711470615,0.4203611616963795,0.3904098685169615,0.18922896978665804,0.43649014511113066,0.3475472176576832,0.2159626372311861,0.47866497178934275,0.309452014239502,0.2118830139711552
1367277,2019,M?,1,0.47990096,0.4083913,0.11170777,0.44626698,0.40234154,0.15139146,0.42880382410775936,0.3804627020155409,0.19073347387670034,0.4414400331631758,0.3967818194275469,0.1617781474092774,0.4101553172997478,0.4555347081766701,0.1343099745235821,0.4124352823397667,0.46456619173263697,0.12299852592759634
1367649,2021,M?,1,0.21418911,0.37631395,0.409497,0.23468213,0.3930697,0.3722481,0.2648658549116066,0.3585812523159298,0.3765528927724631,0.26589626724576615,0.3607085639568615,0.3733951687973722,0.2613521860805226,0.39746309563696813,0.3411847182825093,0.26309766385247874,0.406154758334541,0.3307475778129802
1367651,2019,M?,1,0.31921634,0.3122796,0.36850402,0.27875826,0.3173545,0.40388724,0.32069937605212395,0.33767405636691217,0.34162656758096394,0.3191823744983813,0.35186524061302293,0.3289523848885956,0.24052523947099566,0.2892160607487015,0.4702586997803029,0.23277263233446333,0.2791224658158989,0.48810490184963795
1367658,2019,M?,1,0.45568734,0.3462356,0.1980771,0.45216176,0.34656346,0.20127483,0.36683117565903883,0.36816832722820714,0.26500049711275375,0.36260366504337577,0.3620839107005823,0.27531242425604163,0.38544347409941787,0.3769048843145949,0.23765164158598717,0.2663844869999726,0.4261774793466618,0.3074380336533655
1367659,2021,M,0,0.17886108,0.32039228,0.5007466,0.2054491,0.36194563,0.43260527,0.23928058597247398,0.3652686189694803,0.39545079505804587,0.23769197017828908,0.3466809974563383,0.41562703236537274,0.1736717360492393,0.36231970698827143,0.46400855696248927,0.14639694050508953,0.35754220956003363,0.49606084993487687
1367666,2020,M?,1,0.18277083,0.40289986,0.4143293,0.23637353,0.38762292,0.3760035,0.27309356192241724,0.36425173295703095,0.36265470512055137,0.2785990841145956,0.3596364426422292,0.361764473243175,0.3021784815461273,0.358421266983867,0.3394002514700057,0.2779197558058444,0.3767308675805372,0.3453493766136183
1367670,2019,M?,1,0.33049357,0.38133642,0.28817,0.3624464,0.3359593,0.3015943,0.3302950537085338,0.36598390527324925,0.30372104101821723,0.32854369549785467,0.3668358723551157,0.3046204321470287,0.3395303336013967,0.335355362979295,0.3251143034193083,0.31021430005140366,0.36015610922966523,0.32962959071893116
1367672,2020,M?,1,0.31915954,0.35325506,0.3275854,0.2960245,0.34962416,0.35435137,0.31823723491699246,0.36267479203281183,0.31908797305019543,0.31710470433569776,0.3775654436699908,0.3053298519943122,0.3086749873828004,0.3751700645782609,0.31615494803893873,0.28885689991529695,0.39295221105710737,0.3181908890275957
1367673,2019,S+D,2,0.36788106,0.41042155,0.22169738,0.34189862,0.4258893,0.23221208,0.32159815594227176,0.3650996502813132,0.31330219377641516,0.3246091182955802,0.3444854040098128,0.33090547769460704,0.27840275353620714,0.47225392809226935,0.24934331837152363,0.24574180004895996,0.5233906776252072,0.23086752232583288
1367676,2019,M?,1,0.18551911,0.29921958,0.5152613,0.23422049,0.36805558,0.39772397,0.2746723837039347,0.319257957456015,0.4060696588400503,0.2626379787207372,0.3140362962487017,0.4233257250305617,0.2548208452937502,0.3629573078415827,0.38222184686466715,0.2560229381035396,0.3547180679909087,0.3892589939055517
1367700,2019,M?,1,0.29382437,0.44823256,0.25794306,0.32431436,0.4070312,0.26865444,0.3284696138100892,0.3762281113867863,0.2953022748031244,0.31564709274160313,0.3806572643044187,0.3036956429539775,0.31450590225982444,0.38970034905035855,0.2957937486898169,0.31905497590602194,0.34315338164145426,0.3377916424525238
1367750,2019,M?,1,0.5250054,0.35807294,0.116921626,0.46832332,0.37044868,0.16122799,0.47576490619371886,0.34962669438907623,0.17460839941720502,0.4797296351845812,0.3597786684069218,0.16049169640849636,0.4032099879412081,0.42823555657346046,0.16855445548533146,0.4013047916742035,0.4406574963682253,0.1580377119575711
1367757,2020,M?,1,0.27770397,0.51791584,0.20438023,0.28962985,0.50621945,0.2041507,0.3304464826254549,0.4407828322402168,0.22877068513432874,0.3220433586900869,0.4563437437752885,0.22161289753462474,0.3116991993642955,0.5101384214091317,0.17816237922657277,0.30910974840585415,0.52664791924415,0.16424233234999583
1368058,2019,M?,1,0.2352416,0.52261835,0.24214007,0.29156834,0.4075462,0.30088544,0.3127473201463202,0.3845995121484282,0.30265316770525214,0.30683350847503343,0.38083026912906554,0.31233622239590125,0.3040498709249356,0.47051732665154017,0.22543280242352418,0.2672076232441806,0.5421010788846189,0.19069129787120054
1368059,2020,M?,1,0.18720393,0.21798554,0.59481055,0.24103066,0.24016328,0.51880604,0.23805181975482514,0.29353779964248833,0.468410380602687,0.25078477942457783,0.30507764016249816,0.4441375804129236,0.25786969236146934,0.24534258006798879,0.4967877275705419,0.27374653830203427,0.24511958565398181,0.48113387604398383
1369355,2021,M?,1,0.52271324,0.33214223,0.14514454,0.4934742,0.32790965,0.17861618,0.3871283147136133,0.3509100612232308,0.2619616240631566,0.39541923455915634,0.3514824195838202,0.2530983458570232,0.46081027612978565,0.3785481933206948,0.16064153054951957,0.46214796042937806,0.3587505124300013,0.17910152714062066
1370717,2020,M?,1,0.35035053,0.19046792,0.45918152,0.34392425,0.20624366,0.4498321,0.341698192848901,0.233800356040319,0.42450145111078014,0.35117481950966556,0.224735943516751,0.42408923697358325,0.2925778570904019,0.35180463533799905,0.35561750757159905,0.31084882695506,0.34058533448968875,0.3485658385552512
1370822,2019,M?,1,0.30978552,0.3992724,0.2909421,0.32494983,0.33908212,0.33596805,0.319222101340549,0.360297312661108,0.32048058599834367,0.33404652986411626,0.36262180793626664,0.303331662199617,0.3061090272069078,0.40634213773788774,0.28754883505520445,0.33172323438732215,0.3763359702776593,0.2919407953350186
1370917,2019,M?,1,0.16742875,0.27909032,0.5534809,0.2325326,0.35660473,0.41086265,0.2162525419389226,0.32130461384745673,0.4624428442136208,0.19961598816548914,0.3215682285703905,0.4788157832641204,0.30042476927440565,0.3759596228284207,0.3236156078971737,0.29895059572817645,0.3511024352345851,0.34994696903723843
1370941,2021,M?,1,0.36702746,0.4161441,0.2168284,0.31769675,0.42313576,0.25916746,0.324061901349963,0.3755635470749406,0.30037455157509696,0.33319639576879717,0.38595800416670856,0.2808456000644941,0.29170943562124996,0.3886208505014444,0.31966971387730553,0.3110084153089067,0.35472703519955373,0.3342645494915396
1370982,2019,M?,1,0.35372716,0.5109544,0.13531846,0.3446401,0.45972246,0.1956374,0.34135457806863745,0.43252998336559956,0.22611543856576288,0.35426107713379784,0.4407212779866304,0.2050176448795712,0.34701578909434044,0.42827423991425195,0.22470997099140758,0.3658813098189384,0.3941717965356465,0.2399468936454152
1371275,2019,M?,1,0.3599379,0.46550548,0.17455658,0.39703655,0.4141943,0.18876915,0.3400283757196694,0.443631154534569,0.21634046974576232,0.32960263953203933,0.46053671642084837,0.20986064404711172,0.4382119010378085,0.375763691678085,0.18602440728410652,0.4480603803756756,0.3695563235908193,0.18238329603350498
1371667,2021,M?,1,0.27222368,0.39447188,0.33330444,0.27036136,0.40590522,0.32373336,0.29401682383912786,0.3844649127241865,0.3215182634366856,0.2878156343542056,0.3742778286170099,0.3379065370287849,0.22226598959594546,0.4483807571705785,0.3293532532334762,0.19746951325398043,0.45885036361622794,0.3436801231297917
1372451,2021,M?,1,0.15248922,0.2617223,0.5857885,0.21086298,0.284867,0.5042701,0.22188002094930168,0.29494688700881555,0.4831730920418829,0.22079209657298882,0.28592605829751055,0.49328184512950046,0.19797943653451794,0.276626351533317,0.5253942119321651,0.18420179083647598,0.275217466598562,0.540580742564962
1372703,2020,M?,1,0.29762867,0.34571072,0.3566606,0.34410703,0.28407776,0.37181523,0.321046891626352,0.2942219272891939,0.3847311810844542,0.3262485127611818,0.31207665567088344,0.361674831567935,0.23494126174556582,0.15986394740783397,0.6051947908466002,0.25136730901069715,0.13852518339042386,0.610107507598879
1374256,2019,M,0,0.5891764,0.32066584,0.09015781,0.436925,0.36271107,0.20036396,0.49191835330944766,0.33147447653426043,0.1766071701562923,0.49814798238270624,0.31371776757352277,0.1881342500437709,0.3618491437645699,0.3723903523593154,0.2657605038761148,0.3644089918391328,0.37316043580967045,0.2624305723511968
1374485,2019,M?,1,0.33067894,0.4216316,0.24768944,0.36206216,0.39032602,0.24761182,0.35582412585442935,0.3801478675651277,0.26402800658044323,0.34822387145676376,0.3751305893307866,0.27664553921244994,0.34510748972501637,0.3793967915560647,0.27549571871891887,0.39638550602822714,0.32594541809381916,0.2776690758779537
1374571,2021,M?,1,0.18000929,0.341124,0.47886676,0.24596035,0.32217583,0.43186384,0.2535966134887937,0.317320682227832,0.4290827042833746,0.26086654641536927,0.3137473853655215,0.42538606821910924,0.28469828794228685,0.3216712581451587,0.3936304539125544,0.3086268830219123,0.31906291603125353,0.37231020094683415
1374718,2019,M?,1,0.34167972,0.5239695,0.1343508,0.3771317,0.37122202,0.2516463,0.4148957279824018,0.38660229695020687,0.19850197506739142,0.41990733042112366,0.38207343119618437,0.1980192383826914,0.34195432404664655,0.3226504542214626,0.33539522173189096,0.33287684322578487,0.320650660276754,0.3464724964974611
1374719,2021,M?,1,0.28097105,0.35209674,0.36693215,0.30784735,0.30291387,0.38923874,0.3550444199165725,0.31922332778263535,0.32573225230079267,0.3423093923235098,0.3306605330315531,0.32703007464493716,0.2605244430306113,0.2837979680153501,0.4556775889540386,0.2603771241596314,0.28789612583736407,0.4517267500030046
1374736,2021,M?,1,0.31327662,0.53387904,0.1528443,0.28578165,0.51063406,0.20358428,0.32054972157286266,0.4882177845246014,0.19123249390253602,0.34860972594019496,0.47177743440178305,0.17961283965802163,0.29116031041073714,0.5029085653694982,0.2059311242197646,0.37845152514933666,0.45451958637985385,0.16702888847080943
1374742,2020,M?,1,0.320749,0.31591538,0.36333564,0.29661658,0.31551912,0.3878643,0.30230187839441214,0.3276231365646223,0.37007498504096575,0.3177553158304839,0.3334988400428118,0.3487458441267042,0.25484408814711373,0.3261177402993516,0.4190381715535346,0.23109536752289903,0.34083787511617286,0.42806675736092814
1374767,2019,M?,1,0.41503426,0.24157707,0.34338868,0.40096116,0.26376155,0.33527726,0.3513611438436409,0.2765263191483612,0.3721125370079976,0.3502409933606825,0.2966883721865724,0.3530706344527453,0.4177595644768618,0.23611199277722997,0.3461284427459083,0.4006272233337295,0.24715620644938366,0.35221657021688685
1385094,2019,M?,1,0.31345204,0.47619084,0.21035711,0.37300852,0.44492945,0.18206203,0.3611787266957076,0.40883080304470937,0.229990470259583,0.34397929918211445,0.4115346949295853,0.24448600588830038,0.4129587412722275,0.4246693417750517,0.16237191695272082,0.40302285062019216,0.4481810749549012,0.1487960744249065
1385146,2019,M?,1,0.36159888,0.4253559,0.2130452,0.29287678,0.4718998,0.23522341,0.3575365726442154,0.4116996743185955,0.23076375303718982,0.34154100828013917,0.42533657220605364,0.2331224195138072,0.2993722472383831,0.42313871361535355,0.2774890391462634,0.2695291429227868,0.4465403741611038,0.2839304829161094
1385227,2020,M?,1,0.3663335,0.3525464,0.28112012,0.37125045,0.32185462,0.30689493,0.38377631572602905,0.34879156259010946,0.2674321216838616,0.37407417143214283,0.3524568762922842,0.2734689522755736,0.38661264263063316,0.32716175639490513,0.2862256009744617,0.37345449021178106,0.33760372803825056,0.2889417817499683
1385228,2019,M?,1,0.46712655,0.4577376,0.07513589,0.44729224,0.41901293,0.13369477,0.4027321698149044,0.42439026574153327,0.17287756444356192,0.40197977352616826,0.44131319107618583,0.15670703539764644,0.5047319215076685,0.3382742138631042,0.15699386462922732,0.533993325830613,0.3184227246293781,0.14758394954000892
1385235,2019,M?,1,0.4567994,0.17291647,0.3702841,0.43099323,0.26432124,0.30468553,0.4008306623412403,0.2505285463291582,0.34864079132960146,0.41259742614168127,0.2578624169783539,0.32954015687996524,0.3928745937783853,0.21388541160150817,0.39323999462010645,0.41528378163140833,0.19715337076560438,0.38756284760298737
1406250,2021,S+D,2,0.17553392,0.52505726,0.29940885,0.25157177,0.39207757,0.35635063,0.27235210392247755,0.3443899759986454,0.3832579200788773,0.28675249501606975,0.35400905619296624,0.359238448790965,0.2050288359142423,0.35263127368856934,0.44233989039718835,0.15189626762361913,0.3363959358547968,0.511707796521584
1406444,2020,M?,1,0.19695519,0.30933297,0.49371186,0.19083743,0.32276767,0.48639485,0.2361205554218506,0.32456264249933703,0.43931680207881285,0.23906498669354684,0.32837214767720047,0.4325628656292523,0.1607057729339128,0.2762310447557647,0.5630631823103225,0.1344344603857234,0.26737874935004374,0.5981867902642328
1406789,2020,S+D,2,0.28586212,0.19473621,0.51940167,0.3100243,0.22282745,0.46714818,0.26415685343806955,0.21868787015874133,0.517155276403189,0.25071155254043576,0.2189867138567929,0.5303017336027713,0.40859071449372797,0.1809437931601723,0.4104654923460997,0.4583701562092778,0.2241149182548437,0.31751492553587857
1406859,2019,M?,1,0.38397622,0.50192165,0.11410215,0.37489113,0.4902583,0.13485059,0.3726884250391183,0.46264662999470285,0.1646649449661793,0.35306464376136026,0.4747680280546429,0.17216732818399663,0.3387736569082215,0.5242322854444964,0.13699405764728204,0.3510920053820575,0.5154142973458733,0.1334936972720692
1408108,2021,M?,1,0.49793166,0.3334011,0.16866718,0.4807974,0.32968876,0.18951388,0.4242248718089839,0.3526874077489646,0.2230877204420518,0.43724138753473535,0.3515491801388986,0.21120943232636627,0.46702861908088456,0.357443168474419,0.17552821244469655,0.46164249151913683,0.36990127462599415,0.16845623385486896
1408712,2020,M?,1,0.08279305,0.6508788,0.26632813,0.12051466,0.65194285,0.22754249,0.21233066178849433,0.40516624933782697,0.38250308887367873,0.20845606021297602,0.41448844197330614,0.3770554978137178,0.15020152265676884,0.5412270574268929,0.3085714199163382,0.1343530064109735,0.5907323529364227,0.2749146406526039
1408713,2021,S+D,2,0.32416597,0.34037712,0.33545694,0.2798554,0.34176555,0.37837905,0.28331533135462283,0.3234850367022179,0.3931996319431595,0.30839344956641307,0.33338244682851714,0.35822410360507,0.2500057571564351,0.32253870337072055,0.4274555394728444,0.20326441947019114,0.26771898829736407,0.5290165922324448
1409137,2021,M?,1,0.33628434,0.1694484,0.4942673,0.3093578,0.1938414,0.4968008,0.2729922750574276,0.2059860887255271,0.5210216362170454,0.2618135448184016,0.2161359960674608,0.5220504591141379,0.235367698312618,0.14941306291932965,0.6152192387680524,0.20840961354455878,0.1379931509609347,0.6535972354945065
1409280,2020,M?,1,0.38322178,0.22947618,0.38730207,0.34705797,0.22042498,0.43251702,0.36978050944566854,0.22718267138580722,0.4030368191685242,0.37548975866983647,0.20700948983952552,0.41750075149063803,0.3278099947774951,0.23790858387318903,0.43428142134931585,0.34296734318170524,0.22876877523405795,0.4282638815842368
1409489,2020,M?,1,0.5180952,0.27449933,0.20740545,0.48151115,0.28090292,0.2375859,0.4944418912870726,0.31736019735813925,0.18819791135478858,0.48625423417136304,0.30855478690377774,0.2051909789248593,0.4761311452766013,0.3195825887811154,0.2042862659422832,0.5054879817887693,0.3016181407200153,0.19289387749121542
1409491,2021,S+D,2,0.16915914,0.29600063,0.5348402,0.20916766,0.30985653,0.48097578,0.23775732015449147,0.31172414046734764,0.4505185393781614,0.2229633820783353,0.303592973910411,0.47344364401125355,0.1901520967573962,0.31636030159144574,0.49348760165115807,0.17889790296683764,0.3113466599707631,0.5097554370623992
1410034,2021,M,0,0.28291818,0.56293267,0.15414917,0.33891138,0.508798,0.1522906,0.3618403801849852,0.43984762527695825,0.19831199453805662,0.34486229016136727,0.46235964893259834,0.19277806090603364,0.30453701977990716,0.5439200547056832,0.15154292551440965,0.2777419648868099,0.5819815633718762,0.14027647174131383
1410103,2019,M?,1,0.47722507,0.41140577,0.11136912,0.4928232,0.38292512,0.124251716,0.43849842409657036,0.39036853150148887,0.17113304440194105,0.4381725585154275,0.38304362770774397,0.17878381377682817,0.40050657735713874,0.4529239673542465,0.1465694552886148,0.3853648214742553,0.47247737599274053,0.14215780253300417
1410448,2021,M?,1,0.18551563,0.32599777,0.4884866,0.26752952,0.28209862,0.4503719,0.31372887080553385,0.3226597438079249,0.3636113853865415,0.33934299708632776,0.3382604651569174,0.3223965377567551,0.28003497319900067,0.2834797089517634,0.4364853178492359,0.17630135338018166,0.26330452637511786,0.5603941202447005
1410546,2021,S+D,2,0.3362083,0.18251961,0.48127213,0.36555874,0.18459153,0.44984978,0.33013087014635667,0.23230464914491517,0.4375644807087281,0.32930709386385254,0.2185930305019611,0.4520998756341865,0.3563692240108076,0.15504602421318714,0.48858475177600524,0.3728314782008265,0.14979545004550932,0.47737307175366417
1411157,2021,M?,1,0.409147,0.29666436,0.29418865,0.39502352,0.32085553,0.28412095,0.4183308131357667,0.2896476948173319,0.2920214920469017,0.4219236080151756,0.2841525109692281,0.2939238810155964,0.3907275700325369,0.3384925085294956,0.27077992143796753,0.3865503984815993,0.3442195958095796,0.2692300057088211
1411532,2021,M,0,0.32986373,0.35139912,0.31873715,0.32803556,0.34917086,0.32279357,0.30875878721726496,0.3528499573627446,0.3383912554199908,0.29719175144325205,0.363284628968865,0.3395236195878831,0.29722974717306144,0.43897449712169856,0.26379575570523994,0.28788802478542963,0.4598166120251325,0.2522953631894379
1411585,2020,M?,1,0.1813516,0.19282287,0.6258255,0.2793436,0.20593639,0.51472,0.21145314583524455,0.21555985408736844,0.5729870000773868,0.22295253262565712,0.20370801092351037,0.5733394564508325,0.41410651470724746,0.19459630432065894,0.39129718097209365,0.4012271616761952,0.18666356644673468,0.41210927187707
1411640,2021,S+D,2,0.17065194,0.54238343,0.28696463,0.13360141,0.5916863,0.27471226,0.2438461659308132,0.44186479868727335,0.3142890353819135,0.23401222468512567,0.42926738242662277,0.3367203928882514,0.17558081949223003,0.5084145121481829,0.3160046683595871,0.13132553690376955,0.5793312391809645,0.28934322391526607
1412436,2019,S+D,2,0.35030714,0.11174524,0.5379476,0.34280676,0.15240918,0.50478405,0.3434405354997127,0.16667352957589734,0.4898859349243896,0.3371228780562853,0.16330425126298956,0.4995728706807252,0.4130720455045349,0.14677943975987076,0.4401485147355944,0.44062471555942423,0.15103309292726974,0.40834219151330603
1412548,2019,S+D,2,0.24938875,0.21556656,0.53504467,0.24978007,0.18423814,0.56598175,0.31341979076249554,0.26976613577254377,0.4168140734649604,0.32109792117802877,0.26240571130100887,0.4164963675209624,0.21319026429702728,0.1287078789693615,0.6581018567336111,0.1982010310368376,0.11058425271922605,0.6912147162439363
1412550,2019,S+D,2,0.38509977,0.10074763,0.5141526,0.33241856,0.10886979,0.55871165,0.4042872329629832,0.11523741033751116,0.4804753566995054,0.4189986518648216,0.11533087857826801,0.46567046955691055,0.31542275150012017,0.11337178243787156,0.5712054660620083,0.3226027555601502,0.09791478794607428,0.5794824564937755
1412552,2020,S+D,2,0.4839663,0.073189385,0.44284433,0.39681444,0.114068486,0.48911712,0.4144002289454046,0.08901887210150436,0.49658089895309093,0.42333698074262754,0.08087789370224392,0.4957851255551289,0.24014559095345223,0.11066691480088231,0.6491874942456655,0.2580839288715613,0.09252013562268617,0.6493959355057525
1412553,2020,M?,1,0.35375822,0.17429756,0.47194424,0.34091526,0.24520348,0.41388127,0.33752364508926286,0.27130973110078305,0.3911666238099542,0.33435960500986583,0.27779793668149927,0.38784245830863495,0.3390750046482464,0.2377928186135003,0.4231321767382533,0.32057714107956636,0.17861082670404743,0.5008120322163861
1412571,2019,S+D,2,0.25818726,0.08055099,0.66126174,0.29046747,0.09949836,0.61003417,0.39317653508790246,0.10867507743998825,0.4981483874721093,0.3912891976525181,0.10553279436459691,0.5031780079828847,0.47921757961239814,0.19189554171539946,0.3288868786722025,0.5159013947460878,0.16243983361154074,0.3216587716423715
1412580,2019,S+D,2,0.37137708,0.2867817,0.34184122,0.3899318,0.20404048,0.40602773,0.4214944137234666,0.15876397696085562,0.41974160931567783,0.42824905057860696,0.15340768407576366,0.4183432653456294,0.3897239779095521,0.2072641815311047,0.40301184055934325,0.48685647231275725,0.284970150974019,0.22817337671322366
1426987,2019,S+D,2,0.11537479,0.07266434,0.8119609,0.16260153,0.14074971,0.6966488,0.2978824665027654,0.26844298004422923,0.43367455345300526,0.2817813149961682,0.27888033529153394,0.4393383497122974,0.43074080657427266,0.2696644707344149,0.2995947226913124,0.4513122887667148,0.22223586883943444,0.32645184239385083
1426990,2019,S+D,2,0.14152588,0.13618322,0.72229093,0.18600541,0.22679809,0.58719647,0.31618646041277754,0.31556854647877697,0.3682449931084456,0.3078996589747763,0.3050752632284534,0.38702507779677037,0.2965329358846973,0.4115230127669626,0.29194405134834006,0.3225775346776421,0.4088673302877919,0.268555135034566
1426992,2019,S+D,2,0.3605099,0.45088387,0.18860617,0.376672,0.45325458,0.17007339,0.321884584423505,0.4152697785752401,0.26284563700125485,0.31356784922136804,0.4207269484347506,0.2657052023438814,0.35408150831946233,0.48648744774849606,0.15943104393204174,0.36296232167415393,0.5010451107557787,0.13599256757006736
1426999,2019,S+D,2,0.22475111,0.21646339,0.5587855,0.29862142,0.31043205,0.39094654,0.23244632832066825,0.24915777978896717,0.5183958918903647,0.2442262152544614,0.2492800202214215,0.5064937645241175,0.3186669479191827,0.2958823680969578,0.3854506839838596,0.3162692145474392,0.30076063518020785,0.3829701502723529
1431046,2020,M?,1,0.363616,0.4386565,0.19772752,0.3923601,0.41940197,0.18823795,0.34919890393787706,0.42246763558088846,0.22833346048123515,0.3439928159293331,0.42773753784152907,0.22826964622913729,0.4531312985483865,0.3747911761263757,0.17207752532523785,0.46146069997655315,0.3743026776444615,0.1642366223789852
1425540,2021,S+D,2,0.48361367,0.07036097,0.4460253,0.40100136,0.10932661,0.48967198,0.4343105902422171,0.10700365535580131,0.4586857544019813,0.43232191884813903,0.10431686028802567,0.4633612208638349,0.372496787685323,0.10688639791554602,0.520616814399131,0.3577592110158838,0.06978723808379583,0.5724535509003204
1425818,2021,M?,1,0.17082804,0.18496697,0.644205,0.26241156,0.31045672,0.4271317,0.3164484720332609,0.386981678342567,0.2965698496241719,0.3074331913480201,0.3957428719790574,0.29682393667292306,0.3951450571527297,0.5014971328493294,0.10335780999794086,0.4228006435044703,0.48404041360862454,0.09315894288690524
1427122,2019,S+D,2,0.28652003,0.29713148,0.41634852,0.26819047,0.34082198,0.39098755,0.3113389042711028,0.3527840064743938,0.33587708925450366,0.3064646387575511,0.3370515859245507,0.3564837753178978,0.26278157561843696,0.31038920297758926,0.4268292214039737,0.20850007122890504,0.27775603821423445,0.5137438905568605
1427286,2019,M?,1,0.4577297,0.3693065,0.17296384,0.3585023,0.4840178,0.15747988,0.34760396451635955,0.44425135372011865,0.20814468176352188,0.35397106232701625,0.4608032890388145,0.1852256486341689,0.27328368857940516,0.609546906869782,0.11716940455081279,0.2876680066359105,0.6007745102595631,0.11155748310452634
1428222,2019,M,0,0.35090706,0.19399858,0.45509443,0.34035307,0.2113806,0.4482663,0.3540475119244821,0.20003207339954865,0.4459204146759688,0.3603124480089322,0.18719526347247872,0.45249228851858975,0.3173342033836235,0.2221632269208237,0.46050256969555287,0.327725153391344,0.21667879189546094,0.455596054713195
1428224,2019,S+D,2,0.27385956,0.30468643,0.42145398,0.30250636,0.31076512,0.38672855,0.2923245216499146,0.3066958976937723,0.40097958065631334,0.2897313118461043,0.31235648903084756,0.3979121991230483,0.2709115784308205,0.3289778150563318,0.40011060651284774,0.2461782478006249,0.34171947449983403,0.412102277699541
1428225,2019,S+D,2,0.24051304,0.36582085,0.3936661,0.2855859,0.33323395,0.38118017,0.32885487561779686,0.3478164016689847,0.3233287227132191,0.31756744058194336,0.3394902955933761,0.34294226382468074,0.24571975967352372,0.32423922620757706,0.43004101411889917,0.2429531404173824,0.34327177013880916,0.41377508944380836
1428226,2020,S+D,2,0.25428727,0.20786025,0.53785247,0.29192406,0.2039118,0.50416416,0.2886687654530002,0.21803614869219812,0.4932950858548023,0.29179386788353634,0.2186584270984299,0.4895477050180339,0.2596220995364675,0.29289299047337025,0.4474849099901623,0.28620820102852307,0.2769943193179166,0.4367974796535604
1428227,2021,M?,1,0.2753998,0.30310026,0.42149988,0.30950248,0.28752175,0.4029758,0.28619801596322114,0.3221718202251922,0.39163016381158694,0.2892792151306219,0.32873363262771543,0.3819871522416629,0.3005632905332291,0.27409864349630936,0.4253380659704616,0.29465187622369965,0.2683156567267985,0.4370324670495017
1428229,2021,S+D,2,0.19201015,0.2757558,0.5322341,0.21938744,0.33679894,0.44381362,0.2641675281640577,0.3194659748203904,0.41636649701555195,0.25220867696705407,0.343728467000677,0.40406285603226894,0.15914786211978224,0.27590831111254505,0.5649438267676726,0.1697865263007156,0.25445764104058266,0.5757558326587018
1428230,2021,M?,1,0.25029135,0.42212695,0.32758173,0.26820976,0.3940065,0.33778372,0.2957314821181724,0.3429649049234337,0.3613036129583939,0.29133312478905304,0.3401708238185271,0.36849605139241937,0.28680352985388813,0.3895162975037774,0.3236801726423345,0.28277138417505193,0.39999918447106636,0.31722943135388176
1428234,2021,M?,1,0.13514143,0.29170787,0.5731507,0.16990858,0.32222274,0.50786865,0.17840698026767354,0.32662838216874596,0.4949646375635803,0.1621695388338278,0.3151785507387816,0.5226519104273909,0.21812683269506006,0.403419177992865,0.378453989312075,0.22549218192489254,0.3551298235003856,0.41937799457472186
1428236,2021,M?,1,0.18618727,0.4435689,0.37024385,0.25162372,0.41215244,0.33622384,0.2632375126695525,0.37408700688829805,0.36267548044214964,0.26113411573217654,0.37507324080467536,0.3637926434631482,0.286818417274615,0.4364698768841742,0.27671170584121074,0.28482328276804714,0.45886021025423934,0.25631650697771347
1428322,2021,M?,1,0.29323137,0.17327814,0.5334905,0.3292145,0.22516786,0.44561762,0.2988052385450509,0.24345029569242735,0.4577444657625221,0.3026104978482536,0.24438601047104477,0.45300349168070236,0.29536493116210183,0.31830159157173227,0.38633347726616596,0.20852762407413494,0.2267375250066974,0.5647348509191676
1428325,2019,M,0,0.26829264,0.52471095,0.20699643,0.33201206,0.38324168,0.28474623,0.31286132764472,0.37817074705377657,0.3089679253015032,0.30513533765003453,0.36821072413633454,0.326653938213631,0.3592453559260996,0.3592700574983236,0.281484586575577,0.2844279220293751,0.2781179314211316,0.4374541465494933
1428337,2020,M?,1,0.21288277,0.16440156,0.62271565,0.21468791,0.20318261,0.5821295,0.2635702811188759,0.2116383462296561,0.5247913726514678,0.2698339559540644,0.21739700562590833,0.512769038420028,0.16687457964305738,0.14104880119197222,0.6920766191649704,0.16580986218462537,0.12685213719088537,0.7073380006244893
1428340,2019,M?,1,0.4442713,0.26664385,0.28908488,0.42235214,0.27897853,0.29866937,0.3932597322394166,0.28555371449859457,0.32118655326198886,0.41488654938202196,0.2764955305394268,0.3086179200785514,0.37380958563261046,0.24595634359258756,0.3802340707748019,0.39816535674649084,0.22703599181632833,0.37479865143718083
1428342,2019,S+D,2,0.19370873,0.5286141,0.2776772,0.26984426,0.39851153,0.33164418,0.3096959351763864,0.303091678107296,0.38721238671631797,0.29888443074343984,0.33490735111157577,0.3662082181449851,0.2628237772380968,0.3674321043390288,0.36974411842287436,0.15563182775021783,0.43272995123237684,0.4116382210174052
1432627,2021,S+D,2,0.4388834,0.1362806,0.42483604,0.38245064,0.19398133,0.42356807,0.3690214666398635,0.213751707911881,0.41722682544825573,0.37667862601901236,0.19695148899080664,0.42636988499018086,0.29581057548129946,0.3521192451397427,0.3520701793789579,0.32523904090152717,0.34771487563288317,0.32704608346558967
1438185,2021,M?,1,0.39579332,0.30990353,0.29430315,0.38280094,0.32963598,0.28756306,0.40761497242018907,0.3133313476917584,0.2790536798880524,0.4091050950161989,0.3081000684376048,0.2827948365461965,0.3830350280845944,0.36697846333109163,0.2499865085843139,0.3849365539553781,0.36075296819104335,0.25431047785357846
1442038,2019,M?,1,0.22333734,0.3947012,0.3819614,0.22972442,0.37182945,0.3984461,0.2699796380392599,0.357888867534855,0.3721314944258856,0.26678995667702654,0.3602589015770774,0.3729511417458963,0.21378285839971645,0.3590868740999411,0.42713026750034244,0.16776287050689878,0.4450856578296336,0.38715147166346775
1443300,2021,M,0,0.33823678,0.22279628,0.43896693,0.34503087,0.25284436,0.40212473,0.34109597417771076,0.23504677740960422,0.4238572484126844,0.34008628202396013,0.21724771752853114,0.44266600044750865,0.3528720580981285,0.2653249904995955,0.38180295140227605,0.369275688742572,0.25640090052269443,0.3743234107347336
1443337,2020,M?,1,0.29748532,0.55720395,0.14531074,0.30863482,0.49148896,0.1998762,0.3325350387120719,0.43416596824086573,0.2332989930470626,0.3098115769472519,0.477549079086052,0.21263934396669565,0.23856869701062683,0.517594732338858,0.24383657065051514,0.23415247859832042,0.5279881843147007,0.23785933708697887
1443360,2021,M?,1,0.22273573,0.35143003,0.42583427,0.2771415,0.34746832,0.37539014,0.29387748467918096,0.3210786408361488,0.3850438744846707,0.29098690687462453,0.33180398904996855,0.3772091040754071,0.2925013433605615,0.3480303420699824,0.35946831456945616,0.26854642823336655,0.36591428621947675,0.36553928554715687
1443362,2021,M?,1,0.2604728,0.18562983,0.5538974,0.2641836,0.19237056,0.5434458,0.28293366709098494,0.24496593060330252,0.47210040230571265,0.2891310179286619,0.23994270576875146,0.47092627630258654,0.2774234919690679,0.21044666288109187,0.5121298451498403,0.1650944478283576,0.13065064527572742,0.7042549068959151
1443363,2021,S+D,2,0.23172139,0.18768744,0.58059114,0.24897888,0.20532863,0.5456925,0.2817547445474571,0.19955685768377104,0.518688397768772,0.28061268615465207,0.1822143680449724,0.5371729458003758,0.24423926301305396,0.2152399793222444,0.5405207576647016,0.23993113756102413,0.20735126477574273,0.5527175976632331
1445150,2020,S+D,2,0.386181,0.42316535,0.1906537,0.40256786,0.34556547,0.2518666,0.4058877210174492,0.3249255310110375,0.26918674797151376,0.4028799563355778,0.334274926268619,0.26284511739580324,0.43294730758027083,0.226846964801572,0.3402057276181572,0.436880935110011,0.20653660897776613,0.35658245591222293
1445889,2021,M?,1,0.44150406,0.26693967,0.29155627,0.44023558,0.2743218,0.28544265,0.39549368024291487,0.2879187412283853,0.3165875785287,0.3828217743857285,0.290850497755042,0.32632772785922953,0.4643344475277801,0.1961504128437298,0.3395151396284901,0.5276277486213129,0.16554024405702655,0.30683200732166066
1446549,2021,M?,1,0.4886651,0.38814604,0.12318888,0.4753273,0.36373731,0.1609354,0.4691603308562005,0.3437168692437202,0.18712279990008,0.4721679968097394,0.34417456024180004,0.1836574429484607,0.44697032992533536,0.4006610717155476,0.1523685983591169,0.4416560154821807,0.3994698615150987,0.15887412300272052
1446558,2020,M?,1,0.5379529,0.32647273,0.1355744,0.53496647,0.29071644,0.17431712,0.4852692330520077,0.34313819675483376,0.1715925701931586,0.48532167471611404,0.3503617165928754,0.16431660869101022,0.48599266100519817,0.3219856992559942,0.19202163973880776,0.4970783205198786,0.31168978311422,0.1912318963659014
1446564,2020,M?,1,0.2045628,0.28453308,0.51090413,0.27437073,0.2929999,0.43262935,0.2809479920082759,0.2855489285474032,0.4335030794443214,0.27438355909571877,0.28168819109127985,0.44392824981300066,0.3336403329367842,0.23333769243879102,0.4330219746244247,0.331158959995062,0.23842970405537597,0.43041133594956194
1449554,2021,M?,1,0.35379842,0.43663818,0.2095634,0.3829701,0.41151363,0.20551631,0.32762245745474,0.43207902398533543,0.24029851855992537,0.32163561513492284,0.45546009028984075,0.22290429457523622,0.4269722431225547,0.3669094022531641,0.20611835462428124,0.4422825424437879,0.3473893747758367,0.2103280827803755
1454402,2019,M?,1,0.31702602,0.24676844,0.43620548,0.3119283,0.32130027,0.36677146,0.31378732199030396,0.29863989960000054,0.38757277840969595,0.31147248475983536,0.28933438372627834,0.3991931315138861,0.36955283206522493,0.3826241091058233,0.24782305882895184,0.3535015767711226,0.39945720440679494,0.24704121882208258
1461122,2021,M?,1,0.2615873,0.19192779,0.5464849,0.2846564,0.25954333,0.45580027,0.24212710740906526,0.23728907189461979,0.5205838206963153,0.24351224625037635,0.23783107559507322,0.5186566781545503,0.2928032368412756,0.2321247113606142,0.4750720517981103,0.29387405242632847,0.2212413332737238,0.48488461429994784
1462233,2021,M?,1,0.28078893,0.6016964,0.11751476,0.2817602,0.5800443,0.13819553,0.356265733319669,0.44944780081857205,0.1942864658617591,0.36151072310458027,0.47367794242707023,0.16481133446834878,0.2711545972582497,0.5854314081511356,0.14341399459061474,0.267395481017702,0.5902405976805067,0.14236392130179132
1462236,2021,M,0,0.26572382,0.34453607,0.3897401,0.2526276,0.37178797,0.37558445,0.28368793196033026,0.4082632270402363,0.3080488409994333,0.2806192985023663,0.40011511000187133,0.3192655914957625,0.25261031398313644,0.45171275880429046,0.2956769272125732,0.24325904810777507,0.47697713913103196,0.2797638127611929
1462238,2021,M,0,0.4878104,0.29416078,0.21802881,0.44022307,0.33510044,0.22467649,0.4502446595856616,0.2835947348418979,0.2661606055724403,0.4450065556444973,0.300973526185982,0.25401991816952085,0.4659975937277701,0.29058842419334463,0.2434139820788853,0.5133831937341455,0.312595092695846,0.17402171357000848
1464284,2021,S+D,2,0.24254225,0.3473542,0.4101036,0.28726825,0.328726,0.38400578,0.3278413232605368,0.3561853465205083,0.3159733302189552,0.32490094280974835,0.33053126178919434,0.3445677954010572,0.23964672458952177,0.3064851494036842,0.45386812600679405,0.21249230266313499,0.3210184276463603,0.4664892696905048
1472878,2021,M?,1,0.3979727,0.33025852,0.27176875,0.39175752,0.30946603,0.29877645,0.38642828277645513,0.3200402824521604,0.29353143477138505,0.38274688671447693,0.3084170630788083,0.3088360502067149,0.36023254126821264,0.368913773017131,0.27085368571465634,0.35360136221594735,0.3836576256224212,0.2627410121616315
1472879,2021,M?,1,0.22245495,0.37341705,0.404128,0.19568762,0.3754154,0.42889696,0.22147907864697683,0.3318032191742711,0.4467177021787519,0.20999756075009673,0.31711129901879004,0.47289114023111395,0.2312499604695634,0.37606131715404817,0.39268872237638847,0.2287662758407145,0.3737133278223413,0.39752039633694425
1469473,2020,M,0,0.61087316,0.31453702,0.074589856,0.50875837,0.3202278,0.1710138,0.5416476074661156,0.31521967230503467,0.14313272022884949,0.535258963760922,0.3223032019564633,0.14243783428261497,0.42626543544872536,0.3498637860604264,0.22387077849084813,0.4631691432530294,0.32583338072432,0.21099747602265076
1471452,2019,M,0,0.42749625,0.44141108,0.13109262,0.44259742,0.40352362,0.153879,0.4112128402565161,0.4282033626161517,0.16058379712733253,0.42194218829618224,0.4299128530959369,0.1481449586078808,0.5217519757274227,0.3416012881380826,0.1366467361344948,0.5216203270117153,0.34853832737876617,0.12984134560951857
1472883,2021,M?,1,0.4644032,0.2580836,0.27751312,0.37168273,0.2880361,0.34028113,0.41850764220115594,0.3030548425762262,0.2784375152226181,0.4193242258147171,0.2931235931751814,0.28755218101010205,0.3565177189388631,0.2931325357282941,0.3503497453328428,0.3529271426971008,0.293077432754046,0.35399542454885324
1473028,2021,M,0,0.29320833,0.3794477,0.32734397,0.29762203,0.3608533,0.3415247,0.34639641138850097,0.38157238718265757,0.27203120142884135,0.34811328023713173,0.3843231999001031,0.26756351986276516,0.2747091865941917,0.36134826754525684,0.36394254586055147,0.25302998934528415,0.36017103385640786,0.386798976798308
1476923,2020,M?,1,0.350533,0.3742086,0.27525842,0.22003776,0.26059702,0.51936525,0.296562008820436,0.34681050784119577,0.3566274833383683,0.31999940084327,0.35683370321226865,0.3231668959444616,0.3125524230701547,0.3688644792581737,0.3185830976716715,0.33016551372493214,0.37036453136675385,0.2994699549083141
1481202,2021,M?,1,0.43241835,0.440596,0.12698562,0.3311624,0.43445057,0.2343871,0.34832281450166463,0.38738827085529365,0.2642889146430425,0.3713368120338296,0.38574157426739686,0.2429216136987734,0.31246133565118567,0.39862709919126116,0.28891156515755323,0.30728758463356404,0.39497531087733057,0.29773710448910534
1481329,2021,M?,1,0.3637117,0.40179148,0.2344968,0.36794013,0.37236014,0.2596998,0.3700942437109771,0.3684938402971451,0.2614119159918781,0.3728267322441059,0.3751523637360796,0.252020904019814,0.3028682462649787,0.4053345931252163,0.29179716060980504,0.2789926334006978,0.43187382622221127,0.289133540377091
1482048,2019,M,0,0.26660082,0.16810106,0.56529814,0.20583642,0.18754376,0.6066198,0.28606730862567004,0.17559689365210351,0.5383357977222264,0.2889688988719641,0.19494396940039124,0.5160871317276441,0.08995557289191955,0.13718593970075244,0.7728584874073281,0.0640727524161775,0.12021127837994638,0.8157159692038761
1482458,2019,S+D,2,0.22810479,0.22545223,0.546443,0.24913076,0.31405178,0.43681744,0.2994079566285409,0.28743785734601207,0.41315418602544723,0.2841839557405845,0.28765714963280514,0.42815889462661016,0.37872866015627316,0.30294859931128376,0.3183227405324431,0.4632908860685418,0.30776475303928724,0.22894436089217085
1482616,2020,M,0,0.34167537,0.13395356,0.524371,0.29451156,0.21302229,0.49246612,0.3564851819710537,0.1588414497074846,0.4846733683214619,0.36170791694160614,0.1492804967395677,0.4890115863188256,0.2852006628339314,0.2505518175740845,0.46424751959198407,0.2367959115298187,0.28858103419817366,0.4746230542720075
1485066,2020,S+D,2,0.24537566,0.14703138,0.60759294,0.26955822,0.17391483,0.55652696,0.3164059490324687,0.19425519606003316,0.4893388549074985,0.3007097510925119,0.19447823604506642,0.5048120128624219,0.26027104717176275,0.14601942198971896,0.5937095308385183,0.2752511269081683,0.14164995543051462,0.583098917661317
1485067,2020,S+D,2,0.4388834,0.1362806,0.42483604,0.38245064,0.19398133,0.42356807,0.3690214666398635,0.213751707911881,0.41722682544825573,0.37667862601901236,0.19695148899080664,0.42636988499018086,0.29581057548129946,0.3521192451397427,0.3520701793789579,0.32523904090152717,0.34771487563288317,0.32704608346558967
1485068,2020,S+D,2,0.45103583,0.17638505,0.3725791,0.41369027,0.26475322,0.32155654,0.35793739761977855,0.301815205756845,0.34024739662337655,0.3609034497663382,0.2958580784830035,0.3432384717506586,0.3833563307772038,0.3526149814709765,0.2640286877518198,0.4583587707787282,0.29753145106700013,0.24410977815427176
1485259,2021,M?,1,0.31619406,0.41634232,0.26746365,0.33270016,0.4028962,0.2644037,0.3252738999467256,0.38729236823667457,0.2874337318165994,0.32896260046626824,0.3813251576136833,0.28971224192004813,0.3678641022846275,0.41023919272806086,0.22189670498731162,0.3626396395641609,0.44418635825209823,0.19317400218374098
1500043,2019,M?,1,0.35949853,0.33766526,0.30283615,0.3204188,0.2936802,0.385901,0.36479621119637606,0.26851491333789285,0.3666888754657312,0.3673642201669831,0.2703340618162724,0.36230171801674416,0.28214320378053825,0.25729429669908377,0.460562499520378,0.28674540425347983,0.2317916989398178,0.48146289680670246
1500428,2021,M?,1,0.20841287,0.37261957,0.41896752,0.23156242,0.40635937,0.3620782,0.24822377816645144,0.3655855873360246,0.38619063449752455,0.238675491145116,0.3634386465642086,0.39788586229067513,0.2260078057106981,0.3612854931264002,0.4127067011629018,0.23831512909064537,0.31936332109360144,0.4423215498157532
1500852,2019,S+D,2,0.22103336,0.2364292,0.54253745,0.2570756,0.22003952,0.5228849,0.2660410088570694,0.23305888584927203,0.5009001052936585,0.26989611837144184,0.22636747939870694,0.5037364022298509,0.21996761325622427,0.2185603559834972,0.5614720307602785,0.22863376665600707,0.21209227446868714,0.5592739588753057
1501640,2021,M,0,0.3047341,0.18489803,0.5103679,0.29419142,0.2587871,0.44702145,0.36804954030424825,0.16970191553096384,0.462248544164788,0.38250818595940617,0.1597259489692768,0.45776586507131745,0.3087769141086231,0.31055131556060345,0.3806717703307735,0.30301004071663257,0.3570758134267152,0.3399141458566523
1502671,2019,M?,1,0.27812028,0.2831299,0.43874982,0.3170852,0.24599247,0.4369223,0.2840036399912206,0.2781498931261188,0.43784646688266055,0.28811860924784516,0.2872919859870202,0.4245894047651349,0.30184743048586127,0.21165601483005317,0.4864965546840855,0.27768884826677287,0.23890685292972183,0.48340429880350533
1502689,2019,M?,1,0.46215057,0.0954091,0.44244027,0.36112225,0.1508357,0.4880421,0.3155734945138094,0.17335038517051038,0.5110761203156803,0.3044900822162973,0.1614414493688712,0.5340684684148315,0.28381283896829873,0.14362562726340822,0.572561533768293,0.2580041924142801,0.16157463576156433,0.5804211718241555
1504818,2019,M?,1,0.28490525,0.5246299,0.19046484,0.2839029,0.51109153,0.20500554,0.33864612614520895,0.45368558041026613,0.20766829344452545,0.32479188640679957,0.4655670770285494,0.20964103656465113,0.2622434753276084,0.5675168372820252,0.17023968739036646,0.2631379453660094,0.5726543556367152,0.1642076989972754
1504637,2019,M?,1,0.20522538,0.32174125,0.4730334,0.26630116,0.3482113,0.38548756,0.24029483238903515,0.3214991436050111,0.4382060240059538,0.23608896536335744,0.32365010408823125,0.4402609305484105,0.28647134789702094,0.365733514997039,0.34779513710594,0.282181628133758,0.3620022069755855,0.35581616489065643
1504898,2021,M?,1,0.118102856,0.77088165,0.11101547,0.16997609,0.6758448,0.15417908,0.23542071011960297,0.5155571127125178,0.24902217716787964,0.2320302787202552,0.5390815806544658,0.22888814062527904,0.19659536849854461,0.6447628597315536,0.15864177176990182,0.14855542972296876,0.7163813260484715,0.1350632442285598
1505426,2021,M?,1,0.29292947,0.42835453,0.278716,0.29584193,0.41056558,0.2935925,0.3276633141498466,0.43268693938797165,0.2396497464621813,0.3263008453822238,0.4487644761618991,0.22493467845587709,0.27674247250290024,0.4163450784439444,0.3069124490531553,0.2663688846187256,0.42416820205558375,0.3094629133256906
1505513,2020,M?,1,0.23770542,0.39232787,0.36996672,0.21513774,0.3866063,0.3982559,0.2577135954044843,0.36399469309507304,0.37829171150044305,0.2607874743776939,0.3709192143535016,0.36829331126880477,0.20451761639278881,0.33692209871452605,0.45856028489268497,0.20015843326359586,0.3480625568624837,0.4517790098739205
1505542,2020,M?,1,0.54798377,0.2930069,0.15900935,0.4749917,0.3280916,0.19691676,0.4391875039800626,0.3718359307412714,0.18897656527866594,0.4565444232704155,0.3605363017855967,0.18291927494398716,0.445276395444368,0.3063083887043508,0.24841521585128107,0.4792642217077141,0.27250072457730573,0.2482350537149803
1506463,2021,M?,1,0.18529187,0.2340794,0.58062875,0.20349006,0.25784156,0.5386684,0.23850156445034312,0.27566596171906466,0.48583247383059236,0.22962523218753134,0.26688629730904023,0.5034884705034289,0.16524654662054522,0.26906777927225595,0.5656856741071988,0.1662637194175582,0.21948113873881592,0.614255141843626
1506739,2019,M?,1,0.3180338,0.46857747,0.21338871,0.30059174,0.49158546,0.20782275,0.3378238173459616,0.4207805174648305,0.24139566518920808,0.3366976019969546,0.4314708008057784,0.23183159719726684,0.2742640189619659,0.5366804972840004,0.1890554837540338,0.26840359049016344,0.5550167835205406,0.17657962598929586
1506891,2020,M?,1,0.16166294,0.39015698,0.44818002,0.185229,0.34794638,0.46682462,0.21542201969322883,0.31486581946308845,0.46971216084368267,0.21975774101661613,0.3117379015022748,0.468504357481109,0.2114998774529921,0.4211677207154415,0.36733240183156657,0.24480693659154795,0.4454079550146515,0.3097851083938005
1507212,2020,M?,1,0.39579332,0.30990353,0.29430315,0.38280094,0.32963598,0.28756306,0.40761497242018907,0.3133313476917584,0.2790536798880524,0.4091050950161989,0.3081000684376048,0.2827948365461965,0.3830350280845944,0.36697846333109163,0.2499865085843139,0.3849365539553781,0.36075296819104335,0.25431047785357846
1507727,2021,M?,1,0.2362526,0.55348223,0.21026516,0.2734406,0.5222416,0.20431781,0.30194539087575173,0.4611690253672895,0.23688558375695934,0.2899180526134491,0.4709622911945225,0.23911965619202843,0.27155649431289375,0.5324105946592744,0.1960329110278318,0.2681535051490775,0.5454364015889797,0.18641009326194283
1508101,2019,M?,1,0.28918055,0.39633816,0.31448132,0.3027145,0.3716429,0.3256426,0.32050897006575085,0.37770388099137275,0.3017871489428765,0.3141349180834872,0.389260998942763,0.29660408297374913,0.27653471100816995,0.3852213574343329,0.3382439315574971,0.25624479231187736,0.44084287797782973,0.30291232971029297
1508172,2020,M?,1,0.2360874,0.37139675,0.3925159,0.28429005,0.36001325,0.35569677,0.2888894417435894,0.35283827365652287,0.3582722845998883,0.2911243220362948,0.34753837167799717,0.3613373062857078,0.3188129428677503,0.3662911039337513,0.3148959531984984,0.34647967662258433,0.3533637179049762,0.3001566054724394
1508636,2019,M?,1,0.4043088,0.4800515,0.11563973,0.3955306,0.41632473,0.18814462,0.35227424954995706,0.40968467352751403,0.238041076922529,0.3701622710302908,0.4191053685726793,0.2107323603970297,0.37520399435230556,0.47426747945291986,0.15052852619477453,0.3423935990494546,0.538731815314813,0.11887458563573247
1508608,2020,M?,1,0.29875162,0.4504621,0.2507863,0.35170037,0.40647763,0.241822,0.3319877597160601,0.3843022676692445,0.28370997261469616,0.34453071209829056,0.39530137867497084,0.26016790922673877,0.3577412009611998,0.4378166528690153,0.20444214616978493,0.37274454628063436,0.43338587455282485,0.19386957916654085
1508611,2020,M?,1,0.22036421,0.3401151,0.43952063,0.24494186,0.36529937,0.38975877,0.27777220827475413,0.30844152395984226,0.41378626776540356,0.27423986944323714,0.3164996030421999,0.4092605275145629,0.28525686174703685,0.3798961737420925,0.3348469645108706,0.27256246306608667,0.3829396004461826,0.34449793648773075
1509846,2021,M?,1,0.5041666,0.28255695,0.21327645,0.40900737,0.41050375,0.18048893,0.3625124525286471,0.37317343578087603,0.2643141116904771,0.36648246442082744,0.3885083715618168,0.24500916401735565,0.4017345663035698,0.456009341522264,0.14225609217416632,0.3386243718388411,0.5223540525421232,0.13902157561903572
1509941,2019,M?,1,0.31027552,0.4923385,0.19738597,0.29937103,0.51684827,0.18378069,0.33581272910084076,0.4577706625260758,0.20641660837308384,0.33408056378135564,0.45619771727027403,0.2097217189483702,0.23345105226688326,0.5842900092370946,0.18225893849602204,0.22850928731367262,0.5899830853770752,0.18150762730925216
1510585,2019,M?,1,0.2855613,0.5260798,0.18835892,0.28620946,0.51680607,0.19698448,0.3337335237456853,0.45991505998871174,0.20635141626560324,0.3239015148435253,0.46883268793510074,0.2072657972213735,0.2648688808812238,0.5736471884648069,0.1614839306539693,0.2630169267383264,0.5850665790852357,0.1519164941764378
1510673,2021,M?,1,0.26913878,0.49592394,0.23493728,0.30897802,0.43753767,0.2534843,0.32526297278930033,0.4364583890473942,0.23827863816330622,0.31608114498156825,0.435860908252214,0.2480579467662179,0.2811421419193575,0.424917610843165,0.2939402472374775,0.24757835722412821,0.47621913550224043,0.27620250727363127
1510731,2019,M?,1,0.27636802,0.64213604,0.08149589,0.28027424,0.61535645,0.1043693,0.3416814353868357,0.46537144054623847,0.19294712406692657,0.32719556192126803,0.4791596217274746,0.1936448163512571,0.26939389292798077,0.6366011999160631,0.09400490715595614,0.2623814551343956,0.6442950019866621,0.09332354287894234
1511606,2021,M?,1,0.22511558,0.341357,0.4335274,0.25205868,0.3406106,0.40733072,0.25600730524491133,0.33609929267466837,0.40789340208042063,0.25676086563103007,0.33027859904025647,0.41296053532871346,0.22407382525407057,0.35654996953147633,0.41937620521445307,0.1969138094602864,0.3585282569643212,0.4445579335753923
1511708,2019,M?,1,0.236063,0.6716881,0.09224892,0.35929096,0.4764941,0.1642149,0.3776626825073063,0.3528966810852778,0.2694406364074162,0.36977025553066695,0.3661252230864416,0.2641045213828914,0.4210334729071457,0.4522613087065507,0.1267052183863036,0.3191886577593378,0.5623916582225832,0.1184196840180789
1511709,2020,M?,1,0.435732,0.3735368,0.19073121,0.47947595,0.32253295,0.19799107,0.45909751463483944,0.3328137235965686,0.20808876176859187,0.455681645156984,0.32964668002461733,0.21467167481839805,0.4694200900564077,0.3028504805935897,0.22772942935000262,0.4638706694847736,0.3156241316352041,0.2205051988800222
1511896,2021,M?,1,0.35379842,0.43663818,0.2095634,0.3829701,0.41151363,0.20551631,0.32762245745474,0.43207902398533543,0.24029851855992537,0.32163561513492284,0.45546009028984075,0.22290429457523622,0.4269722431225547,0.3669094022531641,0.20611835462428124,0.4422825424437879,0.3473893747758367,0.2103280827803755
1512345,2019,M?,1,0.19084361,0.30117217,0.5079842,0.21758386,0.33145717,0.45095903,0.2340932136369376,0.3390715422994378,0.42683524406362494,0.2329817578204558,0.33823352491396597,0.42878471726557826,0.19067129913550424,0.28637118303772324,0.5229575178267725,0.1928799216870617,0.25857510620578233,0.548544972107156
1512237,2021,M?,1,0.21611658,0.2538314,0.53005207,0.21320276,0.30698785,0.47980943,0.23932242325689063,0.2907666406536989,0.46991093608941054,0.23832978987010975,0.2982221805987544,0.46344802953113634,0.18162946803655755,0.2963877941982892,0.5219827377651532,0.19124765996068416,0.25353627535212975,0.555216064687186
1512256,2019,M?,1,0.17479946,0.39144763,0.43375286,0.24753112,0.39938125,0.3530876,0.2599795870395767,0.36250912776314664,0.3775112851972771,0.2489567728451389,0.3698539621733704,0.3811892649814905,0.2874482299907567,0.3818879977715275,0.33066377223771576,0.3077021299458212,0.3610330499949192,0.3312648200592595
1512387,2019,M?,1,0.27177265,0.5051383,0.22308908,0.31226206,0.4399664,0.24777153,0.3738295246046794,0.3843965061179452,0.24177396927737518,0.3514051321182341,0.3946871962257281,0.25390767165603767,0.33282603169910663,0.2715288472633693,0.39564512103752414,0.3231640524846775,0.2535856847900318,0.4232502627252907
1513162,2019,S+D,2,0.37136447,0.16086069,0.46777484,0.49627033,0.2336763,0.2700534,0.34949523601914384,0.25249579854337084,0.3980089654374858,0.36844105874654337,0.26347846650198714,0.36808047475147,0.384238599252121,0.19619463318150995,0.4195667675663691,0.2615024968985544,0.1280541668358507,0.6104433362655949
1517716,2019,S+D,2,0.3435818,0.18980156,0.46661663,0.30988166,0.3292425,0.3608759,0.3551888993783291,0.2760896485938026,0.36872145202786877,0.36169146583195205,0.2607557255143109,0.37755280865373736,0.2825998826454986,0.25893242614101264,0.4584676912134886,0.24438296931769463,0.22297194891467154,0.5326450817676338
1517886,2020,S+D,2,0.2736644,0.21496737,0.5113682,0.2689469,0.22821023,0.5028429,0.3092420431242811,0.24955244651084965,0.44120551036486955,0.30707647647831365,0.2505846961538892,0.4423388273677971,0.23747540435859965,0.1904955354985252,0.5720290601428751,0.24269775343311717,0.18645332476285367,0.5708489218040291
1519072,2019,M?,1,0.34103876,0.3400489,0.31891236,0.35948256,0.3046173,0.33590016,0.3611562405027054,0.34556664403165616,0.2932771154656383,0.3604953914203377,0.35519076965864316,0.28431383892101897,0.34940401135817695,0.36194911131768776,0.2886468773241353,0.2774673338081653,0.4601397155648109,0.2623929506270237
1519075,2020,M?,1,0.34101325,0.28309375,0.37589303,0.28617045,0.35876092,0.35506865,0.3674626720683651,0.30687217773384046,0.32566515019779496,0.3536962100721612,0.3199885792679244,0.3263152106599144,0.2892890455838236,0.34529793316537793,0.36541302125079855,0.23243537799867567,0.40551246033581484,0.36205216166550946
1519082,2020,M?,1,0.46179932,0.3553748,0.18282585,0.47270304,0.32948855,0.19780846,0.44489464076651547,0.35577584603490436,0.19932951319858006,0.441856922665048,0.35458228857391805,0.20356078876103317,0.46218027733891787,0.3432628677976998,0.19455685486338223,0.4203248882367136,0.40864606337639875,0.17102904838688773
1519086,2021,M?,1,0.23686086,0.55643976,0.2066994,0.392446,0.43061793,0.1769361,0.3689132267064047,0.3944874608309442,0.23659931246265095,0.3775045982104217,0.3928491161469204,0.22964628564265785,0.38250447739013627,0.4353145136810976,0.18218100892876615,0.2250269058902,0.5745586158213981,0.20041447828840192
1519089,2021,S+D,2,0.27249068,0.2830229,0.44448647,0.2871142,0.2928518,0.420034,0.30053160910655075,0.28959139289745944,0.40987699799599037,0.30597512103173047,0.29077628040924447,0.4032485985590253,0.3178957002981949,0.2267601353135618,0.4553441643882433,0.31059573224519904,0.20050725440116143,0.48889701335363955
1519094,2021,M?,1,0.3797908,0.51832384,0.10188532,0.32876542,0.5458593,0.12537527,0.3971651700272374,0.4372682583508715,0.16556657162189123,0.3906434875285976,0.4530329432257041,0.15632356924569782,0.34803005039513585,0.5018099191500333,0.15016003045483092,0.34948291011244664,0.560252414182498,0.09026467570505524
1519096,2021,M?,1,0.29043487,0.30624378,0.40332136,0.31447822,0.34358257,0.3419392,0.328205800984996,0.3322786336153561,0.33951556539964767,0.32811755671692,0.31933279283211813,0.35254965045096187,0.35527411634229644,0.3656670830962243,0.27905880056147914,0.34631947960272896,0.3981398379308463,0.25554068246642486
1536247,2019,M?,1,0.5012501,0.29494253,0.2038074,0.42691672,0.31072605,0.26235718,0.3732144837652258,0.368809663759173,0.2579758524756013,0.3978894582036695,0.35850996216036946,0.24360057963596135,0.35243412733756174,0.3903958499429142,0.25717002271952405,0.34354314176826933,0.40429170155732397,0.25216515667440675
1536368,2019,M?,1,0.67034805,0.19553697,0.134115,0.39694092,0.28482655,0.3182325,0.445001923838972,0.2982868283045013,0.25671124785652644,0.4495626965761305,0.3017538044551619,0.24868349896870726,0.30797515956073845,0.28669253311995885,0.4053323073193026,0.4346552531643418,0.34791702572492084,0.21742772111073744
1536398,2019,M?,1,0.35596702,0.22870559,0.41532737,0.38977,0.27948076,0.33074924,0.3733716845060795,0.2615471362469952,0.3650811792469252,0.37378385925861446,0.2576585054243659,0.36855763531702046,0.4026917447316526,0.30314262144234677,0.2941656338260006,0.40615804714070813,0.28856451422879675,0.305277438630495
1539742,2021,M?,1,0.21566348,0.46701244,0.31732404,0.26372138,0.42773855,0.30854008,0.26207661949455596,0.3847120881033191,0.35321129240212523,0.2515672290172259,0.40006369023013655,0.34836908075263706,0.31581441033984164,0.4223925511582297,0.26179303850192853,0.326815056350967,0.4200248282196179,0.2531601154294152
1549274,2021,M?,1,0.24024855,0.105542436,0.654209,0.3305014,0.15542224,0.51407635,0.3040258102665006,0.212924880295317,0.4830493094381831,0.2911102627014403,0.2117494200367754,0.497140317261785,0.3340327180224936,0.1385913287811808,0.5273759531963256,0.20282316483190868,0.08177879621761422,0.7153980389504772
1545872,2021,M?,1,0.2948246,0.3018932,0.40328217,0.31065047,0.3102337,0.37911582,0.35486548280276,0.3043065695896507,0.3408279476075896,0.35893114976806395,0.3003032147426068,0.3407656354893287,0.31128173878730675,0.3211436528712794,0.3675746083414138,0.3113810611797144,0.3533976131453334,0.3352213256749522
1547427,2019,M?,1,0.35825548,0.31057683,0.3311677,0.3125664,0.37191862,0.315515,0.3248934293374969,0.34321589223013726,0.33189067843236636,0.3182396859513446,0.3517627242564295,0.32999758979222554,0.271289212651921,0.4418060217832311,0.2869047655648478,0.2027779480023935,0.5103850518538503,0.2868370001437563
1547642,2021,M?,1,0.21194956,0.63201725,0.15603323,0.25698113,0.54060197,0.20241696,0.2971477829303762,0.44667879383578973,0.2561734232338341,0.28703779805643653,0.44304508518869845,0.26991711675486435,0.21252693526415176,0.5584710509885983,0.22900201374724988,0.1822721789703155,0.6045913585850907,0.21313646244459383
1548198,2020,M?,1,0.18843217,0.72145194,0.09011587,0.19436072,0.6912074,0.11443181,0.2903910933328359,0.5137542863350406,0.19585462033212375,0.27965034674984773,0.5293328716056416,0.19101678164451108,0.200351629107341,0.6901010047768413,0.10954736611581763,0.14939693599832216,0.7526461324548062,0.09795693154687173
1548214,2021,M?,1,0.2332071,0.5995621,0.1672308,0.22273242,0.6194095,0.15785803,0.3207861912126941,0.46094664098799387,0.21826716779931266,0.29861774525232204,0.47254731126966787,0.22883494347800948,0.25519258854535654,0.6258394044165759,0.11896800703806762,0.17305067797806858,0.7177468279934704,0.10920249402846094
1548553,2019,M?,1,0.32742652,0.5206971,0.15187635,0.302921,0.45999315,0.23708586,0.34638014273146395,0.4407095011563186,0.21291035611221767,0.34552831062018874,0.418891198625148,0.23558049075466275,0.2539357233067385,0.5541609351458971,0.19190334154736438,0.25042751966085997,0.5609266108833598,0.18864586945578007
1549146,2021,M?,1,0.2858597,0.52516055,0.18897974,0.26207623,0.47112057,0.26680318,0.2813312471229003,0.43581178488144334,0.2828569679956568,0.28394029298530243,0.4393485492123444,0.276711157802353,0.3031940528950904,0.40680283460008676,0.2900031125048229,0.31954329006083376,0.4063391864780993,0.2741175234610668
1549153,2021,M?,1,0.37986642,0.45322943,0.16690415,0.32046518,0.42953795,0.24999686,0.3441390229510376,0.40670929833501557,0.24915167871394686,0.34697035594169257,0.4040344614398507,0.24899518261845685,0.27198027066520675,0.5040344092136755,0.2239853201211178,0.2859696708577314,0.5161948952859229,0.19783543385634586
1549157,2021,M?,1,0.21741758,0.66037416,0.122208245,0.2693499,0.5050106,0.22563949,0.3199381443480499,0.4519208961183368,0.22814095953361316,0.3234600248671559,0.4628082652119477,0.21373170992089632,0.2947982540341368,0.4482843009063082,0.2569174450595549,0.30836565988126396,0.45409091607382435,0.23754342404491174
1549782,2019,M?,1,0.22463222,0.056273244,0.7190945,0.21647443,0.073753305,0.7097722,0.32254820459545414,0.09905683073350605,0.5783949646710395,0.32773840830741846,0.09486056912202626,0.5774010225705557,0.2568060290597192,0.10322786715526394,0.6399661037850168,0.2577859381070054,0.08072958777872923,0.6614844741142654
1549800,2019,M?,1,0.4216126,0.28127185,0.29711553,0.43753096,0.26638347,0.2960856,0.37573630424341026,0.28511090200742817,0.3391527937491619,0.3641361645818722,0.2769345091088233,0.3589293263093049,0.3788671972758827,0.19431153889298944,0.4268212638311278,0.42214407676952037,0.1706709061521856,0.40718501707829396
1555231,2019,S+D,2,0.23275039,0.2156955,0.5515541,0.25243068,0.18643285,0.5611365,0.22941643178513857,0.2203849151666729,0.5501986530481885,0.23777346949623993,0.21968088332989807,0.5425456471738613,0.3142500350476266,0.142113429844016,0.5436365351083573,0.3597531424720082,0.11946002119204777,0.5207868363359441
1557798,2020,M?,1,0.35836557,0.37802026,0.26361424,0.41766027,0.364752,0.21758766,0.3849139623893993,0.3875297395320369,0.22755629807856415,0.3828700732522772,0.39126755346273895,0.22586237328498304,0.4472665861509317,0.3180498327668803,0.23468358108218806,0.47646596661439194,0.30505332331735313,0.21848071006825492
1557800,2020,M?,1,0.38188505,0.47594106,0.14217384,0.3285563,0.5008816,0.17056209,0.34935428471214997,0.4492532117495603,0.2013925035382899,0.3483788680123478,0.45436008386513854,0.19726104812251358,0.291914304875319,0.5229929467372191,0.18509274838746181,0.28687950595768286,0.5278837721049199,0.18523672193739726
1570213,2019,M?,1,0.16441576,0.11086738,0.7247169,0.277372,0.14279927,0.5798287,0.21344690878876107,0.14155596867851097,0.6449971225327273,0.20698138363111745,0.1495874873832418,0.643431128985641,0.402197866344375,0.17858723144192512,0.41921490221369984,0.4184639567154818,0.15222146405473186,0.42931457922978633
1574148,2019,S+D,2,0.18240921,0.6241328,0.19345805,0.25431135,0.5081708,0.23751782,0.30020620726997777,0.4424790062838108,0.2573147864462118,0.2923540121498334,0.4547682730633037,0.2528777147868627,0.2941551782866867,0.5966121285897047,0.10923269312360868,0.320752898809393,0.5724222685893186,0.1068248326012885
1576349,2019,S+D,2,0.17332397,0.15346138,0.6732147,0.17030783,0.16145395,0.6682382,0.25113150197227313,0.1908418031512847,0.5580266948764421,0.2617359580924741,0.18765980391202647,0.5506042379954998,0.1833762444412044,0.14637079015784404,0.6702529654009516,0.1720399972689341,0.1422983056215917,0.6856616971094742
1577846,2021,M,0,0.47249228,0.4404968,0.08701094,0.429096,0.44116879,0.1297352,0.4185250715160031,0.44082709422010424,0.1406478342638931,0.43204684684571476,0.42490299010191257,0.14305016305237234,0.4292704164461901,0.4470778431059264,0.1236517404478835,0.44143318855033054,0.43570920823377396,0.12285760321589549
1578289,2019,S+D,2,0.17581137,0.26519468,0.558994,0.18062814,0.25593004,0.5634418,0.22349625360869746,0.28860887490937476,0.487894871481928,0.22526169154746228,0.2713199787411409,0.5034183297113972,0.1434040408625405,0.20366196236787307,0.6529339967695863,0.10612676878251791,0.17519129497619176,0.7186819362412904
1579075,2019,M?,1,0.4693328,0.29398343,0.23668376,0.35048622,0.33560485,0.31390896,0.43473840687991,0.32568551983993843,0.23957607328015154,0.4315911107283498,0.31335746429307104,0.25505142497857913,0.35011857359942244,0.3719149307208629,0.27796649567971465,0.3491938597102825,0.37316552165128686,0.2776406186384307
1581602,2019,M,0,0.30572805,0.31445208,0.3798199,0.32120714,0.34721133,0.33158147,0.33852587346142243,0.32145916393603047,0.340014962602547,0.3389819873849326,0.3161612444146888,0.34485676820037836,0.36373395359567423,0.3613390754667504,0.27492697093757534,0.3755090100286098,0.3506245173868422,0.273866472584548
1581611,2019,M?,1,0.29361162,0.562415,0.14397338,0.33312494,0.48827308,0.17860192,0.32747532373795785,0.455243398178193,0.2172812780838494,0.3224883084776154,0.47108317455564885,0.20642851696673595,0.35633240815695155,0.44507555034068474,0.19859204150236362,0.3233047357818981,0.4698109647568633,0.20688429946123846
1582215,2019,M?,1,0.45807162,0.39009592,0.15183248,0.42945817,0.39852974,0.17201209,0.4381615662065788,0.36829041359835185,0.1935480201950696,0.4414974018659948,0.36483767438720166,0.19366492374680389,0.43588515690111546,0.40748961187064336,0.1566252312282412,0.44154403716648766,0.4162549471603823,0.14220101567313
1603232,2019,M?,1,0.5132733,0.30037874,0.186348,0.4343072,0.30001152,0.26568124,0.4449279770330658,0.33180603273385917,0.22326599023307522,0.44276121645171124,0.332588648412974,0.22465013513531557,0.40502731332383124,0.31020944074298823,0.2847632459331805,0.41501903073245955,0.3164031571970725,0.2685778120704679
1605025,2019,M?,1,0.19760805,0.6929988,0.109393105,0.1458777,0.6998805,0.15424185,0.2885883843328889,0.504386361748145,0.20702525391896634,0.2899622863850439,0.5219897210920642,0.18804799252289206,0.16271825238762874,0.7069654149246758,0.13031633268769555,0.17356931560071,0.7301784936056643,0.09625219079362562
1605274,2019,M?,1,0.44857287,0.27369547,0.27773166,0.3229621,0.36789352,0.3091444,0.30396969938051654,0.37554400881866334,0.32048629180081967,0.31748951979552503,0.3480559319992934,0.334454548205182,0.2068031307202946,0.32307825333977985,0.47011861593992554,0.15768926977029332,0.25472212225854257,0.5875886079711641
1605319,2020,S+D,2,0.46039632,0.16955902,0.37004462,0.4037911,0.26820546,0.32800344,0.35602734975238537,0.31970745635981557,0.3242651938877992,0.3613326580459061,0.28977477277756936,0.3488925691765251,0.3721498276281367,0.32673121266298766,0.30111895970887564,0.41095051767226703,0.2969216225364386,0.29212785979129435
1609746,2020,M?,1,0.23932497,0.343077,0.41759807,0.21534525,0.46578157,0.31887314,0.23752203422092286,0.42563826410707545,0.33683970167200233,0.2339055064753715,0.43654893324546684,0.3295455602791605,0.16470546296920455,0.5763507648017008,0.2589437722290947,0.22715221237502517,0.5487713245306135,0.22407646309436136
1610293,2019,M?,1,0.3098623,0.3108731,0.37926465,0.3370014,0.35531682,0.30768177,0.36691875896536286,0.36727851402696915,0.26580272700766855,0.3690842179881074,0.369621685701188,0.2612940963107045,0.2880661208160504,0.3502819386808105,0.3616519405031391,0.2730575324861183,0.36110659663187766,0.3658358708820041
1610347,2019,M?,1,0.2569994,0.34543434,0.39756632,0.28648543,0.34150228,0.37201226,0.3236222131651987,0.35091805544474886,0.32545973139005246,0.3196792720147974,0.3401177660274477,0.34020296195775507,0.3525250698188927,0.3631976193757669,0.28427731080534036,0.3324468638081646,0.3887649352892257,0.27878820090260975
1615446,2019,M?,1,0.2410351,0.5065415,0.25242338,0.22576797,0.480902,0.2933301,0.28942863846817546,0.4318828792627859,0.27868848226903853,0.29865972934786184,0.42435068965055917,0.2769895810015792,0.2600803327238161,0.45458846142979237,0.28533120584639166,0.3427807719484348,0.412401229059001,0.24481799899256407
1621494,2019,M?,1,0.363616,0.4386565,0.19772752,0.3923601,0.41940197,0.18823795,0.34919890393787706,0.42246763558088846,0.22833346048123515,0.3439928159293331,0.42773753784152907,0.22826964622913729,0.4531312985483865,0.3747911761263757,0.17207752532523785,0.46146069997655315,0.3743026776444615,0.1642366223789852
1626150,2020,M?,1,0.2849402,0.5391118,0.17594801,0.26381573,0.5101887,0.22599554,0.33221154646593404,0.44192829129700456,0.22586016223706132,0.3312712877190612,0.44577462168771814,0.22295409059322044,0.2938772349437114,0.4436509424973612,0.2624718225589275,0.2539954189362458,0.4539419776142774,0.2920626034494769
1639907,2020,M?,1,0.39590642,0.3568246,0.2472689,0.3635034,0.35160762,0.28488898,0.3634242230915045,0.3830124701880559,0.25356330672043975,0.3770105546178645,0.37956862834014743,0.2434208170419876,0.3529921449400687,0.3737727312337619,0.2732351238261694,0.3315540102612481,0.39365081561337967,0.27479517412537224
1640402,2019,M?,1,0.46964672,0.33692867,0.19342464,0.36438584,0.4559502,0.17966399,0.343678127376819,0.4656439876416116,0.1906778849815693,0.3491465158692711,0.4650143925236256,0.18583909160710296,0.27900716350946886,0.5537259787564415,0.16726685773408964,0.2361150848674933,0.6173016149378516,0.14658330019465504
1641189,2019,S+D,2,0.30038494,0.15324794,0.5463671,0.24137469,0.11492052,0.6437048,0.3305883694263071,0.14482255567544192,0.524589074898251,0.31760999907752746,0.13854106546592027,0.5438489354565526,0.4776934409088389,0.15526249028741476,0.3670440688037463,0.4424439540643948,0.14526241488141237,0.41229363105419287
1641408,2021,M?,1,0.24296062,0.29310536,0.463934,0.25636858,0.33314544,0.41048598,0.3122768695472976,0.3145545785746445,0.37316855187805753,0.30739474136943196,0.31710708910081364,0.37549816952975446,0.3103971284920705,0.3263454380767571,0.3632574334311724,0.28889144768668146,0.3433155361039686,0.36779301620934995
1642371,2021,M?,1,0.25154477,0.6345457,0.11390952,0.31447724,0.5232455,0.1622772,0.33333092895259564,0.5003424816110543,0.16632658943635054,0.3407250074024591,0.499649092183558,0.15962590041398275,0.2981264636976979,0.5334873255969825,0.1683862107053195,0.3020130877612469,0.5342912802650952,0.1636956319736578
1642808,2021,M?,1,0.36281925,0.38790053,0.24928026,0.2978234,0.3666604,0.3355162,0.32357297386491807,0.37159433661257746,0.3048326895225045,0.3289465633936458,0.3628713685416765,0.3081820680646778,0.31722735759403586,0.35619487887083534,0.3265777635351287,0.3173335011662183,0.34890058675139757,0.3337659120823841
1643753,2020,M?,1,0.18505968,0.4241657,0.39077458,0.18528706,0.43713647,0.3775764,0.2520351296955824,0.36312420297989373,0.3848406673245244,0.2538578548419364,0.3642969171156725,0.38184522804239085,0.20180461150088047,0.45840232797440617,0.3397930605247135,0.2732418111748936,0.4251216737748811,0.3016365150502253
1644099,2019,M?,1,0.20911753,0.36107454,0.4298079,0.25716162,0.3450189,0.39781943,0.24704795753176736,0.3413960739423224,0.41155596852591064,0.2539921016120752,0.3323369384414936,0.4136709599464311,0.23205314528672077,0.31803199780640967,0.4499148569068695,0.23743173894945566,0.2962468997359001,0.46632136131464424
1648767,2020,M?,1,0.33064133,0.36916575,0.30019286,0.3312738,0.38148743,0.28723878,0.3427391251733846,0.36253899844784726,0.2947218763787685,0.3436674763003857,0.35387174681551264,0.30246077688410133,0.39387562776003743,0.3901621256013897,0.21596224663857297,0.40467104192010517,0.39097244164592315,0.2043565164339717
1648770,2020,S+D,2,0.26293314,0.38908747,0.3479794,0.24935189,0.43793082,0.3127173,0.3285459598880119,0.35978774948144654,0.31166629063054163,0.3383629608369685,0.36493032300721173,0.29670671615581995,0.3361160286234347,0.39431973302267653,0.2695642383538887,0.3685094173168201,0.35133275659318225,0.2801578260899976
1648774,2021,M?,1,0.52588063,0.2909321,0.18318726,0.48303065,0.31616613,0.20080325,0.46854600304307814,0.3237746059592417,0.2076793909976803,0.47227603543597285,0.30971149952090793,0.2180124650431189,0.48559804304568704,0.31893347330975935,0.19546848364455358,0.5207106849078973,0.31372414143992483,0.16556517365217782
1648800,2020,M?,1,0.22785231,0.36262345,0.40952426,0.2697676,0.32539967,0.40483275,0.29146394260521413,0.34166334927145653,0.36687270812332956,0.30789920395455345,0.34821635039712917,0.3438844456483172,0.21807823041835742,0.30740265082982626,0.4745191187518163,0.22293769108356454,0.3008240399951277,0.4762382689213079
1662619,2021,M?,1,0.22614698,0.50912404,0.26472893,0.29211107,0.45314878,0.25474015,0.2975407145292674,0.4528282268415433,0.24963105862918952,0.30749004016205456,0.4407665941669582,0.2517433656709867,0.28259707488057806,0.4839543671435721,0.23344855797584996,0.25076749905369183,0.5215970056411504,0.22763549530515775
1665472,2019,M?,1,0.19802505,0.4569314,0.34504357,0.22084695,0.4902763,0.28887674,0.26787384620559623,0.4000790792627928,0.3320470745316107,0.27277841294270533,0.39726193661841774,0.3299596504388762,0.225758700000397,0.5113303518553542,0.26291094814424876,0.19200949964399858,0.5376509884676031,0.2703395118883983
1665961,2021,M,0,0.36401516,0.51793253,0.11805226,0.34714407,0.5236276,0.12922831,0.35706749595087584,0.4727666899234286,0.170165814125696,0.3439076530762988,0.4901632086484314,0.16592913827526964,0.28385805541580633,0.6059214890298502,0.11022045555434337,0.2708760115919361,0.6300857590562144,0.09903822935184947
1667089,2019,M?,1,0.35196403,0.53552145,0.11251456,0.40521973,0.46459395,0.13018626,0.3570265059572496,0.4654390626174033,0.17753443142534758,0.35915774016769697,0.4786541266754819,0.16218813315682126,0.40699690815039113,0.4596692770383978,0.13333381481121107,0.38174594894979724,0.4897227053200353,0.12853134573016745
1667093,2019,M?,1,0.26860446,0.53012645,0.20126905,0.223877,0.50956786,0.2665551,0.2900211858473745,0.47566097557459236,0.23431783857803315,0.29531602513537747,0.48341462422648507,0.22126935063813694,0.21802873708243178,0.4993055548202509,0.2826657080973173,0.2929812862721708,0.4533476040991869,0.2536711096286422
1667234,2019,M?,1,0.18169905,0.4384495,0.37985146,0.24147101,0.41326547,0.3452635,0.2705629295098061,0.42929257801348764,0.300144492476706,0.27401716769237006,0.42272923206997115,0.3032536002376585,0.3069706732813321,0.41453054997333694,0.27849877674533097,0.2866342954756137,0.4388589470504486,0.27450675747393777
1669750,2021,M?,1,0.24336973,0.24123627,0.51539403,0.245885,0.30441007,0.44970495,0.30369166960768823,0.31054871051441824,0.38575961987789337,0.2932321055148246,0.3328998036962238,0.3738680907889514,0.19977104549660507,0.286763045541658,0.5134659089617369,0.1885263348840595,0.2874253784870115,0.524048286628929
1672532,2019,M?,1,0.24277858,0.3404046,0.41681683,0.282181,0.3360326,0.3817864,0.3133680557755203,0.32148402070500515,0.36514792351947495,0.31200687885382405,0.32496190560924765,0.36303121553692785,0.26323079881741024,0.37745106461897704,0.35931813656361267,0.23630698105689907,0.39549408785577955,0.3681989310873214
1684800,2021,M?,1,0.4436134,0.35206783,0.20431879,0.45172217,0.34474993,0.20352787,0.41552415155579264,0.36630166923826435,0.21817417920594318,0.4153585896435012,0.37344737729893024,0.2111940330575676,0.43007579380844174,0.37246914194482805,0.19745506424673012,0.40249101060147746,0.3985044132746688,0.19900457612385386
1684801,2020,M,0,0.3606271,0.4637243,0.17564863,0.3833093,0.4253377,0.19135295,0.37983205828244354,0.41076712503498414,0.2094008166825716,0.36980491663703163,0.41992922992359866,0.21026585343936963,0.39768698962203103,0.40125820886053476,0.20105480151743416,0.38990792873575897,0.4239979060764023,0.18609416518783867
1685479,2019,M?,1,0.36433688,0.16765167,0.46801138,0.37747455,0.15849751,0.46402794,0.384210622719598,0.17756124931343092,0.438228127966971,0.41039966596406025,0.1658708918892917,0.42372944214664826,0.31331774668612145,0.17964569842798947,0.5070365548858891,0.31385700370439873,0.13932952528731277,0.5468134710082886
1714774,2020,M?,1,0.41724256,0.3024678,0.2802897,0.4000469,0.28160706,0.318346,0.3864299439830813,0.3395741893795302,0.2739958666373887,0.38959472150218716,0.34020673979160343,0.2701985387062092,0.3373259558163565,0.2787951300817505,0.383878914101893,0.3373353475141941,0.23842878505642362,0.4242358674293824
1715524,2019,M?,1,0.3390985,0.40673664,0.25416484,0.36154965,0.38657528,0.25187507,0.38583003509334046,0.3526519505080604,0.2615180143985997,0.38735506461827884,0.3697272759381374,0.24291765944358354,0.30521944755333025,0.35524257195990505,0.33953798048676465,0.3075207720357079,0.34806961210298815,0.34440961586130386
1715559,2020,S+D,2,0.22211422,0.26226985,0.51561594,0.27711666,0.34540313,0.3774802,0.33230277693590904,0.3856071660468514,0.28209005701723977,0.31771785672724484,0.3961871009961739,0.28609504227658156,0.4403332441187367,0.4397940597071704,0.11987269617409294,0.460430998185847,0.4358166683317165,0.10375233348243657
1716602,2021,M?,1,0.31249383,0.47317296,0.21433319,0.32799593,0.41476578,0.25723836,0.32195528539276763,0.4276407096859917,0.2504040049212409,0.31855235331261217,0.4341561915626761,0.24729145512471085,0.29911283004532374,0.43934642977360305,0.26154074018107326,0.28271101923485775,0.46999253679861236,0.24729644396652994
1718688,2019,M?,1,0.34273618,0.3290054,0.3282584,0.3410756,0.31311005,0.34581435,0.3493843095165949,0.340998274572735,0.3096174159106707,0.3487015712543318,0.3478494121007355,0.3034490166449327,0.3275446612960799,0.3235341996783821,0.34892113902553795,0.32476273716194365,0.32170247761196463,0.3535347852260917
1719553,2019,M?,1,0.6010116,0.32332844,0.075659946,0.5323723,0.30541256,0.16221519,0.46561041821158766,0.3608238044616819,0.17356577732673042,0.48655957778778336,0.356479155533979,0.15696126667823707,0.5072324157260933,0.35363676994331406,0.13913081433059257,0.5404067404484466,0.32791446553435455,0.13167879401719879
1786008,2019,M?,1,0.4068812,0.15111251,0.44200626,0.34658068,0.14580524,0.5076141,0.28207634934573433,0.14459208348150213,0.5733315671727632,0.2843518920078302,0.14062163959025933,0.5750264684019103,0.24973985455657471,0.12655192554031422,0.6237082199031111,0.2346011535151564,0.11965506192707512,0.6457437845577685
1786902,2019,S+D,2,0.34476408,0.41588074,0.23935518,0.38573977,0.37472534,0.23953493,0.3886583252657412,0.3633040295319278,0.2480376452023309,0.39074297895055177,0.36622922966816757,0.24302779138128053,0.3935182647852166,0.36945268217219845,0.23702905304258498,0.4278502723379521,0.33524487085599325,0.2369048568060546
1805331,2020,S+D,2,0.35972428,0.47101048,0.16926527,0.3700653,0.46113533,0.16879933,0.3560822784466048,0.4080315204363972,0.23588620111699807,0.33813099791541157,0.4153902878234079,0.24647871426118073,0.35775788839708533,0.48875503805099574,0.1534870735519191,0.36542462738140513,0.4992877739876915,0.1352875986309034
1805466,2019,M?,1,0.27447054,0.47545013,0.25007936,0.29704195,0.39575076,0.30720726,0.30255686001467513,0.34622135311122626,0.35122178687409844,0.2990519928987526,0.3559774970849151,0.34497051001633217,0.34576281069046794,0.4180100015567205,0.2362271877528116,0.29770272779429396,0.4926119740751702,0.20968529813053585
1807299,2019,M?,1,0.27220127,0.40607253,0.32172623,0.2791287,0.38480064,0.33607063,0.3071618568929063,0.42974104931399665,0.2630970937930971,0.3045478715641684,0.44358309688356035,0.25186903155227114,0.24329534411846493,0.37410922440019495,0.38259543148134006,0.22982062407292722,0.3752588899261091,0.39492048600096374
1807504,2021,M?,1,0.26786914,0.61125714,0.12087374,0.2939492,0.4885631,0.21748775,0.31348768399918675,0.4786797383429538,0.20783257765785926,0.3052795249925221,0.4922586110014706,0.20246186400600774,0.30875818754321577,0.44214901394698125,0.24909279850980293,0.3078631060762713,0.4417235539119171,0.25041334001181154
1806782,2020,M?,1,0.3628644,0.50053424,0.13660134,0.32377347,0.5081521,0.1680744,0.37853241040830954,0.44405153523620183,0.17741605435548863,0.3856134735903604,0.4461839106191331,0.16820261579050633,0.3214814173543753,0.5515689135580047,0.1269496690876199,0.3079843714191256,0.576860225421403,0.11515540315947143
1807635,2019,M?,1,0.34984848,0.5113063,0.13884524,0.37828884,0.45745578,0.16425544,0.3281672964665356,0.4881087780296453,0.18372392550381914,0.31041414421023455,0.5176318676243452,0.17195398816542082,0.4097101201809732,0.4322135235247948,0.1580763562942319,0.41939591606903165,0.42732465159594357,0.1532794323350247
1807636,2019,M?,1,0.3199194,0.5310695,0.14901114,0.35805428,0.46596724,0.17597844,0.34112463519873415,0.4777565837192515,0.18111878108201443,0.34042665125259974,0.4871858531142045,0.172387495633196,0.39604458411417404,0.433142787969606,0.17081262791622004,0.40748666545788803,0.422185227422337,0.17032810711977506
1807637,2021,M,0,0.305843,0.6175869,0.076570034,0.33593768,0.5547374,0.10932493,0.3162757945877159,0.5470533531117245,0.13667085230055934,0.30692865994767804,0.5622372840006092,0.13083405605171353,0.40213504312420956,0.48221167955538646,0.11565327732040406,0.40970014496466944,0.481347842297369,0.10895201273796157
1807638,2021,M?,1,0.31289485,0.53814226,0.14896294,0.35373518,0.4784399,0.16782495,0.32326124459891903,0.4891607582472545,0.1875779971538264,0.3129515072436866,0.5103386003248331,0.17670989243148036,0.40006610874163256,0.43788356433309084,0.16205032692527657,0.40884711910613847,0.43297525426160627,0.15817762663225515
1807639,2021,M?,1,0.31289485,0.53814226,0.14896294,0.35373518,0.4784399,0.16782495,0.32326124459891903,0.4891607582472545,0.1875779971538264,0.3129515072436866,0.5103386003248331,0.17670989243148036,0.40006610874163256,0.43788356433309084,0.16205032692527657,0.40884711910613847,0.43297525426160627,0.15817762663225515
1807642,2021,M?,1,0.23376544,0.6765395,0.089695066,0.24899255,0.59331423,0.15769319,0.33757825586533935,0.4075451159637819,0.2548766281708786,0.3448923686189466,0.42253143872305565,0.23257619265799803,0.22325865307471698,0.5998209587872567,0.17692038813802635,0.22720373015631226,0.6344271165467119,0.13836915329697588
1807646,2020,M?,1,0.31289485,0.53814226,0.14896294,0.35373518,0.4784399,0.16782495,0.32326124459891903,0.4891607582472545,0.1875779971538264,0.3129515072436866,0.5103386003248331,0.17670989243148036,0.40006610874163256,0.43788356433309084,0.16205032692527657,0.40884711910613847,0.43297525426160627,0.15817762663225515
1808557,2020,M?,1,0.16316536,0.42853495,0.4082997,0.24374485,0.41394937,0.34230578,0.24468254222638908,0.36446641034626476,0.3908510474273466,0.23466483622586945,0.36206893704037235,0.403266226733758,0.27762293917419584,0.38235528042448935,0.340021780401315,0.281805912069816,0.3768584359679211,0.3413356519622628
1811130,2021,S+D,2,0.3328695,0.19855136,0.4685792,0.35336545,0.22779374,0.4188408,0.3210959700114384,0.24812074101354675,0.4307832889750152,0.31010729543494536,0.24056688907399607,0.4493258154910589,0.3296618292478573,0.18038435831942143,0.4899538124327211,0.19451038311996166,0.12380402558309354,0.6816855912969448
1812872,2021,M?,1,0.25341183,0.14747062,0.5991176,0.2969337,0.20254311,0.50052315,0.2972043335073843,0.2086218408710711,0.4941738256215444,0.2910282324199983,0.19301593829414215,0.5159558292858603,0.3031082232604308,0.19866032290395147,0.49823145383561784,0.3168691789650186,0.19538697949384673,0.48774384154113476
1813669,2020,S+D,2,0.18425922,0.29834163,0.51739913,0.19990724,0.29136857,0.5087242,0.2404194811518635,0.3107529201521744,0.44882759869596206,0.23965616307567864,0.30649986712205035,0.4538439698022716,0.17022351135537783,0.2506731599643181,0.579103328680304,0.16371236992577234,0.19188524764593448,0.6444023824282932
1828700,2019,S+D,2,0.29939312,0.49664852,0.20395844,0.31731352,0.49528235,0.18740411,0.32348824435254353,0.44116753910962714,0.23534421653782978,0.3183834200156686,0.454755114151854,0.22686146583247763,0.26508734010363144,0.5335946694742826,0.2013179904220859,0.24238908442586163,0.5730106606713326,0.1846002549028057
1831477,2019,M?,1,0.34984848,0.5113063,0.13884524,0.37828884,0.45745578,0.16425544,0.3281672964665356,0.4881087780296453,0.18372392550381914,0.31041414421023455,0.5176318676243452,0.17195398816542082,0.4097101201809732,0.4322135235247948,0.1580763562942319,0.41939591606903165,0.42732465159594357,0.1532794323350247
1831480,2021,M?,1,0.24694163,0.6279339,0.12512444,0.34951422,0.48657712,0.16390866,0.310431009384346,0.5026034587390635,0.18696553187659062,0.3032863325258726,0.5282212551394756,0.16849241233465195,0.3750873485621537,0.370930327895387,0.25398232354245937,0.3285675003943921,0.5603953334389175,0.1110371661666904
1833269,2021,M?,1,0.31289485,0.53814226,0.14896294,0.35373518,0.4784399,0.16782495,0.32326124459891903,0.4891607582472545,0.1875779971538264,0.3129515072436866,0.5103386003248331,0.17670989243148036,0.40006610874163256,0.43788356433309084,0.16205032692527657,0.40884711910613847,0.43297525426160627,0.15817762663225515
1833270,2021,M,0,0.3199194,0.5310695,0.14901114,0.35805428,0.46596724,0.17597844,0.34112463519873415,0.4777565837192515,0.18111878108201443,0.34042665125259974,0.4871858531142045,0.172387495633196,0.39604458411417404,0.433142787969606,0.17081262791622004,0.40748666545788803,0.422185227422337,0.17032810711977506
1848040,2021,M?,1,0.29617321,0.4975728,0.20625392,0.32159877,0.4222715,0.25612977,0.30106398593572026,0.4768235523277908,0.22211246173648877,0.2901113637745186,0.48605853809347027,0.2238300981320107,0.31206078242005386,0.447164451540686,0.24077476603926012,0.28918306896221335,0.46542200486163365,0.24539492617615294
1854930,2019,M?,1,0.21466465,0.12335747,0.66197795,0.27168867,0.18515901,0.54315233,0.26982499117878844,0.18947076371330443,0.5407042451079072,0.2733721771672038,0.19328657207618904,0.5333412507566074,0.24763729142518145,0.20368406566061809,0.5486786429142004,0.263051091731871,0.19700700532300186,0.5399419029451271
1854999,2020,M?,1,0.20216832,0.27814302,0.51968867,0.2561529,0.2871857,0.45666146,0.2417463782390726,0.2902186160374676,0.46803500572345996,0.2592394380381951,0.280743652889026,0.4600169090727782,0.21352427692846207,0.29719450438203704,0.48928121868950086,0.2851414221061675,0.26725024077621773,0.4476083371176148
1855478,2019,M?,1,0.32562095,0.36452603,0.30985305,0.35659996,0.32722983,0.31617025,0.38104467861268837,0.30968315655687667,0.3092721648304348,0.38313705731355296,0.303259878371078,0.3136030643153688,0.4033768658105957,0.3071749812509235,0.28944815293848075,0.4381623043442483,0.25358846624060655,0.30824922941514504
1857035,2020,S+D,2,0.2885054,0.33314666,0.37834787,0.3050178,0.3114224,0.38355982,0.29343485348867254,0.29694887689607247,0.40961626961525516,0.30549617622685127,0.2879828573535417,0.4065209664196071,0.3532403318222213,0.2702395672708454,0.3765201009069332,0.3504845580543839,0.26877940349508467,0.38073603845053133
1858982,2021,M?,1,0.3062564,0.18157287,0.5121707,0.31073636,0.20602278,0.4832409,0.3124828353353894,0.21342199983320115,0.4740951648314094,0.30695634608662675,0.21568335127368832,0.4773603026396851,0.3007720831244887,0.21718963658787085,0.48203828028764045,0.3130008948346343,0.2116901684028569,0.47530893676250874
1859764,2021,M?,1,0.23933104,0.20407072,0.55659825,0.26533997,0.19248341,0.54217666,0.25133817698337596,0.2284541223322159,0.5202077006844077,0.23219246506638022,0.23216954745044252,0.5356379874831769,0.39309873542733226,0.17220763821775292,0.43469362635491476,0.41868141997610003,0.14017301721332567,0.4411455628105743
1859767,2021,M,0,0.295525,0.5387055,0.16576947,0.39903927,0.4113547,0.18960603,0.38719511742151713,0.3654033776850667,0.24740150489341672,0.3811259764399177,0.36190825317269054,0.2569657703873918,0.4183767862349116,0.3954963697109984,0.18612684405408997,0.4148613599359423,0.39698539766353436,0.18815324240052328
