model,feature_set,params,mean_macro_f1,std_macro_f1,mean_macro_precision,std_macro_precision,mean_macro_recall,std_macro_recall,mean_weighted_f1,std_weighted_f1,mean_balanced_accuracy,std_balanced_accuracy,mean_log_loss,std_log_loss,mean_brier_multiclass,std_brier_multiclass,mean_macro_average_precision_ovr,std_macro_average_precision_ovr,mean_macro_roc_auc_ovr,std_macro_roc_auc_ovr,mean_precision_S+D,std_precision_S+D,mean_recall_S+D,std_recall_S+D,mean_f1_S+D,std_f1_S+D
xgboost,extended_geographic,"{""model__colsample_bytree"": 0.8, ""model__learning_rate"": 0.03, ""model__max_depth"": 6, ""model__min_child_weight"": 1, ""model__n_estimators"": 300, ""model__reg_lambda"": 5.0, ""model__subsample"": 1.0, ""sample_weight_mode"": ""balanced""}",0.4253331451771215,0.04753372660587925,0.43764992485645465,0.028883051677729105,0.4554869640411804,0.017696896598051005,0.4641017111888706,0.033324846504128015,0.4554869640411804,0.017696896598051005,1.0481435961023065,0.026136289712136815,0.6354379253488929,0.020899315157463398,0.4379284821965073,0.02723823247859806,0.6315469799536247,0.011716541269198863,0.38314689026217824,0.11835837038479399,0.49995218153498444,0.0636330305148569,0.4210115291620447,0.09108140889175884
xgboost,extended_geographic,"{""model__colsample_bytree"": 1.0, ""model__learning_rate"": 0.03, ""model__max_depth"": 3, ""model__min_child_weight"": 5, ""model__n_estimators"": 300, ""model__reg_lambda"": 1.0, ""model__subsample"": 0.8, ""sample_weight_mode"": ""balanced""}",0.42504851692674883,0.04428844872536897,0.4371756641284262,0.02512430650642288,0.45521153881264587,0.018414874085697364,0.4643508732039966,0.03249254842245945,0.45521153881264587,0.018414874085697364,1.0458199561516601,0.01729008354588944,0.6338960919329899,0.014025003681912273,0.4403515609825785,0.024978987553813708,0.6338547668787428,0.009296429375524853,0.3805938665525277,0.1127078344059111,0.49135595353239997,0.05696724677958465,0.41449021252799795,0.07712177224869678
xgboost,extended_geographic,"{""model__colsample_bytree"": 1.0, ""model__learning_rate"": 0.08, ""model__max_depth"": 3, ""model__min_child_weight"": 1, ""model__n_estimators"": 300, ""model__reg_lambda"": 5.0, ""model__subsample"": 1.0, ""sample_weight_mode"": ""balanced""}",0.4250101621639618,0.040709892038383565,0.4369373296663669,0.02174000149937516,0.4575936090473002,0.0171193978471166,0.46080330778200657,0.025107758388968067,0.4575936090473002,0.0171193978471166,1.0486373654300964,0.02093574642230296,0.636414824323569,0.016934782467404593,0.43973667624224017,0.02594572302346881,0.6330149057592259,0.008505167073382907,0.3752559505203518,0.11015857270866648,0.5034967256099886,0.05608963486268143,0.41676414737252293,0.07999934096910848
xgboost,airport_aware,"{""model__colsample_bytree"": 1.0, ""model__learning_rate"": 0.03, ""model__max_depth"": 3, ""model__min_child_weight"": 5, ""model__n_estimators"": 300, ""model__reg_lambda"": 1.0, ""model__subsample"": 0.8, ""sample_weight_mode"": ""balanced""}",0.4249894911833181,0.04413363196326224,0.43774368637570493,0.02369940304901455,0.45534239122786097,0.015763304992257202,0.46421604767169605,0.03482324250257896,0.45534239122786097,0.015763304992257202,1.0460264439239455,0.018401318115543387,0.6340350207538323,0.014534678461639033,0.43879136442960576,0.0260394380240053,0.6330459174698433,0.010307407558130213,0.3805592991167133,0.11370067195137643,0.4875212558193188,0.05245809920129399,0.41285143087446025,0.07628852312922048
xgboost,extended_geographic,"{""model__colsample_bytree"": 0.8, ""model__learning_rate"": 0.03, ""model__max_depth"": 3, ""model__min_child_weight"": 1, ""model__n_estimators"": 300, ""model__reg_lambda"": 1.0, ""model__subsample"": 0.8, ""sample_weight_mode"": ""balanced""}",0.4249637723966341,0.04378708860691928,0.43746198377999573,0.024222735991836164,0.4558898618983389,0.016538144588896023,0.4639401544022844,0.0340175294192013,0.4558898618983389,0.016538144588896023,1.0455744428929008,0.01666946469688119,0.6337018599021453,0.013653285718012232,0.44072264310821974,0.024694978811744338,0.6343016662996718,0.008364081749296844,0.3802419372666678,0.11288863134066827,0.4895826417476579,0.05655853887434352,0.4134841032906108,0.07628141173658494
xgboost,airport_aware,"{""model__colsample_bytree"": 0.8, ""model__learning_rate"": 0.03, ""model__max_depth"": 6, ""model__min_child_weight"": 5, ""model__n_estimators"": 300, ""model__reg_lambda"": 5.0, ""model__subsample"": 1.0, ""sample_weight_mode"": ""balanced""}",0.42461116037363206,0.047775330991234544,0.43682700258164775,0.02938819318364154,0.4541717886827401,0.016305015240455793,0.46466277242232906,0.034076836268824205,0.4541717886827401,0.016305015240455793,1.0466183562009381,0.027580652953134565,0.6349057476684017,0.02117750357232669,0.4382743137587569,0.02870006250129387,0.632607901854727,0.013273601511278025,0.38226131907283667,0.12306991152364924,0.4951024430890105,0.058264526340223805,0.41760946979485986,0.09153074356433058
xgboost,airport_aware,"{""model__colsample_bytree"": 1.0, ""model__learning_rate"": 0.03, ""model__max_depth"": 3, ""model__min_child_weight"": 1, ""model__n_estimators"": 300, ""model__reg_lambda"": 1.0, ""model__subsample"": 0.8, ""sample_weight_mode"": ""balanced""}",0.42452163322436737,0.044255047053861414,0.4375416273292598,0.02328119553672159,0.45561554938390864,0.013465174000185556,0.46355239240561535,0.03571076316996115,0.45561554938390864,0.013465174000185556,1.045693596062717,0.017021847141058945,0.633721976725717,0.013700432588621025,0.4385804604936787,0.0253972933742189,0.633024689597206,0.009317453319206833,0.37856090573820733,0.11367411987303272,0.4896748043972816,0.054043111003381286,0.41203524274278214,0.07692585450345518
xgboost,extended_geographic,"{""model__colsample_bytree"": 1.0, ""model__learning_rate"": 0.03, ""model__max_depth"": 3, ""model__min_child_weight"": 1, ""model__n_estimators"": 600, ""model__reg_lambda"": 5.0, ""model__subsample"": 1.0, ""sample_weight_mode"": ""balanced""}",0.4244579104379727,0.04050572079685904,0.4369400692841873,0.020980548142491784,0.45741248625399145,0.018636230478438237,0.46046489124047413,0.026663993219827393,0.45741248625399145,0.018636230478438237,1.0484338664529729,0.0194177787785189,0.6361786690677584,0.015776474033553377,0.4384971935476041,0.02587045075696774,0.6327979469685043,0.008248114017175203,0.37687143678215246,0.11011027422366387,0.5023199052497794,0.06004164429658193,0.4163054301004861,0.07697691956106376
xgboost,extended_geographic,"{""model__colsample_bytree"": 0.8, ""model__learning_rate"": 0.03, ""model__max_depth"": 6, ""model__min_child_weight"": 5, ""model__n_estimators"": 300, ""model__reg_lambda"": 5.0, ""model__subsample"": 1.0, ""sample_weight_mode"": ""balanced""}",0.42432422935168573,0.04718065824274841,0.43676307102402195,0.02820055143663251,0.4545339851529283,0.020369099436238415,0.4632784546667116,0.031603388399047416,0.4545339851529283,0.020369099436238415,1.0487563402659377,0.02817936012038738,0.6361676132464493,0.021896734162136708,0.43834318834668007,0.027011670602678593,0.6327852456069828,0.01174412595048812,0.3810348629751937,0.11879318186250806,0.4955323221224627,0.06715810485735416,0.41769980408317187,0.09282522600721058
xgboost,extended_geographic,"{""model__colsample_bytree"": 1.0, ""model__learning_rate"": 0.03, ""model__max_depth"": 3, ""model__min_child_weight"": 1, ""model__n_estimators"": 600, ""model__reg_lambda"": 1.0, ""model__subsample"": 0.8, ""sample_weight_mode"": ""balanced""}",0.4243054405171504,0.04161841341398291,0.4359922314575093,0.023486919920256005,0.4547554620628854,0.016091734752581997,0.4621477309384609,0.02637715569297317,0.4547554620628854,0.016091734752581997,1.0448204570497086,0.019980793530676475,0.6341244796416929,0.016300105143017832,0.44129477946250245,0.02388620896105657,0.6347112142836646,0.00857152446218268,0.37843449866313417,0.11565757069024223,0.4952958452216432,0.05123030160571686,0.41555068946444945,0.08287641259277714
xgboost,extended_geographic,"{""model__colsample_bytree"": 1.0, ""model__learning_rate"": 0.03, ""model__max_depth"": 3, ""model__min_child_weight"": 1, ""model__n_estimators"": 300, ""model__reg_lambda"": 1.0, ""model__subsample"": 0.8, ""sample_weight_mode"": ""balanced""}",0.42427515997631715,0.045506969530781705,0.43710077170594686,0.02503117543201326,0.4545401442349687,0.01657806813582852,0.46327509104097225,0.03488087395609728,0.4545401442349687,0.01657806813582852,1.04499634870012,0.01607165634695095,0.6333213366885164,0.013303540991394096,0.4401726620960266,0.02433960750155691,0.6339951313860415,0.008773897975887422,0.3786604172458298,0.11395287207637075,0.48704765788498977,0.05076402075197543,0.4118683550372671,0.07884135914127742
xgboost,extended_geographic,"{""model__colsample_bytree"": 1.0, ""model__learning_rate"": 0.03, ""model__max_depth"": 3, ""model__min_child_weight"": 1, ""model__n_estimators"": 600, ""model__reg_lambda"": 5.0, ""model__subsample"": 0.8, ""sample_weight_mode"": ""balanced""}",0.42411961658278774,0.039267805615228794,0.435755216069985,0.021421651962653374,0.455329336296779,0.01340763943218603,0.46162048222418867,0.02431262381563988,0.455329336296779,0.01340763943218603,1.0448789092362383,0.019751072155458595,0.6341709364431137,0.01613214756524663,0.44147137038320955,0.02506763668417075,0.6345538541729567,0.008535518255138163,0.37563945605806176,0.11088550685364296,0.4955001012658216,0.04986163460666646,0.4140089561409007,0.07751684612019363
xgboost,extended_geographic,"{""model__colsample_bytree"": 0.8, ""model__learning_rate"": 0.03, ""model__max_depth"": 3, ""model__min_child_weight"": 1, ""model__n_estimators"": 600, ""model__reg_lambda"": 5.0, ""model__subsample"": 1.0, ""sample_weight_mode"": ""balanced""}",0.42406219343688567,0.04047802772920105,0.4363576409352591,0.02097321994954611,0.4565292693578133,0.01729632649551339,0.460736598698833,0.026188192935912,0.4565292693578133,0.01729632649551339,1.0476648844174505,0.019939896893303242,0.6355857116841135,0.0159978971291585,0.4399459393808341,0.024949522836956204,0.6332502757711129,0.008024547034942217,0.37760191655878145,0.11092983714429867,0.5001300036217003,0.0615795317097847,0.41624365486435055,0.07908447024654079
xgboost,extended_geographic,"{""model__colsample_bytree"": 1.0, ""model__learning_rate"": 0.03, ""model__max_depth"": 6, ""model__min_child_weight"": 5, ""model__n_estimators"": 300, ""model__reg_lambda"": 5.0, ""model__subsample"": 1.0, ""sample_weight_mode"": ""balanced""}",0.42404033929837415,0.04324193833939284,0.43574766164311046,0.024497832659057858,0.4547246028127594,0.015528106761357043,0.46223530652692035,0.029565046192802744,0.4547246028127594,0.015528106761357043,1.052730854804165,0.027363029830159778,0.6384847429045831,0.021237628336262547,0.4347073172319238,0.026014986243077052,0.629595472735064,0.011544190160787643,0.38921570038029485,0.11905896031268176,0.5000585783010827,0.06790929551081078,0.42358776139675214,0.08906203522765008
xgboost,airport_aware,"{""model__colsample_bytree"": 0.8, ""model__learning_rate"": 0.08, ""model__max_depth"": 3, ""model__min_child_weight"": 1, ""model__n_estimators"": 300, ""model__reg_lambda"": 5.0, ""model__subsample"": 1.0, ""sample_weight_mode"": ""balanced""}",0.42394089046460504,0.041644772703880076,0.43544473247918186,0.023118241058502124,0.4569051800887178,0.01685985581647369,0.460182424288852,0.027579253168855858,0.4569051800887178,0.01685985581647369,1.0489288864750932,0.022888075281750686,0.6366851263014207,0.017496158943338412,0.4379782153007965,0.023905495797777232,0.6322041895693038,0.009610967049783103,0.38032285459237386,0.11027659149931018,0.5094234656730687,0.06758611721840463,0.4212852123242888,0.07904228375880307
xgboost,extended_geographic,"{""model__colsample_bytree"": 0.8, ""model__learning_rate"": 0.03, ""model__max_depth"": 3, ""model__min_child_weight"": 5, ""model__n_estimators"": 300, ""model__reg_lambda"": 5.0, ""model__subsample"": 0.8, ""sample_weight_mode"": ""balanced""}",0.4238721424370314,0.04327314548015426,0.4364220675490282,0.024230659005707648,0.4549419295787839,0.018449995833786623,0.46291070764708253,0.03317088957402931,0.4549419295787839,0.018449995833786623,1.0457445523761735,0.016356721575087923,0.6337286743059286,0.013415282899401346,0.440905269955158,0.025046269404856096,0.6343447572709258,0.00821632915872098,0.3800251131952274,0.11260614401508554,0.4936181330118582,0.05729204117875799,0.4146101235527869,0.07561996531407707
xgboost,extended_geographic,"{""model__colsample_bytree"": 1.0, ""model__learning_rate"": 0.03, ""model__max_depth"": 3, ""model__min_child_weight"": 1, ""model__n_estimators"": 600, ""model__reg_lambda"": 1.0, ""model__subsample"": 1.0, ""sample_weight_mode"": ""balanced""}",0.4238043640703137,0.0422397050121934,0.435686501417108,0.022566786151354663,0.4560528673965808,0.01623158322225926,0.4598423321285896,0.028279753360242205,0.4560528673965808,0.01623158322225926,1.0485420275533137,0.01866134276544016,0.6362096703558381,0.015460654032239667,0.438457905686363,0.023982790439050522,0.6327414858344753,0.007259110741949238,0.3773663558168956,0.11204955891442044,0.5015509541317381,0.059794605401332294,0.4165490788526804,0.08108138452733829
xgboost,extended_geographic,"{""model__colsample_bytree"": 0.8, ""model__learning_rate"": 0.03, ""model__max_depth"": 3, ""model__min_child_weight"": 5, ""model__n_estimators"": 600, ""model__reg_lambda"": 5.0, ""model__subsample"": 0.8, ""sample_weight_mode"": ""balanced""}",0.42372766191805644,0.0422797011911044,0.43625639946274164,0.023225670197738687,0.45523198389715114,0.016939035917540403,0.4605758720397808,0.0278732233555291,0.45523198389715114,0.016939035917540403,1.0457756883942904,0.02092627173704645,0.6346268826018165,0.01680951334848241,0.44168968437234923,0.024562886645761145,0.6350319431805557,0.008597340692851129,0.37838178295575864,0.11444240454551968,0.49554199607941385,0.05414848240625081,0.4148675259544009,0.08015470208127974
xgboost,extended_geographic,"{""model__colsample_bytree"": 0.8, ""model__learning_rate"": 0.03, ""model__max_depth"": 3, ""model__min_child_weight"": 1, ""model__n_estimators"": 300, ""model__reg_lambda"": 5.0, ""model__subsample"": 0.8, ""sample_weight_mode"": ""balanced""}",0.42371436190609496,0.04211007536135497,0.4358712277047433,0.023635458207366792,0.45456806144186324,0.01508831167501149,0.4626164687807573,0.032014657754977985,0.45456806144186324,0.01508831167501149,1.0454954152117568,0.016104249427702822,0.6335714787913999,0.013243338830752058,0.44064601641754314,0.02540088775314803,0.6340703975445625,0.008350998786974694,0.3791966557243591,0.11283361459241495,0.4908202327059554,0.05493439083187986,0.41309200933703893,0.07536777863614436
xgboost,extended_geographic,"{""model__colsample_bytree"": 0.8, ""model__learning_rate"": 0.03, ""model__max_depth"": 3, ""model__min_child_weight"": 1, ""model__n_estimators"": 600, ""model__reg_lambda"": 5.0, ""model__subsample"": 0.8, ""sample_weight_mode"": ""balanced""}",0.42367934543290103,0.04122571612089075,0.4353012731054388,0.023057570318635465,0.4544545245124037,0.01361889019447304,0.4610251968114447,0.02603049399550433,0.4544545245124037,0.01361889019447304,1.044765499011574,0.019791437640903707,0.6339368760685011,0.01609088564625351,0.44209019211010536,0.024678465353325924,0.6351085934001677,0.008480317579778419,0.3779350960159283,0.11494718358512035,0.49392936519308633,0.051384906455706376,0.4145519787823533,0.08221435749631642
xgboost,airport_aware,"{""model__colsample_bytree"": 0.8, ""model__learning_rate"": 0.03, ""model__max_depth"": 3, ""model__min_child_weight"": 1, ""model__n_estimators"": 600, ""model__reg_lambda"": 1.0, ""model__subsample"": 1.0, ""sample_weight_mode"": ""balanced""}",0.42361288926816476,0.042704061107149346,0.43562670343543497,0.02324234289045948,0.45526770834349745,0.019451277470656184,0.4611054796008055,0.029125533916071953,0.45526770834349745,0.019451277470656184,1.0488550001047912,0.021271288983953203,0.6364686712615203,0.01659952646059054,0.4369598684404597,0.023818832955428446,0.6318871871057161,0.00906974573293743,0.3777886761415106,0.11094165014315212,0.5021365174498685,0.05971964891196101,0.41730559699916975,0.07965117611495333
xgboost,airport_aware,"{""model__colsample_bytree"": 1.0, ""model__learning_rate"": 0.08, ""model__max_depth"": 3, ""model__min_child_weight"": 1, ""model__n_estimators"": 300, ""model__reg_lambda"": 5.0, ""model__subsample"": 1.0, ""sample_weight_mode"": ""balanced""}",0.42355565988967453,0.04224893114306378,0.43588886335885446,0.022476724141946566,0.45580991707372165,0.01768331252453653,0.4611390673472814,0.027502746092472934,0.45580991707372165,0.01768331252453653,1.0489328940669485,0.02272513817489612,0.6366674074365669,0.017513823549640865,0.4382390064923724,0.02442066963490879,0.6324458510417454,0.00970907909060694,0.37581693246467857,0.11122632778929056,0.5050226358475858,0.06589673355532728,0.4169070993998826,0.08147928826081689
xgboost,airport_aware,"{""model__colsample_bytree"": 1.0, ""model__learning_rate"": 0.03, ""model__max_depth"": 3, ""model__min_child_weight"": 1, ""model__n_estimators"": 300, ""model__reg_lambda"": 5.0, ""model__subsample"": 0.8, ""sample_weight_mode"": ""balanced""}",0.42353482547329663,0.043461294132587196,0.43589798244082045,0.023651740437276476,0.4540800529218848,0.01284419999863649,0.4627666651948161,0.03467940500752004,0.4540800529218848,0.01284419999863649,1.0454159984928633,0.0168211679752639,0.6334981422688293,0.01351408079382941,0.4391011474107208,0.025681266162696725,0.6332838149957796,0.009615928809745936,0.378387490230269,0.1129505535945212,0.4899540608575713,0.0541595125445309,0.4120420474791856,0.0749352617700603
xgboost,extended_geographic,"{""model__colsample_bytree"": 1.0, ""model__learning_rate"": 0.03, ""model__max_depth"": 3, ""model__min_child_weight"": 1, ""model__n_estimators"": 300, ""model__reg_lambda"": 1.0, ""model__subsample"": 1.0, ""sample_weight_mode"": ""balanced""}",0.42350254143971267,0.03994086516789051,0.43530762505965426,0.020640691127907784,0.45435079397089845,0.019548649968824213,0.46243751493895624,0.029908943417481525,0.45435079397089845,0.019548649968824213,1.0477204587095421,0.016019128030085764,0.6351278536084145,0.013025984898056907,0.43701836194405475,0.023687127667539432,0.6321305332444517,0.007912374319532952,0.3771226189855812,0.10611270456212603,0.4867236450378405,0.06463962419970594,0.4104809057874824,0.07005998138112658
xgboost,airport_aware,"{""model__colsample_bytree"": 1.0, ""model__learning_rate"": 0.08, ""model__max_depth"": 3, ""model__min_child_weight"": 1, ""model__n_estimators"": 300, ""model__reg_lambda"": 1.0, ""model__subsample"": 0.8, ""sample_weight_mode"": ""balanced""}",0.4234410640665619,0.04511198960639542,0.4352926625367357,0.026146657394687765,0.4536552740222651,0.0134784727507323,0.4615057570736121,0.029065179904495753,0.4536552740222651,0.0134784727507323,1.047438689396185,0.023380990906516075,0.6358804996790692,0.018376652354445532,0.4376790881365874,0.0251766269692255,0.6322029681456481,0.01067003935459286,0.3801488672053069,0.11929807194887812,0.4989202738360382,0.047450056257967124,0.41858368683835695,0.08900403523746327
xgboost,extended_geographic,"{""model__colsample_bytree"": 0.8, ""model__learning_rate"": 0.08, ""model__max_depth"": 3, ""model__min_child_weight"": 1, ""model__n_estimators"": 300, ""model__reg_lambda"": 5.0, ""model__subsample"": 1.0, ""sample_weight_mode"": ""balanced""}",0.4233098300417918,0.040755025490235824,0.4355220496864855,0.021609214747170303,0.45526874268415635,0.015397118798641205,0.4593027757317499,0.02452179772067786,0.45526874268415635,0.015397118798641205,1.0489046084252527,0.02110084365511674,0.6364397374700934,0.016833750190791738,0.4396064229617044,0.02558591316032432,0.632640770824347,0.00892756263195192,0.3763933274929873,0.11180745778681114,0.497020069963323,0.05363688927052213,0.4153442234468292,0.08147672467322725
xgboost,airport_aware,"{""model__colsample_bytree"": 1.0, ""model__learning_rate"": 0.08, ""model__max_depth"": 3, ""model__min_child_weight"": 1, ""model__n_estimators"": 300, ""model__reg_lambda"": 1.0, ""model__subsample"": 1.0, ""sample_weight_mode"": ""balanced""}",0.42330971211131524,0.039783903785073876,0.4351879229641263,0.02029521868582167,0.45568380868429237,0.021573845809384495,0.4604973547603187,0.025187289088179302,0.45568380868429237,0.021573845809384495,1.0504537605272897,0.022409455022234154,0.6375475536721827,0.017544004648683914,0.43725008130584586,0.022210419787122248,0.6311306043471874,0.008996568894787808,0.379229503527181,0.10920128329134783,0.5099340003269173,0.06982536345160494,0.4210111683423102,0.07968691384741045
xgboost,extended_geographic,"{""model__colsample_bytree"": 0.8, ""model__learning_rate"": 0.03, ""model__max_depth"": 6, ""model__min_child_weight"": 1, ""model__n_estimators"": 300, ""model__reg_lambda"": 1.0, ""model__subsample"": 1.0, ""sample_weight_mode"": ""balanced""}",0.42314698639336024,0.044667533336151435,0.43563034869183026,0.025286288210309888,0.45440035076655044,0.023213636858535825,0.462488542872107,0.033655068061198515,0.45440035076655044,0.023213636858535825,1.051733103021222,0.026989376900196493,0.6373860986479678,0.02154730689390579,0.4340248333856098,0.02511934083606454,0.6285409656359633,0.011009427447306765,0.38186461376642905,0.11074777412667251,0.5013318964896333,0.07501361009425561,0.4188993683751064,0.08143985526890243
xgboost,extended_geographic,"{""model__colsample_bytree"": 0.8, ""model__learning_rate"": 0.03, ""model__max_depth"": 6, ""model__min_child_weight"": 5, ""model__n_estimators"": 300, ""model__reg_lambda"": 1.0, ""model__subsample"": 1.0, ""sample_weight_mode"": ""balanced""}",0.4231183154786626,0.04529366261508035,0.4357796677501196,0.025701618942095578,0.4533399952885226,0.021736760832249492,0.4625548997604672,0.030666736111007984,0.4533399952885226,0.021736760832249492,1.050074332068175,0.028393041940420694,0.6367167275867636,0.02224779600640484,0.43692330194493734,0.027059765726724062,0.6316429470416096,0.012308759124688404,0.38278665086647395,0.1165039079042,0.5005755083116064,0.06875285131161266,0.4204084558018265,0.09000237116319987
xgboost,airport_aware,"{""model__colsample_bytree"": 1.0, ""model__learning_rate"": 0.03, ""model__max_depth"": 3, ""model__min_child_weight"": 5, ""model__n_estimators"": 600, ""model__reg_lambda"": 1.0, ""model__subsample"": 1.0, ""sample_weight_mode"": ""balanced""}",0.42310102285044693,0.04325763409475688,0.43549228987830835,0.02289999306272243,0.45441176999912447,0.019310483389089524,0.46097744317918343,0.028724463274674095,0.45441176999912447,0.019310483389089524,1.0482863404391893,0.0236889062498808,0.6361767765083151,0.018127482915103944,0.43893271029934217,0.02608653496705909,0.6330459807884624,0.010726072425826894,0.38131411338076815,0.11340276483192374,0.5052205250073227,0.06183155385441047,0.4202516972735639,0.08192846711125082
xgboost,airport_aware,"{""model__colsample_bytree"": 0.8, ""model__learning_rate"": 0.03, ""model__max_depth"": 6, ""model__min_child_weight"": 1, ""model__n_estimators"": 300, ""model__reg_lambda"": 5.0, ""model__subsample"": 1.0, ""sample_weight_mode"": ""balanced""}",0.4230752729839896,0.044831731374272016,0.434519983212604,0.026541380883423806,0.452428802294831,0.017853942205561406,0.46359136982835025,0.030306050246685506,0.452428802294831,0.017853942205561406,1.0469442639636235,0.025343328381278847,0.6348640125082771,0.01986375949970245,0.43619724586199504,0.027717255034395885,0.6311262127448511,0.012057992364551212,0.381850357012569,0.12039514879771408,0.4981633466487934,0.06151725658427136,0.41919990286387615,0.09140357188484984
xgboost,extended_geographic,"{""model__colsample_bytree"": 0.8, ""model__learning_rate"": 0.03, ""model__max_depth"": 3, ""model__min_child_weight"": 5, ""model__n_estimators"": 300, ""model__reg_lambda"": 1.0, ""model__subsample"": 0.8, ""sample_weight_mode"": ""balanced""}",0.4229859995409978,0.044347223068562244,0.4352327062158314,0.025216923730214006,0.4532824592994552,0.0169158875644477,0.46195077579503296,0.03473697646694789,0.4532824592994552,0.0169158875644477,1.045839338640377,0.01692251028286331,0.6339053257995645,0.013800288907827314,0.44035702227527296,0.02487476485276227,0.6342249029618359,0.008338182661141674,0.3815320218420657,0.1131389730126506,0.4872779270647999,0.05670863452515462,0.41321237006669775,0.07557968004595403
xgboost,extended_geographic,"{""model__colsample_bytree"": 0.8, ""model__learning_rate"": 0.03, ""model__max_depth"": 3, ""model__min_child_weight"": 1, ""model__n_estimators"": 600, ""model__reg_lambda"": 1.0, ""model__subsample"": 0.8, ""sample_weight_mode"": ""balanced""}",0.42284687820049094,0.041233405476959376,0.43463502019671907,0.023326391269096924,0.45345663025740246,0.013233029378951508,0.4605423777844747,0.026358566569444068,0.45345663025740246,0.013233029378951508,1.0452307514573544,0.02021036737830085,0.6342908123491118,0.016416385009627398,0.4415887639176529,0.02420642069685285,0.6349375242492378,0.008091331859758457,0.3773776267517511,0.11460825606603589,0.4946082896523252,0.05089441621338852,0.41444302517777326,0.0808024311947627
xgboost,extended_geographic,"{""model__colsample_bytree"": 0.8, ""model__learning_rate"": 0.03, ""model__max_depth"": 3, ""model__min_child_weight"": 5, ""model__n_estimators"": 300, ""model__reg_lambda"": 1.0, ""model__subsample"": 1.0, ""sample_weight_mode"": ""balanced""}",0.42262800497721564,0.03874993216442486,0.43535426597594606,0.018840663997139503,0.4539840899999886,0.017162515186069587,0.4609394656395637,0.02978118961819923,0.4539840899999886,0.017162515186069587,1.0479238208768638,0.017574686464808028,0.6352286232143127,0.014028334371808872,0.43859719943522757,0.02490768863469545,0.633028096428807,0.00864447287555117,0.38006302087322713,0.10993215026448017,0.4855173208007698,0.061024271616016826,0.41146318090485784,0.07057065634191043
xgboost,extended_geographic,"{""model__colsample_bytree"": 1.0, ""model__learning_rate"": 0.03, ""model__max_depth"": 3, ""model__min_child_weight"": 5, ""model__n_estimators"": 300, ""model__reg_lambda"": 1.0, ""model__subsample"": 1.0, ""sample_weight_mode"": ""balanced""}",0.42258751019974544,0.03920146174624999,0.43515737156870726,0.01941859789775218,0.45382495272014617,0.01939552828805881,0.46116111134070986,0.029649313916772124,0.45382495272014617,0.01939552828805881,1.048632827055375,0.01744211576392868,0.6357748421194724,0.013909868292334938,0.43712899304069,0.024228252299367654,0.6323059239577506,0.008389990564391877,0.3802276694681514,0.10699828772283956,0.4847010344862497,0.06569184780346807,0.4112515305132118,0.06881113091273162
xgboost,airport_aware,"{""model__colsample_bytree"": 0.8, ""model__learning_rate"": 0.03, ""model__max_depth"": 3, ""model__min_child_weight"": 1, ""model__n_estimators"": 300, ""model__reg_lambda"": 5.0, ""model__subsample"": 0.8, ""sample_weight_mode"": ""balanced""}",0.4225471569811431,0.04219797769024505,0.4352000649477545,0.022356513817566814,0.45265002956055717,0.011360875001655803,0.462492523992896,0.03307816477710819,0.45265002956055717,0.011360875001655803,1.046264960718344,0.01646561656338359,0.6339605459077198,0.013192400785038055,0.4388620403551249,0.024533508171729532,0.6327557600684287,0.008569597711358292,0.3767984485995911,0.11366722932673137,0.48299034317866985,0.05081874239267002,0.4088717054573355,0.07558788219334722
xgboost,extended_geographic,"{""model__colsample_bytree"": 0.8, ""model__learning_rate"": 0.08, ""model__max_depth"": 3, ""model__min_child_weight"": 1, ""model__n_estimators"": 300, ""model__reg_lambda"": 1.0, ""model__subsample"": 1.0, ""sample_weight_mode"": ""balanced""}",0.42250532615452097,0.038845386567713386,0.43439334692344894,0.02022327531065532,0.4542642895782542,0.016343883283828527,0.45913925649096166,0.022213371955136743,0.4542642895782542,0.016343883283828527,1.050025369973231,0.020291180524381856,0.6371572607181906,0.016531607090299934,0.4377789640669792,0.023793480043835916,0.6314923056220867,0.007819808854221108,0.37449117816975197,0.11214062851183546,0.49562883385309375,0.05545861481869719,0.41362206394177575,0.08208590446682199
xgboost,airport_aware,"{""model__colsample_bytree"": 1.0, ""model__learning_rate"": 0.03, ""model__max_depth"": 3, ""model__min_child_weight"": 1, ""model__n_estimators"": 600, ""model__reg_lambda"": 5.0, ""model__subsample"": 1.0, ""sample_weight_mode"": ""balanced""}",0.4224988982119811,0.04037106415164108,0.435034854376393,0.020431733715279482,0.4551312706917818,0.022878005329880595,0.45992615266082915,0.027922833961576764,0.4551312706917818,0.022878005329880595,1.0474530699982167,0.02125626841317255,0.6355962100083745,0.016447025202377907,0.43799629927249095,0.0252550228628075,0.633118578540678,0.009547124686293467,0.3782011716023348,0.10734452601301885,0.5055977136540482,0.07184252370532503,0.41773343966489723,0.07447161212776628
xgboost,extended_geographic,"{""model__colsample_bytree"": 1.0, ""model__learning_rate"": 0.03, ""model__max_depth"": 3, ""model__min_child_weight"": 5, ""model__n_estimators"": 600, ""model__reg_lambda"": 1.0, ""model__subsample"": 1.0, ""sample_weight_mode"": ""balanced""}",0.4224660741872112,0.040920689471530915,0.4347530745454347,0.021924983560971563,0.45436954145644676,0.017393914774119525,0.4597288592107061,0.026470228670123615,0.45436954145644676,0.017393914774119525,1.0488895912106209,0.021064345129751683,0.6366484569538261,0.016935564800763463,0.43888889159897637,0.025699240948494746,0.6326501977696626,0.008572516068456824,0.3774716048981053,0.11338741106722133,0.4996748816952475,0.06011575129490724,0.4155627997112967,0.08100650862056652
xgboost,extended_geographic,"{""model__colsample_bytree"": 0.8, ""model__learning_rate"": 0.03, ""model__max_depth"": 3, ""model__min_child_weight"": 1, ""model__n_estimators"": 600, ""model__reg_lambda"": 1.0, ""model__subsample"": 1.0, ""sample_weight_mode"": ""balanced""}",0.42233345921268095,0.03965968396949306,0.4340315150655333,0.020677035197776323,0.4541227390999708,0.016217010929020344,0.4593797352797571,0.026566531556441893,0.4541227390999708,0.016217010929020344,1.0481811592842558,0.019426744259753503,0.6359254860860307,0.015884628497407096,0.4389133034983189,0.02429861008596775,0.6330100065232969,0.0076218903061961545,0.37437735354629115,0.10916700837140159,0.4969516514771149,0.057389297225101395,0.41341980096222974,0.07762998841296544
xgboost,airport_aware,"{""model__colsample_bytree"": 1.0, ""model__learning_rate"": 0.08, ""model__max_depth"": 3, ""model__min_child_weight"": 5, ""model__n_estimators"": 300, ""model__reg_lambda"": 1.0, ""model__subsample"": 1.0, ""sample_weight_mode"": ""balanced""}",0.42232662032161955,0.040134945595065204,0.43445307011758294,0.020534955366659804,0.45544305447846956,0.022208618649285486,0.4588998080719667,0.02679162448661618,0.45544305447846956,0.022208618649285486,1.0499347664935645,0.02535545645438246,0.637528822138709,0.019162980727596698,0.4384230271969516,0.023748549028263902,0.6316953402299796,0.010169230783747752,0.37917017055865865,0.1056299994763208,0.5095297756285218,0.07400856086314009,0.42026674492626725,0.07393984029677252
xgboost,airport_aware,"{""model__colsample_bytree"": 0.8, ""model__learning_rate"": 0.03, ""model__max_depth"": 3, ""model__min_child_weight"": 5, ""model__n_estimators"": 300, ""model__reg_lambda"": 5.0, ""model__subsample"": 0.8, ""sample_weight_mode"": ""balanced""}",0.4223058100238452,0.04261289326200433,0.4350896097377704,0.022798997535872775,0.4523857093963303,0.01100215885399046,0.46221683125085866,0.03317284509320428,0.4523857093963303,0.01100215885399046,1.0465773412429122,0.01702712406647455,0.6342190949438191,0.013568801438114717,0.4384827468068641,0.024636050373909445,0.6326858642168183,0.008916252006189045,0.3765957480375294,0.11334301353247907,0.4812637262005989,0.048263412823578405,0.4084590379624694,0.07657953608744104
xgboost,extended_geographic,"{""model__colsample_bytree"": 1.0, ""model__learning_rate"": 0.08, ""model__max_depth"": 3, ""model__min_child_weight"": 5, ""model__n_estimators"": 300, ""model__reg_lambda"": 5.0, ""model__subsample"": 1.0, ""sample_weight_mode"": ""balanced""}",0.4222820879559143,0.039682424697807556,0.43546546667479114,0.019699479589083847,0.45592282011421525,0.019308002832587847,0.4571261421224005,0.02483270919584769,0.45592282011421525,0.019308002832587847,1.050137089480244,0.02267724186788776,0.6375139296110548,0.017937407171833262,0.43830051247757407,0.0259892416501819,0.63227214136766,0.008562987865354376,0.37324104401120406,0.1084840680917213,0.49981295523068503,0.06055685656458215,0.4137938725917417,0.07832348712334947
xgboost,extended_geographic,"{""model__colsample_bytree"": 0.8, ""model__learning_rate"": 0.03, ""model__max_depth"": 3, ""model__min_child_weight"": 5, ""model__n_estimators"": 600, ""model__reg_lambda"": 1.0, ""model__subsample"": 1.0, ""sample_weight_mode"": ""balanced""}",0.4222690948313107,0.04015313657837533,0.43434114586402295,0.02104282926557559,0.4531910083774905,0.016150410282644224,0.46049441811076397,0.02563700509350079,0.4531910083774905,0.016150410282644224,1.0480787939875515,0.022007056393369688,0.6359711210950423,0.01745703537431182,0.4394825746431759,0.026487911169332176,0.6333090747364832,0.009426557690300104,0.3767076258658925,0.11392995483349574,0.494763187111638,0.05378368373290375,0.41443649877982053,0.08375021181730939
xgboost,airport_aware,"{""model__colsample_bytree"": 0.8, ""model__learning_rate"": 0.03, ""model__max_depth"": 3, ""model__min_child_weight"": 1, ""model__n_estimators"": 300, ""model__reg_lambda"": 1.0, ""model__subsample"": 0.8, ""sample_weight_mode"": ""balanced""}",0.42215319882436575,0.04256455348053655,0.4350025741208972,0.02280631361851846,0.4520762183286397,0.012760726005568691,0.4617316374060113,0.033546952659944625,0.4520762183286397,0.012760726005568691,1.0465582201289183,0.017235544319399988,0.6342324708222671,0.013727853174930341,0.43792776115166826,0.024735500365786693,0.6322363371367837,0.008875943542591882,0.3782302531198442,0.11293436409866482,0.47840702196458995,0.0521590732366007,0.40770290265107045,0.07334124431526899
xgboost,airport_aware,"{""model__colsample_bytree"": 0.8, ""model__learning_rate"": 0.03, ""model__max_depth"": 3, ""model__min_child_weight"": 1, ""model__n_estimators"": 300, ""model__reg_lambda"": 5.0, ""model__subsample"": 1.0, ""sample_weight_mode"": ""balanced""}",0.42215054075200237,0.04256999350537387,0.4346451729405869,0.023028764533253455,0.4526705660596882,0.016628745970804173,0.4610344123740814,0.03352545465107893,0.4526705660596882,0.016628745970804173,1.0479308103413376,0.016613409462721995,0.6351655711683419,0.013210899155911882,0.436358814108207,0.025911177459294672,0.6312076211857137,0.009881551610510115,0.3796146850629819,0.11213475863688278,0.4836356498803987,0.05909110358365225,0.41034062376590474,0.07411403438790075
xgboost,extended_geographic,"{""model__colsample_bytree"": 0.8, ""model__learning_rate"": 0.03, ""model__max_depth"": 3, ""model__min_child_weight"": 5, ""model__n_estimators"": 600, ""model__reg_lambda"": 5.0, ""model__subsample"": 1.0, ""sample_weight_mode"": ""balanced""}",0.42214588530739316,0.04086854192528406,0.4346923133451754,0.021670989399945367,0.455199315605582,0.015006400082958801,0.45837920315117603,0.028057923012276755,0.455199315605582,0.015006400082958801,1.048287865000856,0.021668838841300428,0.6361344284570539,0.01706481727334176,0.43948843222832623,0.02612619542960897,0.6334808867868637,0.008752501369634822,0.377093576358468,0.11131857613151336,0.4999000774981054,0.061750622881916316,0.4153242233679258,0.07796352744291547
xgboost,airport_aware,"{""model__colsample_bytree"": 1.0, ""model__learning_rate"": 0.03, ""model__max_depth"": 3, ""model__min_child_weight"": 1, ""model__n_estimators"": 600, ""model__reg_lambda"": 1.0, ""model__subsample"": 1.0, ""sample_weight_mode"": ""balanced""}",0.4221011649262998,0.043356199467663614,0.4348304035227744,0.022429299486139004,0.45428782732439765,0.01935596665613435,0.4595084448090302,0.030708680558401834,0.45428782732439765,0.01935596665613435,1.048855013841153,0.021408439003929608,0.6365142832193224,0.016633591766277038,0.4368229282363048,0.024021325660623028,0.6317963318418982,0.00907620176544731,0.37831084390356157,0.11144678911713288,0.5027808407055746,0.06549592348087128,0.4169555393311056,0.0792464960387013
xgboost,airport_aware,"{""model__colsample_bytree"": 1.0, ""model__learning_rate"": 0.03, ""model__max_depth"": 3, ""model__min_child_weight"": 5, ""model__n_estimators"": 300, ""model__reg_lambda"": 5.0, ""model__subsample"": 0.8, ""sample_weight_mode"": ""balanced""}",0.4219837755056556,0.042156306615837184,0.4347079231209583,0.021831345277973396,0.4525905853764566,0.01154342192669992,0.46127457450553583,0.03288953439476641,0.4525905853764566,0.01154342192669992,1.0462110187179583,0.017815918476415674,0.6340765422529697,0.014181145432654361,0.43885197161215334,0.02646878394097376,0.6330674920759498,0.009883649329447814,0.3759956560892209,0.11359068379637698,0.4866061818830937,0.04921389135496446,0.409654251553124,0.07596516047729931
xgboost,airport_aware,"{""model__colsample_bytree"": 0.8, ""model__learning_rate"": 0.03, ""model__max_depth"": 3, ""model__min_child_weight"": 1, ""model__n_estimators"": 600, ""model__reg_lambda"": 5.0, ""model__subsample"": 1.0, ""sample_weight_mode"": ""balanced""}",0.42190930694081963,0.04148836257720093,0.43380507015697267,0.022193876690409536,0.4534825137953494,0.018295304812981077,0.4599158349878062,0.02747442363698049,0.4534825137953494,0.018295304812981077,1.0474096165889724,0.020582964933658545,0.6354649337060592,0.016117091490121846,0.43817541518875575,0.025438646518134978,0.6329917250326058,0.009464765637170011,0.3758159220444935,0.11042652116563414,0.5011296210157268,0.06302749010816977,0.4154528271691508,0.07947047858676443
xgboost,airport_aware,"{""model__colsample_bytree"": 1.0, ""model__learning_rate"": 0.03, ""model__max_depth"": 3, ""model__min_child_weight"": 5, ""model__n_estimators"": 600, ""model__reg_lambda"": 5.0, ""model__subsample"": 1.0, ""sample_weight_mode"": ""balanced""}",0.4219053255902791,0.044269985837877314,0.43474901746649897,0.024003066713655347,0.45388078644282076,0.021724505343799824,0.45926120842400825,0.029553283875190205,0.45388078644282076,0.021724505343799824,1.048194662446576,0.023088789964737764,0.6360553400512077,0.01767331652320854,0.43866450594799317,0.026616996836449112,0.6335587007176542,0.010320696273318821,0.37775997642373904,0.11183976189482181,0.5033798652171038,0.067130033267039,0.41747683211738895,0.08286965919315809
xgboost,extended_geographic,"{""model__colsample_bytree"": 1.0, ""model__learning_rate"": 0.03, ""model__max_depth"": 3, ""model__min_child_weight"": 1, ""model__n_estimators"": 300, ""model__reg_lambda"": 5.0, ""model__subsample"": 0.8, ""sample_weight_mode"": ""balanced""}",0.421874996402436,0.042805817907155985,0.4346061110944623,0.023060776820066325,0.45188218612085385,0.014316093011488664,0.46116435034750347,0.032089136920076894,0.45188218612085385,0.014316093011488664,1.0451983303616432,0.015997782289593674,0.6334189583300309,0.013230537761015253,0.44038431917723136,0.02502598497918828,0.6339702741234774,0.008470213737388781,0.37581563467043155,0.11357915294617531,0.48406490242633293,0.04863970417696281,0.4088586848684904,0.0772408370090048
xgboost,airport_aware,"{""model__colsample_bytree"": 0.8, ""model__learning_rate"": 0.03, ""model__max_depth"": 3, ""model__min_child_weight"": 5, ""model__n_estimators"": 600, ""model__reg_lambda"": 5.0, ""model__subsample"": 1.0, ""sample_weight_mode"": ""balanced""}",0.4218007131915262,0.041878044168412495,0.4340516957204371,0.022892307704685637,0.4542788737075652,0.019608985641809535,0.458483266815532,0.029181700474591114,0.4542788737075652,0.019608985641809535,1.0481226563064132,0.02260663590599417,0.6359185427606624,0.017342500721975757,0.43881174767121844,0.02656430898858482,0.6333408608030824,0.010184168807869584,0.3773748861837047,0.10725114177576,0.5032769307200015,0.06502639976826503,0.41719409300226235,0.07486896981836007
xgboost,extended_geographic,"{""model__colsample_bytree"": 1.0, ""model__learning_rate"": 0.08, ""model__max_depth"": 3, ""model__min_child_weight"": 5, ""model__n_estimators"": 300, ""model__reg_lambda"": 1.0, ""model__subsample"": 1.0, ""sample_weight_mode"": ""balanced""}",0.4217653717834633,0.03901898740090718,0.43399374255864387,0.02019186530569626,0.4539644234846677,0.01783595343097162,0.45825524317033806,0.024576183141165733,0.4539644234846677,0.01783595343097162,1.0506816384317514,0.021844537262106885,0.6380621029560068,0.017394877044536138,0.4364203145472502,0.02468904497456859,0.6308502879818081,0.008814367312288985,0.3756299981706853,0.10822575407099876,0.4950281003130958,0.06478298909613196,0.41286135761450965,0.07494694793189888
xgboost,airport_aware,"{""model__colsample_bytree"": 0.8, ""model__learning_rate"": 0.03, ""model__max_depth"": 3, ""model__min_child_weight"": 1, ""model__n_estimators"": 600, ""model__reg_lambda"": 5.0, ""model__subsample"": 0.8, ""sample_weight_mode"": ""balanced""}",0.4217601469805574,0.0402175426249191,0.4337790601449485,0.020850615844248875,0.4524739459663876,0.012636454391696255,0.46017344500196666,0.026072936266239785,0.4524739459663876,0.012636454391696255,1.0451667120831254,0.020494043654928965,0.6341368357055078,0.016105271892327057,0.439918090787928,0.023939821425323617,0.6341758512009354,0.008938243842405479,0.37731923060236827,0.1136022302569004,0.4946277491062242,0.051241067191876766,0.4142257976355735,0.08007791305102743
xgboost,airport_aware,"{""model__colsample_bytree"": 1.0, ""model__learning_rate"": 0.03, ""model__max_depth"": 3, ""model__min_child_weight"": 1, ""model__n_estimators"": 300, ""model__reg_lambda"": 1.0, ""model__subsample"": 1.0, ""sample_weight_mode"": ""balanced""}",0.4216853397838828,0.041568927327579316,0.4341763878292085,0.020630708135669695,0.4525683945839124,0.013123482115531927,0.4604589079678732,0.033362873304904235,0.4525683945839124,0.013123482115531927,1.0480817127086253,0.016574805741246,0.6353582332033446,0.013135627747294912,0.434890421292289,0.024572735040191553,0.6305257265703414,0.009149947493344907,0.3780303623518611,0.11218219369497225,0.4842610543094306,0.05552534949183559,0.4101019118699812,0.07547836651504357
xgboost,extended_geographic,"{""model__colsample_bytree"": 1.0, ""model__learning_rate"": 0.03, ""model__max_depth"": 3, ""model__min_child_weight"": 5, ""model__n_estimators"": 600, ""model__reg_lambda"": 1.0, ""model__subsample"": 0.8, ""sample_weight_mode"": ""balanced""}",0.4215754939749902,0.04089438403036381,0.43349426018359577,0.022560804822742798,0.4519440332441998,0.018118992578051128,0.4586694264123614,0.025579431591610358,0.4519440332441998,0.018118992578051128,1.0460298343634333,0.02170915989190262,0.6350014512711795,0.01725483375420932,0.4408519944927101,0.024107798945058344,0.6343917803514614,0.009047357772222323,0.3770929860450867,0.11357929340148806,0.49218353205474885,0.048647047883378564,0.41367298213790715,0.0802978465126621
xgboost,extended_geographic,"{""model__colsample_bytree"": 0.8, ""model__learning_rate"": 0.03, ""model__max_depth"": 3, ""model__min_child_weight"": 5, ""model__n_estimators"": 600, ""model__reg_lambda"": 1.0, ""model__subsample"": 0.8, ""sample_weight_mode"": ""balanced""}",0.42155487606331726,0.03981653973495712,0.43370934621093715,0.021371394389648343,0.4525129435928833,0.013874393401338845,0.4586447480218029,0.025555416015158955,0.4525129435928833,0.013874393401338845,1.0462240246504886,0.021582519669632646,0.6350160007981758,0.01718818346905585,0.4411430775100353,0.02337470025256956,0.6346426552976698,0.008374435407739812,0.3772188423385026,0.11463859493152088,0.49108167911590234,0.04707815951835176,0.41332038524292336,0.08101707092973286
xgboost,extended_geographic,"{""model__colsample_bytree"": 0.8, ""model__learning_rate"": 0.03, ""model__max_depth"": 3, ""model__min_child_weight"": 1, ""model__n_estimators"": 300, ""model__reg_lambda"": 1.0, ""model__subsample"": 1.0, ""sample_weight_mode"": ""balanced""}",0.42147427562202033,0.04136752205902143,0.43372489944507897,0.021712783282980288,0.4518161213350192,0.015331045024132718,0.46052599275291195,0.03220589926059615,0.4518161213350192,0.015331045024132718,1.0475541926460967,0.01660385175573803,0.6349433139482168,0.01345605925632508,0.43880233336524094,0.024591548102042095,0.6326278449810697,0.00866059575544826,0.3759529993104992,0.10980966697766817,0.47787155922578545,0.05814265368678828,0.4062990485514589,0.07241542519190215
xgboost,airport_aware,"{""model__colsample_bytree"": 0.8, ""model__learning_rate"": 0.03, ""model__max_depth"": 3, ""model__min_child_weight"": 5, ""model__n_estimators"": 300, ""model__reg_lambda"": 5.0, ""model__subsample"": 1.0, ""sample_weight_mode"": ""balanced""}",0.42140433937249816,0.04167373332170267,0.43344577200703754,0.023038935035486065,0.45214193737498193,0.01687554645299442,0.4598560236556951,0.033875855135242765,0.45214193737498193,0.01687554645299442,1.0485343550146946,0.018017218448087863,0.63560602066945,0.014120397362143615,0.43665328253925073,0.0268783289665816,0.6317350177636254,0.01026045918109968,0.379067597748165,0.1094230511378978,0.4830339898388458,0.0582282153760703,0.4103618899233915,0.07185524640571284
xgboost,airport_aware,"{""model__colsample_bytree"": 0.8, ""model__learning_rate"": 0.03, ""model__max_depth"": 3, ""model__min_child_weight"": 5, ""model__n_estimators"": 300, ""model__reg_lambda"": 1.0, ""model__subsample"": 0.8, ""sample_weight_mode"": ""balanced""}",0.42139554166676535,0.04379231233523073,0.43434328870689604,0.023743629483571525,0.45131136283580797,0.014022293870986708,0.4609902549357736,0.03473848625365441,0.45131136283580797,0.014022293870986708,1.0466275362722441,0.01798450206063056,0.6343970097495986,0.014213774342881347,0.43805035260778646,0.024670967814330133,0.6323559678476551,0.0096750582545925,0.37706247057071546,0.11227459979864586,0.4787915766861393,0.05483208912785796,0.4070901750855196,0.07361929798392523
xgboost,extended_geographic,"{""model__colsample_bytree"": 1.0, ""model__learning_rate"": 0.03, ""model__max_depth"": 3, ""model__min_child_weight"": 5, ""model__n_estimators"": 300, ""model__reg_lambda"": 5.0, ""model__subsample"": 1.0, ""sample_weight_mode"": ""balanced""}",0.42131960659047973,0.03762273550495868,0.4335562975653325,0.01822879666964854,0.4535279711109272,0.020876919178726094,0.4585745594072219,0.02890684890974722,0.4535279711109272,0.020876919178726094,1.0493327835309278,0.01740209660013115,0.6362162216471663,0.013881970797867536,0.43658257272546325,0.0249352191386351,0.6315813995049292,0.008035495157732596,0.37630571370766724,0.10386693416202451,0.4876743318717918,0.06803431578576156,0.4100587481455381,0.06607659405701782
xgboost,extended_geographic,"{""model__colsample_bytree"": 0.8, ""model__learning_rate"": 0.03, ""model__max_depth"": 3, ""model__min_child_weight"": 5, ""model__n_estimators"": 300, ""model__reg_lambda"": 5.0, ""model__subsample"": 1.0, ""sample_weight_mode"": ""balanced""}",0.42128290299398835,0.03909549153099301,0.433502277268098,0.020108619081164403,0.4525627337870339,0.016067535680176197,0.4593317523914294,0.031036938063528908,0.4525627337870339,0.016067535680176197,1.0481578387175656,0.017340894308808457,0.6353720839711531,0.013877402322211872,0.43857011267373736,0.02531897377390136,0.6330710286216518,0.008515084840417745,0.37908200668212483,0.10847377628804698,0.4843133888000903,0.05947794169886715,0.4109230740158523,0.07010623314359558
xgboost,airport_aware,"{""model__colsample_bytree"": 0.8, ""model__learning_rate"": 0.03, ""model__max_depth"": 3, ""model__min_child_weight"": 5, ""model__n_estimators"": 600, ""model__reg_lambda"": 1.0, ""model__subsample"": 1.0, ""sample_weight_mode"": ""balanced""}",0.4212561031614719,0.044652793141583144,0.4343307877827069,0.023199301198790715,0.4531032496082158,0.017077800452895222,0.45818463622623096,0.031139255707547924,0.4531032496082158,0.017077800452895222,1.0485917445052935,0.023185642824116007,0.6363050371985443,0.017829260354165224,0.43849388172714504,0.025363739455982408,0.6324990560568271,0.01045211420433058,0.37889055200030736,0.11454069678215881,0.5026037769719902,0.05514301320708523,0.41863787246611894,0.0846567835786858
xgboost,extended_geographic,"{""model__colsample_bytree"": 0.8, ""model__learning_rate"": 0.03, ""model__max_depth"": 6, ""model__min_child_weight"": 1, ""model__n_estimators"": 300, ""model__reg_lambda"": 1.0, ""model__subsample"": 0.8, ""sample_weight_mode"": ""balanced""}",0.4212418450585485,0.04378676385427006,0.4331765445306083,0.02330343231812849,0.45140544521372705,0.018739556077499255,0.46081583821583677,0.03228961594163516,0.45140544521372705,0.018739556077499255,1.0443161697445018,0.025397474475053437,0.6336670029594706,0.020499559172981414,0.43765111226055786,0.02515053468293749,0.6311090532964949,0.00910535425930416,0.3856454770250616,0.11739737756399221,0.5027535725821171,0.06163076830582412,0.4223345472609264,0.08716679688231257
xgboost,extended_geographic,"{""model__colsample_bytree"": 0.8, ""model__learning_rate"": 0.08, ""model__max_depth"": 3, ""model__min_child_weight"": 1, ""model__n_estimators"": 300, ""model__reg_lambda"": 1.0, ""model__subsample"": 0.8, ""sample_weight_mode"": ""balanced""}",0.4211964757209102,0.038349646777418936,0.432699267207859,0.0209843713019998,0.4527086139503467,0.012517758119282034,0.45808824674664006,0.022439864776592943,0.4527086139503467,0.012517758119282034,1.047402956759075,0.02019516198713984,0.6361916915125387,0.016432863799850927,0.43772250070549196,0.02330600185021106,0.6321013882428564,0.007220688535033525,0.3754253386119123,0.11087343826528354,0.49695244834990965,0.05329200651896136,0.4141130563856466,0.07720828485213158
xgboost,extended_geographic,"{""model__colsample_bytree"": 1.0, ""model__learning_rate"": 0.03, ""model__max_depth"": 6, ""model__min_child_weight"": 1, ""model__n_estimators"": 300, ""model__reg_lambda"": 5.0, ""model__subsample"": 1.0, ""sample_weight_mode"": ""balanced""}",0.42114790959142256,0.042830167370964185,0.4330246543444053,0.023928914028898768,0.45232441738932483,0.019036811978818978,0.45884339113976635,0.028506819298948865,0.45232441738932483,0.019036811978818978,1.0515150141674838,0.026867692952182203,0.6375133296255677,0.020947645918165118,0.43547982812291475,0.027344759871120127,0.6286689942963467,0.011755817535300946,0.3797344998119777,0.11406648919165029,0.500864194372777,0.07429929941458929,0.41814362461316285,0.08680324775271833
xgboost,airport_aware,"{""model__colsample_bytree"": 1.0, ""model__learning_rate"": 0.03, ""model__max_depth"": 3, ""model__min_child_weight"": 1, ""model__n_estimators"": 300, ""model__reg_lambda"": 5.0, ""model__subsample"": 1.0, ""sample_weight_mode"": ""balanced""}",0.4210833436663567,0.04249246369274676,0.43350453379591103,0.0218451954112639,0.45133913697583006,0.014272533469363776,0.4605443051178287,0.03227044344449309,0.45133913697583006,0.014272533469363776,1.0480195648696322,0.016781412721363104,0.6352864706099947,0.013279555454440917,0.43571175307640236,0.025140739360479038,0.6312134793264473,0.00963578669328673,0.37740230993022433,0.11364904947651654,0.4831714102566017,0.05447150089475237,0.4095689122679616,0.07958796001569433
xgboost,airport_aware,"{""model__colsample_bytree"": 1.0, ""model__learning_rate"": 0.03, ""model__max_depth"": 3, ""model__min_child_weight"": 5, ""model__n_estimators"": 300, ""model__reg_lambda"": 1.0, ""model__subsample"": 1.0, ""sample_weight_mode"": ""balanced""}",0.4210320059771481,0.040327785904203696,0.43327994171910744,0.019795405809571186,0.45162149302165255,0.015247345407714769,0.4601315751824589,0.03072632911031414,0.45162149302165255,0.015247345407714769,1.04844309560077,0.017932457179824775,0.6356225439013082,0.013993831621796219,0.4364248950623975,0.025791716326697002,0.6311194365936602,0.009778084147639142,0.37941739016444126,0.11222578397834655,0.48829079060676317,0.05434704019724086,0.41278689259872275,0.07657665624548164
xgboost,airport_aware,"{""model__colsample_bytree"": 0.8, ""model__learning_rate"": 0.03, ""model__max_depth"": 3, ""model__min_child_weight"": 1, ""model__n_estimators"": 600, ""model__reg_lambda"": 1.0, ""model__subsample"": 0.8, ""sample_weight_mode"": ""balanced""}",0.42091233040767834,0.040803505775476506,0.43299512108936505,0.0214407766352604,0.4513652097056985,0.013934392967882703,0.4587683511756729,0.026904166119175874,0.4513652097056985,0.013934392967882703,1.0459809229243746,0.02166547522974166,0.6347614864261938,0.016935540312977365,0.43927574244861545,0.023531991112549697,0.6334824616529174,0.008947159538924504,0.3791357464267849,0.1139987146031819,0.4951494506375928,0.04845134987819506,0.4156857267962023,0.0796215399040446
xgboost,extended_geographic,"{""model__colsample_bytree"": 0.8, ""model__learning_rate"": 0.08, ""model__max_depth"": 3, ""model__min_child_weight"": 5, ""model__n_estimators"": 300, ""model__reg_lambda"": 5.0, ""model__subsample"": 1.0, ""sample_weight_mode"": ""balanced""}",0.4208711483604762,0.03773433364364762,0.4332346740908554,0.01867409567481535,0.4538899558971923,0.017343861092836838,0.4563555504462804,0.023044280617907278,0.4538899558971923,0.017343861092836838,1.0499581694778557,0.02233878388280336,0.6373722191331185,0.017470351437042092,0.4379718231666418,0.025167366802090963,0.632116209591077,0.008543023558651577,0.37213806905624247,0.10685195190049251,0.4988503028043486,0.058531307783892504,0.41280152628133504,0.07540926978417163
xgboost,airport_aware,"{""model__colsample_bytree"": 0.8, ""model__learning_rate"": 0.03, ""model__max_depth"": 3, ""model__min_child_weight"": 5, ""model__n_estimators"": 600, ""model__reg_lambda"": 1.0, ""model__subsample"": 0.8, ""sample_weight_mode"": ""balanced""}",0.42082855739252345,0.041740381686717745,0.43328874639332976,0.021868817988194022,0.4516121683199442,0.01936465040932384,0.45854966279981835,0.02729195376701247,0.4516121683199442,0.01936465040932384,1.0461850656056313,0.0228878703499799,0.6349883810530078,0.01778131105110619,0.43967372860596354,0.023520924091965656,0.6337729046833512,0.01009382107645495,0.3786962494092903,0.11208361206541939,0.4962657197436272,0.05701001319069598,0.415533631821281,0.07889575311313446
xgboost,extended_geographic,"{""model__colsample_bytree"": 0.8, ""model__learning_rate"": 0.03, ""model__max_depth"": 6, ""model__min_child_weight"": 5, ""model__n_estimators"": 300, ""model__reg_lambda"": 5.0, ""model__subsample"": 0.8, ""sample_weight_mode"": ""balanced""}",0.4207760630663449,0.04305632813614556,0.43309265953523796,0.02359830929835809,0.4511160859685443,0.01711780695192066,0.45997635349580673,0.030053939546221636,0.4511160859685443,0.01711780695192066,1.0451871580038166,0.023862122419596187,0.6344037409354855,0.019366255409374717,0.43708791178894896,0.02598740939748398,0.6319728140023144,0.009401685287770604,0.3832065154187326,0.11918676438784495,0.500516321187615,0.051806141987699554,0.4200070547198835,0.08710073534699925
xgboost,extended_geographic,"{""model__colsample_bytree"": 0.8, ""model__learning_rate"": 0.03, ""model__max_depth"": 3, ""model__min_child_weight"": 1, ""model__n_estimators"": 300, ""model__reg_lambda"": 5.0, ""model__subsample"": 1.0, ""sample_weight_mode"": ""balanced""}",0.42075587495115735,0.041655295310015786,0.4337134675779167,0.021195987087313083,0.4519678698451573,0.01776285250607657,0.45862301530779737,0.03353538885514616,0.4519678698451573,0.01776285250607657,1.0477830115704205,0.016786410941628593,0.6351151815309526,0.013610422184230869,0.4391946161990317,0.024870581006912546,0.6327805328089006,0.008154470201191363,0.37871368606021893,0.11037707237300162,0.48410827732064243,0.06106677157902725,0.4100981814888106,0.07213932737175786
xgboost,airport_aware,"{""model__colsample_bytree"": 1.0, ""model__learning_rate"": 0.03, ""model__max_depth"": 6, ""model__min_child_weight"": 1, ""model__n_estimators"": 300, ""model__reg_lambda"": 5.0, ""model__subsample"": 0.8, ""sample_weight_mode"": ""balanced""}",0.4207364461547337,0.047888424683117076,0.43214346990514174,0.029338304558366474,0.4504189671737103,0.012567605207400443,0.4599171718077759,0.03752580985851352,0.4504189671737103,0.012567605207400443,1.0441744995396904,0.02478121845723916,0.6336164362231652,0.020062081171352695,0.4372597055755653,0.02811735388792934,0.6308361440154929,0.010980448577106507,0.3821338627507462,0.11835744673679169,0.4962887242027792,0.05295920684375166,0.418590995071078,0.08677501613736405
xgboost,airport_aware,"{""model__colsample_bytree"": 0.8, ""model__learning_rate"": 0.03, ""model__max_depth"": 3, ""model__min_child_weight"": 1, ""model__n_estimators"": 300, ""model__reg_lambda"": 1.0, ""model__subsample"": 1.0, ""sample_weight_mode"": ""balanced""}",0.42073054630310247,0.04241404162035341,0.4330108691919838,0.022357027371763857,0.4507121996601772,0.015592961896948289,0.4601355260076069,0.03203223633456365,0.4507121996601772,0.015592961896948289,1.0483767498647303,0.016398667381914884,0.6355423027133406,0.01306351838139926,0.4352632801278772,0.024905388743619312,0.6303850493221399,0.009169865091919268,0.37950716656550837,0.11361310645856039,0.4819988748299724,0.056399273271349346,0.4104316018832505,0.07862524156197559
xgboost,airport_aware,"{""model__colsample_bytree"": 0.8, ""model__learning_rate"": 0.03, ""model__max_depth"": 6, ""model__min_child_weight"": 5, ""model__n_estimators"": 300, ""model__reg_lambda"": 1.0, ""model__subsample"": 1.0, ""sample_weight_mode"": ""balanced""}",0.42072457350583825,0.042651940422896044,0.43304826939305385,0.02302332581392803,0.45114592874525916,0.02292127687925067,0.46070580076720075,0.03007437953773871,0.45114592874525916,0.02292127687925067,1.0478636226876852,0.028247608871515537,0.6354721242697476,0.021668047583753753,0.4385098999753353,0.02800490684824372,0.6318608924068283,0.012981761497553979,0.3804488273273254,0.11337867274503619,0.49874561830273273,0.06634441498569937,0.4174428170478944,0.08261544402609945
xgboost,extended_geographic,"{""model__colsample_bytree"": 1.0, ""model__learning_rate"": 0.08, ""model__max_depth"": 3, ""model__min_child_weight"": 1, ""model__n_estimators"": 300, ""model__reg_lambda"": 1.0, ""model__subsample"": 0.8, ""sample_weight_mode"": ""balanced""}",0.4207212432094643,0.040229488750209715,0.4324007157455975,0.022226906872018174,0.45156208973808204,0.016602359949360053,0.45735747982501607,0.02260415835005345,0.45156208973808204,0.016602359949360053,1.0479893831147997,0.021240673695585174,0.6366436731546781,0.01704343449959533,0.43750212372785596,0.02420167875627663,0.6313922425587813,0.008824721730947838,0.3776932678704485,0.11414074976765996,0.4954841628674564,0.05660224906536258,0.41497832416626235,0.0823441314663166
xgboost,airport_aware,"{""model__colsample_bytree"": 0.8, ""model__learning_rate"": 0.03, ""model__max_depth"": 6, ""model__min_child_weight"": 1, ""model__n_estimators"": 300, ""model__reg_lambda"": 1.0, ""model__subsample"": 1.0, ""sample_weight_mode"": ""balanced""}",0.42067812067365606,0.03875627340477879,0.43220132156140806,0.018394158270511114,0.45130910032959815,0.01646688042859463,0.46104270434221695,0.02891356449923076,0.45130910032959815,0.01646688042859463,1.0504450091072937,0.025885019716998962,0.6369683681530816,0.02028696064727392,0.43260481085384717,0.025336296635455904,0.6280903206874765,0.010354910918513474,0.38042868287957204,0.1135366312182948,0.49918316342504576,0.06352131962507436,0.41837425389825017,0.08351346362486217
xgboost,airport_aware,"{""model__colsample_bytree"": 0.8, ""model__learning_rate"": 0.03, ""model__max_depth"": 6, ""model__min_child_weight"": 1, ""model__n_estimators"": 300, ""model__reg_lambda"": 1.0, ""model__subsample"": 0.8, ""sample_weight_mode"": ""balanced""}",0.4206724960244589,0.04795190616278471,0.43311593809193855,0.0278385879452652,0.4503428118563374,0.01714522509396478,0.4603683385833336,0.03946212295365983,0.4503428118563374,0.01714522509396478,1.0448930134453438,0.02702366810903932,0.6338793306846673,0.02138236993701585,0.4364431429464103,0.026795775106938244,0.6303410092104013,0.011336444799089858,0.382957092407397,0.11765157273103488,0.49588486812832483,0.05881971008313328,0.4180995590639675,0.08591900284207059
xgboost,extended_geographic,"{""model__colsample_bytree"": 1.0, ""model__learning_rate"": 0.08, ""model__max_depth"": 3, ""model__min_child_weight"": 1, ""model__n_estimators"": 300, ""model__reg_lambda"": 1.0, ""model__subsample"": 1.0, ""sample_weight_mode"": ""balanced""}",0.42065718779501726,0.04022247834604415,0.43249908637124646,0.021306095207670895,0.4533003508441684,0.017198799554588168,0.45582164858056873,0.025658467755319266,0.4533003508441684,0.017198799554588168,1.050955775770489,0.01990346379623729,0.6378839816034999,0.016239850462618916,0.43685660485768096,0.02325552405268242,0.6313085102531784,0.00827684459798098,0.3729925596183608,0.10840674271586273,0.4999349320427001,0.06271181419902236,0.4137088969227314,0.07884770112814428
xgboost,extended_geographic,"{""model__colsample_bytree"": 1.0, ""model__learning_rate"": 0.03, ""model__max_depth"": 3, ""model__min_child_weight"": 5, ""model__n_estimators"": 600, ""model__reg_lambda"": 5.0, ""model__subsample"": 1.0, ""sample_weight_mode"": ""balanced""}",0.4206253296354353,0.03829045107937611,0.4338509112887824,0.019030763459267155,0.4543789246900696,0.019439787909490643,0.4560991118071557,0.02525621676031312,0.4543789246900696,0.019439787909490643,1.0493261054042464,0.021674075629903727,0.6368579896422027,0.017164040540443484,0.43891919507594723,0.02710923684471628,0.6327772276318365,0.008789286225653233,0.3734241967977194,0.10816492691207992,0.5005516797939269,0.06345808700853998,0.41307443298005964,0.07311875017439329
xgboost,airport_aware,"{""model__colsample_bytree"": 1.0, ""model__learning_rate"": 0.08, ""model__max_depth"": 3, ""model__min_child_weight"": 5, ""model__n_estimators"": 300, ""model__reg_lambda"": 5.0, ""model__subsample"": 1.0, ""sample_weight_mode"": ""balanced""}",0.42042481973299317,0.04496168487332544,0.43324546714677226,0.02490843539967749,0.4529285400021591,0.02110155698913864,0.4568975759623527,0.030508229483220784,0.4529285400021591,0.02110155698913864,1.0496217138653117,0.024673741999069753,0.6372517781702427,0.018803430567946026,0.43818109377532516,0.02585691539958869,0.6323862200308435,0.010203412016891608,0.3737646128158693,0.10965370937645645,0.5013875809828953,0.07041669175877723,0.41445616811723085,0.08265845652300775
xgboost,extended_geographic,"{""model__colsample_bytree"": 1.0, ""model__learning_rate"": 0.03, ""model__max_depth"": 3, ""model__min_child_weight"": 5, ""model__n_estimators"": 600, ""model__reg_lambda"": 5.0, ""model__subsample"": 0.8, ""sample_weight_mode"": ""balanced""}",0.4203941880537331,0.03990422797555161,0.43243431318065434,0.021555743711109326,0.45122220903321386,0.01797507114546983,0.4576943721750001,0.024967449974744472,0.45122220903321386,0.01797507114546983,1.045808529177415,0.0213062225010256,0.6347942121584551,0.017087415601162465,0.44098693377731435,0.024950606179797885,0.6349062498323446,0.009035866390409542,0.37478898128048965,0.11089294131068929,0.4938434696653212,0.051365929819751334,0.41283889987185407,0.0781792329856266
xgboost,extended_geographic,"{""model__colsample_bytree"": 0.8, ""model__learning_rate"": 0.08, ""model__max_depth"": 3, ""model__min_child_weight"": 5, ""model__n_estimators"": 300, ""model__reg_lambda"": 5.0, ""model__subsample"": 0.8, ""sample_weight_mode"": ""balanced""}",0.42037022591581874,0.039178406371353364,0.4322937288353704,0.02146003144598328,0.45100157839342414,0.016916293107897388,0.4575543050133647,0.02278830487252047,0.45100157839342414,0.016916293107897388,1.0476077874991745,0.022684908514919597,0.6363238370367558,0.017771995622287873,0.4389819605798844,0.02413062942539256,0.6324492973255271,0.008662396541641566,0.3785474802937494,0.11266692791283946,0.4940396782688234,0.05414104909762023,0.41450268076152047,0.0777370802203645
xgboost,extended_geographic,"{""model__colsample_bytree"": 1.0, ""model__learning_rate"": 0.03, ""model__max_depth"": 3, ""model__min_child_weight"": 5, ""model__n_estimators"": 300, ""model__reg_lambda"": 5.0, ""model__subsample"": 0.8, ""sample_weight_mode"": ""balanced""}",0.42028656898029804,0.0420433135830454,0.43301036923593417,0.022519788853318665,0.450175841491432,0.013775559270815432,0.4595647145824797,0.03102044389567242,0.450175841491432,0.013775559270815432,1.0457877325314324,0.01674094098823986,0.6338544279420395,0.013715159641654685,0.4400485202008676,0.02549815940068902,0.6340453478666251,0.008858500394398445,0.3762736098177685,0.11317706343604529,0.4830564106285948,0.04712534656445247,0.4090598603358031,0.07713952682452499
xgboost,airport_aware,"{""model__colsample_bytree"": 0.8, ""model__learning_rate"": 0.08, ""model__max_depth"": 3, ""model__min_child_weight"": 5, ""model__n_estimators"": 300, ""model__reg_lambda"": 5.0, ""model__subsample"": 1.0, ""sample_weight_mode"": ""balanced""}",0.4201885062560911,0.04339443905138699,0.432708683754782,0.02526803270381804,0.4532280994079156,0.0242059675118531,0.45608582236615425,0.028527310669833703,0.4532280994079156,0.0242059675118531,1.0484573601871174,0.024777276573438492,0.6365161130096302,0.018769947322684763,0.43857715399933533,0.025984315468974645,0.6331357519025926,0.010643280540493523,0.3748087639751459,0.10725365915284307,0.5098857101566496,0.0675753537496473,0.4184954181921946,0.07842689476976601
xgboost,airport_aware,"{""model__colsample_bytree"": 0.8, ""model__learning_rate"": 0.03, ""model__max_depth"": 6, ""model__min_child_weight"": 5, ""model__n_estimators"": 600, ""model__reg_lambda"": 5.0, ""model__subsample"": 1.0, ""sample_weight_mode"": ""balanced""}",0.42015346025274036,0.043902555792176313,0.4312320479602835,0.024828699923837433,0.4509313679716834,0.02050843400330653,0.45831611252639604,0.030597559466456994,0.4509313679716834,0.02050843400330653,1.0542849532855978,0.0329170097082876,0.6399590202971686,0.02471414243724573,0.43596451624099875,0.027904888545571195,0.6291891731608188,0.014204429334933068,0.3806711465158109,0.11203747717987747,0.5066215878146078,0.06929593913507201,0.4211999046095135,0.08543050965892925
xgboost,extended_geographic,"{""model__colsample_bytree"": 0.8, ""model__learning_rate"": 0.03, ""model__max_depth"": 6, ""model__min_child_weight"": 1, ""model__n_estimators"": 600, ""model__reg_lambda"": 5.0, ""model__subsample"": 1.0, ""sample_weight_mode"": ""balanced""}",0.4201380436448243,0.04219576915298203,0.4318350395168868,0.022253974094170383,0.45189482013125615,0.020687771043653564,0.45780435959925814,0.030057737840571544,0.45189482013125615,0.020687771043653564,1.0583871208692808,0.02988071462124234,0.6420306239101589,0.02332457029919209,0.43277452366601354,0.024159363510321146,0.6259621819239577,0.01026481126715247,0.3825541969131749,0.11281617571554889,0.5036370649890709,0.07099081760193843,0.42132437548831037,0.08616729260473648
xgboost,extended_geographic,"{""model__colsample_bytree"": 1.0, ""model__learning_rate"": 0.08, ""model__max_depth"": 3, ""model__min_child_weight"": 1, ""model__n_estimators"": 300, ""model__reg_lambda"": 5.0, ""model__subsample"": 0.8, ""sample_weight_mode"": ""balanced""}",0.4201167584695972,0.042386962495914775,0.43102733544704463,0.025722281070960654,0.44995055432095066,0.01449313877890852,0.4574022848946616,0.024748822089989634,0.44995055432095066,0.01449313877890852,1.04711220832256,0.020508598810687503,0.635936779847208,0.016418810043427826,0.4385969660855243,0.02423208913858805,0.6323963811398519,0.008465339480244647,0.3734625572441821,0.1141331221918302,0.49375025227932595,0.043959638293765105,0.4128219016893809,0.08407076949672748
xgboost,extended_geographic,"{""model__colsample_bytree"": 0.8, ""model__learning_rate"": 0.08, ""model__max_depth"": 3, ""model__min_child_weight"": 5, ""model__n_estimators"": 300, ""model__reg_lambda"": 1.0, ""model__subsample"": 1.0, ""sample_weight_mode"": ""balanced""}",0.4200729541010223,0.03970382276205889,0.4324279327613348,0.020885774772467745,0.4520140487219938,0.018727966042571768,0.4560811175997793,0.02440410404226096,0.4520140487219938,0.018727966042571768,1.0501852666900837,0.023561816407224715,0.637503192035602,0.01860359870005762,0.4389593957018307,0.026712486476445352,0.6327347805811502,0.009225160751442762,0.37348764311305044,0.1107037069513808,0.4959166929512288,0.05622230109565835,0.4126179913000648,0.07927754148122969
xgboost,airport_aware,"{""model__colsample_bytree"": 0.8, ""model__learning_rate"": 0.03, ""model__max_depth"": 3, ""model__min_child_weight"": 5, ""model__n_estimators"": 600, ""model__reg_lambda"": 5.0, ""model__subsample"": 0.8, ""sample_weight_mode"": ""balanced""}",0.4200680073711488,0.040054020834319394,0.43257326947935376,0.020296087419692143,0.4513303189028687,0.015362669214010818,0.4578391814168761,0.026191953505333453,0.4513303189028687,0.015362669214010818,1.0459435298467663,0.022176500883452747,0.63467882796999,0.01721075148490999,0.4398875953533626,0.024296824538924983,0.6341201958603392,0.009826176145289562,0.37464151667977347,0.11259915453988144,0.49246609452511053,0.05139396563130406,0.4118025868675187,0.07925731875960218
xgboost,extended_geographic,"{""model__colsample_bytree"": 1.0, ""model__learning_rate"": 0.03, ""model__max_depth"": 3, ""model__min_child_weight"": 1, ""model__n_estimators"": 300, ""model__reg_lambda"": 5.0, ""model__subsample"": 1.0, ""sample_weight_mode"": ""balanced""}",0.4199185060862719,0.03907923008003073,0.4325445211546783,0.01869545489706692,0.4513067327189858,0.018455640131781952,0.45761201229402104,0.02946301558900794,0.4513067327189858,0.018455640131781952,1.0484382858235541,0.016297703749351484,0.63558598283931,0.013211600663812396,0.4366668546221441,0.02454850186264081,0.631707337454092,0.008146859702164621,0.375429529909323,0.10734758401626936,0.4862298474972221,0.061071895710704815,0.409323248408913,0.07128038749440027
xgboost,airport_aware,"{""model__colsample_bytree"": 1.0, ""model__learning_rate"": 0.03, ""model__max_depth"": 3, ""model__min_child_weight"": 1, ""model__n_estimators"": 600, ""model__reg_lambda"": 1.0, ""model__subsample"": 0.8, ""sample_weight_mode"": ""balanced""}",0.41984932468844544,0.041259447668244444,0.43230477320269917,0.021082546305548115,0.4503346989559581,0.01215820165471499,0.4584130176953205,0.02823253765602149,0.4503346989559581,0.01215820165471499,1.0451732185631104,0.021067037308612493,0.6342663301356934,0.016588653036961408,0.4401400009380452,0.023909453543417974,0.634301808272176,0.008945673954106084,0.37794805399068176,0.11599872142627418,0.4949003669162061,0.05166776771700782,0.41454746627089173,0.08217280914798511
xgboost,airport_aware,"{""model__colsample_bytree"": 1.0, ""model__learning_rate"": 0.03, ""model__max_depth"": 3, ""model__min_child_weight"": 5, ""model__n_estimators"": 300, ""model__reg_lambda"": 5.0, ""model__subsample"": 1.0, ""sample_weight_mode"": ""balanced""}",0.4197339032656796,0.03957168087586575,0.4321520525798486,0.01894549099287557,0.45101493536132126,0.018193923293944394,0.45822346055271523,0.029396985040572893,0.45101493536132126,0.018193923293944394,1.0486932342540478,0.018197119538580404,0.6357299718414966,0.014152000557948059,0.43599604880254256,0.026162443982717592,0.6315286640424088,0.010035688139037059,0.37714637330686224,0.10969805527865259,0.49011887472909343,0.057293223407078875,0.4124336187743608,0.07583181680124637
xgboost,extended_geographic,"{""model__colsample_bytree"": 0.8, ""model__learning_rate"": 0.08, ""model__max_depth"": 3, ""model__min_child_weight"": 1, ""model__n_estimators"": 300, ""model__reg_lambda"": 5.0, ""model__subsample"": 0.8, ""sample_weight_mode"": ""balanced""}",0.41972070434220454,0.03995066984961644,0.4315529664413381,0.022856896338674406,0.450549991028746,0.008911877717176622,0.45700608599032144,0.023915182010267422,0.450549991028746,0.008911877717176622,1.046952715321693,0.020640440856869124,0.6358524460425687,0.016558320966430767,0.4386398736757128,0.024235437191759083,0.6323692421242637,0.007702293356151236,0.37290908848424376,0.11252076022728695,0.4925974863680622,0.04542563660829796,0.41138093440812734,0.08017493670518955
xgboost,airport_aware,"{""model__colsample_bytree"": 0.8, ""model__learning_rate"": 0.03, ""model__max_depth"": 6, ""model__min_child_weight"": 1, ""model__n_estimators"": 600, ""model__reg_lambda"": 5.0, ""model__subsample"": 1.0, ""sample_weight_mode"": ""balanced""}",0.41962012733141724,0.043213596502699715,0.43079252655792566,0.024669089391611318,0.4494213755578942,0.020115753482826074,0.45946331426530806,0.029364784872723242,0.4494213755578942,0.020115753482826074,1.0546929975943595,0.03015616121531557,0.6397970790668216,0.023355200881593187,0.4344745772089353,0.026145384310558985,0.6274605768981518,0.012539499999816727,0.37552623700164106,0.11023277319712348,0.4995913472511949,0.06752309336040604,0.4156169525843911,0.083029148081481
xgboost,airport_aware,"{""model__colsample_bytree"": 1.0, ""model__learning_rate"": 0.03, ""model__max_depth"": 3, ""model__min_child_weight"": 5, ""model__n_estimators"": 600, ""model__reg_lambda"": 5.0, ""model__subsample"": 0.8, ""sample_weight_mode"": ""balanced""}",0.41961366203948297,0.042526997324571145,0.43219892377276714,0.022435476276842996,0.4498194112184109,0.01647188773818081,0.4581033233481261,0.027397806561959694,0.4498194112184109,0.01647188773818081,1.0456666516863564,0.022703414675356998,0.6345367139708558,0.017560929592516428,0.4407075113419034,0.025516898949657512,0.6344319504040774,0.010123711167131783,0.37547021998312824,0.11503315972607235,0.4941080967550315,0.04989511493151518,0.41308669502735285,0.08328727747938669
xgboost,airport_aware,"{""model__colsample_bytree"": 0.8, ""model__learning_rate"": 0.08, ""model__max_depth"": 3, ""model__min_child_weight"": 5, ""model__n_estimators"": 300, ""model__reg_lambda"": 1.0, ""model__subsample"": 1.0, ""sample_weight_mode"": ""balanced""}",0.4195830551816825,0.04314616678628731,0.43261246981874224,0.022651146966460187,0.45211840981677975,0.021731230642721727,0.45545194867467653,0.028547746242850815,0.45211840981677975,0.021731230642721727,1.0495581984786866,0.024522055124739366,0.6372035707946324,0.018601877510260472,0.43813118576674803,0.023364427790808617,0.6317439990681606,0.010032519615900206,0.3761186928890429,0.11103757543078162,0.5040025217377408,0.06589471870617888,0.4168705932799927,0.08159707305907632
xgboost,airport_aware,"{""model__colsample_bytree"": 0.8, ""model__learning_rate"": 0.03, ""model__max_depth"": 6, ""model__min_child_weight"": 5, ""model__n_estimators"": 300, ""model__reg_lambda"": 5.0, ""model__subsample"": 0.8, ""sample_weight_mode"": ""balanced""}",0.41955251726789555,0.048256552003072634,0.4319325947171063,0.028700214505445912,0.44912625423766056,0.01789790609225223,0.45870340588636555,0.0354799029397518,0.44912625423766056,0.01789790609225223,1.044630082291244,0.025216608932949334,0.6339919029011984,0.020034213945092385,0.43693257766878696,0.026494387212303933,0.6313173967896166,0.011729071703994082,0.38115127787192565,0.12169009238330418,0.49581102338558336,0.051027674833635954,0.41749333966320157,0.09120439472267096
xgboost,extended_geographic,"{""model__colsample_bytree"": 1.0, ""model__learning_rate"": 0.03, ""model__max_depth"": 6, ""model__min_child_weight"": 5, ""model__n_estimators"": 300, ""model__reg_lambda"": 1.0, ""model__subsample"": 1.0, ""sample_weight_mode"": ""balanced""}",0.41945090747708724,0.04623510188182321,0.4318543207050885,0.026927107793862152,0.44834735357783695,0.0221330121200544,0.4591840695928674,0.031895250110786574,0.44834735357783695,0.0221330121200544,1.0528396469837844,0.029011807647522637,0.6383674554574775,0.022912466902348775,0.43666981407375893,0.02979636240555632,0.6293976620132311,0.013539851355897341,0.37869858736895295,0.11729594819617783,0.4878956782448226,0.06267882799598619,0.4132876535134886,0.08990627519085909
xgboost,airport_aware,"{""model__colsample_bytree"": 1.0, ""model__learning_rate"": 0.03, ""model__max_depth"": 6, ""model__min_child_weight"": 5, ""model__n_estimators"": 300, ""model__reg_lambda"": 5.0, ""model__subsample"": 0.8, ""sample_weight_mode"": ""balanced""}",0.41933635910506145,0.04882148898738298,0.43130585534678056,0.02971619344383974,0.4489297148645224,0.01959081391114571,0.45785336638797336,0.036024893704598555,0.4489297148645224,0.01959081391114571,1.0452014262365321,0.025703625878662147,0.634337571148405,0.020497880556452963,0.4368604282824579,0.0277281622883022,0.631379531352658,0.012039512555567148,0.3783773228031937,0.11806025404119631,0.4948413069645934,0.05572792205095817,0.41579896433821234,0.08894895426347431
xgboost,airport_aware,"{""model__colsample_bytree"": 0.8, ""model__learning_rate"": 0.08, ""model__max_depth"": 3, ""model__min_child_weight"": 1, ""model__n_estimators"": 300, ""model__reg_lambda"": 1.0, ""model__subsample"": 1.0, ""sample_weight_mode"": ""balanced""}",0.4192827022902782,0.0403661946252918,0.43177957732183786,0.020219651139629657,0.452402690460776,0.021792686355159956,0.4554654075911415,0.02654171982453209,0.452402690460776,0.021792686355159956,1.0498021534704454,0.021646613865888134,0.6371884799990524,0.016804468518299125,0.43733154983735806,0.022055745141192525,0.6311836850871527,0.008934866490405478,0.3738462295565413,0.10707489930418655,0.5063312953920592,0.07314923199601255,0.41576777054580705,0.07734511020811828
xgboost,airport_aware,"{""model__colsample_bytree"": 0.8, ""model__learning_rate"": 0.03, ""model__max_depth"": 3, ""model__min_child_weight"": 5, ""model__n_estimators"": 300, ""model__reg_lambda"": 1.0, ""model__subsample"": 1.0, ""sample_weight_mode"": ""balanced""}",0.41917631434729774,0.041570151643201644,0.4324061070827767,0.020065244377439923,0.4498464977866884,0.014720282633692487,0.458044113609021,0.03248192192805251,0.4498464977866884,0.014720282633692487,1.0484445263438533,0.01810939044643442,0.6356463581308545,0.014216759699949894,0.4362237734827124,0.02535018095041886,0.6313298786505865,0.010179947171780635,0.3784631766725815,0.11347811040488115,0.48347129166752634,0.050473363175532276,0.41065391053932004,0.07851177624838879
xgboost,airport_aware,"{""model__colsample_bytree"": 1.0, ""model__learning_rate"": 0.03, ""model__max_depth"": 3, ""model__min_child_weight"": 1, ""model__n_estimators"": 600, ""model__reg_lambda"": 5.0, ""model__subsample"": 0.8, ""sample_weight_mode"": ""balanced""}",0.4191755332058816,0.039399566374332964,0.4312317986322767,0.02027484310704197,0.4501892242622964,0.018193244352485642,0.45721086215385015,0.02484939827645135,0.4501892242622964,0.018193244352485642,1.0447555582573156,0.02101730806654993,0.6339274613191599,0.01653229487438578,0.44096374929089543,0.02501441867247115,0.6345680113533505,0.009725270764965526,0.3752006435336337,0.11108459850575914,0.49719492641573737,0.05806522872479359,0.41350757986681524,0.0775414134177034
xgboost,airport_aware,"{""model__colsample_bytree"": 0.8, ""model__learning_rate"": 0.03, ""model__max_depth"": 6, ""model__min_child_weight"": 1, ""model__n_estimators"": 300, ""model__reg_lambda"": 5.0, ""model__subsample"": 0.8, ""sample_weight_mode"": ""balanced""}",0.41916278188663014,0.048164405138484634,0.43105916914797576,0.028735400225519566,0.44823044724147004,0.017046202482558094,0.4590166488911585,0.03606774654589069,0.44823044724147004,0.017046202482558094,1.0435336250373068,0.024594291015647404,0.6330438214389866,0.019709509754723346,0.4373512996223304,0.027135809124767905,0.6314482912635222,0.01133940056909783,0.3796123760550729,0.11957588386825163,0.4944347852698746,0.055261740764152655,0.41607789623959146,0.08990201889345688
xgboost,extended_geographic,"{""model__colsample_bytree"": 0.8, ""model__learning_rate"": 0.03, ""model__max_depth"": 6, ""model__min_child_weight"": 5, ""model__n_estimators"": 600, ""model__reg_lambda"": 1.0, ""model__subsample"": 1.0, ""sample_weight_mode"": ""balanced""}",0.4191551174210065,0.04461293000425231,0.4305490174354228,0.02556325611097141,0.44936508790258367,0.024914256922684036,0.4581277515518452,0.030435682810972586,0.44936508790258367,0.024914256922684036,1.0626728187583303,0.03310555020003792,0.6441767272347818,0.02519034550337993,0.4334315834097378,0.024816520603710066,0.6258990972266374,0.011053413036090726,0.3809010652239055,0.11272173904225927,0.5014193160906459,0.07149191727299802,0.4191436871624328,0.08601141839512694
xgboost,airport_aware,"{""model__colsample_bytree"": 1.0, ""model__learning_rate"": 0.08, ""model__max_depth"": 3, ""model__min_child_weight"": 1, ""model__n_estimators"": 300, ""model__reg_lambda"": 5.0, ""model__subsample"": 0.8, ""sample_weight_mode"": ""balanced""}",0.41914311758674944,0.04271369934265223,0.4312899918441563,0.023726599806651132,0.4507091803121357,0.013377361578228168,0.45611445558973,0.027563566525414047,0.4507091803121357,0.013377361578228168,1.0476507700591167,0.023298087930358372,0.6360813685216075,0.01813714650911137,0.43817690878785764,0.025641309107278985,0.6322016273247002,0.010517241781904555,0.3759462072491619,0.1158616535512272,0.5027910810815399,0.049692683687901,0.4165176381544818,0.08390540981003629
xgboost,airport_aware,"{""model__colsample_bytree"": 0.8, ""model__learning_rate"": 0.08, ""model__max_depth"": 3, ""model__min_child_weight"": 1, ""model__n_estimators"": 300, ""model__reg_lambda"": 5.0, ""model__subsample"": 0.8, ""sample_weight_mode"": ""balanced""}",0.41913682760971305,0.04419787713495335,0.4306795402582102,0.026254843841279588,0.4495652440991191,0.018496476174592807,0.45650870653167586,0.029033296566950757,0.4495652440991191,0.018496476174592807,1.0475993785041262,0.023400555431221343,0.636017454858313,0.01788241687219559,0.43768185751527555,0.024553757818654702,0.6317417094194999,0.011050545633727676,0.3761960601524802,0.11618348462466613,0.4970920789533436,0.05616136686708511,0.41373458578387085,0.08215238811183796
xgboost,airport_aware,"{""model__colsample_bytree"": 1.0, ""model__learning_rate"": 0.03, ""model__max_depth"": 6, ""model__min_child_weight"": 1, ""model__n_estimators"": 300, ""model__reg_lambda"": 1.0, ""model__subsample"": 0.8, ""sample_weight_mode"": ""balanced""}",0.4189771549916257,0.04706021616150737,0.4307951263374946,0.02790279416655427,0.44864828353045116,0.017337259901166555,0.4586131043387517,0.03823471317654134,0.44864828353045116,0.017337259901166555,1.0451353004905353,0.02748142829172773,0.6340963057025604,0.021782775977332868,0.4363392174785993,0.027616061617387676,0.6298375581527396,0.01191425429958777,0.3802167734456829,0.11503641540913667,0.4969047418490452,0.055630925247918295,0.4172638218897249,0.08257527731278629
xgboost,airport_aware,"{""model__colsample_bytree"": 1.0, ""model__learning_rate"": 0.08, ""model__max_depth"": 3, ""model__min_child_weight"": 5, ""model__n_estimators"": 300, ""model__reg_lambda"": 1.0, ""model__subsample"": 0.8, ""sample_weight_mode"": ""balanced""}",0.41870995859183485,0.04173830410499462,0.4306299324211039,0.023554478207099196,0.44958601653398633,0.019222130837681168,0.45582750752156764,0.02681386643514321,0.44958601653398633,0.019222130837681168,1.0486120443585114,0.025491748038165497,0.6367682022779254,0.0196258329986105,0.43786396431598346,0.025447670286225785,0.6318629518589228,0.012008642032623895,0.3785526130635848,0.11315594451680552,0.5018744263516626,0.05407862358006576,0.4178943072693574,0.07986357648264257
xgboost,airport_aware,"{""model__colsample_bytree"": 1.0, ""model__learning_rate"": 0.08, ""model__max_depth"": 3, ""model__min_child_weight"": 5, ""model__n_estimators"": 300, ""model__reg_lambda"": 5.0, ""model__subsample"": 0.8, ""sample_weight_mode"": ""balanced""}",0.4187042748509223,0.04326566080690953,0.43121770106352,0.023874280142473697,0.4501440502068882,0.017082896520408047,0.4556537554025287,0.028171274903036954,0.4501440502068882,0.017082896520408047,1.0476066534227733,0.02421347112175403,0.6360836039839722,0.018637532478441552,0.4384634631784087,0.026274870820872282,0.6326109364118729,0.01134012218893708,0.3782215236803899,0.11459939190695914,0.5015646002803581,0.05527108948289573,0.4178404641689479,0.08403604266737778
xgboost,airport_aware,"{""model__colsample_bytree"": 1.0, ""model__learning_rate"": 0.08, ""model__max_depth"": 3, ""model__min_child_weight"": 5, ""model__n_estimators"": 600, ""model__reg_lambda"": 5.0, ""model__subsample"": 1.0, ""sample_weight_mode"": ""balanced""}",0.4185941196044206,0.04230120018276633,0.4317726664552202,0.02270337283423887,0.4513155127152874,0.024190707668322008,0.454330773003168,0.027794902740731944,0.4513155127152874,0.024190707668322008,1.0550479145185911,0.028058537440858042,0.6409464012857271,0.021516308023665092,0.4361398765809037,0.023335512588084233,0.6294296668076329,0.011139587371482296,0.37085195286855943,0.10762189451128051,0.5003461685378593,0.06717063005649683,0.41215716657671847,0.07809061185153643
xgboost,airport_aware,"{""model__colsample_bytree"": 1.0, ""model__learning_rate"": 0.03, ""model__max_depth"": 6, ""model__min_child_weight"": 1, ""model__n_estimators"": 300, ""model__reg_lambda"": 5.0, ""model__subsample"": 1.0, ""sample_weight_mode"": ""balanced""}",0.4185851966620855,0.04280133058114374,0.43068133007088755,0.02323408900655828,0.44890423907231086,0.016215475587734677,0.4578489469761175,0.031308500023219235,0.44890423907231086,0.016215475587734677,1.0498357581116253,0.02595466337520654,0.636779447820264,0.020132087560567787,0.4347129827047782,0.026447824222435724,0.6287113818787994,0.01231001888033319,0.3787129152964729,0.11572041065603328,0.495581524224341,0.06080757460922536,0.4158051693664252,0.0856035637507391
xgboost,airport_aware,"{""model__colsample_bytree"": 1.0, ""model__learning_rate"": 0.03, ""model__max_depth"": 6, ""model__min_child_weight"": 5, ""model__n_estimators"": 300, ""model__reg_lambda"": 5.0, ""model__subsample"": 1.0, ""sample_weight_mode"": ""balanced""}",0.41857267613146687,0.04570813711891077,0.43076041522472364,0.02583837758583453,0.44863929664947194,0.013470783685163813,0.45737919629643364,0.033735053385702866,0.44863929664947194,0.013470783685163813,1.049502870113355,0.027259204793237114,0.636609670354406,0.020831811058750465,0.4367631106240504,0.027408548366013374,0.6302483793004143,0.012288149405694044,0.38193640491290315,0.1205489253782386,0.49164829697719475,0.05923165719582015,0.41643364664406235,0.09114731095282279
xgboost,airport_aware,"{""model__colsample_bytree"": 1.0, ""model__learning_rate"": 0.03, ""model__max_depth"": 3, ""model__min_child_weight"": 5, ""model__n_estimators"": 600, ""model__reg_lambda"": 1.0, ""model__subsample"": 0.8, ""sample_weight_mode"": ""balanced""}",0.41849165315198356,0.04081132392198231,0.4313346276838188,0.020666557939529366,0.44918060833010964,0.018693084856727164,0.45664260686436864,0.02677531783331319,0.44918060833010964,0.018693084856727164,1.045732975264682,0.02343927418428061,0.6347283418503926,0.018020704434175965,0.4405266217161765,0.02483001420587261,0.6344157217045902,0.01032235223726006,0.37631495486538924,0.11333750245520137,0.4952405193048929,0.05307168620709308,0.41372759816009513,0.07971590945455485
xgboost,airport_aware,"{""model__colsample_bytree"": 0.8, ""model__learning_rate"": 0.08, ""model__max_depth"": 3, ""model__min_child_weight"": 1, ""model__n_estimators"": 300, ""model__reg_lambda"": 1.0, ""model__subsample"": 0.8, ""sample_weight_mode"": ""balanced""}",0.418264690892054,0.04709005963138744,0.43016978468977046,0.02822350794921776,0.4487510665042883,0.020980236172255005,0.4555571118003822,0.034069740559336925,0.4487510665042883,0.020980236172255005,1.0480957308658567,0.024488694868459962,0.6363373666800712,0.01880100463315952,0.4372643656746211,0.02484613972133011,0.6315282972098039,0.01188846687307678,0.37512181036049014,0.1150305347453549,0.4941388529392742,0.05810866251279826,0.4119441210584764,0.08209881374566445
xgboost,extended_geographic,"{""model__colsample_bytree"": 1.0, ""model__learning_rate"": 0.08, ""model__max_depth"": 3, ""model__min_child_weight"": 5, ""model__n_estimators"": 300, ""model__reg_lambda"": 1.0, ""model__subsample"": 0.8, ""sample_weight_mode"": ""balanced""}",0.4182545506072608,0.0402174790580244,0.4299872283725775,0.023081498939902377,0.44888746026755166,0.01540485800147589,0.4548951024029545,0.024512122961630984,0.44888746026755166,0.01540485800147589,1.0493722641200844,0.0234092614928005,0.6375320146090724,0.018306046402164582,0.4372476099326554,0.024206629810584454,0.6312956257101985,0.009876425318629041,0.3753517307198906,0.11259367853856912,0.49250058044576406,0.04920943694244322,0.4124963700360336,0.0787402957677183
xgboost,extended_geographic,"{""model__colsample_bytree"": 0.8, ""model__learning_rate"": 0.03, ""model__max_depth"": 6, ""model__min_child_weight"": 5, ""model__n_estimators"": 300, ""model__reg_lambda"": 1.0, ""model__subsample"": 0.8, ""sample_weight_mode"": ""balanced""}",0.41820819386699026,0.04151530822678966,0.43026852477657795,0.021645988043429182,0.44873229377160795,0.019112970512980013,0.4569721132504597,0.029289622208331447,0.44873229377160795,0.019112970512980013,1.0469878544365365,0.02646449258928112,0.6355164261565126,0.021033296248868183,0.4371313980776096,0.026203128313838617,0.6305562266685036,0.010778553279265711,0.38216914925283774,0.11553086830641733,0.4966921362840201,0.06246149983620312,0.41774733549781884,0.08573815789777092
xgboost,extended_geographic,"{""model__colsample_bytree"": 0.8, ""model__learning_rate"": 0.08, ""model__max_depth"": 3, ""model__min_child_weight"": 1, ""model__n_estimators"": 600, ""model__reg_lambda"": 5.0, ""model__subsample"": 1.0, ""sample_weight_mode"": ""balanced""}",0.41820395680555345,0.03879216410352157,0.4305549398382391,0.02128636691651886,0.44944048149506355,0.01691616714283381,0.45443276428868995,0.021335872969310523,0.44944048149506355,0.01691616714283381,1.0563844832847504,0.023921329694355144,0.6414390125242613,0.018724466932402768,0.4346291317260548,0.02359435743428086,0.6276988427637995,0.009479397895911925,0.3721384473727323,0.1124510121751259,0.4923809647174616,0.055398098605492406,0.4109547324965339,0.08231606811392643
xgboost,extended_geographic,"{""model__colsample_bytree"": 1.0, ""model__learning_rate"": 0.03, ""model__max_depth"": 6, ""model__min_child_weight"": 5, ""model__n_estimators"": 300, ""model__reg_lambda"": 5.0, ""model__subsample"": 0.8, ""sample_weight_mode"": ""balanced""}",0.4181701346041282,0.041430020977386295,0.4291388551712534,0.023408711388906107,0.4485657217042361,0.018193852001923094,0.45636988945883655,0.02802930931204268,0.4485657217042361,0.018193852001923094,1.0458600677206613,0.025090764718458,0.6347645543361684,0.020241290362178557,0.43721305619263395,0.027076454139476926,0.63122153240036,0.010940773015827012,0.380340053117734,0.1124736709573324,0.5009218439160145,0.05766612411730831,0.41895479205131814,0.08232663451902877
xgboost,extended_geographic,"{""model__colsample_bytree"": 1.0, ""model__learning_rate"": 0.03, ""model__max_depth"": 6, ""model__min_child_weight"": 5, ""model__n_estimators"": 600, ""model__reg_lambda"": 5.0, ""model__subsample"": 1.0, ""sample_weight_mode"": ""balanced""}",0.41789738880327276,0.04118238941729719,0.4294349721173645,0.022803981724537112,0.4496183169613402,0.020248883056661636,0.45477522686851646,0.02693758095200923,0.4496183169613402,0.020248883056661636,1.0632607407493153,0.0321751991734405,0.6451435763481901,0.02413472704884756,0.432120759097182,0.02510240632673101,0.6246063577366534,0.010603787164332168,0.37781950885730625,0.1099527210197658,0.5035722527510351,0.06948131769767635,0.41803177344888026,0.08110482907326201
xgboost,extended_geographic,"{""model__colsample_bytree"": 0.8, ""model__learning_rate"": 0.03, ""model__max_depth"": 6, ""model__min_child_weight"": 1, ""model__n_estimators"": 300, ""model__reg_lambda"": 5.0, ""model__subsample"": 0.8, ""sample_weight_mode"": ""balanced""}",0.41788108650406175,0.043641172463057196,0.4301386759611233,0.02426835353846837,0.44770235588768603,0.015687157157501658,0.4566739431839307,0.03089761501030911,0.44770235588768603,0.015687157157501658,1.0436422246264694,0.024232004705496468,0.6333189565523325,0.019780785264590976,0.4376888542640981,0.026982522201543114,0.6320610763577952,0.009718893110882556,0.37770080384667815,0.11608598569978233,0.49429249356869115,0.05206444322914745,0.41497601387921346,0.08555449618964128
xgboost,extended_geographic,"{""model__colsample_bytree"": 1.0, ""model__learning_rate"": 0.08, ""model__max_depth"": 3, ""model__min_child_weight"": 5, ""model__n_estimators"": 300, ""model__reg_lambda"": 5.0, ""model__subsample"": 0.8, ""sample_weight_mode"": ""balanced""}",0.41781493294969774,0.04149527505980399,0.4297850503765378,0.024231143989350872,0.44830677538649544,0.014947478398901665,0.45455794985488235,0.025255868747576075,0.44830677538649544,0.014947478398901665,1.0482448009508956,0.022370205322824556,0.6367643111663792,0.01759132612165454,0.437731089442474,0.024387605839666912,0.6318849725360797,0.009530293676000277,0.3742105852015726,0.11485590200671832,0.49211749307705777,0.046797482066300536,0.41193797441735136,0.08327328880719777
xgboost,airport_aware,"{""model__colsample_bytree"": 0.8, ""model__learning_rate"": 0.03, ""model__max_depth"": 6, ""model__min_child_weight"": 5, ""model__n_estimators"": 300, ""model__reg_lambda"": 1.0, ""model__subsample"": 0.8, ""sample_weight_mode"": ""balanced""}",0.4177099040700575,0.048672313621440394,0.4304089886751862,0.0288837215407211,0.4468831474771081,0.02125989333253823,0.4568726042860778,0.03667549489037121,0.4468831474771081,0.02125989333253823,1.0460229271378645,0.02822332280217521,0.6348893040946313,0.021949698486473657,0.43693638120312184,0.027306086184136213,0.6305835617092603,0.012661673979593054,0.3804690335672646,0.11997821598193867,0.4938749202793312,0.05581349419641316,0.4163751827623723,0.0897691338230786
xgboost,extended_geographic,"{""model__colsample_bytree"": 0.8, ""model__learning_rate"": 0.03, ""model__max_depth"": 6, ""model__min_child_weight"": 5, ""model__n_estimators"": 600, ""model__reg_lambda"": 5.0, ""model__subsample"": 0.8, ""sample_weight_mode"": ""balanced""}",0.4176826724254413,0.04171936429203627,0.43056048472258623,0.021024612184286886,0.45036136287391465,0.020894304986744865,0.4543276441975469,0.03198007700160568,0.45036136287391465,0.020894304986744865,1.0564012683629145,0.02940669455375912,0.6417579622026146,0.02320379714137792,0.4330881039669344,0.023407794877931563,0.6259517708055286,0.008974847723234609,0.3819415729720548,0.1144132166792239,0.5068733070660183,0.0650277531549942,0.4207393728742792,0.0829228706473966
xgboost,extended_geographic,"{""model__colsample_bytree"": 1.0, ""model__learning_rate"": 0.08, ""model__max_depth"": 3, ""model__min_child_weight"": 1, ""model__n_estimators"": 600, ""model__reg_lambda"": 5.0, ""model__subsample"": 1.0, ""sample_weight_mode"": ""balanced""}",0.41767024300257577,0.03609904313655793,0.4298664679689736,0.018324102707501556,0.44960749953147605,0.01508388892091688,0.45360281487333076,0.019497601095605138,0.44960749953147605,0.01508388892091688,1.056484881649505,0.023559736394999854,0.6417706975717093,0.018815575844184553,0.4345526198243956,0.023868387378115988,0.6282332527360142,0.009152193665396068,0.3722663964248357,0.10739806760259533,0.49814555200676935,0.05725808986888892,0.4132854846824882,0.07620835600512077
xgboost,airport_aware,"{""model__colsample_bytree"": 1.0, ""model__learning_rate"": 0.08, ""model__max_depth"": 3, ""model__min_child_weight"": 1, ""model__n_estimators"": 600, ""model__reg_lambda"": 1.0, ""model__subsample"": 0.8, ""sample_weight_mode"": ""balanced""}",0.4174637626569244,0.04233966837340273,0.4292898721863246,0.023922624984803336,0.4484687720838333,0.014666565710027453,0.45464601912631675,0.027012153995484862,0.4484687720838333,0.014666565710027453,1.0579636280938503,0.0255565141918303,0.6430651925543646,0.01984870988907907,0.43188324679970647,0.020469014433724463,0.625745776461799,0.009912083906421508,0.37593219851411763,0.11685550986843529,0.5038191576634856,0.05545676523870827,0.4166659764633753,0.08610872079911012
xgboost,extended_geographic,"{""model__colsample_bytree"": 0.8, ""model__learning_rate"": 0.03, ""model__max_depth"": 6, ""model__min_child_weight"": 5, ""model__n_estimators"": 600, ""model__reg_lambda"": 5.0, ""model__subsample"": 1.0, ""sample_weight_mode"": ""balanced""}",0.4174163254629084,0.040713013953375024,0.42938298437405936,0.02175647221605825,0.4488251966750612,0.02338767754805809,0.45506807547681766,0.025434196891780697,0.4488251966750612,0.02338767754805809,1.0585811997066519,0.033000093030005444,0.64233505676692,0.024877050761017445,0.4352242514352582,0.025289242310362607,0.6278676903124254,0.01130321710038657,0.37565354834441184,0.10950763591392006,0.49880477533648343,0.07229429291107423,0.41547714294517624,0.08387157295042894
xgboost,extended_geographic,"{""model__colsample_bytree"": 1.0, ""model__learning_rate"": 0.03, ""model__max_depth"": 6, ""model__min_child_weight"": 1, ""model__n_estimators"": 300, ""model__reg_lambda"": 1.0, ""model__subsample"": 0.8, ""sample_weight_mode"": ""balanced""}",0.41740218957081393,0.045332395167116915,0.42903829780367453,0.02605400482753341,0.44630247990680355,0.019045170899192918,0.4572816533951234,0.034508020020818715,0.44630247990680355,0.019045170899192918,1.0458917967456731,0.026232394382995464,0.6346115847964107,0.021190405883579632,0.435711642738598,0.027120265507787077,0.6287725890293855,0.010676283545101186,0.3808264056886579,0.11589148976244437,0.4967016795497733,0.05736128848783391,0.4179282129753668,0.0866640436878153
xgboost,airport_aware,"{""model__colsample_bytree"": 1.0, ""model__learning_rate"": 0.03, ""model__max_depth"": 6, ""model__min_child_weight"": 5, ""model__n_estimators"": 600, ""model__reg_lambda"": 5.0, ""model__subsample"": 1.0, ""sample_weight_mode"": ""balanced""}",0.41715005098333685,0.04191824683081848,0.42818986569274264,0.02443096790441595,0.4480106856447497,0.026289965798952746,0.4562852098595175,0.028495964634158086,0.4480106856447497,0.026289965798952746,1.0576539964010292,0.03330117635913659,0.64187482418139,0.02498874760002748,0.4359371766438424,0.028091053676905363,0.6278179148795457,0.014290712465096568,0.37605475544657596,0.10725671171218405,0.5047761562794807,0.07778232936056557,0.4168351781895144,0.07980449288181725
xgboost,airport_aware,"{""model__colsample_bytree"": 0.8, ""model__learning_rate"": 0.08, ""model__max_depth"": 3, ""model__min_child_weight"": 1, ""model__n_estimators"": 600, ""model__reg_lambda"": 5.0, ""model__subsample"": 0.8, ""sample_weight_mode"": ""balanced""}",0.4170414008612761,0.04317479439356359,0.4295449991071664,0.02442332421831613,0.4475537025271942,0.016595165981207572,0.4540807790487875,0.026774158199880143,0.4475537025271942,0.016595165981207572,1.0559541955677427,0.0263566686997453,0.6419991043532802,0.02023101448399595,0.43370784166232773,0.021683263640489975,0.6266770416361818,0.010637201534109547,0.3756952430971361,0.11630367453738716,0.4981305540122488,0.054747532061590526,0.4142356634778763,0.08453240054058159
xgboost,extended_geographic,"{""model__colsample_bytree"": 1.0, ""model__learning_rate"": 0.03, ""model__max_depth"": 6, ""model__min_child_weight"": 1, ""model__n_estimators"": 600, ""model__reg_lambda"": 5.0, ""model__subsample"": 1.0, ""sample_weight_mode"": ""balanced""}",0.41696167104714316,0.03736576457088855,0.4283030311772884,0.019260408779618307,0.44725904145272716,0.02262116619948402,0.45614084426744006,0.021605464745811008,0.44725904145272716,0.02262116619948402,1.0626065646271552,0.03061640055857084,0.6443814021511558,0.023425614130093895,0.4319370459862905,0.025147004334230342,0.6227734033217771,0.012276831649272957,0.37751909077973234,0.1099145793419719,0.4925985115697619,0.07733050168592628,0.41384989637219094,0.08384380953369017
xgboost,extended_geographic,"{""model__colsample_bytree"": 0.8, ""model__learning_rate"": 0.03, ""model__max_depth"": 6, ""model__min_child_weight"": 5, ""model__n_estimators"": 600, ""model__reg_lambda"": 1.0, ""model__subsample"": 0.8, ""sample_weight_mode"": ""balanced""}",0.41696107879972655,0.042561344641679114,0.4295835523234022,0.021187321586581865,0.44901636126558586,0.019782372469460588,0.4537914796218566,0.033411254926526066,0.44901636126558586,0.019782372469460588,1.0607544559874955,0.03169230638687543,0.6441119269489992,0.02456108575531326,0.4318310516172085,0.023166580658474465,0.6240792366193679,0.009780442719667826,0.3833337319865093,0.11543944007761822,0.5036459961131872,0.06259419607818519,0.42083107317646007,0.08389715228775743
xgboost,extended_geographic,"{""model__colsample_bytree"": 1.0, ""model__learning_rate"": 0.08, ""model__max_depth"": 3, ""model__min_child_weight"": 5, ""model__n_estimators"": 600, ""model__reg_lambda"": 5.0, ""model__subsample"": 1.0, ""sample_weight_mode"": ""balanced""}",0.4168864337091141,0.035814853764527255,0.4296501872682709,0.017647288585005125,0.44920889324805735,0.01755457153033623,0.45165612817810025,0.019204972780183415,0.44920889324805735,0.01755457153033623,1.0580308715112214,0.025846299949948904,0.6428736857585771,0.02003868412652946,0.43426431347381245,0.0239345409635037,0.6282840561453492,0.008346328139915241,0.37232683435091835,0.11107064724467305,0.4991859509155419,0.05003796206413752,0.41364102579589657,0.0797007673304887
xgboost,extended_geographic,"{""model__colsample_bytree"": 0.8, ""model__learning_rate"": 0.08, ""model__max_depth"": 6, ""model__min_child_weight"": 1, ""model__n_estimators"": 300, ""model__reg_lambda"": 5.0, ""model__subsample"": 1.0, ""sample_weight_mode"": ""balanced""}",0.4165629414917763,0.04115241536167364,0.42789113783748434,0.02234727296164456,0.4457434402679989,0.020740652305900525,0.4565298360786764,0.0249565359865187,0.4457434402679989,0.020740652305900525,1.066832875507026,0.03050190444217693,0.6466722790383872,0.02385293914836738,0.43002847372974007,0.021867868740890323,0.6220295946318156,0.008775257775115002,0.372948754259005,0.10999018813753463,0.4908632051432004,0.07007963298871842,0.4109907007767942,0.08431226499556581
xgboost,airport_aware,"{""model__colsample_bytree"": 0.8, ""model__learning_rate"": 0.08, ""model__max_depth"": 6, ""model__min_child_weight"": 5, ""model__n_estimators"": 300, ""model__reg_lambda"": 5.0, ""model__subsample"": 1.0, ""sample_weight_mode"": ""balanced""}",0.4164969695137435,0.04054254423602863,0.42758221270609964,0.02381688618217522,0.4477297079146284,0.027806723053200956,0.4554681655626485,0.026434216159068217,0.4477297079146284,0.027806723053200956,1.0617989203436808,0.035552750860678904,0.6441672134445902,0.02632462228530683,0.4339466756189786,0.027040349943484636,0.6259798260989626,0.01408070865675502,0.3792385207609401,0.10869658412471499,0.5140221250333764,0.07633387940232787,0.42193106914452755,0.07909058515714272
xgboost,extended_geographic,"{""model__colsample_bytree"": 0.8, ""model__learning_rate"": 0.08, ""model__max_depth"": 3, ""model__min_child_weight"": 5, ""model__n_estimators"": 300, ""model__reg_lambda"": 1.0, ""model__subsample"": 0.8, ""sample_weight_mode"": ""balanced""}",0.41641724490719706,0.0409826889339444,0.42830898170693416,0.022794003403052415,0.4466895842534472,0.016285538017181005,0.45342398427322933,0.025129802984028036,0.4466895842534472,0.016285538017181005,1.047968179217398,0.02244409516022666,0.6366303529512303,0.017726771147251866,0.438324201029152,0.02411938065468725,0.6322842132240626,0.009106499703380124,0.3734464107537822,0.11140518663609056,0.49420675452391327,0.04978610305178428,0.41225498880565725,0.07960271979235832
xgboost,airport_aware,"{""model__colsample_bytree"": 0.8, ""model__learning_rate"": 0.03, ""model__max_depth"": 6, ""model__min_child_weight"": 5, ""model__n_estimators"": 600, ""model__reg_lambda"": 1.0, ""model__subsample"": 1.0, ""sample_weight_mode"": ""balanced""}",0.4163108821436664,0.043725122237321966,0.42777943040859706,0.024352788363216346,0.4464043895691316,0.025958412076777623,0.45627434340689527,0.031438289667744895,0.4464043895691316,0.025958412076777623,1.057989571223085,0.03472412396905211,0.6416259014790505,0.026139990294032283,0.43574861988403485,0.027094566655315788,0.6281825017267547,0.014154462850381617,0.37386089298060465,0.10747441779660016,0.5018185001827747,0.07240567066015648,0.4144988955759327,0.0799719321615078
xgboost,airport_aware,"{""model__colsample_bytree"": 0.8, ""model__learning_rate"": 0.08, ""model__max_depth"": 3, ""model__min_child_weight"": 1, ""model__n_estimators"": 600, ""model__reg_lambda"": 5.0, ""model__subsample"": 1.0, ""sample_weight_mode"": ""balanced""}",0.416093231637768,0.03579035094556788,0.4285234799684627,0.0174759111326312,0.4484012616945933,0.018678109689152338,0.4529345312466585,0.02059466545105892,0.4484012616945933,0.018678109689152338,1.054237177832576,0.02446512253435209,0.6403491596591434,0.018904978081391095,0.4355227969925428,0.02104676370533757,0.6290413697434099,0.009758761794425927,0.3721642302929237,0.10937735794283832,0.5032521416435805,0.06214186014979959,0.4139885710093446,0.07772802957619573
xgboost,airport_aware,"{""model__colsample_bytree"": 1.0, ""model__learning_rate"": 0.08, ""model__max_depth"": 3, ""model__min_child_weight"": 5, ""model__n_estimators"": 600, ""model__reg_lambda"": 1.0, ""model__subsample"": 0.8, ""sample_weight_mode"": ""balanced""}",0.4160915968242991,0.04330019749790292,0.42870024472030116,0.024241164770176918,0.4471174195671389,0.017644916954562294,0.45275176472962986,0.027138935785508248,0.4471174195671389,0.017644916954562294,1.0587252922570705,0.02811591456494335,0.6436162454632347,0.021443996248269648,0.43313837776336117,0.021896691330239887,0.6263500827315266,0.011680258583778249,0.3725480616495723,0.11601575052725852,0.4981922468134405,0.05566113088236465,0.41218170864123815,0.08508139936979647
xgboost,airport_aware,"{""model__colsample_bytree"": 1.0, ""model__learning_rate"": 0.08, ""model__max_depth"": 3, ""model__min_child_weight"": 1, ""model__n_estimators"": 600, ""model__reg_lambda"": 5.0, ""model__subsample"": 0.8, ""sample_weight_mode"": ""balanced""}",0.41605940230301214,0.044291554083947825,0.4285442031541315,0.025541630436366973,0.44699799566620335,0.013841930495261811,0.4525117676193361,0.028533322720882406,0.44699799566620335,0.013841930495261811,1.0568727952429295,0.026580206974641005,0.6424536269069862,0.020653303891803285,0.4341262245142622,0.02323920495309902,0.6266272482464916,0.010663840276542453,0.37384347552034003,0.11720150154063541,0.500209159118568,0.04840965400203509,0.41436794642977104,0.0867502762926806
xgboost,extended_geographic,"{""model__colsample_bytree"": 0.8, ""model__learning_rate"": 0.08, ""model__max_depth"": 3, ""model__min_child_weight"": 1, ""model__n_estimators"": 600, ""model__reg_lambda"": 1.0, ""model__subsample"": 1.0, ""sample_weight_mode"": ""balanced""}",0.41604746516156466,0.038177784250940885,0.4287877384988691,0.019262160659524404,0.44747986531589506,0.014968976340622527,0.4525034836527716,0.021445988445180374,0.44747986531589506,0.014968976340622527,1.0599572409629034,0.02182005242367668,0.6435488362003993,0.017636026096440553,0.4319176573580877,0.020630766662044338,0.6255741557897909,0.00784919319456742,0.37069746828195227,0.11238643295267019,0.49452420001110353,0.050814888572450374,0.4110473474403162,0.08267370492334726
xgboost,airport_aware,"{""model__colsample_bytree"": 0.8, ""model__learning_rate"": 0.08, ""model__max_depth"": 3, ""model__min_child_weight"": 5, ""model__n_estimators"": 300, ""model__reg_lambda"": 1.0, ""model__subsample"": 0.8, ""sample_weight_mode"": ""balanced""}",0.41599650804268584,0.042752636862194986,0.4285074460419797,0.02361212246382896,0.4476887141206253,0.018808468398504072,0.45278606147105344,0.02946330844970801,0.4476887141206253,0.018808468398504072,1.0484429996409657,0.025907627547844023,0.6366686005631805,0.01967392465063773,0.4375987602725737,0.024644276599559096,0.6313389930399407,0.011993066487545865,0.3726856068842076,0.11185861021104324,0.49502188991164164,0.061076183737391654,0.4106212332660909,0.07860183207704392
xgboost,extended_geographic,"{""model__colsample_bytree"": 1.0, ""model__learning_rate"": 0.03, ""model__max_depth"": 6, ""model__min_child_weight"": 1, ""model__n_estimators"": 300, ""model__reg_lambda"": 1.0, ""model__subsample"": 1.0, ""sample_weight_mode"": ""balanced""}",0.41583771921195795,0.043976590475808625,0.4285432162049954,0.024682776443592326,0.4452775553818141,0.023957496912885557,0.45627165137006437,0.029603385549166892,0.4452775553818141,0.023957496912885557,1.05593231539819,0.02832749511519592,0.6400990852902231,0.022128270359089253,0.4315373301346822,0.025787953036450168,0.6252534871988356,0.011301071333653758,0.37528493331405477,0.11319178074106079,0.484716630608032,0.0818782478208606,0.40892911900089635,0.08819647279559864
xgboost,airport_aware,"{""model__colsample_bytree"": 1.0, ""model__learning_rate"": 0.03, ""model__max_depth"": 6, ""model__min_child_weight"": 5, ""model__n_estimators"": 300, ""model__reg_lambda"": 1.0, ""model__subsample"": 1.0, ""sample_weight_mode"": ""balanced""}",0.4157435599319431,0.04291126431645074,0.4276261858848889,0.02278159665329622,0.4456532995167183,0.016927168877863538,0.4553373306833889,0.03146176986151088,0.4456532995167183,0.016927168877863538,1.0499802948324408,0.028060956825143736,0.6367198948906072,0.02162383414667612,0.43698336527015214,0.029900425317784977,0.6298354567716158,0.012727765692853398,0.3761908213995173,0.11498642837550413,0.48513527253605293,0.06563597187899178,0.4093228462549899,0.08442592917306009
xgboost,extended_geographic,"{""model__colsample_bytree"": 0.8, ""model__learning_rate"": 0.08, ""model__max_depth"": 3, ""model__min_child_weight"": 1, ""model__n_estimators"": 600, ""model__reg_lambda"": 5.0, ""model__subsample"": 0.8, ""sample_weight_mode"": ""balanced""}",0.41566025632436315,0.03838985858169853,0.42848498823989606,0.0214558545406388,0.44706037165002754,0.012859291215288471,0.452639489211166,0.02151923887618688,0.44706037165002754,0.012859291215288471,1.0559347446030842,0.02392642342302149,0.6420766281398362,0.019122573467806044,0.43373974925808323,0.022841506914361757,0.6269676546257686,0.008461850237691465,0.37393539267526726,0.11590780804082208,0.5006818733694571,0.05222248790512501,0.4142276040865909,0.08413930864314673
xgboost,airport_aware,"{""model__colsample_bytree"": 1.0, ""model__learning_rate"": 0.03, ""model__max_depth"": 6, ""model__min_child_weight"": 5, ""model__n_estimators"": 300, ""model__reg_lambda"": 1.0, ""model__subsample"": 0.8, ""sample_weight_mode"": ""balanced""}",0.4156209035526043,0.04778295286031881,0.4282642869523383,0.027751836212892185,0.4447641724665067,0.01908700120572571,0.4557962953769872,0.035826879271414896,0.4447641724665067,0.01908700120572571,1.0463523863118525,0.028653558410214056,0.6350877117996524,0.022374665597686208,0.43717331792967656,0.028528400781352686,0.6304009840353734,0.013389886493657185,0.3759004263676874,0.11820302299237238,0.49150264254553466,0.05756080201808576,0.41261486005944975,0.08890143285429981
xgboost,extended_geographic,"{""model__colsample_bytree"": 1.0, ""model__learning_rate"": 0.08, ""model__max_depth"": 6, ""model__min_child_weight"": 1, ""model__n_estimators"": 300, ""model__reg_lambda"": 5.0, ""model__subsample"": 1.0, ""sample_weight_mode"": ""balanced""}",0.41555376379484066,0.03755551398721612,0.42657253152757135,0.019300347206210888,0.4458245831960662,0.02049142617156013,0.4546717048137845,0.024042133091872513,0.4458245831960662,0.02049142617156013,1.0727632996617231,0.033814022141548786,0.6494337612692929,0.025268889066399517,0.4284859140123539,0.023108704584486186,0.6194009375452298,0.010289372908409358,0.3773309548275886,0.10940478483561099,0.4962945475554877,0.06653413194550153,0.4157707374688555,0.08223167114298137
xgboost,extended_geographic,"{""model__colsample_bytree"": 1.0, ""model__learning_rate"": 0.03, ""model__max_depth"": 6, ""model__min_child_weight"": 5, ""model__n_estimators"": 300, ""model__reg_lambda"": 1.0, ""model__subsample"": 0.8, ""sample_weight_mode"": ""balanced""}",0.41551898246027663,0.04555693203060576,0.42853807100075797,0.024299676952316815,0.446200804990176,0.02006779509125585,0.4541382492100959,0.034176682996640624,0.446200804990176,0.02006779509125585,1.0481434762256103,0.027378501904594493,0.6362965176094704,0.021788919719698464,0.4363397727477179,0.027277892167359888,0.6288474602330489,0.012340735603559857,0.3777384254517774,0.11447765103751871,0.5005186567036015,0.059588472050417084,0.41696300935687225,0.0855576325334727
xgboost,airport_aware,"{""model__colsample_bytree"": 0.8, ""model__learning_rate"": 0.08, ""model__max_depth"": 6, ""model__min_child_weight"": 1, ""model__n_estimators"": 300, ""model__reg_lambda"": 5.0, ""model__subsample"": 1.0, ""sample_weight_mode"": ""balanced""}",0.4154657073401862,0.04111719594808528,0.42675105808335695,0.022505823672729783,0.44591918325568003,0.023921450777800064,0.455504595400347,0.029459461470458553,0.44591918325568003,0.023921450777800064,1.0630477588148828,0.033745411785225506,0.6448103356761171,0.02535844278331412,0.43033628534939333,0.02591009880434579,0.6239222462465522,0.012562571868130428,0.3717693969069954,0.10635721620249887,0.49531715499820744,0.07403836961518549,0.41059980939812346,0.07809531858447946
xgboost,extended_geographic,"{""model__colsample_bytree"": 0.8, ""model__learning_rate"": 0.03, ""model__max_depth"": 6, ""model__min_child_weight"": 1, ""model__n_estimators"": 600, ""model__reg_lambda"": 1.0, ""model__subsample"": 0.8, ""sample_weight_mode"": ""balanced""}",0.4154524683356204,0.042166094533272164,0.4279906697134548,0.02121281459170368,0.44651058446782893,0.023023488408620493,0.45476033597229615,0.03553912352812219,0.44651058446782893,0.023023488408620493,1.0588212240210455,0.03200322151252075,0.6424505588597892,0.025081701393498454,0.43200931723529556,0.022947038996103886,0.624180983730064,0.008672964187328045,0.3809970990633214,0.11298160160618737,0.4939694641675646,0.06682878880453315,0.41560155957634287,0.08077116204143782
xgboost,extended_geographic,"{""model__colsample_bytree"": 0.8, ""model__learning_rate"": 0.03, ""model__max_depth"": 6, ""model__min_child_weight"": 1, ""model__n_estimators"": 600, ""model__reg_lambda"": 1.0, ""model__subsample"": 1.0, ""sample_weight_mode"": ""balanced""}",0.4154470505984458,0.04361704487920092,0.4271737625218271,0.024509697177860557,0.44530383395322504,0.027401237674175957,0.4551194269594235,0.030497941649877992,0.44530383395322504,0.027401237674175957,1.0663285824495332,0.03441863891441623,0.6458968810964361,0.025861541245665347,0.42815841576295954,0.02284116048102596,0.6223109413064742,0.011556424677961627,0.37778658263995774,0.1118161267293072,0.4945846722131617,0.06924067678875692,0.4147914621655101,0.08467962864432968
xgboost,airport_aware,"{""model__colsample_bytree"": 0.8, ""model__learning_rate"": 0.08, ""model__max_depth"": 3, ""model__min_child_weight"": 5, ""model__n_estimators"": 600, ""model__reg_lambda"": 5.0, ""model__subsample"": 1.0, ""sample_weight_mode"": ""balanced""}",0.4154250222795862,0.035626727597144414,0.42817956562167503,0.017145863769334746,0.4478499543953223,0.0205177776521884,0.4515244502038194,0.02043237320256356,0.4478499543953223,0.0205177776521884,1.0541738511800751,0.02800501996727119,0.6404911160306878,0.02121894043073644,0.4362313142813111,0.02372165352796261,0.629949985537853,0.01165281616240235,0.37082176427529173,0.10689324556001832,0.4992318916675331,0.06473823982850421,0.41145376106820475,0.0744357988066775
xgboost,extended_geographic,"{""model__colsample_bytree"": 1.0, ""model__learning_rate"": 0.03, ""model__max_depth"": 6, ""model__min_child_weight"": 1, ""model__n_estimators"": 300, ""model__reg_lambda"": 5.0, ""model__subsample"": 0.8, ""sample_weight_mode"": ""balanced""}",0.4154080002276321,0.04282186988923063,0.42743487762638,0.0231731355124771,0.44518716697559346,0.015011130323099931,0.45428905639267325,0.03052002778903314,0.44518716697559346,0.015011130323099931,1.0451852238033772,0.023878256512430404,0.6341674544609436,0.01955812543914462,0.43705927585177334,0.027376504188716823,0.6300801635915969,0.010075804431909892,0.37765048127659634,0.11607796554340714,0.49447811712200596,0.054892240707441656,0.41454945163613727,0.08532242249945102
xgboost,airport_aware,"{""model__colsample_bytree"": 0.8, ""model__learning_rate"": 0.08, ""model__max_depth"": 3, ""model__min_child_weight"": 5, ""model__n_estimators"": 600, ""model__reg_lambda"": 1.0, ""model__subsample"": 0.8, ""sample_weight_mode"": ""balanced""}",0.415369316037938,0.04173174005572404,0.4278272678630442,0.023016171781577145,0.4455889488471585,0.019639569115426685,0.453026066938597,0.02517349461269106,0.4455889488471585,0.019639569115426685,1.0580279250409272,0.029115925487052878,0.6431238421258928,0.02199892594753124,0.43337941853785067,0.021384438424997907,0.6258164232450018,0.01167832855852331,0.37767528912147197,0.11554143482984565,0.49983608770059035,0.057361986851404874,0.416011200947362,0.08398561311979537
xgboost,airport_aware,"{""model__colsample_bytree"": 0.8, ""model__learning_rate"": 0.08, ""model__max_depth"": 3, ""model__min_child_weight"": 5, ""model__n_estimators"": 600, ""model__reg_lambda"": 5.0, ""model__subsample"": 0.8, ""sample_weight_mode"": ""balanced""}",0.4152066003819825,0.04353647865625391,0.42800792291067574,0.024718031556831246,0.4454696009733136,0.01765994212130397,0.4529140439363304,0.027822212714362013,0.4454696009733136,0.01765994212130397,1.0555698512835914,0.028459136245761837,0.6416408188369341,0.021384538708183246,0.4343237797200599,0.022275386445987495,0.6274086332854971,0.012102359619878674,0.3718581167137064,0.11368712967379141,0.49264758694738814,0.054125084233770465,0.40998643914837574,0.0823463890431388
xgboost,airport_aware,"{""model__colsample_bytree"": 0.8, ""model__learning_rate"": 0.03, ""model__max_depth"": 6, ""model__min_child_weight"": 1, ""model__n_estimators"": 600, ""model__reg_lambda"": 5.0, ""model__subsample"": 0.8, ""sample_weight_mode"": ""balanced""}",0.41506270298731607,0.045044922522976316,0.4273532354663289,0.024076665771515602,0.4462095218845878,0.014913514752003315,0.45314724076164525,0.03694938502517517,0.4462095218845878,0.014913514752003315,1.0536315554685003,0.029093601372648895,0.6399518264222467,0.02326324976821049,0.4332041247947787,0.024329394961938092,0.6253199605547863,0.010140574572861308,0.38078740685024975,0.11734594985991036,0.5033200733184602,0.06428789807312005,0.41893508958474907,0.08705352118961197
xgboost,airport_aware,"{""model__colsample_bytree"": 1.0, ""model__learning_rate"": 0.03, ""model__max_depth"": 6, ""model__min_child_weight"": 1, ""model__n_estimators"": 600, ""model__reg_lambda"": 5.0, ""model__subsample"": 1.0, ""sample_weight_mode"": ""balanced""}",0.41506247425263804,0.04346940350765981,0.42634294770833214,0.025262169145674692,0.44507746828740347,0.02074707016072302,0.4552685830398694,0.03152724374990257,0.44507746828740347,0.02074707016072302,1.058859345117327,0.029788347938469788,0.6425160888133497,0.022929224220561133,0.4317554422810204,0.023576923118495945,0.6252664258799963,0.012281243216139784,0.37602454561415144,0.11286883596862182,0.5017810923962868,0.06881846996029582,0.41623099006902925,0.08553335855845291
xgboost,extended_geographic,"{""model__colsample_bytree"": 1.0, ""model__learning_rate"": 0.03, ""model__max_depth"": 6, ""model__min_child_weight"": 5, ""model__n_estimators"": 600, ""model__reg_lambda"": 1.0, ""model__subsample"": 0.8, ""sample_weight_mode"": ""balanced""}",0.4150455737826273,0.04108406551595148,0.4276320054116417,0.02076956931245465,0.44554204202980285,0.022973707302650807,0.45313193968442667,0.029698551892966833,0.44554204202980285,0.022973707302650807,1.0626280246155213,0.03346775398434365,0.645306393963984,0.025712782542743375,0.4309749876591087,0.025065731836916724,0.6226745606856419,0.01151018848919948,0.38193480925508705,0.11415227726890267,0.501301010452567,0.05667980198546331,0.41971514095305845,0.08202774910860797
xgboost,airport_aware,"{""model__colsample_bytree"": 1.0, ""model__learning_rate"": 0.08, ""model__max_depth"": 6, ""model__min_child_weight"": 5, ""model__n_estimators"": 300, ""model__reg_lambda"": 5.0, ""model__subsample"": 1.0, ""sample_weight_mode"": ""balanced""}",0.4150130077298594,0.04097117520584689,0.4263170679702914,0.0230408862069927,0.44514873962064144,0.02657937428288264,0.45483676932976,0.02560572400655746,0.44514873962064144,0.02657937428288264,1.0656898688712972,0.0335981109873034,0.64665792174987,0.025119725465919028,0.43148138018593085,0.025642862163604042,0.6234215303428379,0.013059041587842008,0.3739926799322405,0.1074771757478356,0.4969997997343395,0.07722686505231492,0.41262465399512793,0.08037029428561897
xgboost,airport_aware,"{""model__colsample_bytree"": 1.0, ""model__learning_rate"": 0.08, ""model__max_depth"": 3, ""model__min_child_weight"": 5, ""model__n_estimators"": 600, ""model__reg_lambda"": 1.0, ""model__subsample"": 1.0, ""sample_weight_mode"": ""balanced""}",0.41492865068167006,0.038823688542739244,0.4276204122502091,0.018912676794854425,0.44655130386661446,0.021584202057096626,0.45150982791630856,0.023466800250055295,0.44655130386661446,0.021584202057096626,1.0591090860533792,0.027118296099864013,0.6436777964781515,0.02090864179226054,0.432260621461298,0.020703230003761564,0.6259835707646815,0.010554704413797451,0.37285253051999867,0.10900633984712278,0.49969845407944274,0.0673694916244581,0.4131580542203543,0.07997655159549649
xgboost,airport_aware,"{""model__colsample_bytree"": 0.8, ""model__learning_rate"": 0.08, ""model__max_depth"": 3, ""model__min_child_weight"": 5, ""model__n_estimators"": 300, ""model__reg_lambda"": 5.0, ""model__subsample"": 0.8, ""sample_weight_mode"": ""balanced""}",0.4149026108442383,0.0415392169611305,0.4274552846395304,0.02192741793298274,0.44483134939688734,0.020223870286339284,0.45344221195272416,0.026137104826812828,0.44483134939688734,0.020223870286339284,1.04691608207715,0.024083822214464697,0.6355652762368158,0.0183690911024326,0.4381645803911807,0.024764504304196716,0.632330459121248,0.012021826043335819,0.37476833770993534,0.11435027188515721,0.48826365524063703,0.058381509248569524,0.4098062499438292,0.08215628303759664
xgboost,extended_geographic,"{""model__colsample_bytree"": 0.8, ""model__learning_rate"": 0.08, ""model__max_depth"": 3, ""model__min_child_weight"": 5, ""model__n_estimators"": 600, ""model__reg_lambda"": 5.0, ""model__subsample"": 1.0, ""sample_weight_mode"": ""balanced""}",0.41467426333650914,0.033449245695166586,0.4268913129189693,0.015576315412669395,0.44689010834317056,0.01718155581560929,0.4506997615718104,0.018801922859558153,0.44689010834317056,0.01718155581560929,1.0582807459258279,0.02506869202223757,0.6430518840185647,0.019437286738125177,0.433344698092459,0.023353489519027847,0.6271920028903428,0.007814327826784704,0.3703851905766486,0.10717172272260188,0.4899274476938656,0.05746356455112465,0.40874107470361964,0.07551153902597042
xgboost,extended_geographic,"{""model__colsample_bytree"": 1.0, ""model__learning_rate"": 0.08, ""model__max_depth"": 3, ""model__min_child_weight"": 1, ""model__n_estimators"": 600, ""model__reg_lambda"": 1.0, ""model__subsample"": 1.0, ""sample_weight_mode"": ""balanced""}",0.4146226684474771,0.039796550739652076,0.42749759914570884,0.021040457813473825,0.44549411398658006,0.016387255255444932,0.45071002930086773,0.02256128359093112,0.44549411398658006,0.016387255255444932,1.061576936168273,0.020079401089836395,0.6445944004662728,0.016788543437429373,0.4300980369206065,0.02022521649408734,0.6247293366674965,0.006957018715830733,0.3680608926625559,0.11183709438832606,0.4905791040296469,0.057455927891284536,0.40771239061601605,0.08323734730378742
xgboost,extended_geographic,"{""model__colsample_bytree"": 1.0, ""model__learning_rate"": 0.03, ""model__max_depth"": 6, ""model__min_child_weight"": 5, ""model__n_estimators"": 600, ""model__reg_lambda"": 5.0, ""model__subsample"": 0.8, ""sample_weight_mode"": ""balanced""}",0.4145801642221782,0.040763490581547254,0.4269379980541764,0.021815773986673323,0.4464037543952978,0.024625027824440898,0.45142682881805973,0.030678691357113385,0.4464037543952978,0.024625027824440898,1.057561829689619,0.030265329611897856,0.642492506079211,0.023837410901038438,0.43304304559866036,0.023965520277030663,0.625400700993034,0.009464379966297046,0.38284592329403655,0.11259874922259257,0.5083564087163422,0.06456301619868111,0.4222531308770467,0.08057865150867596
xgboost,airport_aware,"{""model__colsample_bytree"": 0.8, ""model__learning_rate"": 0.08, ""model__max_depth"": 3, ""model__min_child_weight"": 5, ""model__n_estimators"": 600, ""model__reg_lambda"": 1.0, ""model__subsample"": 1.0, ""sample_weight_mode"": ""balanced""}",0.4143737653310799,0.03827023373174276,0.4272832145227198,0.01910638821228051,0.4456840163919432,0.01981719577709256,0.4516434951235528,0.02344125503034883,0.4456840163919432,0.01981719577709256,1.0576599570070653,0.026826865137455854,0.6427308521871133,0.020669566870013895,0.43304991191312237,0.021641951582834152,0.6269988975878005,0.010501371244842402,0.3709537013941663,0.1078079613622047,0.4970141712413422,0.060977073253139925,0.4112993750531505,0.07696965749723911
xgboost,extended_geographic,"{""model__colsample_bytree"": 0.8, ""model__learning_rate"": 0.08, ""model__max_depth"": 3, ""model__min_child_weight"": 1, ""model__n_estimators"": 600, ""model__reg_lambda"": 1.0, ""model__subsample"": 0.8, ""sample_weight_mode"": ""balanced""}",0.41412357456436577,0.038055055346838576,0.42662066295367973,0.020558249667981338,0.445963312654048,0.008981404484490118,0.4498047760553465,0.022600690171626626,0.445963312654048,0.008981404484490118,1.057534403155055,0.02251149583080616,0.6429089003245549,0.018378243754033467,0.43269800921480017,0.021740862686395527,0.6263629974038449,0.0071547056744227545,0.37259302550655293,0.11520489139878173,0.498401786757518,0.04773339367136899,0.41329498989684277,0.08456202263600716
xgboost,airport_aware,"{""model__colsample_bytree"": 0.8, ""model__learning_rate"": 0.03, ""model__max_depth"": 6, ""model__min_child_weight"": 5, ""model__n_estimators"": 600, ""model__reg_lambda"": 5.0, ""model__subsample"": 0.8, ""sample_weight_mode"": ""balanced""}",0.4140808481201873,0.0435977418842759,0.42667465955824724,0.023233285381259457,0.44502010847197626,0.01787376936693767,0.45192149234453965,0.03143873268362771,0.44502010847197626,0.01787376936693767,1.0539997737907965,0.029854961821647062,0.640573832443317,0.023355991151559133,0.4336536182308719,0.023668499287283512,0.626161708789383,0.010878158775521419,0.37980204371391874,0.11778106029109922,0.5046465256628875,0.05688176536715096,0.41912039172634563,0.08653800800206773
xgboost,airport_aware,"{""model__colsample_bytree"": 0.8, ""model__learning_rate"": 0.08, ""model__max_depth"": 3, ""model__min_child_weight"": 1, ""model__n_estimators"": 600, ""model__reg_lambda"": 1.0, ""model__subsample"": 0.8, ""sample_weight_mode"": ""balanced""}",0.413997390031699,0.041305557782745084,0.42584531822073063,0.023140939486882752,0.4442572345754037,0.01637944940657763,0.4513408439760133,0.026139375776585785,0.4442572345754037,0.01637944940657763,1.058160157130302,0.02758832546013686,0.6432047200001753,0.0210711665576482,0.4320520659766771,0.021481160463040327,0.6251993147218727,0.011391264297961985,0.3727751940897688,0.11442016111981916,0.4964309288692542,0.05381028414912292,0.41196309319558705,0.08306674810738314
xgboost,extended_geographic,"{""model__colsample_bytree"": 0.8, ""model__learning_rate"": 0.08, ""model__max_depth"": 3, ""model__min_child_weight"": 5, ""model__n_estimators"": 600, ""model__reg_lambda"": 1.0, ""model__subsample"": 1.0, ""sample_weight_mode"": ""balanced""}",0.4139881740152768,0.03688365935747706,0.4266348233110101,0.018042107199651308,0.4453455014634704,0.013939420706295707,0.4494693043116552,0.020393176500543925,0.4453455014634704,0.013939420706295707,1.0601942522884302,0.02533410128819604,0.6441818988192829,0.019837769070819643,0.43374820127952385,0.022945544305803145,0.6267183701206952,0.008249510426990852,0.3716296920616683,0.1149477118278854,0.4926549482756338,0.043567448372868335,0.41120694890506426,0.08547140033408115
xgboost,extended_geographic,"{""model__colsample_bytree"": 0.8, ""model__learning_rate"": 0.08, ""model__max_depth"": 6, ""model__min_child_weight"": 5, ""model__n_estimators"": 300, ""model__reg_lambda"": 5.0, ""model__subsample"": 1.0, ""sample_weight_mode"": ""balanced""}",0.41397190528505445,0.0425253580055573,0.4258982227331204,0.023049708449475535,0.4442304371419604,0.02318988217462714,0.4529769212737186,0.026859733481429914,0.4442304371419604,0.02318988217462714,1.0653840843593252,0.0335441354289695,0.6465642291118161,0.025492640570478033,0.43191338989369876,0.024885654210141436,0.6244387435651723,0.00996740788381947,0.3723718093987193,0.11196506322862147,0.49635406316575015,0.06896395214329504,0.4126149948631509,0.08886088739903995
xgboost,airport_aware,"{""model__colsample_bytree"": 0.8, ""model__learning_rate"": 0.08, ""model__max_depth"": 3, ""model__min_child_weight"": 1, ""model__n_estimators"": 600, ""model__reg_lambda"": 1.0, ""model__subsample"": 1.0, ""sample_weight_mode"": ""balanced""}",0.4139706720748489,0.03598409806472578,0.4267150620330602,0.016576468079536267,0.4456737782446485,0.017694334360390248,0.45085973299793275,0.021108400616462547,0.4456737782446485,0.017694334360390248,1.059538906283663,0.02383721002732174,0.6433276445130213,0.018418070919517117,0.4308744274298843,0.019165221237112666,0.6256864897327427,0.009001206081173965,0.3684936487174456,0.10809222983497348,0.4955247439066849,0.06181269864216064,0.4086178815765001,0.07553215804735612
xgboost,extended_geographic,"{""model__colsample_bytree"": 1.0, ""model__learning_rate"": 0.08, ""model__max_depth"": 3, ""model__min_child_weight"": 1, ""model__n_estimators"": 600, ""model__reg_lambda"": 5.0, ""model__subsample"": 0.8, ""sample_weight_mode"": ""balanced""}",0.41394706318135716,0.041308394517579214,0.42712308709400837,0.022875095314592947,0.44516089059474184,0.01251511921981798,0.44958696747454674,0.025293926366275223,0.44516089059474184,0.01251511921981798,1.0573331285979128,0.024684336023031477,0.6429039604156898,0.019537567317037353,0.4339951750925774,0.02193301779234978,0.6262331452583274,0.009504317927804234,0.37696093086037263,0.11854370363387551,0.49807871453827673,0.04946871787348997,0.4156638692189891,0.08738784168039282
xgboost,extended_geographic,"{""model__colsample_bytree"": 0.8, ""model__learning_rate"": 0.03, ""model__max_depth"": 6, ""model__min_child_weight"": 1, ""model__n_estimators"": 600, ""model__reg_lambda"": 5.0, ""model__subsample"": 0.8, ""sample_weight_mode"": ""balanced""}",0.41388110282238877,0.041874226906756865,0.42605723194376255,0.02202983257222627,0.4443097809535336,0.017940179626906274,0.4523764566469556,0.033386568395037036,0.4443097809535336,0.017940179626906274,1.0555874953670759,0.029430377823188542,0.6409017406533629,0.023535225576130234,0.43312157421771713,0.02349792929345331,0.6253352708569669,0.008589299801303187,0.3809198108411365,0.11530844371221505,0.49856608824998594,0.05781543502670064,0.41782636420782604,0.0826600278653353
xgboost,extended_geographic,"{""model__colsample_bytree"": 1.0, ""model__learning_rate"": 0.08, ""model__max_depth"": 3, ""model__min_child_weight"": 5, ""model__n_estimators"": 600, ""model__reg_lambda"": 1.0, ""model__subsample"": 0.8, ""sample_weight_mode"": ""balanced""}",0.4135990995333714,0.0401201020055351,0.4266110086390489,0.022213363365303652,0.44499780818294843,0.015872158304363407,0.4494247670337007,0.02573514758196257,0.44499780818294843,0.015872158304363407,1.0599338811732149,0.02652150711818512,0.6447007099171895,0.020613801890561483,0.43250089134042635,0.021954859065910087,0.6253278557802394,0.009541660988410073,0.3732465261974257,0.11463924402722052,0.49091824740458484,0.05309716414235668,0.40987550519056193,0.08055429330261846
xgboost,airport_aware,"{""model__colsample_bytree"": 1.0, ""model__learning_rate"": 0.08, ""model__max_depth"": 3, ""model__min_child_weight"": 1, ""model__n_estimators"": 600, ""model__reg_lambda"": 5.0, ""model__subsample"": 1.0, ""sample_weight_mode"": ""balanced""}",0.4135431165349027,0.03686687796435267,0.42637297889785586,0.0181682118643729,0.4449127912543226,0.019387321823309975,0.45125532920093303,0.020622696724922198,0.4449127912543226,0.019387321823309975,1.055092813841373,0.023541828851055224,0.6408546344500106,0.018437238777123294,0.43499414364836025,0.021598298822790046,0.6285690963482324,0.009700043621590562,0.36449774120636347,0.10666838367550846,0.4917191787660795,0.061825092690033175,0.40539900732469436,0.07741250782458664
xgboost,airport_aware,"{""model__colsample_bytree"": 0.8, ""model__learning_rate"": 0.03, ""model__max_depth"": 6, ""model__min_child_weight"": 1, ""model__n_estimators"": 600, ""model__reg_lambda"": 1.0, ""model__subsample"": 1.0, ""sample_weight_mode"": ""balanced""}",0.4134679999298031,0.042457961170649136,0.4255587744100282,0.022278181259023106,0.4432874007526674,0.021087726501425416,0.45477467393409376,0.03280369778897857,0.4432874007526674,0.021087726501425416,1.06173952215172,0.03280698195612934,0.6434531714923024,0.0249464483443648,0.4296778545132936,0.024339066624817794,0.6242025065083832,0.012477099062954723,0.37242461693203216,0.10953970273594858,0.4934545136648749,0.06658027024700794,0.41081588255016743,0.08085905750797544
xgboost,extended_geographic,"{""model__colsample_bytree"": 1.0, ""model__learning_rate"": 0.08, ""model__max_depth"": 6, ""model__min_child_weight"": 5, ""model__n_estimators"": 300, ""model__reg_lambda"": 1.0, ""model__subsample"": 1.0, ""sample_weight_mode"": ""balanced""}",0.4133982921445737,0.041218496554551745,0.42555755074638785,0.021041123725481406,0.443502140622175,0.02467584177515361,0.4519320086004389,0.027600487742314536,0.443502140622175,0.02467584177515361,1.0798582972626054,0.03827291113845248,0.6535221592139357,0.027990512882832233,0.428269800261571,0.02482336352253123,0.6188373139163914,0.012289545162274611,0.37276707042018836,0.1114251081721855,0.491790076299324,0.06027301489467064,0.41113458809312886,0.0839581253552051
xgboost,extended_geographic,"{""model__colsample_bytree"": 1.0, ""model__learning_rate"": 0.03, ""model__max_depth"": 6, ""model__min_child_weight"": 1, ""model__n_estimators"": 600, ""model__reg_lambda"": 1.0, ""model__subsample"": 0.8, ""sample_weight_mode"": ""balanced""}",0.4132460392298876,0.04229841824022778,0.42587350432052223,0.021248273536300308,0.44278776133423514,0.01604154529621785,0.45305459848021323,0.03573917354799896,0.44278776133423514,0.01604154529621785,1.0605561720864367,0.03281551314308272,0.6434452631689357,0.02559649770432812,0.43057132358288064,0.02367194942173044,0.6224392689449199,0.009622461353757257,0.3838763310280464,0.11926831024731882,0.49165234129758684,0.05369039117793333,0.4172330468252162,0.08513393619972588
xgboost,extended_geographic,"{""model__colsample_bytree"": 1.0, ""model__learning_rate"": 0.03, ""model__max_depth"": 6, ""model__min_child_weight"": 1, ""model__n_estimators"": 600, ""model__reg_lambda"": 5.0, ""model__subsample"": 0.8, ""sample_weight_mode"": ""balanced""}",0.4131702489147712,0.04054445743080123,0.425193931872381,0.020608241283264456,0.4437207576020753,0.02073082290581028,0.45197311567489046,0.03052685308418563,0.4437207576020753,0.02073082290581028,1.057964202589305,0.02976479218140573,0.642388820834532,0.023731554374400686,0.4318322793610675,0.024294862519979855,0.6234253656472755,0.008828339749297509,0.3795683330988736,0.11335356197245874,0.49948596217929,0.059451059603162465,0.4180324564765505,0.08327257800576687
xgboost,airport_aware,"{""model__colsample_bytree"": 1.0, ""model__learning_rate"": 0.08, ""model__max_depth"": 6, ""model__min_child_weight"": 1, ""model__n_estimators"": 300, ""model__reg_lambda"": 5.0, ""model__subsample"": 1.0, ""sample_weight_mode"": ""balanced""}",0.4131209690051449,0.03812255877314695,0.42501617221227617,0.019436350138137725,0.44419386296085595,0.018599394270750438,0.4523541303616838,0.027507962905559798,0.44419386296085595,0.018599394270750438,1.0666219564463195,0.033177427454536605,0.646799820730879,0.025023327987097596,0.43024644023772635,0.02596969946743518,0.6223796740456644,0.012545704195455481,0.37356012033795,0.10750632460498467,0.4975512723859213,0.06802721081769526,0.4126151678880453,0.07514864722686039
xgboost,airport_aware,"{""model__colsample_bytree"": 0.8, ""model__learning_rate"": 0.08, ""model__max_depth"": 6, ""model__min_child_weight"": 5, ""model__n_estimators"": 300, ""model__reg_lambda"": 1.0, ""model__subsample"": 1.0, ""sample_weight_mode"": ""balanced""}",0.41307218829459735,0.03908180945917155,0.4237354161733792,0.02135721862302627,0.44372392178606307,0.027349753469288043,0.45218275545085784,0.026755818723291913,0.44372392178606307,0.027349753469288043,1.069739802223664,0.03733603254317204,0.6483069084540245,0.027497102096771715,0.4307021396846598,0.025292764071486548,0.6230035489410369,0.014113332117824092,0.37401545225969807,0.1054506203533369,0.5019060193223069,0.07495562171746631,0.41400507739505743,0.07505904293359857
xgboost,airport_aware,"{""model__colsample_bytree"": 1.0, ""model__learning_rate"": 0.08, ""model__max_depth"": 3, ""model__min_child_weight"": 1, ""model__n_estimators"": 600, ""model__reg_lambda"": 1.0, ""model__subsample"": 1.0, ""sample_weight_mode"": ""balanced""}",0.4130576883831045,0.03787078131064713,0.42540473740000434,0.017926861928060412,0.44496235077814267,0.016677342682841934,0.4492485610387412,0.02380609267287204,0.44496235077814267,0.016677342682841934,1.0600134245470691,0.023625307064965923,0.6437507397871746,0.01856010542773379,0.4308565226362477,0.018693827296818143,0.6253498211654717,0.009004588905336466,0.3698516445749075,0.10863360446373059,0.4990879763545825,0.06120656859561529,0.4112537825973842,0.079067204773277
xgboost,extended_geographic,"{""model__colsample_bytree"": 0.8, ""model__learning_rate"": 0.08, ""model__max_depth"": 6, ""model__min_child_weight"": 5, ""model__n_estimators"": 300, ""model__reg_lambda"": 1.0, ""model__subsample"": 0.8, ""sample_weight_mode"": ""balanced""}",0.41295929103299966,0.040957276105211986,0.42442542472115036,0.022262831361400583,0.4439783750788891,0.020495763739831044,0.45108452971675206,0.030543875504316594,0.4439783750788891,0.020495763739831044,1.0704455416447065,0.03350915830990923,0.6493660919092774,0.02604436935765774,0.4297737323644856,0.02458721019620775,0.6204158217406089,0.01115586373234493,0.37819578780554725,0.11435473577512963,0.494773728169295,0.06685153710974781,0.41349560247851913,0.08118468944752368
xgboost,airport_aware,"{""model__colsample_bytree"": 0.8, ""model__learning_rate"": 0.03, ""model__max_depth"": 6, ""model__min_child_weight"": 5, ""model__n_estimators"": 600, ""model__reg_lambda"": 1.0, ""model__subsample"": 0.8, ""sample_weight_mode"": ""balanced""}",0.4129241703121941,0.04352509749410577,0.4262157606466303,0.021654518130852632,0.4439689442513937,0.01948330044208149,0.45170354169133287,0.03391115309660494,0.4439689442513937,0.01948330044208149,1.0578223924028136,0.03325382499605714,0.6426235940076701,0.025422346194950124,0.43206955551483456,0.02394870285171948,0.6248873272643156,0.011806568626997336,0.37762971984290955,0.11394042419409013,0.4973073855297251,0.06601071920736908,0.4144217716775288,0.0826591783016098
xgboost,extended_geographic,"{""model__colsample_bytree"": 0.8, ""model__learning_rate"": 0.08, ""model__max_depth"": 3, ""model__min_child_weight"": 5, ""model__n_estimators"": 600, ""model__reg_lambda"": 5.0, ""model__subsample"": 0.8, ""sample_weight_mode"": ""balanced""}",0.4127340770739031,0.04011004788393547,0.426007840620272,0.021869960750689334,0.4440522737027063,0.013396895438214462,0.4480252561629928,0.024116326353046422,0.4440522737027063,0.013396895438214462,1.0566143084534096,0.02602859142254362,0.6425958749118876,0.020457438068343013,0.43447669713212883,0.02252045592373913,0.6273607303113036,0.009031106963959206,0.3728633512577963,0.11480623221078966,0.4939987924689797,0.05183169032802144,0.41122684703842777,0.08350173865799677
xgboost,airport_aware,"{""model__colsample_bytree"": 1.0, ""model__learning_rate"": 0.08, ""model__max_depth"": 3, ""model__min_child_weight"": 5, ""model__n_estimators"": 600, ""model__reg_lambda"": 5.0, ""model__subsample"": 0.8, ""sample_weight_mode"": ""balanced""}",0.4127247050393734,0.04545705091048659,0.4259767500912622,0.026007450704613997,0.44306514658852764,0.018503871253977816,0.4495842354268976,0.02908547633498521,0.44306514658852764,0.018503871253977816,1.0571418742578549,0.028070990398760043,0.6427484756683175,0.02136918942837214,0.43353838298424935,0.023363569414849093,0.626593066176458,0.01140447340349924,0.3716190346066245,0.11593924583647293,0.494342407574789,0.05692709794710332,0.41088738851342105,0.08739032657648693
xgboost,airport_aware,"{""model__colsample_bytree"": 1.0, ""model__learning_rate"": 0.03, ""model__max_depth"": 6, ""model__min_child_weight"": 5, ""model__n_estimators"": 600, ""model__reg_lambda"": 1.0, ""model__subsample"": 1.0, ""sample_weight_mode"": ""balanced""}",0.4126189798633262,0.04409449203436912,0.42379389736170187,0.025095472976576775,0.4419485916606082,0.02572277018603833,0.4522743401457638,0.03092556617158629,0.4419485916606082,0.02572277018603833,1.06123134107215,0.03546238706533574,0.6435911379652305,0.026655443253036953,0.4337873114281929,0.030230132290727893,0.6258372052111724,0.015485736668865675,0.3736875493951215,0.1115477695508088,0.4944422525012248,0.06825902945496318,0.4125362989306683,0.08577875690419103
xgboost,airport_aware,"{""model__colsample_bytree"": 1.0, ""model__learning_rate"": 0.03, ""model__max_depth"": 6, ""model__min_child_weight"": 1, ""model__n_estimators"": 600, ""model__reg_lambda"": 5.0, ""model__subsample"": 0.8, ""sample_weight_mode"": ""balanced""}",0.4125691151606315,0.043601878653545804,0.4249336322692221,0.022816277773711317,0.44321869517538354,0.015596126702209355,0.45100369321084804,0.03498366976611515,0.44321869517538354,0.015596126702209355,1.0551552624250309,0.029979582447533997,0.6409438240859098,0.02382861537751283,0.4322835162772748,0.0243537263459364,0.624975404778062,0.010118020577258576,0.3752433365654856,0.11298359652922071,0.49423787933209706,0.060211623230359945,0.4124988001256119,0.08097652007798789
xgboost,airport_aware,"{""model__colsample_bytree"": 0.8, ""model__learning_rate"": 0.03, ""model__max_depth"": 6, ""model__min_child_weight"": 1, ""model__n_estimators"": 600, ""model__reg_lambda"": 1.0, ""model__subsample"": 0.8, ""sample_weight_mode"": ""balanced""}",0.4124846027382393,0.041362562901551166,0.42422490623846987,0.02070429649803974,0.4422011808921444,0.014886826977150663,0.4523552891654969,0.03464302304830754,0.4422011808921444,0.014886826977150663,1.0573392282365583,0.032760348518599096,0.6418825530884761,0.025440687816095722,0.430950200119862,0.023710882113288465,0.6237843313145397,0.010550151385418642,0.3789941348790061,0.11485966320972074,0.49499179946086913,0.05537183938100354,0.4153929930390919,0.082932526634614
xgboost,extended_geographic,"{""model__colsample_bytree"": 1.0, ""model__learning_rate"": 0.08, ""model__max_depth"": 3, ""model__min_child_weight"": 5, ""model__n_estimators"": 600, ""model__reg_lambda"": 1.0, ""model__subsample"": 1.0, ""sample_weight_mode"": ""balanced""}",0.4124845733804955,0.036508399175107446,0.42546822557357045,0.01876848525517807,0.4441672281683572,0.01685912017962184,0.4481293102593538,0.0216115833211198,0.4441672281683572,0.01685912017962184,1.0600389583802792,0.0241742204802339,0.6442793481010891,0.01914106478078778,0.43197450026164885,0.02257110159274449,0.6258986884674408,0.00907178685097157,0.3684954796135501,0.11019681725605693,0.4916888761743531,0.05235277510595745,0.40788474854437445,0.07823500630895254
xgboost,extended_geographic,"{""model__colsample_bytree"": 0.8, ""model__learning_rate"": 0.08, ""model__max_depth"": 3, ""model__min_child_weight"": 5, ""model__n_estimators"": 600, ""model__reg_lambda"": 1.0, ""model__subsample"": 0.8, ""sample_weight_mode"": ""balanced""}",0.4124582592610733,0.03898700219036794,0.42448005254411225,0.021321737397211445,0.44457491922536113,0.016681527156079498,0.4472256035461871,0.025033360379680642,0.44457491922536113,0.016681527156079498,1.0581441052238374,0.0253357837620018,0.6434060646707918,0.02009305705198197,0.4340162631632639,0.022439027782568247,0.626295810812257,0.008986600950938388,0.3741932703265204,0.1112924191059859,0.4994578998634823,0.056466316928516114,0.41388163846998227,0.07970580577947038
xgboost,extended_geographic,"{""model__colsample_bytree"": 1.0, ""model__learning_rate"": 0.08, ""model__max_depth"": 3, ""model__min_child_weight"": 5, ""model__n_estimators"": 600, ""model__reg_lambda"": 5.0, ""model__subsample"": 0.8, ""sample_weight_mode"": ""balanced""}",0.4123520433883011,0.04015507751114405,0.42523891071564696,0.022275770658215115,0.443481433742632,0.013573603321262935,0.4482725022634685,0.02462809677101064,0.443481433742632,0.013573603321262935,1.0577151803394969,0.02624364692014895,0.6432292055127156,0.020569771829840308,0.4336561489260136,0.02338497092257317,0.6258418936263295,0.009942533687657207,0.3707616293861253,0.11314219912103377,0.4924145952028457,0.05341562025223737,0.409303981861067,0.0814089212146375
xgboost,extended_geographic,"{""model__colsample_bytree"": 1.0, ""model__learning_rate"": 0.03, ""model__max_depth"": 6, ""model__min_child_weight"": 5, ""model__n_estimators"": 600, ""model__reg_lambda"": 1.0, ""model__subsample"": 1.0, ""sample_weight_mode"": ""balanced""}",0.4122501796958833,0.042799659407755875,0.4242865609665502,0.023656734054292233,0.44156882218752846,0.025892813121667003,0.45097380371287865,0.027971698502842413,0.44156882218752846,0.025892813121667003,1.0688909231971517,0.03483822512111303,0.6478940039900469,0.026703294500856508,0.43004005897349423,0.027816978516232962,0.6217610831271707,0.013215488408515637,0.37174035521699506,0.11013880814534956,0.48421677914894656,0.06712875611093212,0.407739991177474,0.08422228580825035
xgboost,airport_aware,"{""model__colsample_bytree"": 1.0, ""model__learning_rate"": 0.08, ""model__max_depth"": 6, ""model__min_child_weight"": 5, ""model__n_estimators"": 300, ""model__reg_lambda"": 1.0, ""model__subsample"": 1.0, ""sample_weight_mode"": ""balanced""}",0.41219751309539776,0.04877442914039021,0.42398896478200765,0.02957040456777257,0.44202552840108134,0.03109834941641465,0.45146564655049304,0.03602656488034775,0.44202552840108134,0.03109834941641465,1.0732680999546984,0.039126914093065616,0.6503937894028116,0.029627764305043627,0.42859757448155966,0.029746073959850877,0.6209819126408653,0.01646438429397971,0.3717564938905562,0.11034469090844747,0.49524261314525375,0.07347123534720075,0.4108748553944352,0.08499751235755942
xgboost,extended_geographic,"{""model__colsample_bytree"": 1.0, ""model__learning_rate"": 0.08, ""model__max_depth"": 3, ""model__min_child_weight"": 1, ""model__n_estimators"": 600, ""model__reg_lambda"": 1.0, ""model__subsample"": 0.8, ""sample_weight_mode"": ""balanced""}",0.41192760878502516,0.03886495216107732,0.4244765329697172,0.021356675823466512,0.4423931920381364,0.011724257119233538,0.44865772177347923,0.024230236516143533,0.4423931920381364,0.011724257119233538,1.0583610646342343,0.02396483462393357,0.6435420696841898,0.01908959333668942,0.4326540508828322,0.021929250402532182,0.6258513979517182,0.008466974937236854,0.3718385056811878,0.11599104156664304,0.4838766533904238,0.049792920438597336,0.4068290488937304,0.08355699818992944
xgboost,airport_aware,"{""model__colsample_bytree"": 1.0, ""model__learning_rate"": 0.03, ""model__max_depth"": 6, ""model__min_child_weight"": 1, ""model__n_estimators"": 300, ""model__reg_lambda"": 1.0, ""model__subsample"": 1.0, ""sample_weight_mode"": ""balanced""}",0.4116535505086312,0.041259401627860494,0.4236730157206514,0.02167671433297226,0.4408093198051503,0.017577221387302135,0.4519466141467924,0.03149035250243598,0.4408093198051503,0.017577221387302135,1.054908665526848,0.02709169824211383,0.6399970217926853,0.02081644178595554,0.4301923593195761,0.0261554038750725,0.6245447288369163,0.010117791944255529,0.36955507528951476,0.11122649935559158,0.4798320742950567,0.0639187205103249,0.4038359330003102,0.0811899512625994
xgboost,extended_geographic,"{""model__colsample_bytree"": 0.8, ""model__learning_rate"": 0.08, ""model__max_depth"": 6, ""model__min_child_weight"": 1, ""model__n_estimators"": 300, ""model__reg_lambda"": 1.0, ""model__subsample"": 1.0, ""sample_weight_mode"": ""balanced""}",0.4116115582564011,0.04303717756889413,0.4234862579139394,0.021985609596014255,0.44132656552159555,0.015988149142772058,0.4509389189877983,0.035015391635739294,0.44132656552159555,0.015988149142772058,1.0799648556388717,0.03849308952314954,0.653070827453695,0.0283596033581815,0.4229567671143675,0.021453820744904904,0.6159510155839065,0.01028194991086927,0.3744959458681137,0.11308033732460313,0.4904553598507517,0.060947248406653956,0.41193306518208594,0.08501842718317534
xgboost,airport_aware,"{""model__colsample_bytree"": 1.0, ""model__learning_rate"": 0.08, ""model__max_depth"": 6, ""model__min_child_weight"": 5, ""model__n_estimators"": 300, ""model__reg_lambda"": 1.0, ""model__subsample"": 0.8, ""sample_weight_mode"": ""balanced""}",0.4114153552047097,0.03791907150801963,0.4230882343045912,0.018670610401058975,0.4405325646631553,0.021556572228499885,0.4522408196646549,0.023719068602611776,0.4405325646631553,0.021556572228499885,1.071902363652713,0.03334132451178036,0.6504174163440851,0.025849284655943286,0.42774289342476035,0.02288327456715493,0.6190917404641209,0.01176621530145983,0.37728716891557135,0.11595932570397939,0.4927553027887015,0.06469019728345532,0.4126733890833406,0.08504823268846813
xgboost,airport_aware,"{""model__colsample_bytree"": 0.8, ""model__learning_rate"": 0.08, ""model__max_depth"": 6, ""model__min_child_weight"": 5, ""model__n_estimators"": 600, ""model__reg_lambda"": 5.0, ""model__subsample"": 1.0, ""sample_weight_mode"": ""balanced""}",0.4114141811948307,0.037649908687738994,0.42262486839884944,0.0191842326271788,0.44204121591675244,0.01793932172749298,0.4510055725540236,0.026179909328610248,0.44204121591675244,0.01793932172749298,1.090490048878581,0.041105861306950535,0.6597766682424328,0.030018889767887275,0.4242503396649833,0.022837984812890632,0.6152155130443169,0.012893910559712325,0.37379236477927336,0.11299611399961339,0.49698048219348345,0.05952633717742242,0.412313854125723,0.08053840549085667
xgboost,airport_aware,"{""model__colsample_bytree"": 1.0, ""model__learning_rate"": 0.03, ""model__max_depth"": 6, ""model__min_child_weight"": 1, ""model__n_estimators"": 600, ""model__reg_lambda"": 1.0, ""model__subsample"": 0.8, ""sample_weight_mode"": ""balanced""}",0.4114122476261925,0.04522629775766281,0.4239929427760135,0.024533857991027926,0.4407807009209884,0.018585876474862404,0.45168271167947405,0.03943384857923858,0.4407807009209884,0.018585876474862404,1.05771722568613,0.03302566927239166,0.6420592200293944,0.02583677311240538,0.43123004090572986,0.024235644246089455,0.6234322821193428,0.011425447073723593,0.379012324941655,0.11734287010881789,0.48936758270332226,0.05684751193159714,0.41234215362619137,0.0822163478957641
xgboost,airport_aware,"{""model__colsample_bytree"": 1.0, ""model__learning_rate"": 0.03, ""model__max_depth"": 6, ""model__min_child_weight"": 5, ""model__n_estimators"": 600, ""model__reg_lambda"": 1.0, ""model__subsample"": 0.8, ""sample_weight_mode"": ""balanced""}",0.4112016872010044,0.044024496219684656,0.4236794190775527,0.02351823023211439,0.44157902016161155,0.022417397267522277,0.45020529720360675,0.03443116407583122,0.44157902016161155,0.022417397267522277,1.0584466291130203,0.03347846786801538,0.6429385766293948,0.025720926212635612,0.432518531811055,0.025400298910428075,0.6247464338510069,0.012387826152363833,0.3758761347890923,0.11195590777365064,0.49538000324870557,0.06597818253764523,0.41257059233896076,0.07941694762602666
xgboost,extended_geographic,"{""model__colsample_bytree"": 1.0, ""model__learning_rate"": 0.08, ""model__max_depth"": 6, ""model__min_child_weight"": 5, ""model__n_estimators"": 300, ""model__reg_lambda"": 5.0, ""model__subsample"": 1.0, ""sample_weight_mode"": ""balanced""}",0.4111832009412305,0.04124595379023219,0.4236244550174744,0.021024127105775888,0.44176767806460476,0.0230437442314764,0.44919697576653494,0.027018788629060805,0.44176767806460476,0.0230437442314764,1.073517684775365,0.03460939778354782,0.6512652763812448,0.02576307505064033,0.42810321606719776,0.02422573630298678,0.6193663099173388,0.009910198990999002,0.3710978856652516,0.11133606916910918,0.4899258257001054,0.0679874625978837,0.4086635958868121,0.08393237940796415
xgboost,airport_aware,"{""model__colsample_bytree"": 1.0, ""model__learning_rate"": 0.03, ""model__max_depth"": 6, ""model__min_child_weight"": 5, ""model__n_estimators"": 600, ""model__reg_lambda"": 5.0, ""model__subsample"": 0.8, ""sample_weight_mode"": ""balanced""}",0.41097387731313606,0.044144258583228756,0.42357783912974234,0.023758190188215032,0.44183944132063,0.022794954034993105,0.4491273601280249,0.03293756074922885,0.44183944132063,0.022794954034993105,1.0559968185192343,0.03154312377797368,0.6416331141380206,0.024462147653838313,0.43270943343410045,0.024662701410172537,0.6256438395016143,0.011861630380924333,0.3754549583555087,0.11237170721666347,0.4994324466715979,0.06548330383155238,0.4143922564057895,0.08205279698987078
xgboost,extended_geographic,"{""model__colsample_bytree"": 0.8, ""model__learning_rate"": 0.08, ""model__max_depth"": 6, ""model__min_child_weight"": 1, ""model__n_estimators"": 300, ""model__reg_lambda"": 5.0, ""model__subsample"": 0.8, ""sample_weight_mode"": ""balanced""}",0.41087252002289487,0.03694881503486506,0.4226254337463402,0.01753803159954091,0.4424557783332787,0.022156873114228745,0.45023110992669124,0.02893101477639796,0.4424557783332787,0.022156873114228745,1.0676184390299333,0.031232592604370973,0.6483645319267912,0.024846407983847466,0.4269265816652898,0.022744309366251,0.618537778668762,0.008803359426128636,0.37547695235242123,0.11249717035463311,0.4922952684907987,0.06684254066969748,0.41090506421950995,0.07856909224313856
xgboost,extended_geographic,"{""model__colsample_bytree"": 1.0, ""model__learning_rate"": 0.08, ""model__max_depth"": 6, ""model__min_child_weight"": 5, ""model__n_estimators"": 300, ""model__reg_lambda"": 1.0, ""model__subsample"": 0.8, ""sample_weight_mode"": ""balanced""}",0.4107430849053353,0.03789000148331182,0.4222822635020935,0.018514561442037957,0.4404210276899181,0.02333302593654435,0.45002311846335125,0.02332648325683179,0.4404210276899181,0.02333302593654435,1.076541437297013,0.03644971751224234,0.6528358687516318,0.027741467041325477,0.4281696916855372,0.023967516977211945,0.6182078821444845,0.010980633047340909,0.37276554072332896,0.1113288511844308,0.4900905224466781,0.06814670394188002,0.4092207976354055,0.08279964877950684
xgboost,extended_geographic,"{""model__colsample_bytree"": 0.8, ""model__learning_rate"": 0.08, ""model__max_depth"": 6, ""model__min_child_weight"": 5, ""model__n_estimators"": 300, ""model__reg_lambda"": 1.0, ""model__subsample"": 1.0, ""sample_weight_mode"": ""balanced""}",0.41066550626850323,0.040843137475262234,0.4228375105632371,0.020642893144029395,0.440586592208993,0.02522926480999719,0.44987966787360445,0.026644812872134462,0.440586592208993,0.02522926480999719,1.0746403356306113,0.0389054401844921,0.6508731687927398,0.027898815561989893,0.42959743929357297,0.02602441999013836,0.6198696569937714,0.013038559557812995,0.3694720552969802,0.11058272155582224,0.4903715464979113,0.05902256613503525,0.40912359415709193,0.08581021453092463
xgboost,extended_geographic,"{""model__colsample_bytree"": 1.0, ""model__learning_rate"": 0.08, ""model__max_depth"": 6, ""model__min_child_weight"": 1, ""model__n_estimators"": 300, ""model__reg_lambda"": 1.0, ""model__subsample"": 0.8, ""sample_weight_mode"": ""balanced""}",0.41051149483417537,0.03833407729061639,0.4219463758693454,0.018805981667685698,0.440097388240528,0.01156736823037518,0.4514286184581282,0.029955959968231822,0.440097388240528,0.01156736823037518,1.077821901522197,0.03519566114634159,0.6532585118506585,0.02694227368460632,0.4241774146464139,0.02111711542423207,0.6157851418931,0.007900511862465015,0.37667164558444954,0.11699451152689071,0.48501770705036423,0.05368290296477589,0.40990950690083905,0.08391003017758106
xgboost,airport_aware,"{""model__colsample_bytree"": 1.0, ""model__learning_rate"": 0.08, ""model__max_depth"": 6, ""model__min_child_weight"": 5, ""model__n_estimators"": 600, ""model__reg_lambda"": 5.0, ""model__subsample"": 1.0, ""sample_weight_mode"": ""balanced""}",0.410325633960824,0.04059678820934573,0.4217210775016148,0.02230081007992228,0.4400715531523409,0.02412215164928632,0.4501515732201488,0.027296503986454328,0.4400715531523409,0.02412215164928632,1.0997316009709315,0.04046327945169355,0.6644892154384772,0.0295657308808098,0.4224860162897722,0.02178839985264603,0.613342232001708,0.01247961044487043,0.3660008141077662,0.1093709391499659,0.4861463716156441,0.06761101794585171,0.40378894112214675,0.08090200487325577
xgboost,airport_aware,"{""model__colsample_bytree"": 1.0, ""model__learning_rate"": 0.08, ""model__max_depth"": 6, ""model__min_child_weight"": 1, ""model__n_estimators"": 600, ""model__reg_lambda"": 5.0, ""model__subsample"": 1.0, ""sample_weight_mode"": ""balanced""}",0.4099993015947672,0.039873495421016994,0.421696201136755,0.019676215222865112,0.43808335235814033,0.017639739596323898,0.45285615303824783,0.02881760268939175,0.43808335235814033,0.017639739596323898,1.1011710008217728,0.04387107937358525,0.6637569173424878,0.031235864623240094,0.42212767194028206,0.022519673826001303,0.6133097374985315,0.013020392050655727,0.3709691145075935,0.11292975611500149,0.47696431684639995,0.05650761153626781,0.4044624073577417,0.08416464561490054
xgboost,extended_geographic,"{""model__colsample_bytree"": 0.8, ""model__learning_rate"": 0.08, ""model__max_depth"": 6, ""model__min_child_weight"": 1, ""model__n_estimators"": 300, ""model__reg_lambda"": 1.0, ""model__subsample"": 0.8, ""sample_weight_mode"": ""balanced""}",0.40994239492621254,0.038323182943457615,0.42185978365133936,0.017659556293587855,0.43930665018773213,0.019288957922459937,0.45035373103195697,0.029814070349041752,0.43930665018773213,0.019288957922459937,1.0734303038867359,0.032857827523214866,0.6508476122982689,0.025971382250030716,0.42562355313884137,0.02151387180762395,0.617557053428269,0.008035159761705865,0.3764639926158962,0.1145433618217783,0.4826350308396082,0.06078319618045722,0.40861602985702705,0.08280190106576406
xgboost,extended_geographic,"{""model__colsample_bytree"": 1.0, ""model__learning_rate"": 0.03, ""model__max_depth"": 6, ""model__min_child_weight"": 1, ""model__n_estimators"": 600, ""model__reg_lambda"": 1.0, ""model__subsample"": 1.0, ""sample_weight_mode"": ""balanced""}",0.40955049269970534,0.04063400498026845,0.42177006059504213,0.020693681617898363,0.4392936479006847,0.021523124756179967,0.449787334689439,0.028378050970889714,0.4392936479006847,0.021523124756179967,1.0730752242207657,0.034110003424855616,0.6500369379643021,0.025213182991707928,0.4237731703695505,0.020464547654705217,0.618620061635575,0.00981976975474359,0.3685944169617407,0.11033129126296512,0.4799480573690863,0.075636676995132,0.4028856298671609,0.08312519006132453
xgboost,airport_aware,"{""model__colsample_bytree"": 0.8, ""model__learning_rate"": 0.08, ""model__max_depth"": 6, ""model__min_child_weight"": 1, ""model__n_estimators"": 300, ""model__reg_lambda"": 1.0, ""model__subsample"": 1.0, ""sample_weight_mode"": ""balanced""}",0.4092248052708312,0.043161991150577665,0.42166632525997405,0.022104645106480202,0.4383574027960603,0.021937002639706174,0.4505047526283006,0.032456034907749474,0.4383574027960603,0.021937002639706174,1.0718333123053707,0.036968963050755206,0.6491128588810653,0.02733706895619623,0.42661049487266356,0.023787774863821946,0.6204303502398254,0.012222944705914058,0.3704617334751234,0.1139687972718857,0.4823109055020022,0.06401088625030386,0.40540816010909275,0.08619094078889267
xgboost,extended_geographic,"{""model__colsample_bytree"": 0.8, ""model__learning_rate"": 0.08, ""model__max_depth"": 6, ""model__min_child_weight"": 5, ""model__n_estimators"": 300, ""model__reg_lambda"": 5.0, ""model__subsample"": 0.8, ""sample_weight_mode"": ""balanced""}",0.4091688979684709,0.03716650994850812,0.4212929279648331,0.017834336064660672,0.43911753042548957,0.02404009791465039,0.4479101781502128,0.024678564666208845,0.43911753042548957,0.02404009791465039,1.066476500861787,0.031605620962014594,0.6477875295832217,0.02444116364654145,0.42992625919549116,0.02305317833895646,0.6207780773191859,0.010434822633269347,0.37149060112558496,0.11223281169548709,0.4879724001932135,0.055122208315664986,0.40780678061369124,0.07988201518688362
xgboost,airport_aware,"{""model__colsample_bytree"": 0.8, ""model__learning_rate"": 0.08, ""model__max_depth"": 6, ""model__min_child_weight"": 1, ""model__n_estimators"": 300, ""model__reg_lambda"": 1.0, ""model__subsample"": 0.8, ""sample_weight_mode"": ""balanced""}",0.4088497399088479,0.04037209323201035,0.42015159097763133,0.020741065009395553,0.4390152549872817,0.017538622532173295,0.44849078711616175,0.03463430860156386,0.4390152549872817,0.017538622532173295,1.070801549458317,0.03602801826520518,0.6498741279796978,0.02796416167524946,0.4253963116978442,0.023578487981985825,0.6175336110891176,0.011001140352551468,0.37471055724832025,0.11137927490206564,0.4921728618119231,0.06008618051020333,0.4115592952475649,0.0786789129704485
xgboost,airport_aware,"{""model__colsample_bytree"": 0.8, ""model__learning_rate"": 0.08, ""model__max_depth"": 6, ""model__min_child_weight"": 5, ""model__n_estimators"": 300, ""model__reg_lambda"": 1.0, ""model__subsample"": 0.8, ""sample_weight_mode"": ""balanced""}",0.40863472181277694,0.03628264555535082,0.4203826816610497,0.017272582575571137,0.43863642466769903,0.022948083821843095,0.44863041869657455,0.024632236591548125,0.43863642466769903,0.022948083821843095,1.0694613867811598,0.032992732875683994,0.6494400975920807,0.02559848310969313,0.42729590781396565,0.023077901464777614,0.6192326194982825,0.010851028323530519,0.3717579553554579,0.10936780174168648,0.49205450107144644,0.06345414261988619,0.4091983802802678,0.07675311367858943
xgboost,airport_aware,"{""model__colsample_bytree"": 0.8, ""model__learning_rate"": 0.08, ""model__max_depth"": 6, ""model__min_child_weight"": 5, ""model__n_estimators"": 300, ""model__reg_lambda"": 5.0, ""model__subsample"": 0.8, ""sample_weight_mode"": ""balanced""}",0.4086293126168975,0.036346446455977774,0.4204002757228629,0.017722299858396642,0.4389592315616385,0.025136192549772958,0.44813438169446024,0.0252214558567014,0.4389592315616385,0.025136192549772958,1.0641724359508276,0.03039706855992365,0.6468333852222488,0.023869766056243528,0.429323114346687,0.022886361031229673,0.6213188170253958,0.010114865089870865,0.37362390167451753,0.10928253263640927,0.4930222680748432,0.06803494523783618,0.41003840519999624,0.07463173876294568
xgboost,airport_aware,"{""model__colsample_bytree"": 1.0, ""model__learning_rate"": 0.03, ""model__max_depth"": 6, ""model__min_child_weight"": 1, ""model__n_estimators"": 600, ""model__reg_lambda"": 1.0, ""model__subsample"": 1.0, ""sample_weight_mode"": ""balanced""}",0.4084745760121361,0.03873519767618493,0.42030863759969694,0.018217132925972882,0.4383737758359196,0.018992129904543468,0.4485908483899389,0.02990793248532626,0.4383737758359196,0.018992129904543468,1.0684592012288496,0.033029169173297644,0.647807835672675,0.0248353498732485,0.42568562522136916,0.02338761850944934,0.6201508949839809,0.011168959624395496,0.3690837352038514,0.11022793516602312,0.4833693395540089,0.06318094443184306,0.4045354537308915,0.0791626770361426
xgboost,extended_geographic,"{""model__colsample_bytree"": 1.0, ""model__learning_rate"": 0.08, ""model__max_depth"": 6, ""model__min_child_weight"": 5, ""model__n_estimators"": 300, ""model__reg_lambda"": 5.0, ""model__subsample"": 0.8, ""sample_weight_mode"": ""balanced""}",0.4080452563123358,0.03604437142041128,0.4197517562366763,0.017034619972026214,0.4379398664336838,0.01974664617854909,0.44703517535669973,0.024065372996394843,0.4379398664336838,0.01974664617854909,1.0706375267024228,0.031678461283034025,0.6503453583427461,0.02472070485718825,0.42819091811836146,0.022579782754740225,0.6192123080623275,0.00848028678928358,0.3726150734024756,0.11357815510777768,0.48586839409289945,0.0581142271500711,0.4081947333023949,0.0834608934878047
xgboost,airport_aware,"{""model__colsample_bytree"": 1.0, ""model__learning_rate"": 0.08, ""model__max_depth"": 6, ""model__min_child_weight"": 1, ""model__n_estimators"": 300, ""model__reg_lambda"": 1.0, ""model__subsample"": 0.8, ""sample_weight_mode"": ""balanced""}",0.4079184473673583,0.03854225824898939,0.41923378294769786,0.019781590217558064,0.43628381872037886,0.019135951957725716,0.4496167093765754,0.029517168627918384,0.43628381872037886,0.019135951957725716,1.0733446982110828,0.03575020250774722,0.6511892261850339,0.02737873219850202,0.4241909714177242,0.02388503973637989,0.6172199539139867,0.011756484274892332,0.3776587325816924,0.11567554040648166,0.4881202903782775,0.05718537221798195,0.41152894135045404,0.081831549484995
xgboost,airport_aware,"{""model__colsample_bytree"": 1.0, ""model__learning_rate"": 0.08, ""model__max_depth"": 6, ""model__min_child_weight"": 5, ""model__n_estimators"": 600, ""model__reg_lambda"": 1.0, ""model__subsample"": 1.0, ""sample_weight_mode"": ""balanced""}",0.4078428422606787,0.03730801763677274,0.41985430540836577,0.01837229828122718,0.43855528217643036,0.02147151096527351,0.44876737785102294,0.026951639550039187,0.43855528217643036,0.02147151096527351,1.1153217447647943,0.048632972487451534,0.6708635398351678,0.03461826847270186,0.4197493843386906,0.024782161265577255,0.6107729273049978,0.015170850434134416,0.36183977773385345,0.10732884561995233,0.48683059270265633,0.06633976812790598,0.40135010218389855,0.07826026049440073
xgboost,extended_geographic,"{""model__colsample_bytree"": 0.8, ""model__learning_rate"": 0.08, ""model__max_depth"": 6, ""model__min_child_weight"": 1, ""model__n_estimators"": 600, ""model__reg_lambda"": 5.0, ""model__subsample"": 1.0, ""sample_weight_mode"": ""balanced""}",0.4071696458725336,0.0356132623052871,0.4183736886094538,0.01698341970757256,0.4340931011140011,0.021038964069325657,0.4499599570909063,0.022560730973342925,0.4340931011140011,0.021038964069325657,1.1012405995742842,0.038545676820708565,0.6639377874910086,0.028099581881554335,0.42089603223558647,0.018358741459829468,0.6108634780782467,0.00947649096036469,0.3677776746610059,0.10810846150267345,0.4724223352487432,0.05203870289002888,0.40093263066881885,0.07758051856391354
xgboost,airport_aware,"{""model__colsample_bytree"": 0.8, ""model__learning_rate"": 0.08, ""model__max_depth"": 6, ""model__min_child_weight"": 1, ""model__n_estimators"": 300, ""model__reg_lambda"": 5.0, ""model__subsample"": 0.8, ""sample_weight_mode"": ""balanced""}",0.40715295545523944,0.04209075794512793,0.4184357259544762,0.022846379034637404,0.4368574428169102,0.013268916366507726,0.4462822411475694,0.03393098773082184,0.4368574428169102,0.013268916366507726,1.0647069056251526,0.029160853512217092,0.6469566336864997,0.023445944502409288,0.42861530885108967,0.021288118151926872,0.6200003400419625,0.008266635018918249,0.37029684816321906,0.11670673549347624,0.48454560471704894,0.05214249080936014,0.40597143640023514,0.08543775773297911
xgboost,airport_aware,"{""model__colsample_bytree"": 1.0, ""model__learning_rate"": 0.08, ""model__max_depth"": 6, ""model__min_child_weight"": 5, ""model__n_estimators"": 300, ""model__reg_lambda"": 5.0, ""model__subsample"": 0.8, ""sample_weight_mode"": ""balanced""}",0.4070747484748516,0.04109740357553491,0.4197324233199321,0.020509747928858464,0.43709999622492307,0.018978825569060186,0.44664525669588573,0.028580383450175575,0.43709999622492307,0.018978825569060186,1.068211153068894,0.033068730686985744,0.649037357481386,0.02563652876012661,0.428805126915252,0.02392660792603462,0.6201925457381072,0.011058954172801104,0.370369056597557,0.1159824709473061,0.4895992324253301,0.0623545948243258,0.40733566477830224,0.08665775870075702
xgboost,extended_geographic,"{""model__colsample_bytree"": 0.8, ""model__learning_rate"": 0.08, ""model__max_depth"": 6, ""model__min_child_weight"": 5, ""model__n_estimators"": 600, ""model__reg_lambda"": 5.0, ""model__subsample"": 1.0, ""sample_weight_mode"": ""balanced""}",0.40679935506119175,0.034106983369784724,0.41861904212232853,0.013590411259718183,0.43629202787398097,0.021958914946451594,0.44670582511532564,0.02059360152219613,0.43629202787398097,0.021958914946451594,1.0986833535589682,0.04088938958643835,0.6640244291838273,0.02877257889699316,0.4227307418407296,0.01976938746718096,0.6130357124310718,0.009036716061024932,0.36669531731731697,0.10987593851394867,0.48190520915231205,0.05771612595662379,0.4044372906310299,0.08418038469883263
xgboost,airport_aware,"{""model__colsample_bytree"": 0.8, ""model__learning_rate"": 0.08, ""model__max_depth"": 6, ""model__min_child_weight"": 5, ""model__n_estimators"": 600, ""model__reg_lambda"": 1.0, ""model__subsample"": 1.0, ""sample_weight_mode"": ""balanced""}",0.4065709686322144,0.03605543860375259,0.41812788578442533,0.016560547788944478,0.43581718941053127,0.023445128092253402,0.44758044130170205,0.025367323846993823,0.43581718941053127,0.023445128092253402,1.1074800379604255,0.04689782183028675,0.6672223367951906,0.03279993794189369,0.4214038021659795,0.021966289540949004,0.6120948927758325,0.013399185832529316,0.3676385301183879,0.10917076859352301,0.4865351096661207,0.056795442008013015,0.40553063245570875,0.07867404226496337
xgboost,airport_aware,"{""model__colsample_bytree"": 0.8, ""model__learning_rate"": 0.08, ""model__max_depth"": 6, ""model__min_child_weight"": 1, ""model__n_estimators"": 600, ""model__reg_lambda"": 5.0, ""model__subsample"": 1.0, ""sample_weight_mode"": ""balanced""}",0.40601591855007013,0.037524806328941375,0.4172207206707507,0.017581965238460395,0.4360693200867515,0.020898962087101465,0.44770593668599823,0.0282451164994385,0.4360693200867515,0.020898962087101465,1.0945857289424412,0.04432068719019696,0.6604638292207196,0.03076756558614555,0.42222372858848345,0.021760735055839243,0.6140843705473655,0.01187814008251641,0.36847405340848927,0.1084457611073446,0.49142728807542646,0.06704531224665267,0.4071947334058358,0.07984645355897924
xgboost,airport_aware,"{""model__colsample_bytree"": 1.0, ""model__learning_rate"": 0.08, ""model__max_depth"": 6, ""model__min_child_weight"": 1, ""model__n_estimators"": 300, ""model__reg_lambda"": 1.0, ""model__subsample"": 1.0, ""sample_weight_mode"": ""balanced""}",0.4056573944816453,0.04026005788062246,0.4169686240619413,0.02154998399760943,0.4333439817229123,0.018079444126128854,0.4478622285808592,0.030420610335808805,0.4333439817229123,0.018079444126128854,1.0794201822538967,0.03905144257370537,0.6528337941118736,0.028430667060292333,0.42408027167238266,0.022990698564899808,0.6184330812052516,0.012024009194569434,0.3654795896515063,0.11237971023076303,0.4789397074843912,0.05635695757882996,0.40119352759002036,0.08057201000140558
xgboost,extended_geographic,"{""model__colsample_bytree"": 1.0, ""model__learning_rate"": 0.08, ""model__max_depth"": 6, ""model__min_child_weight"": 1, ""model__n_estimators"": 300, ""model__reg_lambda"": 1.0, ""model__subsample"": 1.0, ""sample_weight_mode"": ""balanced""}",0.4054695138696499,0.035581279848624206,0.4175267819221261,0.016179755792721618,0.4332179022526617,0.01927588839962086,0.447277989725115,0.024014964943557697,0.4332179022526617,0.01927588839962086,1.0860278831703425,0.03645526008973233,0.6571248587138899,0.027437942347443803,0.4198475490719952,0.019598918969882737,0.6126699234496632,0.010046097993351542,0.36507914438338235,0.11039049737632294,0.4713333031134879,0.054259933990185256,0.39843782173249404,0.07924644115907208
xgboost,extended_geographic,"{""model__colsample_bytree"": 1.0, ""model__learning_rate"": 0.08, ""model__max_depth"": 6, ""model__min_child_weight"": 1, ""model__n_estimators"": 300, ""model__reg_lambda"": 5.0, ""model__subsample"": 0.8, ""sample_weight_mode"": ""balanced""}",0.40492606724148483,0.03197239403520614,0.41604342405715206,0.013201035419416852,0.43525570153610166,0.020421763350963604,0.4448023552740478,0.02296737506974806,0.43525570153610166,0.020421763350963604,1.071818896922009,0.031076241775001973,0.6506072019953055,0.024904404194883503,0.42636551089192826,0.022827024071289965,0.6177593323066841,0.007600453538218548,0.36929136099190235,0.11001584495636073,0.48348816683893914,0.06209107912749868,0.40497141662649777,0.0792788057129935
xgboost,extended_geographic,"{""model__colsample_bytree"": 1.0, ""model__learning_rate"": 0.08, ""model__max_depth"": 6, ""model__min_child_weight"": 1, ""model__n_estimators"": 600, ""model__reg_lambda"": 5.0, ""model__subsample"": 1.0, ""sample_weight_mode"": ""balanced""}",0.40472925262244014,0.035472789934880525,0.41699116886593013,0.016011481471076748,0.43188987437909576,0.022749725641910086,0.4483832137996745,0.02376336444893567,0.43188987437909576,0.022749725641910086,1.1114764671371662,0.04288366076587669,0.6676860191360451,0.03002991442833731,0.42033906260939535,0.017945762355591158,0.6094612743898302,0.008332161356274933,0.3644638600373403,0.10869509674714946,0.4647329983039318,0.05470509481207828,0.39582659342785154,0.07860847382607364
xgboost,extended_geographic,"{""model__colsample_bytree"": 0.8, ""model__learning_rate"": 0.08, ""model__max_depth"": 6, ""model__min_child_weight"": 1, ""model__n_estimators"": 600, ""model__reg_lambda"": 1.0, ""model__subsample"": 1.0, ""sample_weight_mode"": ""balanced""}",0.40468827155176645,0.039083346249430016,0.41723457584183754,0.019065343590254497,0.43250030968684394,0.021454680473090695,0.448182216225473,0.031779341785444545,0.43250030968684394,0.021454680473090695,1.1300926447924344,0.05051062851829078,0.6754495092329835,0.03503058764773734,0.41434317667758147,0.019030989403512003,0.6041190646447883,0.011837806068192147,0.364830747215992,0.10864708364553989,0.46412371907055616,0.050924840385470856,0.3961970543451995,0.0779572547923695
xgboost,airport_aware,"{""model__colsample_bytree"": 1.0, ""model__learning_rate"": 0.08, ""model__max_depth"": 6, ""model__min_child_weight"": 1, ""model__n_estimators"": 300, ""model__reg_lambda"": 5.0, ""model__subsample"": 0.8, ""sample_weight_mode"": ""balanced""}",0.40409927650955435,0.03953184071300323,0.41639564083835195,0.018473097089775986,0.43357241236893734,0.0161627288771995,0.44539055985769993,0.030369990183631037,0.43357241236893734,0.0161627288771995,1.0674716427838629,0.03357819201410382,0.6484029044914041,0.026091783156525366,0.4277312290532132,0.023788925691018748,0.6195145833481337,0.010822923170136327,0.36890613850482384,0.11325097565668323,0.4871759704287674,0.059259009650955215,0.4058404825047132,0.08334643354779953
xgboost,extended_geographic,"{""model__colsample_bytree"": 0.8, ""model__learning_rate"": 0.08, ""model__max_depth"": 6, ""model__min_child_weight"": 5, ""model__n_estimators"": 600, ""model__reg_lambda"": 1.0, ""model__subsample"": 0.8, ""sample_weight_mode"": ""balanced""}",0.4040276778263352,0.03816056349753183,0.41623450675545426,0.018916865460357743,0.4332756461668036,0.026558682873583515,0.44419598159097406,0.028502011979345543,0.4332756461668036,0.026558682873583515,1.117811473077747,0.04628992606495449,0.672352300289913,0.03314709547229471,0.42008553045378016,0.02163355738238082,0.608835097527155,0.012493672233840606,0.36881489967085573,0.10970050461530152,0.474153026637447,0.0605538528781684,0.4007642244085524,0.07838394132392103
xgboost,extended_geographic,"{""model__colsample_bytree"": 0.8, ""model__learning_rate"": 0.08, ""model__max_depth"": 6, ""model__min_child_weight"": 5, ""model__n_estimators"": 600, ""model__reg_lambda"": 5.0, ""model__subsample"": 0.8, ""sample_weight_mode"": ""balanced""}",0.40355877472736956,0.037992486168000855,0.4161372125350546,0.017775035254950364,0.4330609446829003,0.024249702383611748,0.44322370808384653,0.028718631717671025,0.4330609446829003,0.024249702383611748,1.1058439638317812,0.042903064844749365,0.6680387498506013,0.031125560163420156,0.42070326832656846,0.021162131264134902,0.6101458217693916,0.010873735958283276,0.36862099625542194,0.10897485195750475,0.47393022307098026,0.05756611617132436,0.401079841877214,0.0774331906789186
xgboost,airport_aware,"{""model__colsample_bytree"": 1.0, ""model__learning_rate"": 0.08, ""model__max_depth"": 6, ""model__min_child_weight"": 1, ""model__n_estimators"": 600, ""model__reg_lambda"": 1.0, ""model__subsample"": 1.0, ""sample_weight_mode"": ""balanced""}",0.40311827592529215,0.040064445760739295,0.414695262921818,0.020932045838432396,0.43021996040361554,0.01649887150493015,0.44755921552774885,0.03387801305968213,0.43021996040361554,0.01649887150493015,1.1258991221191579,0.050779180092464904,0.6743121764925869,0.03500748133219555,0.41514883482934317,0.020312793492225114,0.6071243009296159,0.010787862859393852,0.3667955662664871,0.11215970990453225,0.4652675536336404,0.05740556073152349,0.39641948795192194,0.07918806267786616
xgboost,airport_aware,"{""model__colsample_bytree"": 0.8, ""model__learning_rate"": 0.08, ""model__max_depth"": 6, ""model__min_child_weight"": 1, ""model__n_estimators"": 600, ""model__reg_lambda"": 5.0, ""model__subsample"": 0.8, ""sample_weight_mode"": ""balanced""}",0.40280723046277467,0.03903880189039766,0.4144906422361389,0.017580102842304577,0.43326721199880724,0.017306334243798384,0.44411092011291897,0.034667225893471244,0.43326721199880724,0.017306334243798384,1.1027363385268507,0.041221779492464854,0.666882825348149,0.03128049021623701,0.41929639034867616,0.019331162337593376,0.6100486768967726,0.009250928825016833,0.3688954846086721,0.1115338297721156,0.479401296057868,0.0639986432040592,0.4026400148666971,0.0810486978542116
xgboost,extended_geographic,"{""model__colsample_bytree"": 1.0, ""model__learning_rate"": 0.08, ""model__max_depth"": 6, ""model__min_child_weight"": 1, ""model__n_estimators"": 600, ""model__reg_lambda"": 5.0, ""model__subsample"": 0.8, ""sample_weight_mode"": ""balanced""}",0.40232796823287326,0.03567753743516225,0.41396487884915895,0.01510800838021646,0.43236438211265715,0.016846084838708773,0.44324377310382046,0.0319117663353789,0.43236438211265715,0.016846084838708773,1.1179709063866343,0.04850955998231138,0.6733976033492015,0.03469904819925294,0.41773789155470376,0.019670009223084556,0.6079938918983874,0.008945371091606315,0.364823486237806,0.10840639958549417,0.468719046853066,0.05591311820886439,0.3966751163774017,0.07516723695055641
xgboost,airport_aware,"{""model__colsample_bytree"": 0.8, ""model__learning_rate"": 0.08, ""model__max_depth"": 6, ""model__min_child_weight"": 5, ""model__n_estimators"": 600, ""model__reg_lambda"": 5.0, ""model__subsample"": 0.8, ""sample_weight_mode"": ""balanced""}",0.4019285268586844,0.03733118918340867,0.414627820881881,0.01663292814708892,0.43179674190014694,0.023362102027909518,0.4423167524454373,0.028647250942360362,0.43179674190014694,0.023362102027909518,1.099023459139488,0.03923271853139465,0.6656705161775054,0.02943086042543532,0.4214354213328121,0.020616214383844426,0.6116230121030202,0.010731137816414878,0.36701594692075046,0.11032586494837832,0.4793211554969705,0.0638120182050444,0.4006070739784901,0.07611825275861041
xgboost,extended_geographic,"{""model__colsample_bytree"": 1.0, ""model__learning_rate"": 0.08, ""model__max_depth"": 6, ""model__min_child_weight"": 5, ""model__n_estimators"": 600, ""model__reg_lambda"": 5.0, ""model__subsample"": 1.0, ""sample_weight_mode"": ""balanced""}",0.4018207616823233,0.032599612861351275,0.4140475330517668,0.012090356029249582,0.43180882933288106,0.02300443323967241,0.44186413146677933,0.0201750898366565,0.43180882933288106,0.02300443323967241,1.1088044299953503,0.040774736420224625,0.6690774495341352,0.02931215074291343,0.41933076215139503,0.02053438883503793,0.6086998957269576,0.010453141790417508,0.362950509756889,0.1051080316997746,0.4791825669020341,0.06698456163938545,0.39912790787167857,0.07512000499248127
xgboost,extended_geographic,"{""model__colsample_bytree"": 0.8, ""model__learning_rate"": 0.08, ""model__max_depth"": 6, ""model__min_child_weight"": 5, ""model__n_estimators"": 600, ""model__reg_lambda"": 1.0, ""model__subsample"": 1.0, ""sample_weight_mode"": ""balanced""}",0.4017864115992082,0.034861388954024235,0.4141047162510471,0.01465188659932527,0.430587751290502,0.024473342848245955,0.4436658715968007,0.023049378485902876,0.430587751290502,0.024473342848245955,1.115355746188347,0.04985567122496683,0.670616866175731,0.03287311971213536,0.4203811410827091,0.020797080556745104,0.6093474428374096,0.011493844931974194,0.36448332832281627,0.11098959863487443,0.4714557382645973,0.055889292082570485,0.3978909359002519,0.08204184148664018
xgboost,extended_geographic,"{""model__colsample_bytree"": 1.0, ""model__learning_rate"": 0.08, ""model__max_depth"": 6, ""model__min_child_weight"": 5, ""model__n_estimators"": 600, ""model__reg_lambda"": 1.0, ""model__subsample"": 1.0, ""sample_weight_mode"": ""balanced""}",0.40141186068859663,0.03444217487190507,0.41294776082808254,0.015770301035093304,0.43012614976918073,0.022323863756449795,0.4424713182444636,0.022574485533771824,0.43012614976918073,0.022323863756449795,1.1238339225763077,0.045490459379662826,0.6750790635078825,0.031213802268032026,0.41812353301360183,0.019659579327212004,0.6065440223169238,0.011124732062945054,0.3572214807794336,0.10488861002960752,0.46799546856197266,0.054377680880003554,0.39270482388895694,0.07561191249192517
xgboost,airport_aware,"{""model__colsample_bytree"": 1.0, ""model__learning_rate"": 0.08, ""model__max_depth"": 6, ""model__min_child_weight"": 5, ""model__n_estimators"": 600, ""model__reg_lambda"": 1.0, ""model__subsample"": 0.8, ""sample_weight_mode"": ""balanced""}",0.4009651858676625,0.034945721344291074,0.4123488856858395,0.014969625403334972,0.42947392721316147,0.020382122544948686,0.4431673290243303,0.025620241396303287,0.42947392721316147,0.020382122544948686,1.1166188673761988,0.044614668507,0.672839729141601,0.032528148537844845,0.4179374113527799,0.02110550731078859,0.608427206460401,0.012325621496588241,0.3612632633757126,0.10859213140768686,0.4685333381071127,0.06257475595836667,0.3937840121181848,0.07793123579895575
xgboost,extended_geographic,"{""model__colsample_bytree"": 1.0, ""model__learning_rate"": 0.08, ""model__max_depth"": 6, ""model__min_child_weight"": 5, ""model__n_estimators"": 600, ""model__reg_lambda"": 1.0, ""model__subsample"": 0.8, ""sample_weight_mode"": ""balanced""}",0.4009593254739565,0.03774717880502186,0.4133292580908397,0.01766257391384452,0.43091450214514104,0.027377303386932093,0.4408485996362999,0.029763503003927865,0.43091450214514104,0.027377303386932093,1.1245767248300294,0.04936469819719124,0.6761007879596692,0.035111027741139146,0.4180969984602684,0.021357859143968573,0.6081228656098766,0.011839110030222961,0.36407535625170695,0.1054491193596054,0.4706256905185781,0.0701661924363718,0.3960450014691125,0.07565772043795535
xgboost,extended_geographic,"{""model__colsample_bytree"": 1.0, ""model__learning_rate"": 0.08, ""model__max_depth"": 6, ""model__min_child_weight"": 5, ""model__n_estimators"": 600, ""model__reg_lambda"": 5.0, ""model__subsample"": 0.8, ""sample_weight_mode"": ""balanced""}",0.40075266105504415,0.033359327394605356,0.4129399645546525,0.01318710971961986,0.4307309388139485,0.02257083770455602,0.441642405460128,0.024347712684814508,0.4307309388139485,0.02257083770455602,1.112549390602527,0.043102168501771225,0.6717575686725151,0.03130797077579053,0.4189639364090737,0.020852679152829557,0.6089002679348771,0.009763808232018544,0.3599603848184463,0.10878035869051145,0.46709684445281463,0.06291055983141655,0.39291828594582456,0.07947665920464006
xgboost,airport_aware,"{""model__colsample_bytree"": 0.8, ""model__learning_rate"": 0.08, ""model__max_depth"": 6, ""model__min_child_weight"": 5, ""model__n_estimators"": 600, ""model__reg_lambda"": 1.0, ""model__subsample"": 0.8, ""sample_weight_mode"": ""balanced""}",0.4005467170247705,0.038726384811715475,0.4129829154098864,0.01735889401825245,0.42878849379833656,0.019390660041730425,0.44229543244984637,0.029053101464352988,0.42878849379833656,0.019390660041730425,1.1091158478159793,0.04197347841160949,0.6696736073435597,0.03116914398651794,0.4192689453818856,0.021473357710067732,0.6098273387930315,0.011003229465624683,0.3627873691618714,0.11180371688571254,0.47012857424001364,0.055094229049439454,0.39613612284409344,0.08197472744164125
xgboost,airport_aware,"{""model__colsample_bytree"": 0.8, ""model__learning_rate"": 0.08, ""model__max_depth"": 6, ""model__min_child_weight"": 1, ""model__n_estimators"": 600, ""model__reg_lambda"": 1.0, ""model__subsample"": 1.0, ""sample_weight_mode"": ""balanced""}",0.4004755213341776,0.038252837999526244,0.4125097838759708,0.018544451709163585,0.429096841316441,0.019045417335752154,0.4446887490726478,0.03413950653646937,0.429096841316441,0.019045417335752154,1.115541534621483,0.0484680092056459,0.6699880414710636,0.034483421795620466,0.41674045216306094,0.01962333430604027,0.6094073862874785,0.012501219953900971,0.3587566357553702,0.10573804234680033,0.4614132857062958,0.06392672097029489,0.38931360580392493,0.07195668652885753
xgboost,extended_geographic,"{""model__colsample_bytree"": 1.0, ""model__learning_rate"": 0.08, ""model__max_depth"": 6, ""model__min_child_weight"": 1, ""model__n_estimators"": 600, ""model__reg_lambda"": 1.0, ""model__subsample"": 0.8, ""sample_weight_mode"": ""balanced""}",0.40005491216902483,0.03471944309222949,0.4127261194477242,0.013071811504476347,0.4284191463583544,0.01735090402935051,0.4434843118604036,0.03160954155982264,0.4284191463583544,0.01735090402935051,1.1391233265407654,0.05485145889027144,0.6822565903761126,0.038084324430632525,0.4133535924055904,0.018288906339489222,0.6044365841793479,0.008493827369349177,0.36585623034358294,0.11085283541780362,0.4522455602935939,0.05859226333954939,0.39039048881080307,0.07706644374779642
xgboost,extended_geographic,"{""model__colsample_bytree"": 0.8, ""model__learning_rate"": 0.08, ""model__max_depth"": 6, ""model__min_child_weight"": 1, ""model__n_estimators"": 600, ""model__reg_lambda"": 5.0, ""model__subsample"": 0.8, ""sample_weight_mode"": ""balanced""}",0.3995362392184041,0.035180279528437504,0.4125059674214331,0.013403016201445937,0.42905526147015205,0.02287810606747162,0.4409355895059853,0.02998801138231205,0.42905526147015205,0.02287810606747162,1.1118741988677103,0.045682666213120705,0.6703677915892514,0.03277941637456507,0.41812040712578014,0.019798148296733854,0.6081110074634525,0.009802891588106315,0.3654022167497768,0.11001688683825174,0.4633990547784351,0.06048520694613123,0.39443777845390804,0.07767099165622249
xgboost,airport_aware,"{""model__colsample_bytree"": 1.0, ""model__learning_rate"": 0.08, ""model__max_depth"": 6, ""model__min_child_weight"": 5, ""model__n_estimators"": 600, ""model__reg_lambda"": 5.0, ""model__subsample"": 0.8, ""sample_weight_mode"": ""balanced""}",0.3983249904551995,0.03662965001107095,0.41053658822797223,0.01613929036317156,0.4281560272748551,0.01684256263864806,0.43866835641988555,0.027025948286470407,0.4281560272748551,0.01684256263864806,1.10415451556059,0.0407432023311664,0.6677173385295234,0.03049576799909962,0.4201194355700154,0.019756006242388158,0.610745904741803,0.011165875379497793,0.35790912704929456,0.11042410746269887,0.46792142334371345,0.060180358258960655,0.3918424430867229,0.08115385828575787
xgboost,extended_geographic,"{""model__colsample_bytree"": 0.8, ""model__learning_rate"": 0.08, ""model__max_depth"": 6, ""model__min_child_weight"": 1, ""model__n_estimators"": 600, ""model__reg_lambda"": 1.0, ""model__subsample"": 0.8, ""sample_weight_mode"": ""balanced""}",0.3983004059790478,0.03697546329525669,0.41123872965472863,0.016885098361013824,0.42548799679053273,0.02189783433807385,0.4427966314183049,0.030193180054544938,0.42548799679053273,0.02189783433807385,1.1298725025882526,0.05369563210026248,0.6775991943516403,0.0375294533902054,0.41499008763064554,0.020912959769216997,0.6058199219282844,0.010617289393430842,0.3637749270170036,0.1104261787154501,0.4485376156599509,0.05866644878960213,0.38795270580526514,0.07897925860975155
xgboost,airport_aware,"{""model__colsample_bytree"": 1.0, ""model__learning_rate"": 0.08, ""model__max_depth"": 6, ""model__min_child_weight"": 1, ""model__n_estimators"": 600, ""model__reg_lambda"": 1.0, ""model__subsample"": 0.8, ""sample_weight_mode"": ""balanced""}",0.39806404020763664,0.03761235319642017,0.41060205492494506,0.016478331552818807,0.4258860013515407,0.021605433471014346,0.442502930722228,0.03241708507215945,0.4258860013515407,0.021605433471014346,1.1266120077041948,0.051382491643156836,0.6771716881399646,0.037027224431546595,0.41362985674107194,0.021960244149622818,0.6057061085055133,0.013495805971673087,0.36313419736430524,0.11033219169595022,0.4585120795989049,0.05900011478085622,0.39100808902418316,0.07792520713204819
xgboost,airport_aware,"{""model__colsample_bytree"": 1.0, ""model__learning_rate"": 0.08, ""model__max_depth"": 6, ""model__min_child_weight"": 1, ""model__n_estimators"": 600, ""model__reg_lambda"": 5.0, ""model__subsample"": 0.8, ""sample_weight_mode"": ""balanced""}",0.39717035104137993,0.03756411190461937,0.41013576698750753,0.014598908584092646,0.42628530096722594,0.01605499984793962,0.43969036563764174,0.03376712774205029,0.42628530096722594,0.01605499984793962,1.1081984319163494,0.04617173636268543,0.6688760823607593,0.03341513790062161,0.4193448755324514,0.020396616657168087,0.6099637604580026,0.011435842248207907,0.3631607884129281,0.11183406823711818,0.462004627941013,0.051861569769994696,0.39323565451522546,0.07984147274215515
xgboost,airport_aware,"{""model__colsample_bytree"": 0.8, ""model__learning_rate"": 0.08, ""model__max_depth"": 6, ""model__min_child_weight"": 1, ""model__n_estimators"": 600, ""model__reg_lambda"": 1.0, ""model__subsample"": 0.8, ""sample_weight_mode"": ""balanced""}",0.39648320482592,0.0372565695279858,0.4090133485717026,0.016575563906685367,0.4250868463773195,0.019956437962761,0.44018020087409093,0.034440014888231375,0.4250868463773195,0.019956437962761,1.1200948385323082,0.05113632929318878,0.6741031226653316,0.0367772682658907,0.4157098411850713,0.021234317212935876,0.6060310232071491,0.011416644183101782,0.36588036504857585,0.10820320282971847,0.4622613071285665,0.060450491254963365,0.39465880282121474,0.07525302799985037
xgboost,extended_geographic,"{""model__colsample_bytree"": 1.0, ""model__learning_rate"": 0.08, ""model__max_depth"": 6, ""model__min_child_weight"": 1, ""model__n_estimators"": 600, ""model__reg_lambda"": 1.0, ""model__subsample"": 1.0, ""sample_weight_mode"": ""balanced""}",0.39255312339743587,0.03213657849673404,0.4040170624905574,0.013335872374651201,0.4182152567698635,0.019785697675534012,0.4383036710853535,0.023180046175276206,0.4182152567698635,0.019785697675534012,1.1387672724420195,0.04534860488572093,0.6800746272175815,0.03145635368897801,0.41226542597804816,0.013572499745292408,0.6011614615207079,0.00901722810600989,0.3520458443252312,0.10580804634264104,0.44415186902162684,0.050837315803202034,0.3807525913164823,0.07658221964690146
xgboost,extended_geographic,"{""model__colsample_bytree"": 1.0, ""model__learning_rate"": 0.08, ""model__max_depth"": 6, ""model__min_child_weight"": 5, ""model__n_estimators"": 600, ""model__reg_lambda"": 1.0, ""model__subsample"": 0.8, ""sample_weight_mode"": ""none""}",0.3693056562237501,0.07584314606548083,0.42480825191568156,0.034955446265689784,0.41925903635028083,0.014184431284190701,0.4129626191104121,0.1324937818291642,0.41925903635028083,0.014184431284190701,1.1495674174263266,0.1572414214376631,0.683163708655173,0.1048496101687364,0.41849803053597673,0.022308969049618238,0.6091542901283998,0.012101696480438892,0.4032323541427643,0.13474621723932623,0.373162529783183,0.048025008144395066,0.37526210021997064,0.08462530548903699
xgboost,airport_aware,"{""model__colsample_bytree"": 1.0, ""model__learning_rate"": 0.08, ""model__max_depth"": 6, ""model__min_child_weight"": 1, ""model__n_estimators"": 600, ""model__reg_lambda"": 5.0, ""model__subsample"": 0.8, ""sample_weight_mode"": ""none""}",0.36790866417006785,0.07324128095733261,0.4277239773815212,0.023125034159244523,0.4186564973198874,0.012624336041449087,0.4129968831364269,0.12993934803166265,0.4186564973198874,0.012624336041449087,1.1373785846879039,0.15503861428622745,0.6787099602220096,0.10460539783554591,0.4195981767165601,0.02024918628263135,0.6092726954584615,0.011469985361256171,0.4020749345083221,0.13491475648470985,0.36362602079059136,0.052069528986749686,0.3704566301507902,0.08577048722881851
xgboost,airport_aware,"{""model__colsample_bytree"": 0.8, ""model__learning_rate"": 0.08, ""model__max_depth"": 6, ""model__min_child_weight"": 5, ""model__n_estimators"": 600, ""model__reg_lambda"": 5.0, ""model__subsample"": 0.8, ""sample_weight_mode"": ""none""}",0.36777180930345627,0.0768393393890707,0.4308060453484564,0.029756807511124295,0.4192294586511043,0.015897501217394687,0.412382911248809,0.134352363223134,0.4192294586511043,0.015897501217394687,1.1206842323204902,0.1511421858970968,0.6713130083333814,0.10384972141585479,0.4230033311665897,0.020712944911885266,0.6135538500466862,0.011469441395305485,0.4048676389709671,0.13493870532180327,0.36018240300855825,0.06161595340690126,0.3694349850396305,0.08947739830309606
xgboost,airport_aware,"{""model__colsample_bytree"": 1.0, ""model__learning_rate"": 0.08, ""model__max_depth"": 6, ""model__min_child_weight"": 1, ""model__n_estimators"": 600, ""model__reg_lambda"": 1.0, ""model__subsample"": 0.8, ""sample_weight_mode"": ""none""}",0.3669122648347947,0.06952068652043156,0.42400598694579106,0.02658244416709542,0.4165990467320425,0.017582240864963093,0.41195004093019644,0.12379866822460149,0.4165990467320425,0.017582240864963093,1.157380082859195,0.15573337102258658,0.6874315974581163,0.10432206097751445,0.41716890920153726,0.02068853671167842,0.6078258386836668,0.012537151902681249,0.39054489276519555,0.12437565167735554,0.3614316337534146,0.06014594659113921,0.36290064583970183,0.07896199586410747
xgboost,airport_aware,"{""model__colsample_bytree"": 1.0, ""model__learning_rate"": 0.08, ""model__max_depth"": 6, ""model__min_child_weight"": 5, ""model__n_estimators"": 600, ""model__reg_lambda"": 5.0, ""model__subsample"": 0.8, ""sample_weight_mode"": ""none""}",0.3668186477002432,0.07431491768348986,0.42766465667791975,0.024177901924241192,0.41877634311017375,0.013241566773345486,0.4117709580937411,0.13192748180444452,0.41877634311017375,0.013241566773345486,1.1282596419356246,0.15337285648789067,0.6749329206203692,0.10439972468491025,0.4200170799752486,0.019658607212162622,0.6109489774689719,0.012112634568448261,0.4047488769879184,0.13906579442809378,0.36338232050762315,0.054373791575168695,0.37044585427487736,0.08800522132248946
xgboost,airport_aware,"{""model__colsample_bytree"": 0.8, ""model__learning_rate"": 0.08, ""model__max_depth"": 6, ""model__min_child_weight"": 1, ""model__n_estimators"": 600, ""model__reg_lambda"": 5.0, ""model__subsample"": 0.8, ""sample_weight_mode"": ""none""}",0.36681261095133044,0.07301326523820481,0.4273633886345367,0.031043580575467074,0.41975950603997314,0.011946094609688245,0.4102570126383184,0.133646046229935,0.41975950603997314,0.011946094609688245,1.129774427733114,0.15408728139233924,0.6756078528110974,0.10440670719779466,0.4201290068792421,0.01951445512025618,0.6110579284666211,0.010595597044980119,0.40578006136461503,0.13230728381746124,0.36926276101813704,0.05075442252196749,0.3742821367688916,0.08154273194938211
xgboost,extended_geographic,"{""model__colsample_bytree"": 0.8, ""model__learning_rate"": 0.08, ""model__max_depth"": 6, ""model__min_child_weight"": 1, ""model__n_estimators"": 600, ""model__reg_lambda"": 1.0, ""model__subsample"": 0.8, ""sample_weight_mode"": ""none""}",0.3668118236155014,0.073694553646667,0.4221490547004776,0.02857812182186236,0.41611192991056517,0.011571086598051325,0.4123207861439312,0.13011793281315623,0.41611192991056517,0.011571086598051325,1.1613359436810518,0.16149796290449026,0.6882670411795464,0.1060102486414472,0.4166223894186496,0.020663211416105654,0.6078605613735417,0.01148068356614535,0.39849715648777184,0.1324680700355065,0.36359057967208563,0.045719945625631135,0.36804764295034603,0.08183954973409806
xgboost,extended_geographic,"{""model__colsample_bytree"": 1.0, ""model__learning_rate"": 0.08, ""model__max_depth"": 6, ""model__min_child_weight"": 1, ""model__n_estimators"": 600, ""model__reg_lambda"": 1.0, ""model__subsample"": 0.8, ""sample_weight_mode"": ""none""}",0.36664920443517157,0.07246667649044652,0.42102358981507537,0.028922668065677094,0.4134749475055942,0.01316320805503968,0.4128549459663934,0.12398389883892812,0.4134749475055942,0.01316320805503968,1.1664958843936621,0.16157846935947587,0.6899302399845734,0.10578476978337409,0.417591742564572,0.019358992794024938,0.6087939343906825,0.0100447698515759,0.39610554605115755,0.1381264741462747,0.3538556564128285,0.05222105795130791,0.36136468427509233,0.08676440547309378
xgboost,extended_geographic,"{""model__colsample_bytree"": 1.0, ""model__learning_rate"": 0.08, ""model__max_depth"": 6, ""model__min_child_weight"": 1, ""model__n_estimators"": 600, ""model__reg_lambda"": 5.0, ""model__subsample"": 0.8, ""sample_weight_mode"": ""none""}",0.366562368320178,0.06947709026251074,0.42172648448083655,0.029267521346201825,0.41708833896876857,0.011837102547396961,0.41186454805834904,0.1261315187799788,0.41708833896876857,0.011837102547396961,1.1454195993881255,0.1571042301066111,0.6815027153931454,0.1047872833929473,0.41879359137210354,0.02062409088376976,0.6085559392867468,0.010354513760192249,0.39292137230565194,0.1304263138414612,0.3673708765760278,0.04596984122218765,0.367671788230094,0.0797642324487358
xgboost,extended_geographic,"{""model__colsample_bytree"": 1.0, ""model__learning_rate"": 0.08, ""model__max_depth"": 6, ""model__min_child_weight"": 5, ""model__n_estimators"": 600, ""model__reg_lambda"": 5.0, ""model__subsample"": 0.8, ""sample_weight_mode"": ""none""}",0.3664923398634423,0.0744441428638602,0.42050744418048636,0.03322604714620697,0.4184724328132865,0.012409735449528728,0.41080308310074054,0.13393020660742735,0.4184724328132865,0.012409735449528728,1.1335479871737657,0.1561327232273308,0.676593487313821,0.10483200514724185,0.4207309943650227,0.02293677653672261,0.6102543152501168,0.012076962488848358,0.40024650571064735,0.13143923923543552,0.37048508221604765,0.05069513571615949,0.3722212023185264,0.0823087168302
xgboost,extended_geographic,"{""model__colsample_bytree"": 0.8, ""model__learning_rate"": 0.08, ""model__max_depth"": 6, ""model__min_child_weight"": 5, ""model__n_estimators"": 600, ""model__reg_lambda"": 1.0, ""model__subsample"": 0.8, ""sample_weight_mode"": ""none""}",0.36543075501174144,0.07346280310767676,0.42133627958490727,0.02824651968304644,0.4172033048319849,0.01443763213008218,0.4091393288228599,0.13214738195128428,0.4172033048319849,0.01443763213008218,1.145394068885775,0.15720916894073117,0.6811308448866092,0.10422347715142741,0.41971900790556543,0.022933222684409976,0.6087006931262156,0.012786519953504836,0.39977400464237645,0.12942986548211546,0.37065730313843837,0.05303824613501158,0.37190309675597794,0.08154798456508433
xgboost,extended_geographic,"{""model__colsample_bytree"": 0.8, ""model__learning_rate"": 0.08, ""model__max_depth"": 6, ""model__min_child_weight"": 1, ""model__n_estimators"": 600, ""model__reg_lambda"": 5.0, ""model__subsample"": 0.8, ""sample_weight_mode"": ""none""}",0.36362651019709225,0.07430187341194747,0.41748374549734646,0.030771935970326122,0.41536716734107915,0.012836516075713924,0.40844519007953384,0.13502815402920387,0.41536716734107915,0.012836516075713924,1.138094198865737,0.15813861591579292,0.67853226274714,0.10579956563899379,0.4199928255336437,0.018936584013897743,0.6095896084850363,0.009624468131908296,0.40055026694981305,0.13060592688733905,0.36767161029365064,0.05394475146887089,0.37124771276141955,0.08281225872718466
xgboost,extended_geographic,"{""model__colsample_bytree"": 0.8, ""model__learning_rate"": 0.08, ""model__max_depth"": 6, ""model__min_child_weight"": 5, ""model__n_estimators"": 600, ""model__reg_lambda"": 5.0, ""model__subsample"": 0.8, ""sample_weight_mode"": ""none""}",0.3635467300519776,0.07343616632922102,0.419232346958225,0.026621462024339397,0.4162292368637986,0.01334470511378796,0.4084582701923444,0.1325870783096134,0.4162292368637986,0.01334470511378796,1.1274331590528033,0.15601637085277603,0.673873945211645,0.10501959619215645,0.4227974030109132,0.02195292319573777,0.6120546281263366,0.012794731878810162,0.39710868193497645,0.1308433754701725,0.3626994797387456,0.056785478459752424,0.36693760130833963,0.08373496186692196
xgboost,extended_geographic,"{""model__colsample_bytree"": 0.8, ""model__learning_rate"": 0.08, ""model__max_depth"": 6, ""model__min_child_weight"": 5, ""model__n_estimators"": 600, ""model__reg_lambda"": 1.0, ""model__subsample"": 1.0, ""sample_weight_mode"": ""none""}",0.3633556637608607,0.07277508256028929,0.4191344603258882,0.026034788336286828,0.41680676989176196,0.00919446443517053,0.4089445487127059,0.1309712485436904,0.41680676989176196,0.00919446443517053,1.1310804102379275,0.1560446810559403,0.6733084336697734,0.10384954629303614,0.4248643308851728,0.02170510534037839,0.6134943021230572,0.011208883315274037,0.40214297514294256,0.13662828199889107,0.3739782709479634,0.050835651706865666,0.37586910947828167,0.08658574128289823
xgboost,airport_aware,"{""model__colsample_bytree"": 0.8, ""model__learning_rate"": 0.08, ""model__max_depth"": 6, ""model__min_child_weight"": 1, ""model__n_estimators"": 600, ""model__reg_lambda"": 1.0, ""model__subsample"": 0.8, ""sample_weight_mode"": ""none""}",0.3627926852448197,0.06738842603889215,0.42001625121311603,0.018960445664750157,0.4152366755624664,0.01202008697447498,0.4084900930373386,0.12541560396183865,0.4152366755624664,0.01202008697447498,1.1486637248464482,0.1550382861031184,0.6842915897069263,0.10465825364785171,0.4175747573645555,0.020212537336938976,0.6092576019444012,0.010827048234255688,0.3948564401476736,0.12701167909965566,0.35875907299000337,0.0586144368661698,0.3623602809915289,0.07715248446716352
xgboost,extended_geographic,"{""model__colsample_bytree"": 0.8, ""model__learning_rate"": 0.08, ""model__max_depth"": 6, ""model__min_child_weight"": 1, ""model__n_estimators"": 600, ""model__reg_lambda"": 1.0, ""model__subsample"": 1.0, ""sample_weight_mode"": ""none""}",0.3624835774557732,0.07210555919903143,0.4179674718026886,0.027364206535031896,0.41413965073778825,0.01369497060312028,0.4093753407608052,0.1283507035613007,0.41413965073778825,0.01369497060312028,1.1535416429817456,0.15737776876762338,0.6825253434361231,0.103848011504486,0.4176401145467012,0.01830642155396729,0.607320539871149,0.011819360240109244,0.3993681941674042,0.1350006377831552,0.3647435989244113,0.05616497169511866,0.36894763882752396,0.0864853217687615
xgboost,airport_aware,"{""model__colsample_bytree"": 0.8, ""model__learning_rate"": 0.08, ""model__max_depth"": 6, ""model__min_child_weight"": 5, ""model__n_estimators"": 600, ""model__reg_lambda"": 1.0, ""model__subsample"": 1.0, ""sample_weight_mode"": ""none""}",0.36241928416215996,0.07919015578920315,0.42537906098894246,0.03156128608125228,0.4139868346444793,0.02046765796577137,0.4091780847509634,0.13279945784799937,0.4139868346444793,0.02046765796577137,1.1284892704000475,0.15675910532589973,0.6733625960771239,0.10547922637255423,0.4227763042626682,0.02335602170075183,0.612476430543607,0.012563213326446943,0.40064055963642,0.1480332872809744,0.353449280315293,0.07564693676072237,0.3639176382291534,0.1023619740756397
xgboost,airport_aware,"{""model__colsample_bytree"": 1.0, ""model__learning_rate"": 0.08, ""model__max_depth"": 6, ""model__min_child_weight"": 1, ""model__n_estimators"": 600, ""model__reg_lambda"": 1.0, ""model__subsample"": 1.0, ""sample_weight_mode"": ""none""}",0.3619644719371379,0.06732595609591378,0.4188361588790337,0.02018873384472063,0.412455547542807,0.013479934185696704,0.40943098883738865,0.11982748986358881,0.412455547542807,0.013479934185696704,1.1574853044350302,0.15554392866759525,0.6848859630081605,0.10347280868700343,0.4156276809302472,0.019707649336685923,0.6067891155665419,0.012451206024303328,0.3958467075885522,0.13389733008100543,0.36194607176496446,0.061028272430289236,0.36427623631554285,0.08226542249460418
xgboost,extended_geographic,"{""model__colsample_bytree"": 1.0, ""model__learning_rate"": 0.08, ""model__max_depth"": 6, ""model__min_child_weight"": 1, ""model__n_estimators"": 600, ""model__reg_lambda"": 5.0, ""model__subsample"": 1.0, ""sample_weight_mode"": ""none""}",0.3618328353677601,0.07308799331182145,0.42182984317627953,0.026707282497033254,0.41674959813861595,0.010428344728072489,0.4067268179016761,0.13347103754124243,0.41674959813861595,0.010428344728072489,1.1305012156667107,0.15542562709726548,0.6739318858590073,0.10467612132709851,0.42023296102494034,0.017601080085133624,0.6110867070752498,0.008917678366637025,0.3975501815213251,0.12988558696601085,0.3696802931073889,0.048957036704901084,0.3710331967807116,0.08017602624607276
xgboost,airport_aware,"{""model__colsample_bytree"": 0.8, ""model__learning_rate"": 0.08, ""model__max_depth"": 6, ""model__min_child_weight"": 5, ""model__n_estimators"": 600, ""model__reg_lambda"": 1.0, ""model__subsample"": 0.8, ""sample_weight_mode"": ""none""}",0.36172260160371317,0.07052689184344349,0.41899861634778546,0.017354403393364384,0.41467695401764326,0.015749092799415717,0.40649762885481966,0.1276540920374455,0.41467695401764326,0.015749092799415717,1.1346483995551238,0.1504855470955172,0.6778938798476197,0.10251127380283669,0.4200814468059746,0.02206858431589809,0.6104050008147749,0.01326601498219572,0.3933124702518372,0.126264322083543,0.3578220906430834,0.06239664905810845,0.3626594319104866,0.08328040510905262
xgboost,extended_geographic,"{""model__colsample_bytree"": 1.0, ""model__learning_rate"": 0.08, ""model__max_depth"": 6, ""model__min_child_weight"": 5, ""model__n_estimators"": 600, ""model__reg_lambda"": 1.0, ""model__subsample"": 1.0, ""sample_weight_mode"": ""none""}",0.36144528471998505,0.07347531876868225,0.41673640022858793,0.03282051404622299,0.4132605183632119,0.016316277710844807,0.40793597158805917,0.12940289710973704,0.4132605183632119,0.016316277710844807,1.1375592254403522,0.15880590231510247,0.6761540474434403,0.10460994597129902,0.42316706974704593,0.0226454057628096,0.6125378644062163,0.012541884335794128,0.3989478669407518,0.13577048707963874,0.36287775296159636,0.06091870752351067,0.3672431052172299,0.08706657609208802
xgboost,airport_aware,"{""model__colsample_bytree"": 0.8, ""model__learning_rate"": 0.08, ""model__max_depth"": 6, ""model__min_child_weight"": 1, ""model__n_estimators"": 600, ""model__reg_lambda"": 5.0, ""model__subsample"": 1.0, ""sample_weight_mode"": ""none""}",0.36128437432551397,0.07774576378890362,0.4255798400639975,0.024475301749212922,0.41709223555560904,0.014770294345843723,0.40733365708169417,0.1376618337599054,0.41709223555560904,0.014770294345843723,1.116911988151379,0.15455243829422213,0.6681932806191949,0.10494711477749394,0.4233548507352204,0.020247124510788438,0.6149926034678868,0.010230049350232303,0.40699897853812594,0.1408426426594443,0.3633876044075223,0.06172844291613256,0.37309598673153455,0.0935473929533116
xgboost,airport_aware,"{""model__colsample_bytree"": 1.0, ""model__learning_rate"": 0.08, ""model__max_depth"": 6, ""model__min_child_weight"": 5, ""model__n_estimators"": 600, ""model__reg_lambda"": 1.0, ""model__subsample"": 0.8, ""sample_weight_mode"": ""none""}",0.3612004818682795,0.07522604739601964,0.419747734299334,0.024507433423611988,0.4112737336441824,0.017288041452208,0.40694582446306216,0.12895651324059026,0.4112737336441824,0.017288041452208,1.1394604816956992,0.15487837819821604,0.6801634926183907,0.1040343071955203,0.4187661448198467,0.021359063903763905,0.6095626231969733,0.012929898510166984,0.3894600454571009,0.13593881918883413,0.34760217295657087,0.06211059796247285,0.35628593301922756,0.0926503940842526
xgboost,airport_aware,"{""model__colsample_bytree"": 0.8, ""model__learning_rate"": 0.08, ""model__max_depth"": 6, ""model__min_child_weight"": 5, ""model__n_estimators"": 600, ""model__reg_lambda"": 5.0, ""model__subsample"": 1.0, ""sample_weight_mode"": ""none""}",0.36082162308776733,0.07852628036182303,0.42941123864011954,0.028156488072051955,0.4168816049816494,0.016908723194689657,0.40577347875139624,0.13905638055450437,0.4168816049816494,0.016908723194689657,1.1093965921211637,0.15508904845335006,0.6658942473981584,0.10484735236054246,0.4261884730414426,0.021796762259497695,0.6170872288460736,0.012378730146318873,0.4044542733574191,0.13893492845156535,0.3608794888916921,0.06505977619219991,0.3710021998739692,0.0944948929488855
xgboost,airport_aware,"{""model__colsample_bytree"": 1.0, ""model__learning_rate"": 0.08, ""model__max_depth"": 6, ""model__min_child_weight"": 5, ""model__n_estimators"": 600, ""model__reg_lambda"": 5.0, ""model__subsample"": 1.0, ""sample_weight_mode"": ""none""}",0.36073257839670764,0.07707451355463672,0.42586052039537475,0.03243556169017766,0.4164077021960854,0.01917933990799367,0.40681879259064385,0.13631049650325605,0.4164077021960854,0.01917933990799367,1.1155628499290526,0.1526323585463241,0.6680545418357587,0.10347067666591615,0.42413029984051037,0.023439578354279393,0.615741453395491,0.012807082264231327,0.40461481400006855,0.139823223476545,0.35909097863691175,0.07022621117069709,0.3682462720851573,0.09490754107497461
xgboost,extended_geographic,"{""model__colsample_bytree"": 0.8, ""model__learning_rate"": 0.08, ""model__max_depth"": 6, ""model__min_child_weight"": 5, ""model__n_estimators"": 600, ""model__reg_lambda"": 5.0, ""model__subsample"": 1.0, ""sample_weight_mode"": ""none""}",0.3606753936094646,0.07455444531421104,0.419738010539891,0.02887222121284448,0.4163707286160518,0.016190838171345884,0.40613311904255295,0.13511870560560138,0.4163707286160518,0.016190838171345884,1.1168031248058985,0.1532537456585557,0.6678664755958604,0.10339200443905158,0.42564196466833204,0.019866369389293752,0.6150860300340241,0.010876190903164305,0.40526993001608885,0.1361218738654962,0.3691517096320799,0.06540810594407157,0.37440486289952857,0.09009063608675844
xgboost,airport_aware,"{""model__colsample_bytree"": 0.8, ""model__learning_rate"": 0.08, ""model__max_depth"": 6, ""model__min_child_weight"": 1, ""model__n_estimators"": 600, ""model__reg_lambda"": 1.0, ""model__subsample"": 1.0, ""sample_weight_mode"": ""none""}",0.36005667366679317,0.06737576778724108,0.41784693262703004,0.021663950217676864,0.41206101149054886,0.011928231895273965,0.4085453374259834,0.12163217107521875,0.41206101149054886,0.011928231895273965,1.1479581454892203,0.1560989868998261,0.6811577764157224,0.10398178908273577,0.4163636091329514,0.018935514791415125,0.6081797974158937,0.011027243913631933,0.39855385652301517,0.1378483294120225,0.3548241790889119,0.05171312175070824,0.3635984480336069,0.08536986506467241
xgboost,airport_aware,"{""model__colsample_bytree"": 1.0, ""model__learning_rate"": 0.08, ""model__max_depth"": 6, ""model__min_child_weight"": 1, ""model__n_estimators"": 600, ""model__reg_lambda"": 5.0, ""model__subsample"": 1.0, ""sample_weight_mode"": ""none""}",0.3598067834343303,0.07445496924134783,0.4218586751786919,0.023092604265139576,0.41414005907692425,0.01398681531669771,0.4058167281854891,0.13356526686987322,0.41414005907692425,0.01398681531669771,1.124165484228459,0.1526453576925857,0.6713653109549628,0.10407223225617473,0.42329170148722034,0.019368280511022906,0.6134549874060773,0.01177518128329113,0.4011911593882808,0.13476423090026518,0.35918516489898555,0.056656044939763756,0.3668815233736775,0.08614313125706113
xgboost,extended_geographic,"{""model__colsample_bytree"": 0.8, ""model__learning_rate"": 0.08, ""model__max_depth"": 6, ""model__min_child_weight"": 1, ""model__n_estimators"": 600, ""model__reg_lambda"": 5.0, ""model__subsample"": 1.0, ""sample_weight_mode"": ""none""}",0.35972887388396735,0.07556678269754281,0.4159267298398017,0.03547426210967016,0.41458034907679986,0.013272478143759781,0.4053250264156447,0.13642017685665594,0.41458034907679986,0.013272478143759781,1.1225980075015998,0.15681151996599108,0.6702586854915333,0.10565063027485995,0.42287244393244505,0.02022706607287222,0.6134591344108998,0.011095814523573333,0.4025289918409368,0.13151993836049894,0.36775850478773503,0.051840677223841156,0.373268619256445,0.08357447344737874
xgboost,extended_geographic,"{""model__colsample_bytree"": 1.0, ""model__learning_rate"": 0.08, ""model__max_depth"": 6, ""model__min_child_weight"": 1, ""model__n_estimators"": 600, ""model__reg_lambda"": 1.0, ""model__subsample"": 1.0, ""sample_weight_mode"": ""none""}",0.35897950754995633,0.0693624175375927,0.4127084377318731,0.02124831798185707,0.40928195995569483,0.013549964712463657,0.407592020731102,0.12407374546647754,0.40928195995569483,0.013549964712463657,1.1683888749773437,0.16069439185065507,0.6884415086206359,0.10598671883752504,0.4124788018156823,0.020345749812131098,0.6028476137022996,0.01258067068062597,0.38791173667326995,0.13040904110576024,0.35723320674493675,0.046455326464118374,0.3606194712580891,0.08235933106279503
xgboost,airport_aware,"{""model__colsample_bytree"": 1.0, ""model__learning_rate"": 0.08, ""model__max_depth"": 6, ""model__min_child_weight"": 5, ""model__n_estimators"": 600, ""model__reg_lambda"": 1.0, ""model__subsample"": 1.0, ""sample_weight_mode"": ""none""}",0.358870774375075,0.07521508617956242,0.4182334139612022,0.03185672429955806,0.4113624700474614,0.018168950016707416,0.4058191459362595,0.12915683810346618,0.4113624700474614,0.018168950016707416,1.1367839140674234,0.15732495288392873,0.6769812366401664,0.10462871123552173,0.4200480702205788,0.02381669579441446,0.6101906850001437,0.013785176970851477,0.3928126292497663,0.14060342646509166,0.35651655075951716,0.07421695366749484,0.3620124361934487,0.09687786495738268
xgboost,extended_geographic,"{""model__colsample_bytree"": 1.0, ""model__learning_rate"": 0.08, ""model__max_depth"": 6, ""model__min_child_weight"": 5, ""model__n_estimators"": 600, ""model__reg_lambda"": 5.0, ""model__subsample"": 1.0, ""sample_weight_mode"": ""none""}",0.3583610662568232,0.06977129457668321,0.41541052846251975,0.02724511191712202,0.41290665455766257,0.012118225433823652,0.40540266034143296,0.12864169616774365,0.41290665455766257,0.012118225433823652,1.123836898457887,0.1538601261319459,0.6713289386679887,0.10296646133799767,0.4221605421690742,0.02251012470858808,0.6115801031616729,0.012990105838950985,0.39948136187353994,0.13122393391700024,0.36424426123832376,0.0542159390489953,0.3686126993244183,0.08009538271102741
xgboost,extended_geographic,"{""model__colsample_bytree"": 0.8, ""model__learning_rate"": 0.08, ""model__max_depth"": 6, ""model__min_child_weight"": 1, ""model__n_estimators"": 300, ""model__reg_lambda"": 1.0, ""model__subsample"": 1.0, ""sample_weight_mode"": ""none""}",0.35745306248721054,0.08183849381569626,0.4311613322947485,0.03241083339047552,0.41581903522103597,0.016426924020313274,0.40479029715223086,0.1450433191365843,0.41581903522103597,0.016426924020313274,1.1008698070814682,0.151922782865437,0.6605079555362606,0.10427749449762844,0.42637010158512256,0.02110215737187766,0.6183998990948415,0.010707088187321537,0.4090168182095459,0.14709184860157967,0.3577465462516479,0.06270647741772174,0.3708549496062553,0.09827396252080442
xgboost,airport_aware,"{""model__colsample_bytree"": 0.8, ""model__learning_rate"": 0.08, ""model__max_depth"": 6, ""model__min_child_weight"": 5, ""model__n_estimators"": 300, ""model__reg_lambda"": 1.0, ""model__subsample"": 1.0, ""sample_weight_mode"": ""none""}",0.35680663538654145,0.08573402003780717,0.4418164142859776,0.04140975057550913,0.41676603328503603,0.022840623849428615,0.403768627061243,0.14756275095634075,0.41676603328503603,0.022840623849428615,1.0894382061457006,0.15596260288261768,0.6558169235006687,0.10656663804603739,0.4306786380370255,0.025731889216482978,0.6220946386847762,0.011798571556950962,0.409119677516832,0.15004366804423927,0.34987645887901925,0.08607811261466942,0.36640156638247556,0.10690300243275745
xgboost,airport_aware,"{""model__colsample_bytree"": 1.0, ""model__learning_rate"": 0.08, ""model__max_depth"": 6, ""model__min_child_weight"": 5, ""model__n_estimators"": 300, ""model__reg_lambda"": 1.0, ""model__subsample"": 1.0, ""sample_weight_mode"": ""none""}",0.3567241944950311,0.08205098778506188,0.4333228869619837,0.042684600533793214,0.41508515356808706,0.019216256073806604,0.40486553382045914,0.14264334776862922,0.41508515356808706,0.019216256073806604,1.0936033109629117,0.15588449646517727,0.6574753604574671,0.10647397262386915,0.43009953914725874,0.02636351480189135,0.6201855678133036,0.012556699251806422,0.41197257715402874,0.15219249475216243,0.3476559857978553,0.07514399977025522,0.36649626755698506,0.1037738202313226
xgboost,airport_aware,"{""model__colsample_bytree"": 0.8, ""model__learning_rate"": 0.08, ""model__max_depth"": 6, ""model__min_child_weight"": 1, ""model__n_estimators"": 300, ""model__reg_lambda"": 1.0, ""model__subsample"": 1.0, ""sample_weight_mode"": ""none""}",0.3564975013944888,0.08168600525571107,0.43078477735911475,0.03590703194676396,0.415681700950428,0.016156302177215934,0.40446383362630023,0.14499015005540564,0.415681700950428,0.016156302177215934,1.0951685189254805,0.1534275370627407,0.6584686765764992,0.10575793946983544,0.42679823395970684,0.021259385421235552,0.6197719962422399,0.009785122501013188,0.41807503171329863,0.15580416421703744,0.3502043339958475,0.06728063523034324,0.3702468798642423,0.09955596598788186
xgboost,extended_geographic,"{""model__colsample_bytree"": 1.0, ""model__learning_rate"": 0.08, ""model__max_depth"": 6, ""model__min_child_weight"": 5, ""model__n_estimators"": 300, ""model__reg_lambda"": 1.0, ""model__subsample"": 0.8, ""sample_weight_mode"": ""none""}",0.3564718173263842,0.08082611084002829,0.4186733928940492,0.03584739192569951,0.41528942470889796,0.016117499458088054,0.4025228339541222,0.14485128770227063,0.41528942470889796,0.016117499458088054,1.0976086944593346,0.15220040506904078,0.6604375169271328,0.10525224583197618,0.426843717377857,0.02308161058071745,0.6184035300268996,0.01101211702340532,0.4105913302205935,0.14577987606823378,0.3628236650063462,0.06566531237977737,0.3748169987639698,0.09824197192710929
xgboost,extended_geographic,"{""model__colsample_bytree"": 1.0, ""model__learning_rate"": 0.08, ""model__max_depth"": 6, ""model__min_child_weight"": 1, ""model__n_estimators"": 300, ""model__reg_lambda"": 5.0, ""model__subsample"": 1.0, ""sample_weight_mode"": ""none""}",0.3564375033843617,0.08107061448204973,0.4287223361853615,0.034767989476430346,0.41700667165824196,0.016426739211540118,0.40309540619941375,0.1454872953028245,0.41700667165824196,0.016426739211540118,1.0902459827887991,0.15671678773607023,0.6560493822360534,0.10724908902922073,0.4285883969480394,0.0234549263348528,0.6206126551421969,0.011718460255367668,0.4154017809351724,0.14672882056983197,0.36134999586141103,0.06177869081517636,0.3752676365323112,0.09521222978794926
xgboost,extended_geographic,"{""model__colsample_bytree"": 0.8, ""model__learning_rate"": 0.08, ""model__max_depth"": 6, ""model__min_child_weight"": 5, ""model__n_estimators"": 300, ""model__reg_lambda"": 1.0, ""model__subsample"": 0.8, ""sample_weight_mode"": ""none""}",0.35618719299659507,0.07935573534473009,0.41823378247503473,0.03248310262612919,0.4167919446453016,0.016478075039979046,0.403219005182192,0.1424448234853967,0.4167919446453016,0.016478075039979046,1.094329101642127,0.15198782763312338,0.6586366649219183,0.10467607586593901,0.4286033048241672,0.024727075598416307,0.6187322860917062,0.011952289893016494,0.41447988236271344,0.1469824201933453,0.3634679882620523,0.06424679273634362,0.3759861920274275,0.09806372363907263
xgboost,extended_geographic,"{""model__colsample_bytree"": 1.0, ""model__learning_rate"": 0.08, ""model__max_depth"": 6, ""model__min_child_weight"": 1, ""model__n_estimators"": 300, ""model__reg_lambda"": 1.0, ""model__subsample"": 0.8, ""sample_weight_mode"": ""none""}",0.35606457596777336,0.08107631648588025,0.4161344776538399,0.038291678484551436,0.41312909455497204,0.01423088615941272,0.40277542700490343,0.14359238788510204,0.41312909455497204,0.01423088615941272,1.1025889979970027,0.15421060558576824,0.662870535859371,0.10584549412768865,0.42619582821672564,0.021257473111631998,0.6180605200606042,0.009588485087355655,0.40722313583064684,0.14782085201748635,0.35416005332309164,0.06276151026817392,0.36798986178507836,0.09718537924950765
xgboost,airport_aware,"{""model__colsample_bytree"": 0.8, ""model__learning_rate"": 0.08, ""model__max_depth"": 6, ""model__min_child_weight"": 5, ""model__n_estimators"": 300, ""model__reg_lambda"": 5.0, ""model__subsample"": 0.8, ""sample_weight_mode"": ""none""}",0.3559015944126512,0.08083693286908328,0.43450535156395764,0.023824735317162178,0.41688234039916255,0.01670069107204883,0.40258707768843116,0.1453763672832699,0.41688234039916255,0.01670069107204883,1.0837580912129916,0.15073560359396979,0.6540325714400408,0.10543251145719218,0.43004963565247134,0.022244750100100668,0.621766748550969,0.011642654838589245,0.4125329795154172,0.14679546918568098,0.35243782556369807,0.0664110493010483,0.369244888942251,0.09863792942366681
xgboost,extended_geographic,"{""model__colsample_bytree"": 1.0, ""model__learning_rate"": 0.08, ""model__max_depth"": 6, ""model__min_child_weight"": 5, ""model__n_estimators"": 300, ""model__reg_lambda"": 5.0, ""model__subsample"": 0.8, ""sample_weight_mode"": ""none""}",0.3558500387790831,0.08132641558150829,0.4284634795089037,0.03719112312684389,0.4156696002039627,0.015918703060913492,0.4026054932792425,0.14632772816598316,0.4156696002039627,0.015918703060913492,1.0891812933994338,0.15220060124020596,0.6565136657009244,0.10536276690000826,0.428617390760912,0.023925334914017635,0.6199735198418163,0.01192231995474162,0.4107827616830896,0.14864075494149817,0.3555925723293395,0.06013829747700922,0.37041581858387296,0.09834593027424483
xgboost,airport_aware,"{""model__colsample_bytree"": 1.0, ""model__learning_rate"": 0.08, ""model__max_depth"": 6, ""model__min_child_weight"": 1, ""model__n_estimators"": 300, ""model__reg_lambda"": 1.0, ""model__subsample"": 0.8, ""sample_weight_mode"": ""none""}",0.35570409344977855,0.07772383072181707,0.42606377908886295,0.02922365699317534,0.4130829325162428,0.015898501632296485,0.40363583126838887,0.13780589800656504,0.4130829325162428,0.015898501632296485,1.0986862149274317,0.15194039422763456,0.6613180646528296,0.10499036889985176,0.4263248727442498,0.021740958724680792,0.6182566605224554,0.0108138423384423,0.40277380032750865,0.1469824530053303,0.3484343127008809,0.06917811604483827,0.36173495659965593,0.09799652684408977
xgboost,extended_geographic,"{""model__colsample_bytree"": 1.0, ""model__learning_rate"": 0.08, ""model__max_depth"": 6, ""model__min_child_weight"": 1, ""model__n_estimators"": 300, ""model__reg_lambda"": 5.0, ""model__subsample"": 0.8, ""sample_weight_mode"": ""none""}",0.355622360479482,0.07690972888246826,0.4212627224799836,0.029868576847289684,0.4166203649624389,0.010720172017710966,0.4011220520829301,0.14414493294720634,0.4166203649624389,0.010720172017710966,1.094098085838732,0.15249137352198966,0.6589130167833716,0.10525960599385042,0.42691701566408913,0.02103491638525249,0.6180620110983643,0.009464055603884216,0.4058317390144735,0.13986331996283333,0.3629415564099467,0.061651387194070054,0.3715815606525987,0.09122013186300744
xgboost,airport_aware,"{""model__colsample_bytree"": 1.0, ""model__learning_rate"": 0.08, ""model__max_depth"": 6, ""model__min_child_weight"": 1, ""model__n_estimators"": 300, ""model__reg_lambda"": 5.0, ""model__subsample"": 0.8, ""sample_weight_mode"": ""none""}",0.35508761965886854,0.08169803097597285,0.42302332053674147,0.03049841327728928,0.41449291275936806,0.015386437962911595,0.40165799246022527,0.14583741188487095,0.41449291275936806,0.015386437962911595,1.090284828891242,0.1523112586809773,0.6575098151531679,0.10591163181848294,0.4277985052482184,0.020531101824822387,0.618970522789267,0.009659780980131514,0.40811187906131685,0.1482056937751543,0.3541256671650207,0.0654943735561333,0.3676994052549603,0.09890186962709842
xgboost,extended_geographic,"{""model__colsample_bytree"": 0.8, ""model__learning_rate"": 0.08, ""model__max_depth"": 6, ""model__min_child_weight"": 1, ""model__n_estimators"": 300, ""model__reg_lambda"": 1.0, ""model__subsample"": 0.8, ""sample_weight_mode"": ""none""}",0.3550160228738606,0.07458580819778753,0.42098938150722576,0.022571949163890263,0.41535921186558833,0.010484900972857215,0.4023311289757541,0.139722169969561,0.41535921186558833,0.010484900972857215,1.1001683386782992,0.1542230329738431,0.6618792963622043,0.10552349640646816,0.4250618789197662,0.021731251426718314,0.6178467413133226,0.00974127134586699,0.40630589089961866,0.14094549183356125,0.36572221822134676,0.05137127959429641,0.3729307416530152,0.08995903386601344
xgboost,extended_geographic,"{""model__colsample_bytree"": 0.8, ""model__learning_rate"": 0.03, ""model__max_depth"": 6, ""model__min_child_weight"": 5, ""model__n_estimators"": 600, ""model__reg_lambda"": 1.0, ""model__subsample"": 0.8, ""sample_weight_mode"": ""none""}",0.3549812526927165,0.0804202883526194,0.4296176478648948,0.035960418964738325,0.41906603782765767,0.015217339340405785,0.4008228601875322,0.1500804121525145,0.41906603782765767,0.015217339340405785,1.077900050731542,0.15253552170472653,0.650546770018512,0.1061620545223069,0.43443952145505593,0.025039356191126745,0.6253012806604179,0.012640720042859228,0.4202233385473054,0.1441210505563677,0.36526064421781423,0.05997727087358459,0.3790435468624827,0.09223626873064479
xgboost,airport_aware,"{""model__colsample_bytree"": 1.0, ""model__learning_rate"": 0.08, ""model__max_depth"": 6, ""model__min_child_weight"": 1, ""model__n_estimators"": 300, ""model__reg_lambda"": 5.0, ""model__subsample"": 1.0, ""sample_weight_mode"": ""none""}",0.35491025003959586,0.08548936137666283,0.43465318428056615,0.049925270360554684,0.41515583237702486,0.01986665513364867,0.4012764946995409,0.15104144333664432,0.41515583237702486,0.01986665513364867,1.0860278051073262,0.15363118044098784,0.6541122647049944,0.10624455208931936,0.4319252706733779,0.022218074108154517,0.6237115535327794,0.011961246869930454,0.4174407705522496,0.15388431974064581,0.351222527160333,0.06797701080832984,0.37077436375379047,0.10245906497796155
xgboost,airport_aware,"{""model__colsample_bytree"": 0.8, ""model__learning_rate"": 0.08, ""model__max_depth"": 6, ""model__min_child_weight"": 5, ""model__n_estimators"": 300, ""model__reg_lambda"": 1.0, ""model__subsample"": 0.8, ""sample_weight_mode"": ""none""}",0.3545889162964585,0.07886540766608058,0.4265638239449043,0.03006354120859238,0.41396155765246156,0.01638033679655305,0.40216286897767184,0.14087047523074353,0.41396155765246156,0.01638033679655305,1.0910880193891879,0.15064301405561129,0.6575531105129514,0.10509568432200682,0.4278026620601236,0.02404669166145408,0.6197464814541103,0.012698307897952631,0.4059391470836896,0.14610692318784463,0.34560293839258127,0.07081166402695536,0.36311977469236073,0.10022513624362196
xgboost,extended_geographic,"{""model__colsample_bytree"": 0.8, ""model__learning_rate"": 0.08, ""model__max_depth"": 6, ""model__min_child_weight"": 1, ""model__n_estimators"": 300, ""model__reg_lambda"": 5.0, ""model__subsample"": 0.8, ""sample_weight_mode"": ""none""}",0.35425286289141383,0.07690107382453315,0.4183161110639503,0.02378716998063981,0.41531851586631124,0.010737358846370164,0.401155613556059,0.142804756546554,0.41531851586631124,0.010737358846370164,1.0893159304322155,0.1523849007964637,0.6565087055578633,0.10538538784159054,0.4284173631402555,0.02098913548368281,0.6198982141525505,0.009239504782302153,0.4047538992695351,0.1401370702566553,0.3592097346314932,0.059782684982606284,0.3695468386480215,0.09089530419339348
xgboost,airport_aware,"{""model__colsample_bytree"": 0.8, ""model__learning_rate"": 0.08, ""model__max_depth"": 6, ""model__min_child_weight"": 1, ""model__n_estimators"": 300, ""model__reg_lambda"": 1.0, ""model__subsample"": 0.8, ""sample_weight_mode"": ""none""}",0.3541434889968893,0.07595117410274105,0.42285117694970414,0.025764629953313314,0.41337255190564265,0.011561912991702478,0.4005141219310935,0.14053044551704763,0.41337255190564265,0.011561912991702478,1.0953179030049627,0.15318370670078796,0.6596826789255827,0.1056414994672152,0.4259604830741388,0.022413999319336252,0.6193447176705484,0.010395109528860122,0.40525789689537,0.14200386483826197,0.34928353239057297,0.06394441868024893,0.36315002702729837,0.09031190135989545
xgboost,airport_aware,"{""model__colsample_bytree"": 1.0, ""model__learning_rate"": 0.08, ""model__max_depth"": 6, ""model__min_child_weight"": 5, ""model__n_estimators"": 300, ""model__reg_lambda"": 1.0, ""model__subsample"": 0.8, ""sample_weight_mode"": ""none""}",0.3539244274435514,0.0793235513117097,0.4227848236112363,0.025228452364594336,0.4140560820629761,0.0171400728488935,0.4018554764652243,0.14230712002694548,0.4140560820629761,0.0171400728488935,1.093745695191053,0.1524633801825465,0.6589779044132177,0.10580394353783663,0.42770126367084893,0.023187045355013775,0.618767934841659,0.012870690732388276,0.4074663977016125,0.14696067499612694,0.34831598043263823,0.07191830848354842,0.3644978332608591,0.0997135378029114
xgboost,extended_geographic,"{""model__colsample_bytree"": 1.0, ""model__learning_rate"": 0.03, ""model__max_depth"": 6, ""model__min_child_weight"": 1, ""model__n_estimators"": 600, ""model__reg_lambda"": 5.0, ""model__subsample"": 0.8, ""sample_weight_mode"": ""none""}",0.3539149441813996,0.08075560703211693,0.4327566530082755,0.03817653684464067,0.41753611733021423,0.014787587269687897,0.4009941128947177,0.14973363849460355,0.41753611733021423,0.014787587269687897,1.0780116724999114,0.15457803497789016,0.6506448670393141,0.10740002987834463,0.43350119230690287,0.024058630382364814,0.6242121431013664,0.011189312139297459,0.4142838389799689,0.1452462426728944,0.35959018647017577,0.0607638698747351,0.3735529614224121,0.09482754158265268
xgboost,airport_aware,"{""model__colsample_bytree"": 0.8, ""model__learning_rate"": 0.08, ""model__max_depth"": 6, ""model__min_child_weight"": 1, ""model__n_estimators"": 300, ""model__reg_lambda"": 5.0, ""model__subsample"": 0.8, ""sample_weight_mode"": ""none""}",0.3538817376590776,0.07840126362442396,0.42589292037149173,0.02305728208083468,0.4148967808218276,0.012690341832607045,0.40061913570412344,0.14374408162984229,0.4148967808218276,0.012690341832607045,1.0864108455529369,0.15235519551457405,0.6554600627388913,0.10579307747826715,0.4286179099554916,0.02206181100518992,0.6204980046879063,0.010172328743970031,0.411257647606391,0.1479452023147312,0.35622942997170226,0.06321869668147137,0.3703856793835598,0.09662632270078436
xgboost,extended_geographic,"{""model__colsample_bytree"": 0.8, ""model__learning_rate"": 0.03, ""model__max_depth"": 6, ""model__min_child_weight"": 1, ""model__n_estimators"": 600, ""model__reg_lambda"": 1.0, ""model__subsample"": 0.8, ""sample_weight_mode"": ""none""}",0.35349182326066647,0.07741117320217515,0.4261578259545821,0.02169115936011837,0.4170612948731122,0.01209303466072289,0.4006925802390807,0.14642204766327563,0.4170612948731122,0.01209303466072289,1.0821760880939029,0.15397245264482562,0.652796035310424,0.10660751687939826,0.43258231051151086,0.022575983137053602,0.6243368440034415,0.01016023965513472,0.4162767775010052,0.14215945426521717,0.3589404228315833,0.06040688830616026,0.3736674049536146,0.0889502198122788
xgboost,airport_aware,"{""model__colsample_bytree"": 0.8, ""model__learning_rate"": 0.08, ""model__max_depth"": 6, ""model__min_child_weight"": 1, ""model__n_estimators"": 300, ""model__reg_lambda"": 5.0, ""model__subsample"": 1.0, ""sample_weight_mode"": ""none""}",0.35329047692527377,0.08342441422346489,0.4350532944704916,0.03507231588142467,0.4163477312007542,0.017287157176751968,0.4000089686873639,0.15071619965843527,0.4163477312007542,0.017287157176751968,1.0823054001262897,0.15340550327595534,0.6524499624288261,0.10594177952952982,0.4317488042401969,0.023364710018601027,0.6246381616275125,0.011000897082049885,0.417538618728302,0.15141548893485265,0.3506782467382212,0.06965776631289906,0.3707758398813123,0.10097802894778511
xgboost,extended_geographic,"{""model__colsample_bytree"": 1.0, ""model__learning_rate"": 0.08, ""model__max_depth"": 6, ""model__min_child_weight"": 1, ""model__n_estimators"": 300, ""model__reg_lambda"": 1.0, ""model__subsample"": 1.0, ""sample_weight_mode"": ""none""}",0.353204305839444,0.07964838679168834,0.4166917298905849,0.027710892044031148,0.41091657240020174,0.017576760564558386,0.4027144295031668,0.13975880204027355,0.41091657240020174,0.017576760564558386,1.10797994927996,0.15631878097109658,0.6639124532345401,0.10665278604712984,0.42290217813666225,0.021850290462797503,0.614765643321373,0.01171860106719718,0.4024973133822763,0.14781463841277784,0.35126068587292947,0.06188962381493349,0.36386595269569944,0.09760588522459611
xgboost,extended_geographic,"{""model__colsample_bytree"": 1.0, ""model__learning_rate"": 0.08, ""model__max_depth"": 6, ""model__min_child_weight"": 5, ""model__n_estimators"": 300, ""model__reg_lambda"": 1.0, ""model__subsample"": 1.0, ""sample_weight_mode"": ""none""}",0.3530950332828695,0.08395058833433808,0.4199419202815083,0.037953127227718625,0.41213658216654875,0.021259420199824686,0.40086696862061955,0.14537530556879358,0.41213658216654875,0.021259420199824686,1.0969576818623155,0.1575023267358411,0.6592223823097824,0.10663633385329854,0.42854977054248444,0.026451049262380927,0.6192260255634865,0.013280910093746651,0.408377423131803,0.15162336608694835,0.3552073030231258,0.07251175923589114,0.3695181709119241,0.10507314164118269
xgboost,airport_aware,"{""model__colsample_bytree"": 0.8, ""model__learning_rate"": 0.03, ""model__max_depth"": 6, ""model__min_child_weight"": 1, ""model__n_estimators"": 600, ""model__reg_lambda"": 1.0, ""model__subsample"": 1.0, ""sample_weight_mode"": ""none""}",0.3530717837615395,0.08510309007299528,0.43988434321369063,0.0490018680276782,0.4146337040882444,0.02104833136430177,0.40107887073110726,0.15065822645709148,0.4146337040882444,0.02104833136430177,1.0819080663157672,0.15449461962538338,0.6520539060442309,0.10657616472196021,0.4312193115460964,0.023510890600377615,0.62475255989044,0.011885163144144114,0.4187238601288808,0.1557944669202252,0.3448256817462237,0.07390667360444682,0.3678249596577709,0.1043893519230063
xgboost,extended_geographic,"{""model__colsample_bytree"": 0.8, ""model__learning_rate"": 0.08, ""model__max_depth"": 6, ""model__min_child_weight"": 5, ""model__n_estimators"": 300, ""model__reg_lambda"": 1.0, ""model__subsample"": 1.0, ""sample_weight_mode"": ""none""}",0.35303257068150307,0.07701814501969652,0.42724335687273507,0.038304762171778674,0.41391845336771216,0.018513317122846977,0.40042001554195367,0.1407400653402451,0.41391845336771216,0.018513317122846977,1.0922916727785712,0.15468050345438045,0.6565180316628265,0.10552800130043838,0.43136336876875864,0.024637877671856975,0.6214721165525743,0.010939507713426324,0.40630152009001985,0.14061701179653574,0.3578159213296517,0.07226459510796171,0.36905226294937515,0.09445396048884591
xgboost,airport_aware,"{""model__colsample_bytree"": 1.0, ""model__learning_rate"": 0.03, ""model__max_depth"": 6, ""model__min_child_weight"": 5, ""model__n_estimators"": 600, ""model__reg_lambda"": 5.0, ""model__subsample"": 1.0, ""sample_weight_mode"": ""none""}",0.35292533999113335,0.08685106886571632,0.4482744569603948,0.04737713725467006,0.41692458018795725,0.020307565875811524,0.3986668898209958,0.15611444442507386,0.41692458018795725,0.020307565875811524,1.075352441746262,0.1546584266444308,0.6489960552473514,0.10631698326449342,0.4353118102663659,0.026352097369628676,0.6275224999550769,0.012572375837896086,0.4203305162907635,0.152341288254948,0.3495600253100857,0.07614234295910537,0.3711191900443401,0.10369988795597009
xgboost,airport_aware,"{""model__colsample_bytree"": 0.8, ""model__learning_rate"": 0.03, ""model__max_depth"": 6, ""model__min_child_weight"": 1, ""model__n_estimators"": 600, ""model__reg_lambda"": 5.0, ""model__subsample"": 0.8, ""sample_weight_mode"": ""none""}",0.35277342291436814,0.08545179272113733,0.4363283097321589,0.03344417640315287,0.4164977642749473,0.017769187213752556,0.39971295062603635,0.15289861547976955,0.4164977642749473,0.017769187213752556,1.0740708553302483,0.15283511876013045,0.6490854267810444,0.106850899046582,0.4331841198785524,0.02312128538739094,0.6253387641368653,0.01024159816017228,0.41575237266105214,0.15285781585238778,0.35007290915814715,0.07034939197651059,0.3698555061909055,0.10385663999059619
xgboost,extended_geographic,"{""model__colsample_bytree"": 1.0, ""model__learning_rate"": 0.03, ""model__max_depth"": 6, ""model__min_child_weight"": 1, ""model__n_estimators"": 600, ""model__reg_lambda"": 1.0, ""model__subsample"": 0.8, ""sample_weight_mode"": ""none""}",0.3527696959146359,0.0781171609598771,0.4224597487332237,0.026580436900813853,0.41457750787807657,0.013842328775636481,0.4003465122496384,0.14501738955199076,0.41457750787807657,0.013842328775636481,1.0851107595954192,0.1545691980884627,0.6545865746727582,0.10679072362172663,0.4304993741799944,0.024395090533562883,0.6225499051582736,0.011971820560139653,0.4098923330853935,0.14339253036472055,0.3514429512182827,0.05793173743987888,0.36630271454767294,0.0898894360157185
xgboost,airport_aware,"{""model__colsample_bytree"": 1.0, ""model__learning_rate"": 0.03, ""model__max_depth"": 6, ""model__min_child_weight"": 1, ""model__n_estimators"": 600, ""model__reg_lambda"": 5.0, ""model__subsample"": 0.8, ""sample_weight_mode"": ""none""}",0.35265392119980865,0.08347762275457175,0.42820676066547547,0.036379513424291625,0.4167097722402193,0.016540069010762746,0.39883643468177815,0.15152427129592297,0.4167097722402193,0.016540069010762746,1.075943749748584,0.15322157824583865,0.6500510187544226,0.10689336517954875,0.43275326449951323,0.023569718063371114,0.6249774664276682,0.011321079605706354,0.414948504133333,0.14808794956677301,0.35405712066805933,0.07044849760652265,0.3711071111598127,0.09974862711393938
xgboost,airport_aware,"{""model__colsample_bytree"": 1.0, ""model__learning_rate"": 0.08, ""model__max_depth"": 6, ""model__min_child_weight"": 5, ""model__n_estimators"": 300, ""model__reg_lambda"": 5.0, ""model__subsample"": 1.0, ""sample_weight_mode"": ""none""}",0.35256843585516917,0.0821030243850075,0.4276856545807851,0.037246108659726884,0.41565691495879536,0.01894331205246267,0.39794928861018214,0.15013262958890855,0.41565691495879536,0.01894331205246267,1.0830184820771618,0.153535892168944,0.652941360315906,0.10554470379803793,0.43290534004534226,0.026184134993689892,0.6241427775820638,0.013308388054371185,0.41025172840919755,0.14107341145271618,0.35483323738540695,0.07738731689979596,0.369583232383857,0.09599584190326572
xgboost,airport_aware,"{""model__colsample_bytree"": 1.0, ""model__learning_rate"": 0.03, ""model__max_depth"": 6, ""model__min_child_weight"": 1, ""model__n_estimators"": 600, ""model__reg_lambda"": 1.0, ""model__subsample"": 0.8, ""sample_weight_mode"": ""none""}",0.3525643543183648,0.0802043219877348,0.4245159721441823,0.02542765139523073,0.4135878750086476,0.01437239476146528,0.4001133165685591,0.1441605269001427,0.4135878750086476,0.01437239476146528,1.082435422387562,0.15281411094807545,0.6534551584766335,0.10618358542224808,0.4311448931718408,0.023058550109250547,0.6237759476638025,0.010771951859751015,0.409359822503652,0.14729475968359912,0.34343934516759267,0.06176234175869067,0.36258470865542486,0.09428033405027125
xgboost,extended_geographic,"{""model__colsample_bytree"": 1.0, ""model__learning_rate"": 0.03, ""model__max_depth"": 6, ""model__min_child_weight"": 5, ""model__n_estimators"": 600, ""model__reg_lambda"": 5.0, ""model__subsample"": 0.8, ""sample_weight_mode"": ""none""}",0.35247174512298096,0.08331632587441536,0.4306093821910135,0.03382163554339204,0.41630649060231945,0.017165526923741837,0.3995380521392487,0.1509412514458745,0.41630649060231945,0.017165526923741837,1.0766600681020297,0.15270362848259336,0.650296227063867,0.10641989386066875,0.43346976489730293,0.02494055302769314,0.6243543249083672,0.012325263454268215,0.41805424960485016,0.1513511363509177,0.35661431027501456,0.06650857189069027,0.3738770267120103,0.10037769329234433
xgboost,airport_aware,"{""model__colsample_bytree"": 1.0, ""model__learning_rate"": 0.08, ""model__max_depth"": 3, ""model__min_child_weight"": 1, ""model__n_estimators"": 600, ""model__reg_lambda"": 5.0, ""model__subsample"": 0.8, ""sample_weight_mode"": ""none""}",0.35223558196159466,0.08590507399936312,0.43434131059360814,0.037733096044686526,0.4152465245132582,0.01812610356150697,0.39977792064725015,0.15070740370704155,0.4152465245132582,0.01812610356150697,1.071697602512146,0.1518509105088659,0.6471622505569317,0.106315683518996,0.43522729749600525,0.022983133651383995,0.6268081584600274,0.011664550225156622,0.41890255872211946,0.16066578944890997,0.33915461208101155,0.07289576877975086,0.36496512097636025,0.10811641771358116
xgboost,airport_aware,"{""model__colsample_bytree"": 1.0, ""model__learning_rate"": 0.08, ""model__max_depth"": 6, ""model__min_child_weight"": 1, ""model__n_estimators"": 300, ""model__reg_lambda"": 1.0, ""model__subsample"": 1.0, ""sample_weight_mode"": ""none""}",0.3522030369932671,0.07802341257375073,0.41912714498713,0.02676804870720385,0.41035028724338873,0.015004600014636478,0.401155210585864,0.1394829751787733,0.41035028724338873,0.015004600014636478,1.1018156996127,0.15386103003716797,0.6616463240491746,0.10536866425333317,0.4257841202819573,0.022487592619588638,0.6177072733340168,0.013162386972118892,0.4051045950497437,0.1491396250411276,0.344524117936994,0.061844470638901174,0.3608966292776909,0.09622997995920043
xgboost,extended_geographic,"{""model__colsample_bytree"": 0.8, ""model__learning_rate"": 0.03, ""model__max_depth"": 6, ""model__min_child_weight"": 1, ""model__n_estimators"": 600, ""model__reg_lambda"": 5.0, ""model__subsample"": 0.8, ""sample_weight_mode"": ""none""}",0.35216256202115936,0.08406559223249052,0.437089203743814,0.036643349751211717,0.4163035537936485,0.01624574891307019,0.398662412414408,0.1535118934264319,0.4163035537936485,0.01624574891307019,1.0757334142954036,0.15491929188287712,0.6495195654096501,0.107820695015305,0.43383705299755154,0.02472538699172297,0.6253844328691709,0.0102384017625914,0.4130649099287648,0.14828525959102062,0.35579330916005414,0.06315759627824256,0.37134333786093726,0.09809245916486388
xgboost,airport_aware,"{""model__colsample_bytree"": 1.0, ""model__learning_rate"": 0.03, ""model__max_depth"": 6, ""model__min_child_weight"": 1, ""model__n_estimators"": 600, ""model__reg_lambda"": 1.0, ""model__subsample"": 1.0, ""sample_weight_mode"": ""none""}",0.35207885564950087,0.08353054515261474,0.43178531553143734,0.03818136166685259,0.4123472268300773,0.017917087708351147,0.40003702227486937,0.14787069477188938,0.4123472268300773,0.017917087708351147,1.0883044737772019,0.15504294176062663,0.6554849725484198,0.10661015740579977,0.42953638082969653,0.022409308861005346,0.6224910924068332,0.012007050251768583,0.4099474524240141,0.15215060457222843,0.3365239176589587,0.07165654654930714,0.35870618034643464,0.09996438408492823
xgboost,airport_aware,"{""model__colsample_bytree"": 1.0, ""model__learning_rate"": 0.03, ""model__max_depth"": 6, ""model__min_child_weight"": 5, ""model__n_estimators"": 600, ""model__reg_lambda"": 1.0, ""model__subsample"": 0.8, ""sample_weight_mode"": ""none""}",0.3520634291119781,0.08081789309080711,0.43085880680603006,0.027768973562561472,0.4146824649831493,0.016469128672844002,0.3991309498510621,0.14671152782363214,0.4146824649831493,0.016469128672844002,1.078821672798266,0.1517278509630696,0.6516530519477636,0.1059393195049229,0.4331464047849101,0.02438371954780287,0.6247764360187114,0.013324812324066996,0.4097477254431082,0.1468895493739004,0.3464101067856938,0.06764316946980305,0.36477165405764256,0.0983427681868733
xgboost,extended_geographic,"{""model__colsample_bytree"": 1.0, ""model__learning_rate"": 0.03, ""model__max_depth"": 6, ""model__min_child_weight"": 5, ""model__n_estimators"": 600, ""model__reg_lambda"": 1.0, ""model__subsample"": 0.8, ""sample_weight_mode"": ""none""}",0.35202137591938953,0.0811444298674101,0.4222263277992419,0.03464327493243209,0.4145090767839483,0.01717615143838468,0.3984635142146532,0.14816103869313768,0.4145090767839483,0.01717615143838468,1.081627084683674,0.15337048526044791,0.6528813590794538,0.10658927308085417,0.4324250538728457,0.02669070021716345,0.6229478454106364,0.014228468019310613,0.41158695202410184,0.14409299906765444,0.3559238218420805,0.06122461728984368,0.3705158034408914,0.09468512489640289
xgboost,airport_aware,"{""model__colsample_bytree"": 1.0, ""model__learning_rate"": 0.03, ""model__max_depth"": 6, ""model__min_child_weight"": 1, ""model__n_estimators"": 600, ""model__reg_lambda"": 5.0, ""model__subsample"": 1.0, ""sample_weight_mode"": ""none""}",0.3519818832955147,0.08414705059659945,0.4411131778222779,0.0462450165390739,0.41500218716498544,0.02029999688523974,0.39968037501228937,0.15153432427665062,0.41500218716498544,0.02029999688523974,1.0773489026057177,0.15331228166895125,0.6498464206751544,0.10635200331534554,0.4338963355283168,0.02364474480227964,0.6256862871289967,0.01118938256672326,0.4174953835628267,0.15325992521362472,0.34586095508015435,0.0733785255298622,0.36748318651240336,0.10275743424930235
xgboost,extended_geographic,"{""model__colsample_bytree"": 0.8, ""model__learning_rate"": 0.08, ""model__max_depth"": 6, ""model__min_child_weight"": 5, ""model__n_estimators"": 300, ""model__reg_lambda"": 5.0, ""model__subsample"": 0.8, ""sample_weight_mode"": ""none""}",0.3519082196482658,0.08185324667125525,0.420239113065693,0.03152757858221789,0.413889625263117,0.01672962071089061,0.398798900834898,0.14802778855288282,0.413889625263117,0.01672962071089061,1.0862368096276165,0.15089003734591142,0.6550519385673148,0.10476396401635385,0.42912996864802117,0.02258983146442309,0.6204654265066789,0.0111198902063881,0.4053278041325509,0.1456398558989103,0.35465449125351756,0.06815684769990545,0.36807565879688514,0.0998267911024019
xgboost,airport_aware,"{""model__colsample_bytree"": 1.0, ""model__learning_rate"": 0.08, ""model__max_depth"": 6, ""model__min_child_weight"": 5, ""model__n_estimators"": 300, ""model__reg_lambda"": 5.0, ""model__subsample"": 0.8, ""sample_weight_mode"": ""none""}",0.35180818727302676,0.0780127156168585,0.42214315194627383,0.02101632304434509,0.4128889401319066,0.013147200326164656,0.3992935903421252,0.1425979126630126,0.4128889401319066,0.013147200326164656,1.0861347664356782,0.15049726971553937,0.6551502257333649,0.10496731668717722,0.4289101069376356,0.023026003559407288,0.620732038104161,0.012259417881718188,0.40961659451323706,0.14828308646312774,0.3479070694060363,0.05941476124558689,0.3650855489445721,0.09594912942871589
xgboost,extended_geographic,"{""model__colsample_bytree"": 1.0, ""model__learning_rate"": 0.08, ""model__max_depth"": 6, ""model__min_child_weight"": 5, ""model__n_estimators"": 300, ""model__reg_lambda"": 5.0, ""model__subsample"": 1.0, ""sample_weight_mode"": ""none""}",0.35160234438582855,0.07976141969148744,0.42787477497652804,0.0348725919991598,0.41377305460439384,0.015249968209116843,0.39870020705186754,0.14496763994033146,0.41377305460439384,0.015249968209116843,1.0864523543142905,0.1519386732452337,0.6546789601383056,0.1049980416886634,0.43088229313081705,0.02657015548506485,0.6209214886437088,0.013514915123692293,0.40572529206074287,0.1433647892631485,0.3569007605827812,0.06303471159763725,0.368556461061886,0.0945483240123899
xgboost,airport_aware,"{""model__colsample_bytree"": 1.0, ""model__learning_rate"": 0.08, ""model__max_depth"": 3, ""model__min_child_weight"": 5, ""model__n_estimators"": 600, ""model__reg_lambda"": 1.0, ""model__subsample"": 0.8, ""sample_weight_mode"": ""none""}",0.3515786043169798,0.08669843611026463,0.43396848561300727,0.03441788804739643,0.41366940390384704,0.021010576415141258,0.39929449483473795,0.1505969436414593,0.41366940390384704,0.021010576415141258,1.0751315030169935,0.14974879296432533,0.649118081811588,0.10495772618140461,0.4338632155287222,0.02333329367778162,0.6262562189024308,0.013838587403938563,0.4179374453720741,0.16187056617617876,0.3394679262131012,0.07903776217236284,0.3643970807987779,0.11131809319691142
xgboost,airport_aware,"{""model__colsample_bytree"": 0.8, ""model__learning_rate"": 0.03, ""model__max_depth"": 6, ""model__min_child_weight"": 5, ""model__n_estimators"": 600, ""model__reg_lambda"": 1.0, ""model__subsample"": 0.8, ""sample_weight_mode"": ""none""}",0.351172832121699,0.08198719459575567,0.43350491103635475,0.029920724476465682,0.41478571437828027,0.01741480023234667,0.3977178011763051,0.14915144367636823,0.41478571437828027,0.01741480023234667,1.0771416814728287,0.15159327816173132,0.6505585473749192,0.10588837683594045,0.4333428675400808,0.0244750774411272,0.6243463311292017,0.012561320177797741,0.41309230829350163,0.1470031487690038,0.342941574596931,0.0708381350570546,0.36421002937051,0.09912626569697651
xgboost,extended_geographic,"{""model__colsample_bytree"": 1.0, ""model__learning_rate"": 0.08, ""model__max_depth"": 3, ""model__min_child_weight"": 1, ""model__n_estimators"": 600, ""model__reg_lambda"": 1.0, ""model__subsample"": 0.8, ""sample_weight_mode"": ""none""}",0.3511126241719035,0.08395138860120774,0.4185526223170795,0.03086987392966038,0.4140654236849454,0.017573105558807582,0.39924902895622094,0.14844142382731007,0.4140654236849454,0.017573105558807582,1.0751366441734562,0.15055127387990747,0.6490786894066923,0.10532138985877439,0.43309253437922735,0.02226532315653511,0.625515332784935,0.010128537232180691,0.4187238372242207,0.15850301371630046,0.3478760569762236,0.06725278559412147,0.36944831027831015,0.10328638078472405
xgboost,airport_aware,"{""model__colsample_bytree"": 1.0, ""model__learning_rate"": 0.03, ""model__max_depth"": 6, ""model__min_child_weight"": 5, ""model__n_estimators"": 600, ""model__reg_lambda"": 1.0, ""model__subsample"": 1.0, ""sample_weight_mode"": ""none""}",0.3509712458432973,0.08337841286940764,0.4323140998246299,0.045010779775288744,0.4138356150771415,0.022340291032333676,0.398343962892796,0.1492016779427255,0.4138356150771415,0.022340291032333676,1.0819127711290177,0.15624011721972672,0.652052297530467,0.10738313419308401,0.43273669643478846,0.025882285845704445,0.6245127845815945,0.012521119113995755,0.4130472071044866,0.14932739597129538,0.34589088139685353,0.08331405080124027,0.3648484353919626,0.10440282997010941
xgboost,extended_geographic,"{""model__colsample_bytree"": 0.8, ""model__learning_rate"": 0.03, ""model__max_depth"": 6, ""model__min_child_weight"": 5, ""model__n_estimators"": 600, ""model__reg_lambda"": 5.0, ""model__subsample"": 0.8, ""sample_weight_mode"": ""none""}",0.35092160811487166,0.0821968437572898,0.439285695879495,0.037121146799856404,0.4154814656697215,0.01674900577768721,0.39732632193784123,0.1517948266668468,0.4154814656697215,0.01674900577768721,1.0740455346950972,0.15214430788438307,0.6489309768974301,0.10629574217194811,0.4348035288136109,0.0231108655676305,0.6257358640916404,0.010835716362753572,0.41757462544364154,0.14968513405833597,0.3558401905399532,0.06505545296351155,0.37308038850543324,0.09808866556780405
xgboost,extended_geographic,"{""model__colsample_bytree"": 1.0, ""model__learning_rate"": 0.08, ""model__max_depth"": 3, ""model__min_child_weight"": 5, ""model__n_estimators"": 600, ""model__reg_lambda"": 1.0, ""model__subsample"": 0.8, ""sample_weight_mode"": ""none""}",0.3507576534094944,0.08596553580090063,0.4286727581197517,0.033572001581002514,0.41505048376084436,0.018961194830276445,0.3975917266534818,0.15243477903368338,0.41505048376084436,0.018961194830276445,1.074469861538077,0.1505408716208244,0.6489041327705827,0.10547015026530436,0.43500248592527535,0.024748639268288117,0.6264892808668355,0.01129173823873932,0.4174715836073462,0.15722383929124775,0.349551848016586,0.07618111187424527,0.3700767146565996,0.10724615029454661
xgboost,extended_geographic,"{""model__colsample_bytree"": 0.8, ""model__learning_rate"": 0.08, ""model__max_depth"": 6, ""model__min_child_weight"": 1, ""model__n_estimators"": 300, ""model__reg_lambda"": 5.0, ""model__subsample"": 1.0, ""sample_weight_mode"": ""none""}",0.3506448728905208,0.08255075302116979,0.423129874723303,0.03387515224795022,0.41337726419884413,0.015243859023846947,0.3979835753372214,0.15003918946504075,0.41337726419884413,0.015243859023846947,1.085900780512374,0.15489157362886735,0.6544016018081302,0.1071289536418209,0.43065923664524897,0.022481678736999165,0.6221144855826994,0.011324241275918304,0.41438665011611936,0.15192532685774748,0.3565670320230037,0.06453995668764748,0.3728808909114572,0.10064942202377067
xgboost,extended_geographic,"{""model__colsample_bytree"": 0.8, ""model__learning_rate"": 0.03, ""model__max_depth"": 6, ""model__min_child_weight"": 1, ""model__n_estimators"": 600, ""model__reg_lambda"": 1.0, ""model__subsample"": 1.0, ""sample_weight_mode"": ""none""}",0.3505793760801352,0.08374676047734575,0.42430164714476665,0.03808793125829878,0.41388231190308244,0.017400381658766808,0.3986567487444669,0.15207367175668413,0.41388231190308244,0.017400381658766808,1.0836898995705855,0.15600560283236353,0.6523755014123738,0.10768425079634883,0.4315644140453232,0.02376608826829275,0.6235176570475796,0.012214134509243019,0.4144433785808378,0.14945912758999227,0.3510157617548141,0.05749064092623914,0.3696282825553283,0.09553845537939354
xgboost,extended_geographic,"{""model__colsample_bytree"": 0.8, ""model__learning_rate"": 0.08, ""model__max_depth"": 3, ""model__min_child_weight"": 1, ""model__n_estimators"": 600, ""model__reg_lambda"": 1.0, ""model__subsample"": 0.8, ""sample_weight_mode"": ""none""}",0.35057123860533657,0.08241818535529698,0.4254538978137582,0.024895702753348757,0.4143327100672741,0.014120989300866423,0.39835019368339275,0.14888420026757432,0.4143327100672741,0.014120989300866423,1.0735615248270864,0.14979131511135915,0.6481326377805308,0.10484571955245581,0.4342124951076386,0.021195659178572666,0.6255445958409391,0.009346760130511722,0.41627651911553354,0.15341572507780976,0.3431834929430747,0.06624894069723306,0.36616492571958886,0.10008178718670942
xgboost,extended_geographic,"{""model__colsample_bytree"": 1.0, ""model__learning_rate"": 0.03, ""model__max_depth"": 6, ""model__min_child_weight"": 1, ""model__n_estimators"": 600, ""model__reg_lambda"": 1.0, ""model__subsample"": 1.0, ""sample_weight_mode"": ""none""}",0.3505442607692947,0.08054970264731366,0.42092907197629115,0.03181541145509754,0.41154910408214673,0.017462154209427403,0.39994032897686854,0.14500056053938784,0.41154910408214673,0.017462154209427403,1.093010689092457,0.15762464894888698,0.6572348385447804,0.10761398287867158,0.4267555296544695,0.02344223099738205,0.6190201751486543,0.013539109955997964,0.41048138582525756,0.1517949908317494,0.34822420008518196,0.06469095171440513,0.36588556812358214,0.09865482872141972
xgboost,airport_aware,"{""model__colsample_bytree"": 0.8, ""model__learning_rate"": 0.08, ""model__max_depth"": 3, ""model__min_child_weight"": 5, ""model__n_estimators"": 600, ""model__reg_lambda"": 1.0, ""model__subsample"": 0.8, ""sample_weight_mode"": ""none""}",0.35024047418213755,0.08688886774039724,0.4328258860570049,0.032748418583573594,0.4123725515611564,0.02075387873105366,0.39852777438605724,0.15019027377901556,0.4123725515611564,0.02075387873105366,1.0740646403004017,0.1502727306595614,0.6484280547148379,0.10551940434848349,0.43472746146444113,0.023899851273447875,0.626999090261668,0.01276043679297848,0.4147016297645155,0.16045649011719396,0.33166276742382533,0.07524826902040324,0.35975367357958227,0.10969195484660757
xgboost,airport_aware,"{""model__colsample_bytree"": 0.8, ""model__learning_rate"": 0.08, ""model__max_depth"": 3, ""model__min_child_weight"": 5, ""model__n_estimators"": 600, ""model__reg_lambda"": 5.0, ""model__subsample"": 0.8, ""sample_weight_mode"": ""none""}",0.3500154650014989,0.0896664631214734,0.4327559668806488,0.036061276657911485,0.412791247214351,0.02267939275715634,0.3983373815646681,0.15307598799656855,0.412791247214351,0.02267939275715634,1.0711043886228928,0.15138040557638113,0.647149902557069,0.10622568438227513,0.4348151031204095,0.02396797153261594,0.6277236087312181,0.01276061681985888,0.41807180774134256,0.16648329677664428,0.3302143667396168,0.08088401857220107,0.36004779932314024,0.11548231952048567
xgboost,airport_aware,"{""model__colsample_bytree"": 1.0, ""model__learning_rate"": 0.03, ""model__max_depth"": 6, ""model__min_child_weight"": 5, ""model__n_estimators"": 600, ""model__reg_lambda"": 5.0, ""model__subsample"": 0.8, ""sample_weight_mode"": ""none""}",0.34992394154948175,0.08440626186104143,0.4283046656611941,0.032397471724552734,0.41410982300930677,0.01842991407777493,0.396314254013283,0.1526061173639968,0.41410982300930677,0.01842991407777493,1.0739395296298782,0.1520077071146631,0.6490329478364711,0.10664975085668711,0.4344970171088048,0.02420799099413867,0.6257767166323391,0.012489858694768314,0.41394672354430606,0.15006018031021828,0.3508909774094916,0.0712753621036987,0.3693833845114232,0.10246988242719089
xgboost,airport_aware,"{""model__colsample_bytree"": 0.8, ""model__learning_rate"": 0.03, ""model__max_depth"": 6, ""model__min_child_weight"": 5, ""model__n_estimators"": 600, ""model__reg_lambda"": 1.0, ""model__subsample"": 1.0, ""sample_weight_mode"": ""none""}",0.34984433485216043,0.08593377600320073,0.4375503963897781,0.045114986325254194,0.41246166498669024,0.022647003019450232,0.3983150830489154,0.15032370559950634,0.41246166498669024,0.022647003019450232,1.0791348791594026,0.15514624070092278,0.6508132574563332,0.10657032513302078,0.43315035012132236,0.026375322066109635,0.6246898408175136,0.012708284469750081,0.41528214109882217,0.15891712770859612,0.3414806504427235,0.082707611317951,0.3643330851324527,0.10985657619282946
xgboost,airport_aware,"{""model__colsample_bytree"": 0.8, ""model__learning_rate"": 0.08, ""model__max_depth"": 3, ""model__min_child_weight"": 1, ""model__n_estimators"": 600, ""model__reg_lambda"": 5.0, ""model__subsample"": 0.8, ""sample_weight_mode"": ""none""}",0.3498397621684772,0.08956912857288454,0.43167683575448096,0.035568213954645385,0.4124484366780944,0.02433230997675461,0.39891005029828847,0.15161901402796776,0.4124484366780944,0.02433230997675461,1.0706203017012634,0.15207987401457349,0.6466927814767329,0.10680904105239758,0.43481580564733024,0.023315928833206313,0.6275565471954124,0.01197401423156769,0.41613109370787793,0.1655606195562762,0.32966561190618915,0.08570364870684835,0.35902734043397533,0.11706116647659591
xgboost,airport_aware,"{""model__colsample_bytree"": 0.8, ""model__learning_rate"": 0.03, ""model__max_depth"": 6, ""model__min_child_weight"": 1, ""model__n_estimators"": 600, ""model__reg_lambda"": 1.0, ""model__subsample"": 0.8, ""sample_weight_mode"": ""none""}",0.3498250954706861,0.08280258406946156,0.4248511884797839,0.026758157447002457,0.41177976225413426,0.01620913512149815,0.3979661703696301,0.14744140582199677,0.41177976225413426,0.01620913512149815,1.0789597750029973,0.15235440888147647,0.6514618088810178,0.10607800450069474,0.43241045907749764,0.02378039957882805,0.6246405612477044,0.011333847830638427,0.406407343964667,0.1501169683152132,0.33701734205312117,0.07093701980546387,0.3588411009259781,0.10181903436346341
xgboost,airport_aware,"{""model__colsample_bytree"": 1.0, ""model__learning_rate"": 0.08, ""model__max_depth"": 3, ""model__min_child_weight"": 1, ""model__n_estimators"": 600, ""model__reg_lambda"": 1.0, ""model__subsample"": 0.8, ""sample_weight_mode"": ""none""}",0.3496713261858472,0.08393613489837548,0.43067258762861826,0.027986768894379215,0.4112267570946663,0.017464054524836292,0.3987384135909699,0.14649835190795524,0.4112267570946663,0.017464054524836292,1.0759178232513567,0.1496263067197876,0.6492982388264631,0.10484773021693224,0.43240072357475395,0.020253950094520218,0.6252842360827117,0.009896627246449232,0.4119805008098945,0.15870090834763864,0.32882845550533146,0.06954498234636747,0.3563967904002299,0.10494056405418925
xgboost,extended_geographic,"{""model__colsample_bytree"": 1.0, ""model__learning_rate"": 0.03, ""model__max_depth"": 6, ""model__min_child_weight"": 5, ""model__n_estimators"": 600, ""model__reg_lambda"": 1.0, ""model__subsample"": 1.0, ""sample_weight_mode"": ""none""}",0.34961882133064,0.08219534089885767,0.4225129772049068,0.03517170081452119,0.4116972791128018,0.021326337627951553,0.3986978965925717,0.14489529471007218,0.4116972791128018,0.021326337627951553,1.0861367755887985,0.15576759004786553,0.6541284203432884,0.10683321062490476,0.430353345439005,0.026737624227151376,0.6224407109005393,0.013142002705324398,0.4093158483910436,0.15262393008520647,0.3526226347697659,0.07845288934662491,0.3672547337513053,0.10583399003996086
xgboost,airport_aware,"{""model__colsample_bytree"": 0.8, ""model__learning_rate"": 0.03, ""model__max_depth"": 6, ""model__min_child_weight"": 1, ""model__n_estimators"": 600, ""model__reg_lambda"": 5.0, ""model__subsample"": 1.0, ""sample_weight_mode"": ""none""}",0.3495448325158796,0.08355374871207391,0.43397331295239977,0.0456281018653308,0.41438300221147684,0.018255984467419703,0.39655792109738297,0.1528706524905917,0.41438300221147684,0.018255984467419703,1.072671991408551,0.1538254842452646,0.6475430801931491,0.10677064636476684,0.4354670892594272,0.023555587223829028,0.6279755230067111,0.010728480282015465,0.4180962966630008,0.1518587209816274,0.34770020608000485,0.0683281276058995,0.3689205721500809,0.0995418307092078
xgboost,extended_geographic,"{""model__colsample_bytree"": 0.8, ""model__learning_rate"": 0.08, ""model__max_depth"": 3, ""model__min_child_weight"": 5, ""model__n_estimators"": 600, ""model__reg_lambda"": 1.0, ""model__subsample"": 0.8, ""sample_weight_mode"": ""none""}",0.349501634142738,0.0844624403138529,0.4341270219038595,0.03350094111177668,0.4132436087580279,0.01598421279772093,0.3966126467672194,0.15061932562452432,0.4132436087580279,0.01598421279772093,1.0745346671702067,0.14923319856476303,0.6490178170740448,0.10444546847033376,0.43387352847987604,0.023280768382535302,0.625703560992019,0.01078693892713176,0.4106112571813205,0.15363139661958702,0.3415889127202778,0.06624230023137337,0.36298133212002365,0.10122165229482696
xgboost,extended_geographic,"{""model__colsample_bytree"": 1.0, ""model__learning_rate"": 0.03, ""model__max_depth"": 6, ""model__min_child_weight"": 5, ""model__n_estimators"": 600, ""model__reg_lambda"": 5.0, ""model__subsample"": 1.0, ""sample_weight_mode"": ""none""}",0.3493325805661459,0.07892776974561341,0.4317704005772603,0.03393128806294106,0.4145182787007659,0.012098463711627603,0.39654907630911784,0.14795831775597634,0.4145182787007659,0.012098463711627603,1.076589255016482,0.15619198188233424,0.6499310939022375,0.10782878830903783,0.4336068144419899,0.02984930546794382,0.6257102792942546,0.015411198384383715,0.41551087941425974,0.1486863305233295,0.3557028854050766,0.05676413733809368,0.37141577805070497,0.09155805485835573
xgboost,airport_aware,"{""model__colsample_bytree"": 0.8, ""model__learning_rate"": 0.03, ""model__max_depth"": 6, ""model__min_child_weight"": 5, ""model__n_estimators"": 600, ""model__reg_lambda"": 5.0, ""model__subsample"": 1.0, ""sample_weight_mode"": ""none""}",0.34932951469316853,0.08523242531945893,0.435952623561064,0.04264795519106347,0.415535307161553,0.02071921911146311,0.39597359063832727,0.1548625120224397,0.415535307161553,0.02071921911146311,1.0715832484106111,0.15431969569832554,0.6472521055257104,0.10650009062552437,0.4365502073688655,0.025869105837970325,0.628528404425847,0.012362753637022812,0.4181845619249236,0.15074051406332012,0.3473478748955412,0.07749372102662141,0.3687544773428849,0.10291697157587716
xgboost,extended_geographic,"{""model__colsample_bytree"": 0.8, ""model__learning_rate"": 0.03, ""model__max_depth"": 6, ""model__min_child_weight"": 5, ""model__n_estimators"": 600, ""model__reg_lambda"": 1.0, ""model__subsample"": 1.0, ""sample_weight_mode"": ""none""}",0.34922034700644183,0.0810104882854499,0.4264696902580159,0.03169094160710774,0.4132543870349289,0.01617534174776869,0.3967086463257422,0.1480637949127285,0.4132543870349289,0.01617534174776869,1.080589494174948,0.15442043599457417,0.651027851701957,0.10605724880681339,0.4336742739744145,0.026097422935801782,0.6248941680737001,0.012227918642405808,0.4096149631374524,0.1444991306779311,0.3494014218400177,0.06578417339547642,0.3664110283161063,0.09607956873318288
xgboost,airport_aware,"{""model__colsample_bytree"": 0.8, ""model__learning_rate"": 0.03, ""model__max_depth"": 6, ""model__min_child_weight"": 5, ""model__n_estimators"": 600, ""model__reg_lambda"": 5.0, ""model__subsample"": 0.8, ""sample_weight_mode"": ""none""}",0.349194290988761,0.08306373016344282,0.43941799054077624,0.0340227379334316,0.41445313705008757,0.016435873758292686,0.3962447876219578,0.15170312092083782,0.41445313705008757,0.016435873758292686,1.0728576005000445,0.15216001580510757,0.6485362936897006,0.10662524390146738,0.4337454141751148,0.023868114345509145,0.625488501023563,0.01286836968873775,0.4148658884141908,0.1518101847461384,0.3466811292320793,0.07039279631056648,0.36737576507583125,0.10223098946102943
xgboost,airport_aware,"{""model__colsample_bytree"": 1.0, ""model__learning_rate"": 0.08, ""model__max_depth"": 3, ""model__min_child_weight"": 5, ""model__n_estimators"": 600, ""model__reg_lambda"": 5.0, ""model__subsample"": 0.8, ""sample_weight_mode"": ""none""}",0.34908449867412594,0.08654133691536751,0.4315619437679793,0.03695267939519688,0.4120912634507919,0.020178697104649056,0.3969988361821318,0.15150321442520187,0.4120912634507919,0.020178697104649056,1.0721973574097352,0.15093112400923064,0.6477898318132094,0.10589710603080815,0.43477364246083405,0.023833609710266046,0.6270013094129804,0.012503414514960157,0.41612114661422783,0.159925830275045,0.3345505094333095,0.07330555081123731,0.3604392516659205,0.10756822415603944
xgboost,extended_geographic,"{""model__colsample_bytree"": 1.0, ""model__learning_rate"": 0.08, ""model__max_depth"": 3, ""model__min_child_weight"": 5, ""model__n_estimators"": 600, ""model__reg_lambda"": 5.0, ""model__subsample"": 0.8, ""sample_weight_mode"": ""none""}",0.34905171579501776,0.0884229933964554,0.42764301670527144,0.041622773610525673,0.41231515503414373,0.02220638603408192,0.3962869532644482,0.1543925387907885,0.41231515503414373,0.02220638603408192,1.071256610212356,0.15205565269190258,0.647238297413369,0.1064192800591682,0.4355356254443922,0.024281448841218804,0.6271380047057051,0.011954586749603027,0.41654519649953425,0.16142854617953875,0.3442788509867266,0.08048730491892699,0.3678887064485613,0.11315998007279626
xgboost,extended_geographic,"{""model__colsample_bytree"": 0.8, ""model__learning_rate"": 0.08, ""model__max_depth"": 6, ""model__min_child_weight"": 5, ""model__n_estimators"": 300, ""model__reg_lambda"": 5.0, ""model__subsample"": 1.0, ""sample_weight_mode"": ""none""}",0.34893719854464933,0.07867967039690271,0.4211695082767923,0.031134304013907675,0.41267923142349605,0.013832653415481715,0.3958196696668598,0.14652012845687434,0.41267923142349605,0.013832653415481715,1.0839771057736691,0.15296116918801728,0.6533107296680438,0.1056118473860412,0.4328169309700748,0.02557690047162555,0.623684041905875,0.012010636109694226,0.40884723767030084,0.14363829821405538,0.3547762575425855,0.060260707655494496,0.367747120884614,0.09178466842712713
xgboost,airport_aware,"{""model__colsample_bytree"": 0.8, ""model__learning_rate"": 0.08, ""model__max_depth"": 3, ""model__min_child_weight"": 1, ""model__n_estimators"": 600, ""model__reg_lambda"": 1.0, ""model__subsample"": 0.8, ""sample_weight_mode"": ""none""}",0.3489009507690934,0.08481694271534461,0.42917485198921435,0.027070603469392784,0.4109405434483329,0.019966771090885255,0.39881242730685373,0.14620624159860168,0.4109405434483329,0.019966771090885255,1.0740079030704472,0.14954112262546793,0.6482504168686448,0.10512408037861114,0.4340765054576862,0.02132683342017017,0.6271019604593266,0.010885087269875882,0.4125549405658961,0.1627666993103744,0.3296616655063096,0.07613111794557327,0.3571863339684411,0.10995386753959155
xgboost,airport_aware,"{""model__colsample_bytree"": 0.8, ""model__learning_rate"": 0.08, ""model__max_depth"": 6, ""model__min_child_weight"": 5, ""model__n_estimators"": 300, ""model__reg_lambda"": 5.0, ""model__subsample"": 1.0, ""sample_weight_mode"": ""none""}",0.34870537313163685,0.0857581556121468,0.42775918239134797,0.03395829530129493,0.41166934510053216,0.020181772577900207,0.39601203328626383,0.15055550803801726,0.41166934510053216,0.020181772577900207,1.0801909908865377,0.1535843145547929,0.6520551379969504,0.10574639973052076,0.43325310355139796,0.025039137612998346,0.6257136336950812,0.012232805833056344,0.40805848733206745,0.1536906815240614,0.33999978745031145,0.07608856893959096,0.36119534568127215,0.10623251057410217
xgboost,extended_geographic,"{""model__colsample_bytree"": 0.8, ""model__learning_rate"": 0.08, ""model__max_depth"": 3, ""model__min_child_weight"": 1, ""model__n_estimators"": 600, ""model__reg_lambda"": 5.0, ""model__subsample"": 0.8, ""sample_weight_mode"": ""none""}",0.34805548928462327,0.0844531217269978,0.42843892766860237,0.03592802054909841,0.41216040968886725,0.015725605629968293,0.3955644134728153,0.15163103897170271,0.41216040968886725,0.015725605629968293,1.0702532456418214,0.1505989362441719,0.6466139238122829,0.1057640550336066,0.43495377565121657,0.022631652069365744,0.6269744680954163,0.00954232005287257,0.41025386786726914,0.15402253676042438,0.34121256376446196,0.06578051660330966,0.36261948026511187,0.10181894410466046
xgboost,extended_geographic,"{""model__colsample_bytree"": 0.8, ""model__learning_rate"": 0.03, ""model__max_depth"": 6, ""model__min_child_weight"": 1, ""model__n_estimators"": 600, ""model__reg_lambda"": 5.0, ""model__subsample"": 1.0, ""sample_weight_mode"": ""none""}",0.3476695001145919,0.08507439396275056,0.42492722619452045,0.0439238928068745,0.41275646710508757,0.018466170939867205,0.3962036175118982,0.1541071001780388,0.41275646710508757,0.018466170939867205,1.0743709298892763,0.15723171286023502,0.6478366209516402,0.1087089138067343,0.4357266761916515,0.026317692402130763,0.6274757887130322,0.011143354732091918,0.41361248321418015,0.1536881168753524,0.3497530999067996,0.06550621050797148,0.36856636055047803,0.10037491297887229
xgboost,extended_geographic,"{""model__colsample_bytree"": 1.0, ""model__learning_rate"": 0.08, ""model__max_depth"": 3, ""model__min_child_weight"": 1, ""model__n_estimators"": 600, ""model__reg_lambda"": 5.0, ""model__subsample"": 0.8, ""sample_weight_mode"": ""none""}",0.347460165576274,0.08660187723207416,0.42425601962892845,0.03659099736437259,0.41134275607621573,0.01898061909958448,0.39529840151462486,0.1519339289186345,0.41134275607621573,0.01898061909958448,1.0711565828650076,0.15312490146481525,0.6469269087228712,0.10722583435508529,0.4355707064388253,0.025278229446951236,0.6271229000157997,0.011041858154680784,0.4107373617887954,0.16009591053909356,0.3407436093402245,0.07488055950951404,0.36348171728812556,0.11035872008204946
xgboost,extended_geographic,"{""model__colsample_bytree"": 0.8, ""model__learning_rate"": 0.08, ""model__max_depth"": 3, ""model__min_child_weight"": 5, ""model__n_estimators"": 600, ""model__reg_lambda"": 5.0, ""model__subsample"": 1.0, ""sample_weight_mode"": ""none""}",0.3471502502008061,0.08963542938271675,0.43455520501862893,0.04756658286248775,0.41172138955240883,0.021387113685806043,0.3954015314351218,0.15668919600893946,0.41172138955240883,0.021387113685806043,1.0701092102185343,0.15259266994352857,0.6460674486492872,0.10637237601079576,0.4366958376619432,0.025071494228226812,0.6282508800271736,0.010298177600422459,0.41878509074468856,0.1632518871344505,0.3316440634185497,0.07362253059347501,0.36063799530603646,0.10768598710186573
xgboost,extended_geographic,"{""model__colsample_bytree"": 0.8, ""model__learning_rate"": 0.08, ""model__max_depth"": 3, ""model__min_child_weight"": 5, ""model__n_estimators"": 600, ""model__reg_lambda"": 5.0, ""model__subsample"": 0.8, ""sample_weight_mode"": ""none""}",0.3470929255105932,0.08781272966845129,0.4330235062152024,0.041362891870753316,0.41112632939293875,0.01997239510235946,0.3951149980785249,0.1533981324117405,0.41112632939293875,0.01997239510235946,1.0706765505677214,0.14954868873824442,0.6469808954318859,0.10500262415590945,0.43513157320591384,0.023935079493884154,0.626878262804019,0.010519849694314734,0.4092841143998595,0.1603935827212582,0.3358660336713344,0.07678517634593007,0.35971107055058643,0.11050555206635657
xgboost,airport_aware,"{""model__colsample_bytree"": 0.8, ""model__learning_rate"": 0.08, ""model__max_depth"": 3, ""model__min_child_weight"": 5, ""model__n_estimators"": 600, ""model__reg_lambda"": 1.0, ""model__subsample"": 1.0, ""sample_weight_mode"": ""none""}",0.3469010956631229,0.08776754419677385,0.42404080439253944,0.03920988352516123,0.41103065596585725,0.022169958785849164,0.39538247233178286,0.1538088992732423,0.41103065596585725,0.022169958785849164,1.073452606491212,0.15245811204948095,0.6479769673958662,0.10587196688174624,0.4333278548266762,0.023295248344544457,0.6273800499780002,0.011211553443727734,0.4251525928178774,0.16339693303241992,0.32866196291964467,0.07951448709985051,0.36102312305038664,0.11067651547501266
xgboost,airport_aware,"{""model__colsample_bytree"": 1.0, ""model__learning_rate"": 0.08, ""model__max_depth"": 3, ""model__min_child_weight"": 1, ""model__n_estimators"": 600, ""model__reg_lambda"": 1.0, ""model__subsample"": 1.0, ""sample_weight_mode"": ""none""}",0.34666905207505133,0.08706423820937356,0.4267312367972673,0.03267239915444111,0.4098674317645535,0.019884383495087556,0.3952544582715804,0.15240238947027246,0.4098674317645535,0.019884383495087556,1.0749609960310331,0.14972594841671297,0.6485215380638388,0.10482755894060702,0.4318847585448314,0.01939943253927665,0.6257228420783254,0.008482316513684415,0.4199798401272485,0.16069967211105624,0.3258329093333242,0.06748860581785619,0.35747266395879984,0.10338220710107553
xgboost,airport_aware,"{""model__colsample_bytree"": 1.0, ""model__learning_rate"": 0.08, ""model__max_depth"": 3, ""model__min_child_weight"": 5, ""model__n_estimators"": 600, ""model__reg_lambda"": 1.0, ""model__subsample"": 1.0, ""sample_weight_mode"": ""none""}",0.34651914839013676,0.0889466146250615,0.422564606299969,0.04470110258057337,0.410836476371412,0.02216149907727588,0.39447922091338067,0.15607039315326224,0.410836476371412,0.02216149907727588,1.073975999478257,0.15185547853309142,0.6482213696617052,0.10581530412281046,0.43366436485460624,0.022514414296637336,0.6267795954600837,0.010484629955132475,0.42575139158841757,0.1629278220901013,0.3267005200623173,0.07838551851723333,0.35984848001353564,0.10877989145324292
xgboost,extended_geographic,"{""model__colsample_bytree"": 1.0, ""model__learning_rate"": 0.03, ""model__max_depth"": 6, ""model__min_child_weight"": 1, ""model__n_estimators"": 600, ""model__reg_lambda"": 5.0, ""model__subsample"": 1.0, ""sample_weight_mode"": ""none""}",0.3461539391600414,0.0834983191415182,0.4141204277200886,0.040108534247649937,0.40957135870397926,0.017924742344515424,0.39484823447421324,0.1496148849853913,0.40957135870397926,0.017924742344515424,1.0803239693260485,0.1569967854228095,0.6510569963098961,0.1083913036172486,0.43246155716645873,0.02500847034247677,0.6246272308797847,0.010658876260116404,0.40828877527740814,0.1540744139101441,0.34128982818214787,0.0652505348737628,0.3617528487557852,0.10076396684065199
xgboost,airport_aware,"{""model__colsample_bytree"": 0.8, ""model__learning_rate"": 0.03, ""model__max_depth"": 6, ""model__min_child_weight"": 1, ""model__n_estimators"": 300, ""model__reg_lambda"": 1.0, ""model__subsample"": 1.0, ""sample_weight_mode"": ""none""}",0.3461461941570761,0.08459539698443878,0.4555331942473554,0.061234087608658436,0.4133819812145264,0.019405419250761186,0.39532852833282306,0.1538995547897226,0.4133819812145264,0.019405419250761186,1.0662052453278317,0.15652831500668715,0.6437926348714136,0.10834424005754845,0.4359485007516004,0.026730130862411015,0.6284819748880801,0.011375559276672904,0.4280331127763225,0.16205582337629065,0.3350669143369049,0.07575289400552322,0.36550632626167046,0.1039120258098733
xgboost,extended_geographic,"{""model__colsample_bytree"": 1.0, ""model__learning_rate"": 0.08, ""model__max_depth"": 3, ""model__min_child_weight"": 5, ""model__n_estimators"": 600, ""model__reg_lambda"": 1.0, ""model__subsample"": 1.0, ""sample_weight_mode"": ""none""}",0.34592033105422126,0.08649881612848973,0.4192622355169607,0.03588902645215813,0.40990545326981015,0.01864459391212369,0.39383264376290206,0.1530109131040258,0.40990545326981015,0.01864459391212369,1.0739073691167331,0.1532173690088453,0.6482664254620579,0.10650863163351264,0.43421721263943713,0.022370710350740262,0.6274387829318784,0.008324083175960681,0.41148593678978573,0.15421660210063462,0.33269652745822687,0.06886319059767554,0.3587521436903299,0.10172618427186358
xgboost,airport_aware,"{""model__colsample_bytree"": 0.8, ""model__learning_rate"": 0.08, ""model__max_depth"": 3, ""model__min_child_weight"": 1, ""model__n_estimators"": 600, ""model__reg_lambda"": 1.0, ""model__subsample"": 1.0, ""sample_weight_mode"": ""none""}",0.34579854187421766,0.08621129788857262,0.42817854640298547,0.03239498055347672,0.40939230353862816,0.019904692520059063,0.39506948540873194,0.1504159297891427,0.40939230353862816,0.019904692520059063,1.0739905098145903,0.15105594851859128,0.6478616962445511,0.10533039360006723,0.4334329795836823,0.019531532708679456,0.6265698501240021,0.008393218237101274,0.41884189979794473,0.15994804362007423,0.3216587709117127,0.07100271658841897,0.3544966394365473,0.10517760229395176
xgboost,extended_geographic,"{""model__colsample_bytree"": 0.8, ""model__learning_rate"": 0.03, ""model__max_depth"": 6, ""model__min_child_weight"": 1, ""model__n_estimators"": 300, ""model__reg_lambda"": 1.0, ""model__subsample"": 1.0, ""sample_weight_mode"": ""none""}",0.34577766212366223,0.08714891151906634,0.4300503665029983,0.04923541519561605,0.4140071222812317,0.019380030673358983,0.3938001086972541,0.1595281704491507,0.4140071222812317,0.019380030673358983,1.0672152150606575,0.1579632768074893,0.6441772244523672,0.10945271819644953,0.4365607422823173,0.024956149754372346,0.6293404998265174,0.011656792599601045,0.42413114969834814,0.1562660693491234,0.3422964528504232,0.06824024063560406,0.3690770949653107,0.10211076217374156
xgboost,extended_geographic,"{""model__colsample_bytree"": 0.8, ""model__learning_rate"": 0.03, ""model__max_depth"": 6, ""model__min_child_weight"": 5, ""model__n_estimators"": 600, ""model__reg_lambda"": 5.0, ""model__subsample"": 1.0, ""sample_weight_mode"": ""none""}",0.3455453681722724,0.08056488630270726,0.42488800087125533,0.039332411431715,0.4119886368871734,0.013672814970270106,0.39325963772801686,0.15153451444687294,0.4119886368871734,0.013672814970270106,1.074262129460185,0.1537816548169412,0.6485713725645723,0.10638792928235288,0.4354121438200256,0.027260016271836336,0.6270088846296622,0.012671554713907284,0.41642003949086864,0.14936081452893854,0.34958529645125697,0.05615167427335179,0.3688634043301121,0.09228180601589839
xgboost,airport_aware,"{""model__colsample_bytree"": 0.8, ""model__learning_rate"": 0.03, ""model__max_depth"": 6, ""model__min_child_weight"": 1, ""model__n_estimators"": 300, ""model__reg_lambda"": 1.0, ""model__subsample"": 0.8, ""sample_weight_mode"": ""none""}",0.3451596733650081,0.08942054992601134,0.45605689651632675,0.0599471352022876,0.4131294458010187,0.022297933385077937,0.3932431707080277,0.1588174506306646,0.4131294458010187,0.022297933385077937,1.063174470249617,0.1558014287692755,0.6427595720382154,0.10874136745391982,0.4375490106902742,0.0267656762830278,0.6301069468833417,0.011817541510115407,0.41927124029076596,0.16088693029735515,0.33438924218504723,0.08407095418323009,0.36202720266671456,0.11032750289526284
xgboost,airport_aware,"{""model__colsample_bytree"": 1.0, ""model__learning_rate"": 0.03, ""model__max_depth"": 6, ""model__min_child_weight"": 1, ""model__n_estimators"": 300, ""model__reg_lambda"": 1.0, ""model__subsample"": 1.0, ""sample_weight_mode"": ""none""}",0.3450943030642823,0.08799840094538618,0.4453945813037425,0.055176168459989655,0.41104067460452587,0.022738898822765016,0.3941677749520995,0.15579862572972383,0.41104067460452587,0.022738898822765016,1.071256275197677,0.15732578394005725,0.6468284683515588,0.10864861243614518,0.4334151045095783,0.02623397496088594,0.6265073619653785,0.010868856541999275,0.4153213049650019,0.15691366103121543,0.33046075798651203,0.08074486104626662,0.358241560938049,0.10528184666827682
xgboost,extended_geographic,"{""model__colsample_bytree"": 0.8, ""model__learning_rate"": 0.08, ""model__max_depth"": 3, ""model__min_child_weight"": 5, ""model__n_estimators"": 600, ""model__reg_lambda"": 1.0, ""model__subsample"": 1.0, ""sample_weight_mode"": ""none""}",0.34497289492968497,0.08825427853785506,0.41510473707778167,0.043432336653488744,0.4096207065442699,0.021668656330391545,0.3936617920836177,0.15513623508232338,0.4096207065442699,0.021668656330391545,1.0728762922888309,0.15181839386040358,0.6475282036065417,0.1057393219191513,0.4351395149345997,0.023780399947161787,0.6270404037028531,0.0097546367585286,0.41610723777488356,0.1619366162211846,0.33742930413072636,0.07300200055278674,0.36327791960934736,0.10897149401115616
xgboost,extended_geographic,"{""model__colsample_bytree"": 0.8, ""model__learning_rate"": 0.08, ""model__max_depth"": 3, ""model__min_child_weight"": 1, ""model__n_estimators"": 300, ""model__reg_lambda"": 1.0, ""model__subsample"": 0.8, ""sample_weight_mode"": ""none""}",0.3448950398028148,0.08647511585791337,0.4320301542083242,0.028338111320882615,0.4131711778979669,0.017640102496779213,0.3937345749521776,0.15592004902051723,0.4131711778979669,0.017640102496779213,1.0610200797840235,0.15133844196299284,0.6413533619475326,0.10604550929214472,0.4383605408358999,0.02261736996991021,0.6310218959147667,0.008356480667263548,0.4299600674380824,0.16298196572134196,0.3334844514429022,0.07398417843319018,0.36610953060328427,0.10570550795466657
xgboost,airport_aware,"{""model__colsample_bytree"": 1.0, ""model__learning_rate"": 0.08, ""model__max_depth"": 3, ""model__min_child_weight"": 1, ""model__n_estimators"": 300, ""model__reg_lambda"": 1.0, ""model__subsample"": 0.8, ""sample_weight_mode"": ""none""}",0.34476659785130714,0.09364498598561842,0.43567789823878,0.04341843994121306,0.4102083163851689,0.025823735206217786,0.39495334884974415,0.15845965290588107,0.4102083163851689,0.025823735206217786,1.0632036164450755,0.15156823859166793,0.6422899014457891,0.10618730727417962,0.43718399766591237,0.023062561895081123,0.6297878995668114,0.009840034298283527,0.42652529133967193,0.17556246797830402,0.31505125952680546,0.08627079693940688,0.3542610733876695,0.1182826338349642
xgboost,extended_geographic,"{""model__colsample_bytree"": 1.0, ""model__learning_rate"": 0.08, ""model__max_depth"": 3, ""model__min_child_weight"": 5, ""model__n_estimators"": 300, ""model__reg_lambda"": 1.0, ""model__subsample"": 0.8, ""sample_weight_mode"": ""none""}",0.34470063232092885,0.09146907125654734,0.43962943437373064,0.044198796987951844,0.4112301000511889,0.021519023867990553,0.3934595817194163,0.159779254778488,0.4112301000511889,0.021519023867990553,1.062011637963378,0.15150842186840469,0.6422211287898372,0.10656762584784206,0.4384047134764937,0.025215506749392175,0.630824724516154,0.011098490697524551,0.426512857338701,0.1716457255051564,0.32918205451747273,0.07556910642741235,0.36296663307920224,0.11312785311147046
xgboost,extended_geographic,"{""model__colsample_bytree"": 1.0, ""model__learning_rate"": 0.08, ""model__max_depth"": 3, ""model__min_child_weight"": 1, ""model__n_estimators"": 600, ""model__reg_lambda"": 5.0, ""model__subsample"": 1.0, ""sample_weight_mode"": ""none""}",0.34462188049708997,0.08658767208286189,0.4238911692674714,0.03849796274295045,0.4099079310853629,0.019889743829070165,0.3937051420989645,0.1533256060708158,0.4099079310853629,0.019889743829070165,1.071066361238058,0.15196052922652414,0.6468642314397028,0.10643879423397813,0.434679884178849,0.023549095389693266,0.6265465235733492,0.008437355697413943,0.4143739782880319,0.15966508405693258,0.33245383909351534,0.07143308529025351,0.35947120135769073,0.10587484895863136
xgboost,extended_geographic,"{""model__colsample_bytree"": 1.0, ""model__learning_rate"": 0.08, ""model__max_depth"": 3, ""model__min_child_weight"": 5, ""model__n_estimators"": 600, ""model__reg_lambda"": 5.0, ""model__subsample"": 1.0, ""sample_weight_mode"": ""none""}",0.344606270014474,0.0894321517585328,0.41313096231992363,0.043140106823559496,0.4103071292819056,0.020912872806849777,0.393105034903216,0.15692851994956206,0.4103071292819056,0.020912872806849777,1.071185700112731,0.15350590086937171,0.646878876929066,0.10665826856318354,0.43557165452448626,0.02393378937864154,0.6274923846622422,0.010306882866599578,0.4194612984298584,0.16356749766100606,0.3343379177705741,0.07368404185836538,0.36295973152536526,0.10967107991090101
xgboost,extended_geographic,"{""model__colsample_bytree"": 0.8, ""model__learning_rate"": 0.03, ""model__max_depth"": 6, ""model__min_child_weight"": 5, ""model__n_estimators"": 300, ""model__reg_lambda"": 1.0, ""model__subsample"": 1.0, ""sample_weight_mode"": ""none""}",0.3445033621236583,0.08237102255040517,0.4345785387505906,0.03635929921855731,0.4138771786194342,0.016681425259679472,0.3926830384604485,0.1543998525472634,0.4138771786194342,0.016681425259679472,1.0666677910418405,0.1558641232517545,0.6444134338479279,0.10791796261962729,0.43676529661932906,0.026549257363992804,0.6295922250791985,0.012543835977059386,0.42369550681062246,0.15222087287776848,0.3418830819824496,0.06703583240648912,0.3673833975107729,0.0974868949799422
xgboost,airport_aware,"{""model__colsample_bytree"": 1.0, ""model__learning_rate"": 0.03, ""model__max_depth"": 6, ""model__min_child_weight"": 1, ""model__n_estimators"": 300, ""model__reg_lambda"": 1.0, ""model__subsample"": 0.8, ""sample_weight_mode"": ""none""}",0.3444604767935693,0.08727145528713696,0.43818592454819366,0.04563091793476064,0.4126640773430017,0.020472705394699822,0.39265437708896467,0.15798370951001559,0.4126640773430017,0.020472705394699822,1.0644992534230189,0.15535738527371581,0.6437513304797493,0.10849305239993524,0.436934414002166,0.02634142072855321,0.6297025312241595,0.011347764452750493,0.42008543118305025,0.15995755309520737,0.3403775451964957,0.07609982566320612,0.3655337118576397,0.10608567426275033
xgboost,airport_aware,"{""model__colsample_bytree"": 1.0, ""model__learning_rate"": 0.08, ""model__max_depth"": 3, ""model__min_child_weight"": 1, ""model__n_estimators"": 600, ""model__reg_lambda"": 5.0, ""model__subsample"": 1.0, ""sample_weight_mode"": ""none""}",0.34421219250016594,0.08983069993723884,0.4376968191344834,0.033075229082164925,0.4084320881493471,0.023013942732427545,0.3936032286321315,0.15481443064593547,0.4084320881493471,0.023013942732427545,1.0707987690347949,0.15286122448877915,0.646408132424275,0.10644667710635144,0.4344407090878889,0.023510599970329112,0.6270520739379148,0.010095744533848408,0.41893323462436366,0.16714598050085153,0.3175285381882694,0.07891626671320283,0.35214958688671716,0.11135109398247567
xgboost,extended_geographic,"{""model__colsample_bytree"": 1.0, ""model__learning_rate"": 0.03, ""model__max_depth"": 6, ""model__min_child_weight"": 5, ""model__n_estimators"": 300, ""model__reg_lambda"": 1.0, ""model__subsample"": 1.0, ""sample_weight_mode"": ""none""}",0.3441872442008397,0.08376486712027804,0.43704288311207123,0.04201881479112381,0.4120669605378562,0.01957035562954231,0.39302412707116263,0.15475000676701506,0.4120669605378562,0.01957035562954231,1.0696954626155493,0.1565568780510147,0.6459340699550367,0.10838471000249587,0.43482815816780407,0.027139576787140192,0.6279370754281544,0.013723615737202512,0.41884993658895386,0.15278659398394093,0.34276525079167347,0.06921924220714153,0.3661993283213936,0.1006794308068889
xgboost,airport_aware,"{""model__colsample_bytree"": 0.8, ""model__learning_rate"": 0.08, ""model__max_depth"": 3, ""model__min_child_weight"": 1, ""model__n_estimators"": 300, ""model__reg_lambda"": 1.0, ""model__subsample"": 0.8, ""sample_weight_mode"": ""none""}",0.34410180513303495,0.09110115250495554,0.4394018546264394,0.0417659206874459,0.4105462894259741,0.02317230422474416,0.3938917835448087,0.15781662416536354,0.4105462894259741,0.02317230422474416,1.0618899231128036,0.15197885362359828,0.6415389172487321,0.10680085987839899,0.4383134017333209,0.024309379438003986,0.6315182896388887,0.01117254479374078,0.42703813988457273,0.1712045104370184,0.31799157954464513,0.08077075785339911,0.3560146152130312,0.1144817599533272
xgboost,extended_geographic,"{""model__colsample_bytree"": 1.0, ""model__learning_rate"": 0.03, ""model__max_depth"": 6, ""model__min_child_weight"": 1, ""model__n_estimators"": 300, ""model__reg_lambda"": 1.0, ""model__subsample"": 0.8, ""sample_weight_mode"": ""none""}",0.3438457039558488,0.08584885587996824,0.43275987974637786,0.05142370186508601,0.41150998209497036,0.020092221775382984,0.39214912413091174,0.15679461942734713,0.41150998209497036,0.020092221775382984,1.064926203269419,0.15635947354016275,0.6440119992329325,0.10875615506456855,0.43664876443339773,0.027036160090523967,0.629173609039542,0.012766301067178206,0.4147944442546566,0.15354386310968543,0.3412218936027601,0.07379539599968435,0.36441891003648313,0.10261203854981044
xgboost,extended_geographic,"{""model__colsample_bytree"": 0.8, ""model__learning_rate"": 0.08, ""model__max_depth"": 3, ""model__min_child_weight"": 1, ""model__n_estimators"": 600, ""model__reg_lambda"": 5.0, ""model__subsample"": 1.0, ""sample_weight_mode"": ""none""}",0.3438373352462496,0.08681762093055684,0.4245788566166927,0.039243137446043255,0.40985234035879065,0.018776026954623184,0.39263761001951614,0.15513489210847795,0.40985234035879065,0.018776026954623184,1.0700313496043448,0.15257025452180956,0.6460461749285293,0.10655087717684088,0.43543684135064636,0.02412360571913456,0.627628856021468,0.009357035748482049,0.4155938970034585,0.15938954532305774,0.32888322784291957,0.06961903383454497,0.35769755886270765,0.1041112068976408
xgboost,extended_geographic,"{""model__colsample_bytree"": 0.8, ""model__learning_rate"": 0.08, ""model__max_depth"": 3, ""model__min_child_weight"": 1, ""model__n_estimators"": 600, ""model__reg_lambda"": 1.0, ""model__subsample"": 1.0, ""sample_weight_mode"": ""none""}",0.34377996155451235,0.08803982617794433,0.4185977266590145,0.031026888679635465,0.408081323973647,0.020856405793209444,0.39337815612120786,0.1530376067056866,0.408081323973647,0.020856405793209444,1.0741699863049292,0.1527504982615266,0.647752761485696,0.10661997907560869,0.43465907511152224,0.021915170531233222,0.6268701823871086,0.008515269780941583,0.4096216872361092,0.16278559155889022,0.3299775438780741,0.07540126573898775,0.3567245260464714,0.10998314421877457
xgboost,extended_geographic,"{""model__colsample_bytree"": 1.0, ""model__learning_rate"": 0.03, ""model__max_depth"": 6, ""model__min_child_weight"": 1, ""model__n_estimators"": 300, ""model__reg_lambda"": 5.0, ""model__subsample"": 1.0, ""sample_weight_mode"": ""none""}",0.34363353773656385,0.08600014559113592,0.4344133755595917,0.06370427371922187,0.4116503322638441,0.018779851950326325,0.3918104601087983,0.15830012022982007,0.4116503322638441,0.018779851950326325,1.066519323768642,0.15810596768958127,0.6440650630658775,0.10963282124145886,0.4367799263091109,0.028132726218507875,0.628758402565935,0.012553571032408077,0.4195304181058372,0.15593384219813314,0.3349536098350771,0.06560897458924299,0.3622503320468577,0.09976541056232228
xgboost,extended_geographic,"{""model__colsample_bytree"": 0.8, ""model__learning_rate"": 0.03, ""model__max_depth"": 6, ""model__min_child_weight"": 5, ""model__n_estimators"": 300, ""model__reg_lambda"": 1.0, ""model__subsample"": 0.8, ""sample_weight_mode"": ""none""}",0.3436078613484176,0.08614597906674332,0.4311647741323732,0.04988341187610604,0.4132949282692505,0.01946449301436078,0.3909474617650231,0.15973020140681107,0.4132949282692505,0.01946449301436078,1.0621416358257931,0.15426072572191005,0.6422548613787482,0.10830063002941809,0.43890504697233573,0.02688818439304056,0.6308356218612461,0.012514517856404169,0.42289016122976075,0.15462733508964807,0.33889800580181373,0.07581777586603158,0.365645180013918,0.10238699199350111
xgboost,extended_geographic,"{""model__colsample_bytree"": 1.0, ""model__learning_rate"": 0.08, ""model__max_depth"": 3, ""model__min_child_weight"": 1, ""model__n_estimators"": 300, ""model__reg_lambda"": 1.0, ""model__subsample"": 0.8, ""sample_weight_mode"": ""none""}",0.3432489419629368,0.08837221409145049,0.4210663374133339,0.038528527790727754,0.4102314367181866,0.020864851560540618,0.39279696045186413,0.15679448407674557,0.4102314367181866,0.020864851560540618,1.0623129087348924,0.1514605267997889,0.6422779426950103,0.10643354233029859,0.43783135754867103,0.02373400985759144,0.6299075959238956,0.009519286829359265,0.423990020348624,0.16600199043529787,0.3329378639770377,0.07302647844493837,0.36434328265779686,0.10948898828295697
xgboost,airport_aware,"{""model__colsample_bytree"": 1.0, ""model__learning_rate"": 0.03, ""model__max_depth"": 6, ""model__min_child_weight"": 5, ""model__n_estimators"": 300, ""model__reg_lambda"": 1.0, ""model__subsample"": 0.8, ""sample_weight_mode"": ""none""}",0.3431325013629284,0.08814300103870773,0.4339466464237393,0.04457641578863842,0.41288828139254585,0.020000725661318823,0.3912675673413356,0.16046204627774774,0.41288828139254585,0.020000725661318823,1.0636465301705615,0.15439182712746577,0.6432718123400482,0.10817481796333427,0.4371258439130298,0.027105487146325852,0.6300791030783127,0.013773842266062684,0.42193915448345276,0.15964805933717913,0.3389799704499957,0.07275890401356365,0.3660230838262767,0.1060452426423566
xgboost,airport_aware,"{""model__colsample_bytree"": 0.8, ""model__learning_rate"": 0.08, ""model__max_depth"": 3, ""model__min_child_weight"": 1, ""model__n_estimators"": 600, ""model__reg_lambda"": 5.0, ""model__subsample"": 1.0, ""sample_weight_mode"": ""none""}",0.34312749741199305,0.09120721567948994,0.4313780876458749,0.04683386874322034,0.4077831884828429,0.023746278099073814,0.39259829904956384,0.15702931754137245,0.4077831884828429,0.023746278099073814,1.0704388209329054,0.15312200315311592,0.6465855533594361,0.10652525433642303,0.4339241731343149,0.022418471607903986,0.6275614681982215,0.00943769353157611,0.41936796215912775,0.17052518494889893,0.3183142548917748,0.08194798711089893,0.3536511571428375,0.11549283945730304
xgboost,airport_aware,"{""model__colsample_bytree"": 1.0, ""model__learning_rate"": 0.08, ""model__max_depth"": 3, ""model__min_child_weight"": 5, ""model__n_estimators"": 600, ""model__reg_lambda"": 5.0, ""model__subsample"": 1.0, ""sample_weight_mode"": ""none""}",0.34311714161992274,0.09146252367773042,0.4231333578155375,0.04317956153636875,0.40781708536704697,0.023066574328850363,0.3918288893889274,0.15792855190213767,0.40781708536704697,0.023066574328850363,1.0697984402388028,0.15251350101497874,0.6464059202304349,0.10631490752920306,0.43446335026494376,0.02325570051130641,0.6278885422947835,0.010746718361022789,0.4168692174974784,0.1641445056033755,0.31722535076727276,0.07718755550192512,0.3518825515247851,0.11029367926413447
xgboost,extended_geographic,"{""model__colsample_bytree"": 1.0, ""model__learning_rate"": 0.08, ""model__max_depth"": 3, ""model__min_child_weight"": 1, ""model__n_estimators"": 600, ""model__reg_lambda"": 1.0, ""model__subsample"": 1.0, ""sample_weight_mode"": ""none""}",0.34294014886679897,0.08510802663141363,0.4151318013255021,0.031753365176577356,0.4068119184860353,0.018970821590473575,0.3927269625268831,0.15040169152094604,0.4068119184860353,0.018970821590473575,1.0752371365766826,0.15211353259914626,0.6487795854396947,0.10632235567417583,0.4329907536015239,0.021028527696861973,0.6258806419185575,0.008359651164376359,0.40783330223039965,0.15735800222005855,0.3261569934708223,0.06832691285389902,0.3535041008118269,0.10375452994675662
xgboost,airport_aware,"{""model__colsample_bytree"": 0.8, ""model__learning_rate"": 0.08, ""model__max_depth"": 3, ""model__min_child_weight"": 5, ""model__n_estimators"": 600, ""model__reg_lambda"": 5.0, ""model__subsample"": 1.0, ""sample_weight_mode"": ""none""}",0.34270195771612816,0.08975388226382194,0.4192997032675116,0.04042872352618996,0.4081375697880996,0.02247645362653179,0.39171089775883994,0.1555677894004131,0.4081375697880996,0.02247645362653179,1.0696681898920812,0.1531431450229823,0.6461868001978306,0.10631273000480383,0.43494668846571943,0.024019170926982584,0.6286014355046565,0.01075528035218389,0.41909301878570543,0.16349230349874694,0.3183208083494441,0.07670616380099883,0.3530626658683592,0.10912198242049592
xgboost,airport_aware,"{""model__colsample_bytree"": 0.8, ""model__learning_rate"": 0.03, ""model__max_depth"": 6, ""model__min_child_weight"": 5, ""model__n_estimators"": 300, ""model__reg_lambda"": 1.0, ""model__subsample"": 1.0, ""sample_weight_mode"": ""none""}",0.34270165685906334,0.08661057521876202,0.4579430543105798,0.06675692220798239,0.41101791093004414,0.019477146413456603,0.39185168065840803,0.15674875800421154,0.41101791093004414,0.019477146413456603,1.0655016491577143,0.15626130829338863,0.6437520005177044,0.10818191681393763,0.4365883069091838,0.02737792323465861,0.6284097694065608,0.01252388570463131,0.4184419672857966,0.15912399680003292,0.3287784847788291,0.07270107015429916,0.3584614387094838,0.103579246829635
xgboost,airport_aware,"{""model__colsample_bytree"": 1.0, ""model__learning_rate"": 0.08, ""model__max_depth"": 3, ""model__min_child_weight"": 1, ""model__n_estimators"": 300, ""model__reg_lambda"": 5.0, ""model__subsample"": 0.8, ""sample_weight_mode"": ""none""}",0.3425225660354852,0.09421067045189645,0.42589037643986805,0.06248443788593016,0.40984251087750073,0.025162493393891372,0.39152383407944036,0.16274742015301055,0.40984251087750073,0.025162493393891372,1.0612327424169308,0.15420750005555267,0.6413468320146777,0.10785077276704678,0.43885271214426097,0.02480126598844123,0.630561717949366,0.010994468327643414,0.4268706040916695,0.1731198763530235,0.3208641654586147,0.0830007434025783,0.35813649300025296,0.11609156462547744
xgboost,airport_aware,"{""model__colsample_bytree"": 1.0, ""model__learning_rate"": 0.03, ""model__max_depth"": 6, ""model__min_child_weight"": 5, ""model__n_estimators"": 300, ""model__reg_lambda"": 5.0, ""model__subsample"": 1.0, ""sample_weight_mode"": ""none""}",0.34240221446890545,0.08505205523933337,0.45448863242309284,0.07257535745859485,0.4122887403787098,0.0192513198404332,0.38992368410786227,0.15973208126228494,0.4122887403787098,0.0192513198404332,1.0646396780441525,0.15650342011445648,0.6431146015921989,0.1084459641541414,0.43741738221756166,0.028156117506400284,0.6295108869455075,0.01174657072735017,0.4214495256976282,0.15369874166184963,0.3344263399100687,0.07532594004295068,0.3627106856786435,0.1004707779891597
xgboost,extended_geographic,"{""model__colsample_bytree"": 1.0, ""model__learning_rate"": 0.03, ""model__max_depth"": 6, ""model__min_child_weight"": 5, ""model__n_estimators"": 300, ""model__reg_lambda"": 5.0, ""model__subsample"": 0.8, ""sample_weight_mode"": ""none""}",0.3423944184313945,0.08973752026029276,0.4300993120984799,0.060051330437978896,0.4126963702810186,0.020623075741497684,0.38959589376679515,0.1632308031683933,0.4126963702810186,0.020623075741497684,1.0621436864404221,0.15489358871991252,0.6424618754952872,0.10859803595696813,0.43753358198000286,0.02726544291271781,0.6298405343342922,0.013610124476822368,0.41959826625607227,0.1609411044413973,0.3453734816058624,0.07393758030108862,0.3693160454666194,0.10865639997037868
xgboost,extended_geographic,"{""model__colsample_bytree"": 0.8, ""model__learning_rate"": 0.08, ""model__max_depth"": 3, ""model__min_child_weight"": 5, ""model__n_estimators"": 300, ""model__reg_lambda"": 1.0, ""model__subsample"": 0.8, ""sample_weight_mode"": ""none""}",0.3423665110186933,0.08913602405823513,0.4319225456852994,0.04390653739660559,0.41165110561688606,0.019128068217863527,0.39082320397099707,0.15967972177255774,0.41165110561688606,0.019128068217863527,1.0617297521831144,0.15017536542071516,0.6421966721200199,0.10566002949137429,0.43830987095817325,0.02447899674800264,0.6305429187871183,0.011170370211309089,0.4258831892700803,0.16599089052804286,0.3275938842212953,0.07771581613129669,0.36136265085596514,0.10956384521638918
xgboost,extended_geographic,"{""model__colsample_bytree"": 0.8, ""model__learning_rate"": 0.03, ""model__max_depth"": 6, ""model__min_child_weight"": 1, ""model__n_estimators"": 300, ""model__reg_lambda"": 1.0, ""model__subsample"": 0.8, ""sample_weight_mode"": ""none""}",0.3423635039937791,0.08513187660333352,0.43506065602331506,0.044699740024654086,0.41103463288759423,0.02002755122625754,0.39142143006477437,0.1562345505048542,0.41103463288759423,0.02002755122625754,1.0637607922322385,0.15577266090143865,0.6431477514413884,0.10872203386149137,0.4375661404467306,0.025502226132749342,0.6304906828574436,0.010874679049003662,0.4151670110930403,0.1552351972703773,0.3376850996348398,0.07598012738184941,0.3622521682229569,0.10333122390862345
xgboost,extended_geographic,"{""model__colsample_bytree"": 1.0, ""model__learning_rate"": 0.03, ""model__max_depth"": 6, ""model__min_child_weight"": 5, ""model__n_estimators"": 300, ""model__reg_lambda"": 1.0, ""model__subsample"": 0.8, ""sample_weight_mode"": ""none""}",0.3423217274895066,0.08809604301974223,0.4282213023215381,0.04888380476270991,0.4106630280162217,0.023062369903707865,0.39137721249239854,0.15873840376119697,0.4106630280162217,0.023062369903707865,1.0640939625218,0.1547233709375378,0.643515374900869,0.10832200914758089,0.4375297789331503,0.0282818264923381,0.6293196122274325,0.014988577266177434,0.4156304700402421,0.15860681558377654,0.3380372743363161,0.0766170996831287,0.3631881120150843,0.10906832456022603
xgboost,airport_aware,"{""model__colsample_bytree"": 1.0, ""model__learning_rate"": 0.08, ""model__max_depth"": 3, ""model__min_child_weight"": 5, ""model__n_estimators"": 300, ""model__reg_lambda"": 1.0, ""model__subsample"": 0.8, ""sample_weight_mode"": ""none""}",0.34225717189499993,0.09604894834971214,0.44146456787095856,0.05621331149409336,0.4089563020811694,0.02661696726465125,0.39186992102799373,0.16270763066225602,0.4089563020811694,0.02661696726465125,1.063127737146006,0.15219387248573896,0.6424750708796211,0.10669161440069486,0.43779067274898625,0.025419017555387738,0.6302454931236777,0.013500370796619064,0.4269304225041874,0.17949765048997052,0.3156839429959527,0.09121866035538921,0.3552841338386713,0.12321696200122244
xgboost,airport_aware,"{""model__colsample_bytree"": 1.0, ""model__learning_rate"": 0.03, ""model__max_depth"": 6, ""model__min_child_weight"": 5, ""model__n_estimators"": 300, ""model__reg_lambda"": 1.0, ""model__subsample"": 1.0, ""sample_weight_mode"": ""none""}",0.34225267166755524,0.08681256281023138,0.44240021614916814,0.06360594197239118,0.410388996697397,0.020296703326852485,0.3900763882529151,0.1590862596684822,0.410388996697397,0.020296703326852485,1.067896442313696,0.1579346343154088,0.6448008570618475,0.10924944563819385,0.4367464508842662,0.027926429073004532,0.6285486426499117,0.012278699025751322,0.41426341460446386,0.15222942951703555,0.3300998653643112,0.07493952988877331,0.3579328174566122,0.10184352907523755
xgboost,airport_aware,"{""model__colsample_bytree"": 1.0, ""model__learning_rate"": 0.03, ""model__max_depth"": 6, ""model__min_child_weight"": 1, ""model__n_estimators"": 300, ""model__reg_lambda"": 5.0, ""model__subsample"": 1.0, ""sample_weight_mode"": ""none""}",0.3422063495267365,0.08583398821951149,0.44189682688907483,0.05629763473009618,0.4104278362406702,0.020547859391127892,0.3904148420916379,0.15752428319113024,0.4104278362406702,0.020547859391127892,1.0649520615667312,0.15645498544046502,0.6432665833274342,0.10872298120051399,0.4364285299179099,0.02689805608868644,0.6290288946964331,0.011748803846026485,0.41765574369196584,0.15537125717071562,0.3310975618129782,0.07534356079029884,0.35915123821448125,0.10265839884200291
xgboost,extended_geographic,"{""model__colsample_bytree"": 1.0, ""model__learning_rate"": 0.08, ""model__max_depth"": 3, ""model__min_child_weight"": 1, ""model__n_estimators"": 300, ""model__reg_lambda"": 5.0, ""model__subsample"": 0.8, ""sample_weight_mode"": ""none""}",0.3419069814107027,0.09108356363458027,0.4191238762658962,0.04026441819889016,0.40954757117292323,0.022358631096292172,0.391792809571763,0.15898728206758186,0.40954757117292323,0.022358631096292172,1.0604547044195347,0.15431916448380395,0.6411242571398404,0.10824870528046296,0.43925205872860307,0.02567815884494095,0.6311581574322467,0.010131795051518138,0.42442940431950565,0.170917301758061,0.32726730646681657,0.07673969005203712,0.3615117897539804,0.11413145166552324
xgboost,extended_geographic,"{""model__colsample_bytree"": 1.0, ""model__learning_rate"": 0.03, ""model__max_depth"": 6, ""model__min_child_weight"": 1, ""model__n_estimators"": 300, ""model__reg_lambda"": 1.0, ""model__subsample"": 1.0, ""sample_weight_mode"": ""none""}",0.3419005780628269,0.08681044367544992,0.417726859118675,0.0461320171334659,0.40889268079478286,0.021046610429785128,0.39122375150407007,0.15716369229360594,0.40889268079478286,0.021046610429785128,1.072841049548924,0.15778548550416788,0.6472799467854993,0.1086835868087531,0.43303921907893017,0.024896905114772667,0.6258370478467368,0.011682612743268058,0.41404575183063913,0.15586560734478613,0.33351371202613117,0.07169507881739993,0.35932236895545017,0.10344218147566879
xgboost,airport_aware,"{""model__colsample_bytree"": 1.0, ""model__learning_rate"": 0.03, ""model__max_depth"": 6, ""model__min_child_weight"": 5, ""model__n_estimators"": 300, ""model__reg_lambda"": 5.0, ""model__subsample"": 0.8, ""sample_weight_mode"": ""none""}",0.3415963019980305,0.08736241163703451,0.4397134890978662,0.04731445081478506,0.4126000068712236,0.019538708235061958,0.38954941155574063,0.16183445881409114,0.4126000068712236,0.019538708235061958,1.0615066972176783,0.15469762084813912,0.6420818915914199,0.10875814581759131,0.437593979204337,0.02702686883299319,0.630246423564002,0.013168144045076576,0.4245012704340837,0.16093064608837027,0.3421833221939493,0.07366607235975774,0.36925807696818264,0.10696960103110104
xgboost,airport_aware,"{""model__colsample_bytree"": 0.8, ""model__learning_rate"": 0.03, ""model__max_depth"": 6, ""model__min_child_weight"": 5, ""model__n_estimators"": 300, ""model__reg_lambda"": 1.0, ""model__subsample"": 0.8, ""sample_weight_mode"": ""none""}",0.3415426780302714,0.08965283610322743,0.4452434972311347,0.05801026310394943,0.41026330844146325,0.02326338842463006,0.39062742365860526,0.15895497817989818,0.41026330844146325,0.02326338842463006,1.0625847452543984,0.15517432931980024,0.6424903995816316,0.10862692436619494,0.43717600281848795,0.027731805175707676,0.6296413353319235,0.014083756974127396,0.41802761375268493,0.16501656721056207,0.32611109737901595,0.08446556631996929,0.3574079865913864,0.11460126959070456
xgboost,airport_aware,"{""model__colsample_bytree"": 0.8, ""model__learning_rate"": 0.03, ""model__max_depth"": 6, ""model__min_child_weight"": 1, ""model__n_estimators"": 300, ""model__reg_lambda"": 5.0, ""model__subsample"": 0.8, ""sample_weight_mode"": ""none""}",0.34147842754329133,0.0877421945708455,0.4507902828251078,0.07256786320363154,0.4117488961130504,0.021750146544577343,0.39063644667024044,0.16123997063132645,0.4117488961130504,0.021750146544577343,1.06053471932747,0.1556061847364365,0.6414632407691079,0.10908394295389899,0.43748608650718646,0.027235666638505057,0.6310560723710614,0.01187963436130273,0.42520466168233934,0.16319928950289994,0.33885766353370295,0.0777401734564286,0.36778517444417735,0.11035606651734668
xgboost,airport_aware,"{""model__colsample_bytree"": 0.8, ""model__learning_rate"": 0.03, ""model__max_depth"": 6, ""model__min_child_weight"": 1, ""model__n_estimators"": 300, ""model__reg_lambda"": 5.0, ""model__subsample"": 1.0, ""sample_weight_mode"": ""none""}",0.34146068391494394,0.08579170458970524,0.458391567091725,0.08197506575843473,0.41107136665278227,0.019800671779767593,0.3904601209711685,0.15889301632439803,0.41107136665278227,0.019800671779767593,1.0621588228345034,0.15685199925652285,0.6418360462592965,0.10911301209303195,0.4380626503873109,0.026782924934855998,0.6309245949838534,0.01167607919841199,0.4207981599430644,0.15933632702421657,0.3330878791551413,0.07367868796025422,0.36192226154537127,0.10442739977597154
xgboost,extended_geographic,"{""model__colsample_bytree"": 0.8, ""model__learning_rate"": 0.03, ""model__max_depth"": 6, ""model__min_child_weight"": 5, ""model__n_estimators"": 300, ""model__reg_lambda"": 5.0, ""model__subsample"": 1.0, ""sample_weight_mode"": ""none""}",0.3413629430133746,0.0851635768489196,0.4243469995456214,0.04349804274153915,0.41207518995640074,0.017617131979728307,0.38852425070889607,0.15970018866075605,0.41207518995640074,0.017617131979728307,1.0630597790280634,0.15536913414041756,0.6426222150239184,0.10798548313682287,0.4386347925219769,0.027258243255399002,0.6312484298412651,0.011605591276850862,0.42387282896977646,0.1550422674149207,0.34013507165318285,0.06920600066124913,0.36682534825013735,0.09936630973621458
xgboost,airport_aware,"{""model__colsample_bytree"": 1.0, ""model__learning_rate"": 0.03, ""model__max_depth"": 6, ""model__min_child_weight"": 1, ""model__n_estimators"": 300, ""model__reg_lambda"": 5.0, ""model__subsample"": 0.8, ""sample_weight_mode"": ""none""}",0.3410263748280387,0.08535144958513372,0.4385938122230302,0.06669675008538717,0.4113694017316886,0.02074738710240127,0.3899409268234876,0.15969727771350778,0.4113694017316886,0.02074738710240127,1.0616210567391344,0.15582020952124415,0.6420852477373349,0.10913450338600525,0.43728540794253956,0.0276109254687651,0.6302198434600548,0.012299639852750874,0.42402843660857387,0.15939633950276302,0.34115081424286575,0.07393642519236095,0.3678060076305673,0.10497126721964328
xgboost,airport_aware,"{""model__colsample_bytree"": 0.8, ""model__learning_rate"": 0.03, ""model__max_depth"": 6, ""model__min_child_weight"": 5, ""model__n_estimators"": 300, ""model__reg_lambda"": 5.0, ""model__subsample"": 1.0, ""sample_weight_mode"": ""none""}",0.34095722705360254,0.08750183395909368,0.459862847067976,0.06407522043704661,0.41064384932993325,0.019621233684445516,0.3897933952457122,0.15948513563237995,0.41064384932993325,0.019621233684445516,1.0621151131397564,0.15631177695835194,0.6418658344254122,0.1083537447404754,0.4390227380198525,0.026959897539785678,0.630667248670282,0.011838801314056317,0.42011827104493465,0.16243138457738668,0.3249075952451969,0.07423886638720623,0.35657320356697864,0.1059106735101535
xgboost,extended_geographic,"{""model__colsample_bytree"": 0.8, ""model__learning_rate"": 0.08, ""model__max_depth"": 3, ""model__min_child_weight"": 1, ""model__n_estimators"": 300, ""model__reg_lambda"": 5.0, ""model__subsample"": 0.8, ""sample_weight_mode"": ""none""}",0.3405925604941723,0.08809777808394162,0.42646688847384145,0.03823405858916187,0.4104279489198374,0.019800712335022026,0.3898415728707919,0.1591321958668955,0.4104279489198374,0.019800712335022026,1.0594985008446647,0.15185554228492437,0.64096957216488,0.10700787280057916,0.43847785100054937,0.024498256137640687,0.631587541745316,0.009394793659853825,0.4251473220009706,0.1657308135311875,0.3265066039326236,0.07666372318349302,0.3597451237061963,0.10912516131378222
xgboost,extended_geographic,"{""model__colsample_bytree"": 1.0, ""model__learning_rate"": 0.03, ""model__max_depth"": 6, ""model__min_child_weight"": 1, ""model__n_estimators"": 300, ""model__reg_lambda"": 5.0, ""model__subsample"": 0.8, ""sample_weight_mode"": ""none""}",0.3404267070931234,0.08526865262487043,0.42300532299378196,0.058505368933630786,0.41109901946671024,0.020842112178883834,0.38992524512756555,0.1583983199714853,0.41109901946671024,0.020842112178883834,1.0618294480662205,0.1561312285491243,0.6421355255576706,0.10923588350397867,0.4380946527284175,0.027730676764518822,0.6302525865935577,0.01307546879132095,0.4186711179821373,0.1595248014512187,0.34423873810995864,0.07761234878265877,0.36782369458334896,0.1082317996801157
xgboost,extended_geographic,"{""model__colsample_bytree"": 0.8, ""model__learning_rate"": 0.08, ""model__max_depth"": 3, ""model__min_child_weight"": 5, ""model__n_estimators"": 300, ""model__reg_lambda"": 5.0, ""model__subsample"": 0.8, ""sample_weight_mode"": ""none""}",0.34040799104703223,0.08801714418644686,0.41501772017753763,0.04046698145792039,0.4104601301299214,0.019279552280885418,0.3893566428316292,0.15879086397675243,0.4104601301299214,0.019279552280885418,1.0601213073033002,0.1507827954067775,0.6412509215763298,0.10629854562278815,0.4384739882003661,0.024800329605310104,0.6312832265140321,0.010237474659175754,0.42583717406005617,0.16673354892071604,0.32976851608898744,0.07619414763618018,0.3623382676264514,0.10997701138250793
xgboost,extended_geographic,"{""model__colsample_bytree"": 1.0, ""model__learning_rate"": 0.03, ""model__max_depth"": 6, ""model__min_child_weight"": 5, ""model__n_estimators"": 300, ""model__reg_lambda"": 5.0, ""model__subsample"": 1.0, ""sample_weight_mode"": ""none""}",0.34031647611999866,0.0865919458543872,0.4142995893739885,0.04226651428350853,0.40955322673142014,0.01843257926143168,0.3886856145869862,0.15940053956768904,0.40955322673142014,0.01843257926143168,1.0659237004891002,0.1574178673722864,0.6440782357377512,0.10921103486111966,0.4359569191876127,0.028742507968446077,0.628839178448761,0.014243254563273387,0.41742234558790037,0.15633011263550325,0.33651739244946005,0.06403411490729068,0.3621688159315134,0.09952757599804778
xgboost,extended_geographic,"{""model__colsample_bytree"": 0.8, ""model__learning_rate"": 0.03, ""model__max_depth"": 6, ""model__min_child_weight"": 1, ""model__n_estimators"": 300, ""model__reg_lambda"": 5.0, ""model__subsample"": 0.8, ""sample_weight_mode"": ""none""}",0.34008750855498515,0.08252904123354063,0.4265820601502467,0.0569343613212816,0.4117134389567229,0.019361383639636458,0.38914906392602555,0.15842307017565196,0.4117134389567229,0.019361383639636458,1.0608824770978302,0.1558200075101257,0.6416693857488776,0.10921487022661493,0.4381412475004547,0.025847852034633134,0.6307718836597997,0.010967277516069992,0.42243303674166055,0.15484084701346373,0.347367060965567,0.07079767052862251,0.3705164400359611,0.10152351722513775
xgboost,airport_aware,"{""model__colsample_bytree"": 0.8, ""model__learning_rate"": 0.03, ""model__max_depth"": 6, ""model__min_child_weight"": 5, ""model__n_estimators"": 300, ""model__reg_lambda"": 5.0, ""model__subsample"": 0.8, ""sample_weight_mode"": ""none""}",0.3400099242785105,0.08946103253199475,0.4538401611811714,0.08013653919838619,0.41085046843095646,0.022788164480316706,0.389091650082318,0.16195204536531094,0.41085046843095646,0.022788164480316706,1.0607346147587484,0.15484846937877889,0.6415702827602148,0.10862823604354631,0.4373862524685995,0.027046259034790177,0.6304545792542425,0.013874938742150126,0.42078087860169144,0.16524200870237848,0.33352206154697783,0.08084888328480978,0.36296902265602593,0.11355286261279789
xgboost,extended_geographic,"{""model__colsample_bytree"": 0.8, ""model__learning_rate"": 0.03, ""model__max_depth"": 6, ""model__min_child_weight"": 5, ""model__n_estimators"": 300, ""model__reg_lambda"": 5.0, ""model__subsample"": 0.8, ""sample_weight_mode"": ""none""}",0.33990072304698743,0.08776601661395404,0.4172647211815262,0.05008619962598406,0.41126930517636523,0.020162475020392163,0.38829184991711085,0.16145329644467796,0.41126930517636523,0.020162475020392163,1.060344532772026,0.15405984917847615,0.6414152585647279,0.10832697549693511,0.4389112992744614,0.02505690596132319,0.6311913883121792,0.010919082360908381,0.4221025320238513,0.16214203823487383,0.3395229703165557,0.07485001663911775,0.36662362433516626,0.10788120051739045
xgboost,airport_aware,"{""model__colsample_bytree"": 0.8, ""model__learning_rate"": 0.08, ""model__max_depth"": 3, ""model__min_child_weight"": 5, ""model__n_estimators"": 300, ""model__reg_lambda"": 1.0, ""model__subsample"": 0.8, ""sample_weight_mode"": ""none""}",0.3394923742394443,0.09211091613634013,0.42858378818542453,0.04529428890987722,0.40701005428191167,0.023735665899811728,0.38957731512649657,0.15950618649877446,0.40701005428191167,0.023735665899811728,1.0626136445524486,0.15177665158275147,0.6422271263304808,0.10641365060361917,0.4375760100381358,0.024705129270701256,0.6307242076627884,0.012589057758818332,0.42412762671638227,0.17421167612766086,0.3136352087724292,0.0841558087577886,0.35304349624250464,0.11885492774926475
xgboost,extended_geographic,"{""model__colsample_bytree"": 0.8, ""model__learning_rate"": 0.03, ""model__max_depth"": 6, ""model__min_child_weight"": 1, ""model__n_estimators"": 300, ""model__reg_lambda"": 5.0, ""model__subsample"": 1.0, ""sample_weight_mode"": ""none""}",0.3392492990575574,0.08505128439842354,0.4248350985933957,0.06542676442444877,0.4098137980314488,0.021032980532543127,0.3883283910691563,0.1592772796557037,0.4098137980314488,0.021032980532543127,1.063099067530872,0.15768416322641313,0.6421100823041205,0.10954990028900943,0.4393160160962605,0.028567010624085804,0.6315289667063679,0.011966937029618999,0.4202880785824193,0.15563660768372406,0.3365175507745174,0.07589333914997261,0.36407280316021035,0.10489437758664051
xgboost,extended_geographic,"{""model__colsample_bytree"": 1.0, ""model__learning_rate"": 0.03, ""model__max_depth"": 3, ""model__min_child_weight"": 1, ""model__n_estimators"": 600, ""model__reg_lambda"": 1.0, ""model__subsample"": 0.8, ""sample_weight_mode"": ""none""}",0.33923672576143277,0.08892167630627579,0.44151150202554523,0.040294578426417316,0.40838425081590446,0.020345481535764078,0.39028336894712495,0.1575492499904342,0.40838425081590446,0.020345481535764078,1.0593785866355474,0.1531673741004118,0.6404299281273836,0.10715288401539706,0.4401519887452693,0.02298677116948702,0.63288371146203,0.008533406009287087,0.429306663578891,0.17386858981669565,0.31362159109604315,0.08112599707216532,0.35449193924715955,0.11441855643383225
xgboost,airport_aware,"{""model__colsample_bytree"": 0.8, ""model__learning_rate"": 0.08, ""model__max_depth"": 3, ""model__min_child_weight"": 5, ""model__n_estimators"": 300, ""model__reg_lambda"": 5.0, ""model__subsample"": 0.8, ""sample_weight_mode"": ""none""}",0.3392190409783399,0.09239025991388367,0.4401928428127183,0.057997369601418186,0.40792103083770037,0.024173056208590032,0.3889277550703775,0.16195672630591862,0.40792103083770037,0.024173056208590032,1.0607474445602292,0.15327533277135696,0.6413106795008928,0.10759561465549855,0.43836863701230977,0.026165769007353165,0.6316638792105224,0.012775044850746226,0.4239147084386882,0.17242580147451322,0.31677638090386273,0.08493790872598123,0.35465438825345874,0.1176481087152415
xgboost,extended_geographic,"{""model__colsample_bytree"": 1.0, ""model__learning_rate"": 0.03, ""model__max_depth"": 3, ""model__min_child_weight"": 5, ""model__n_estimators"": 600, ""model__reg_lambda"": 1.0, ""model__subsample"": 0.8, ""sample_weight_mode"": ""none""}",0.3390801339020849,0.08970070996351694,0.43382483449017994,0.04367316638033424,0.4086149819364732,0.021292350450681004,0.38938003698618157,0.16009564408648772,0.4086149819364732,0.021292350450681004,1.0599023659307272,0.1531585461552199,0.6408326119586429,0.10714417549591101,0.44056518654363097,0.02449336205770834,0.6331413627362511,0.010265739249443203,0.43207316932356976,0.17417874496535846,0.3163408181938917,0.08110009318974108,0.35688295548891874,0.11398438555910334
xgboost,airport_aware,"{""model__colsample_bytree"": 0.8, ""model__learning_rate"": 0.08, ""model__max_depth"": 3, ""model__min_child_weight"": 5, ""model__n_estimators"": 300, ""model__reg_lambda"": 1.0, ""model__subsample"": 1.0, ""sample_weight_mode"": ""none""}",0.33905219690435107,0.09488008816160481,0.4403441469477645,0.053517705306204026,0.40692684923932293,0.02595780593723055,0.3891556711217908,0.1620561221287894,0.40692684923932293,0.02595780593723055,1.0635201278489572,0.15390623254397062,0.6424651180164391,0.10666231611902276,0.43704254141108506,0.02411004760408911,0.6309259059479062,0.009927089534410046,0.42447562406347733,0.17637754421014956,0.30541306013913333,0.09067523687512571,0.34793742684896195,0.1211816030332173
xgboost,extended_geographic,"{""model__colsample_bytree"": 1.0, ""model__learning_rate"": 0.08, ""model__max_depth"": 3, ""model__min_child_weight"": 5, ""model__n_estimators"": 300, ""model__reg_lambda"": 5.0, ""model__subsample"": 0.8, ""sample_weight_mode"": ""none""}",0.33889619182563685,0.08971248728568967,0.40518149970995543,0.03750195168642282,0.4085349873100034,0.02025338521534817,0.38829691402837907,0.160339561265894,0.4085349873100034,0.02025338521534817,1.0611044976888473,0.15342463250579136,0.6416170487926415,0.107723619081061,0.43840623704290527,0.025800563776182808,0.6309886727956078,0.010738694175658554,0.42078657338889797,0.16603845901888176,0.32912248218680584,0.07567098430171357,0.36061967447344767,0.11087452647096585
xgboost,extended_geographic,"{""model__colsample_bytree"": 1.0, ""model__learning_rate"": 0.08, ""model__max_depth"": 3, ""model__min_child_weight"": 5, ""model__n_estimators"": 300, ""model__reg_lambda"": 1.0, ""model__subsample"": 1.0, ""sample_weight_mode"": ""none""}",0.33883247649057624,0.09159277178264463,0.43062283995251366,0.054757878632210634,0.40744694842693735,0.024512289314070193,0.38880332919335775,0.1591530336302736,0.40744694842693735,0.024512289314070193,1.064647434056989,0.15523128583455395,0.6433408979486629,0.10773802581593679,0.43697377118897257,0.025089222448231814,0.6294949309555247,0.009400408660130576,0.42329774064475767,0.16938935627039345,0.3159334996263781,0.0844935774481329,0.35313676080807843,0.11385923043583267
xgboost,airport_aware,"{""model__colsample_bytree"": 1.0, ""model__learning_rate"": 0.08, ""model__max_depth"": 3, ""model__min_child_weight"": 5, ""model__n_estimators"": 300, ""model__reg_lambda"": 5.0, ""model__subsample"": 0.8, ""sample_weight_mode"": ""none""}",0.33870495552463425,0.091598254280045,0.4323287554821766,0.06248046853152236,0.4075053873774877,0.022299602856572245,0.3882013888903265,0.16136748572832135,0.4075053873774877,0.022299602856572245,1.0617469572384362,0.1536326029140119,0.6418202153520047,0.10766681609125582,0.43796647300368463,0.026609240914262235,0.6308389432605386,0.011861373662695072,0.42123420855628735,0.16979836076209476,0.31409452039239405,0.08425724992675743,0.35175058932632686,0.1145560954458184
xgboost,airport_aware,"{""model__colsample_bytree"": 0.8, ""model__learning_rate"": 0.08, ""model__max_depth"": 3, ""model__min_child_weight"": 1, ""model__n_estimators"": 300, ""model__reg_lambda"": 5.0, ""model__subsample"": 0.8, ""sample_weight_mode"": ""none""}",0.33850768033403805,0.09271429203065781,0.4325012695936657,0.0626529157862568,0.40586699080957434,0.024082721363339107,0.38838661407158176,0.1615296228029241,0.40586699080957434,0.024082721363339107,1.0606696743426538,0.15338869235943622,0.6410793212213803,0.1075905055415925,0.4382981698261562,0.025819005082053495,0.6315612326044219,0.01173844172863122,0.4230172682128258,0.1744024305152811,0.31082629807199347,0.08223217941885667,0.3505752876028224,0.11716668503732902
xgboost,extended_geographic,"{""model__colsample_bytree"": 0.8, ""model__learning_rate"": 0.03, ""model__max_depth"": 3, ""model__min_child_weight"": 1, ""model__n_estimators"": 600, ""model__reg_lambda"": 1.0, ""model__subsample"": 0.8, ""sample_weight_mode"": ""none""}",0.33850135776327883,0.08922807075349935,0.4322815504133154,0.042147808609313255,0.407977176187007,0.019605014933635017,0.3898421613802895,0.1589036854390291,0.407977176187007,0.019605014933635017,1.0599147895756573,0.15349625449923143,0.6406536764735626,0.10724029245661847,0.44003775935856754,0.02320922426417515,0.6327161938257915,0.007991422492910393,0.4293886231971741,0.17605993707805878,0.31264945234842134,0.07764971858178993,0.35390373354898974,0.11379002456831012
xgboost,extended_geographic,"{""model__colsample_bytree"": 0.8, ""model__learning_rate"": 0.08, ""model__max_depth"": 3, ""model__min_child_weight"": 1, ""model__n_estimators"": 300, ""model__reg_lambda"": 1.0, ""model__subsample"": 1.0, ""sample_weight_mode"": ""none""}",0.3384033537775635,0.09170469033107351,0.4476839252431316,0.05092710828102893,0.40540858738340885,0.02409885849339042,0.3899953619632299,0.1581027770342049,0.40540858738340885,0.02409885849339042,1.063080290384174,0.1547953129584515,0.6420742412530276,0.10793283957757169,0.4383792592873029,0.02373846126398058,0.6306996003017544,0.008188879089935578,0.4201075087726758,0.17675667132572187,0.30831637214710483,0.08252287846973941,0.34742617988594215,0.11628874490245895
xgboost,airport_aware,"{""model__colsample_bytree"": 0.8, ""model__learning_rate"": 0.08, ""model__max_depth"": 3, ""model__min_child_weight"": 1, ""model__n_estimators"": 300, ""model__reg_lambda"": 1.0, ""model__subsample"": 1.0, ""sample_weight_mode"": ""none""}",0.33836755977443933,0.09077885195934123,0.45191709899160537,0.04339840375400158,0.40605788863722136,0.022236953516177764,0.38967155190855873,0.15827935844521307,0.40605788863722136,0.022236953516177764,1.0641301269719352,0.1540292198608198,0.6426265073075171,0.10718605685899396,0.43620061231662177,0.02171719261496068,0.6297868976977679,0.00663662382629227,0.4246575143472759,0.17405469022900347,0.30098701857332816,0.07900686963982538,0.34465780317579153,0.11267496527166858
xgboost,airport_aware,"{""model__colsample_bytree"": 1.0, ""model__learning_rate"": 0.03, ""model__max_depth"": 3, ""model__min_child_weight"": 1, ""model__n_estimators"": 600, ""model__reg_lambda"": 1.0, ""model__subsample"": 0.8, ""sample_weight_mode"": ""none""}",0.3383514462828019,0.09059540480978474,0.4563221878925748,0.07295554969357568,0.4066962245812646,0.022658165603520186,0.389630357325284,0.15951678392436533,0.4066962245812646,0.022658165603520186,1.0609653738252924,0.15264567371732643,0.6411637593436085,0.1065506671650129,0.4386069849614388,0.02300159927213607,0.6316462169842689,0.009428110964666983,0.4309248812678678,0.17516307783706744,0.3035025429820972,0.07945734265652704,0.3480934167092525,0.1129319654193449
xgboost,extended_geographic,"{""model__colsample_bytree"": 0.8, ""model__learning_rate"": 0.08, ""model__max_depth"": 3, ""model__min_child_weight"": 5, ""model__n_estimators"": 300, ""model__reg_lambda"": 5.0, ""model__subsample"": 1.0, ""sample_weight_mode"": ""none""}",0.33791812695219803,0.09163583446566276,0.4286961647709971,0.058581207417158956,0.4075854005645151,0.023074926322692896,0.38750090756265715,0.16073082057052135,0.4075854005645151,0.023074926322692896,1.0624743790688533,0.1553861337348181,0.641963101233348,0.10795626042213356,0.43856417207541804,0.025956737623892872,0.6310319149729184,0.009282710087366499,0.4240827560061473,0.17104945598029728,0.31732495078206924,0.0846542243425737,0.35420577897824146,0.11452485745963921
xgboost,extended_geographic,"{""model__colsample_bytree"": 1.0, ""model__learning_rate"": 0.08, ""model__max_depth"": 3, ""model__min_child_weight"": 5, ""model__n_estimators"": 300, ""model__reg_lambda"": 5.0, ""model__subsample"": 1.0, ""sample_weight_mode"": ""none""}",0.3378076868238021,0.09254900402714102,0.4465033477131911,0.06692925871432476,0.4062910129601021,0.02401392222935533,0.3874648242766598,0.1617420448651049,0.4062910129601021,0.02401392222935533,1.0628728950873882,0.15584661330619556,0.6423044824714311,0.10818284366956385,0.4372532722874197,0.02578719740364774,0.6299700854432206,0.009060095535476272,0.4198025548352228,0.16796890975313503,0.3111976319892685,0.08006584718647386,0.34904825284542873,0.11215723861282105
xgboost,airport_aware,"{""model__colsample_bytree"": 1.0, ""model__learning_rate"": 0.08, ""model__max_depth"": 3, ""model__min_child_weight"": 5, ""model__n_estimators"": 300, ""model__reg_lambda"": 1.0, ""model__subsample"": 1.0, ""sample_weight_mode"": ""none""}",0.3377557711846596,0.09326614316459887,0.43852539496457216,0.05749894706171328,0.40586613828911355,0.023222278703943743,0.387469269928967,0.1626434639866645,0.40586613828911355,0.023222278703943743,1.064347438687042,0.15480571794447937,0.6431391123836272,0.1074971824656569,0.43621051227343743,0.02410789331515638,0.6300286466701424,0.01008359219844174,0.4242415683569769,0.17178869241633843,0.30223645984113157,0.08069751685094413,0.3457991865226681,0.11396637765620002
xgboost,extended_geographic,"{""model__colsample_bytree"": 1.0, ""model__learning_rate"": 0.08, ""model__max_depth"": 3, ""model__min_child_weight"": 1, ""model__n_estimators"": 300, ""model__reg_lambda"": 5.0, ""model__subsample"": 1.0, ""sample_weight_mode"": ""none""}",0.3376252935035441,0.09187382127044308,0.4478095001748203,0.06533027237261334,0.40616905046852303,0.025131722719861162,0.38876186492818493,0.1604941346749767,0.40616905046852303,0.025131722719861162,1.0634663302176082,0.1556192135520764,0.6425836790144105,0.10837778267484038,0.4365198329953852,0.02503831297236669,0.6293622568996724,0.008047213369865866,0.42149145111465874,0.17120906773218542,0.30997992582921563,0.08358461547350417,0.3485657527990711,0.11472824396435369
xgboost,airport_aware,"{""model__colsample_bytree"": 0.8, ""model__learning_rate"": 0.03, ""model__max_depth"": 3, ""model__min_child_weight"": 1, ""model__n_estimators"": 600, ""model__reg_lambda"": 1.0, ""model__subsample"": 0.8, ""sample_weight_mode"": ""none""}",0.3375622565951705,0.09099213730654207,0.4575430034256124,0.07076667709248087,0.4064370214566221,0.02336440001954668,0.3887971790496204,0.1596822030579484,0.4064370214566221,0.02336440001954668,1.0607705503881202,0.1531840614691994,0.6409342005027842,0.10697649685702304,0.4389504618801303,0.02353255121967562,0.6321631646013651,0.009745962886036656,0.4277091554878438,0.17609052895249544,0.3002954316355554,0.08415295470776528,0.3454793805667584,0.11708927988964508
xgboost,extended_geographic,"{""model__colsample_bytree"": 0.8, ""model__learning_rate"": 0.08, ""model__max_depth"": 3, ""model__min_child_weight"": 1, ""model__n_estimators"": 300, ""model__reg_lambda"": 5.0, ""model__subsample"": 1.0, ""sample_weight_mode"": ""none""}",0.3375010394851683,0.09268370271384378,0.43363047428678725,0.04987194541577507,0.40683474767965233,0.02408807252557381,0.3877223144614884,0.16236498020653872,0.40683474767965233,0.02408807252557381,1.0625150275951945,0.15622948053491184,0.6418854337450008,0.10861575274646608,0.4381024228533283,0.02595636420167387,0.6309243374618354,0.00898873120557259,0.42448661798174003,0.17334979281613316,0.31229712116395775,0.0851549503281107,0.3519923264947903,0.11738730213740253
xgboost,extended_geographic,"{""model__colsample_bytree"": 1.0, ""model__learning_rate"": 0.03, ""model__max_depth"": 3, ""model__min_child_weight"": 1, ""model__n_estimators"": 600, ""model__reg_lambda"": 5.0, ""model__subsample"": 0.8, ""sample_weight_mode"": ""none""}",0.33727261091016086,0.09041741962694953,0.4308882498774021,0.05320671417110805,0.40814892612191,0.021893037893535843,0.3881440751990074,0.1612023826059406,0.40814892612191,0.021893037893535843,1.0586118541241687,0.1549338061383182,0.6399072770398287,0.10837089416384738,0.4406268803533596,0.024486653024443705,0.6332493476999371,0.008893344382193415,0.4282352561620854,0.17372361864339766,0.31753397857115584,0.08412081168357556,0.3567738421227183,0.11682582516087572
xgboost,extended_geographic,"{""model__colsample_bytree"": 0.8, ""model__learning_rate"": 0.08, ""model__max_depth"": 3, ""model__min_child_weight"": 5, ""model__n_estimators"": 300, ""model__reg_lambda"": 1.0, ""model__subsample"": 1.0, ""sample_weight_mode"": ""none""}",0.33721397413785426,0.09218002591792895,0.41798293181774265,0.055653383402094476,0.4055465653744023,0.024108165466803468,0.38755985260335574,0.15985698349242508,0.4055465653744023,0.024108165466803468,1.0636870464414692,0.155464106239584,0.6426552009152569,0.1081030128729658,0.43785319825489655,0.025935472167062226,0.6302024616023335,0.009810346272324081,0.4201049155357538,0.1726638899187416,0.3134606669039961,0.08322069438342809,0.3503009870076732,0.11516151885894206
xgboost,airport_aware,"{""model__colsample_bytree"": 0.8, ""model__learning_rate"": 0.03, ""model__max_depth"": 3, ""model__min_child_weight"": 5, ""model__n_estimators"": 600, ""model__reg_lambda"": 1.0, ""model__subsample"": 0.8, ""sample_weight_mode"": ""none""}",0.33705659518929076,0.09172039758047057,0.45059500491478,0.05680991245278709,0.40705184349332413,0.022233192385304187,0.38773891646697295,0.161684806154908,0.40705184349332413,0.022233192385304187,1.0611648902563846,0.15271942106343275,0.6413181789291535,0.10665515804097092,0.439014358297898,0.024255644924070563,0.6320877350693661,0.011187302808232043,0.43085486239950094,0.17794376833508954,0.3008599116639564,0.08450110585141331,0.34672982461672974,0.1175846099248773
xgboost,airport_aware,"{""model__colsample_bytree"": 1.0, ""model__learning_rate"": 0.08, ""model__max_depth"": 3, ""model__min_child_weight"": 1, ""model__n_estimators"": 300, ""model__reg_lambda"": 5.0, ""model__subsample"": 1.0, ""sample_weight_mode"": ""none""}",0.3370561124434922,0.09277445710044896,0.45800799315222135,0.06800206154388,0.4050193992837028,0.0245105706422938,0.38750350207732553,0.16132762629858324,0.4050193992837028,0.0245105706422938,1.0633636687720114,0.1538423468385691,0.6423959214069896,0.10715611116052819,0.4352884558174326,0.02348581729999738,0.6293115951990103,0.008422679209916396,0.42605545040196746,0.17248343423946902,0.29583205357361114,0.08138422801528072,0.3420613067526501,0.11305894721196086
xgboost,extended_geographic,"{""model__colsample_bytree"": 1.0, ""model__learning_rate"": 0.03, ""model__max_depth"": 3, ""model__min_child_weight"": 5, ""model__n_estimators"": 600, ""model__reg_lambda"": 5.0, ""model__subsample"": 0.8, ""sample_weight_mode"": ""none""}",0.3368217253793356,0.08912297468402516,0.41328569056928793,0.03871532002401352,0.40824117370055396,0.019607967626416083,0.3866899696230871,0.16162790169492847,0.40824117370055396,0.019607967626416083,1.0593187780707856,0.15394029741447846,0.6405459871252116,0.10767075171964505,0.4404027952541121,0.02455324459959889,0.6328703677469806,0.009816889365688834,0.4295540915042217,0.17152466542495529,0.3186424134399057,0.08009575679825295,0.35745785804917624,0.11303932459670078
xgboost,airport_aware,"{""model__colsample_bytree"": 1.0, ""model__learning_rate"": 0.08, ""model__max_depth"": 3, ""model__min_child_weight"": 5, ""model__n_estimators"": 300, ""model__reg_lambda"": 5.0, ""model__subsample"": 1.0, ""sample_weight_mode"": ""none""}",0.33676351089648426,0.09415410472787834,0.45277849709426404,0.06661771680991474,0.4059245005780525,0.024009945333030316,0.3868566254502538,0.16450591228408035,0.4059245005780525,0.024009945333030316,1.06236501253438,0.15425575949623208,0.6420234748912506,0.10732646691422836,0.4364837990889387,0.024379423062692383,0.6304059524111183,0.009638183373798312,0.4295765746102731,0.17543105700225514,0.30004021957678173,0.08161591795773616,0.3462378425437488,0.11505847802658527
xgboost,extended_geographic,"{""model__colsample_bytree"": 1.0, ""model__learning_rate"": 0.08, ""model__max_depth"": 3, ""model__min_child_weight"": 1, ""model__n_estimators"": 300, ""model__reg_lambda"": 1.0, ""model__subsample"": 1.0, ""sample_weight_mode"": ""none""}",0.3366071599994718,0.08862827398893613,0.4366204714398615,0.05145783941714653,0.40479029477533446,0.022068527035803764,0.3878905502058294,0.1568217716105018,0.40479029477533446,0.022068527035803764,1.0647961463576645,0.15469778633202824,0.6432382458402967,0.10753158410122658,0.4363049780864694,0.02311706219804211,0.6289713285800788,0.007153341887205885,0.41892248197056164,0.16640653617938395,0.3082792634243018,0.07741763315963647,0.34688366198112286,0.10884787651699843
xgboost,airport_aware,"{""model__colsample_bytree"": 1.0, ""model__learning_rate"": 0.03, ""model__max_depth"": 3, ""model__min_child_weight"": 5, ""model__n_estimators"": 600, ""model__reg_lambda"": 1.0, ""model__subsample"": 0.8, ""sample_weight_mode"": ""none""}",0.3365912378944976,0.09063674451088823,0.4508854266001297,0.07113929886083036,0.4057168471893391,0.022275405725955304,0.3874801386009723,0.16010735141379567,0.4057168471893391,0.022275405725955304,1.0609151258812077,0.15246760073490598,0.6412741107964655,0.1065275363561421,0.43912044199281086,0.024050507617777547,0.6323109409529729,0.010960221930598238,0.4285134913318515,0.176072619849665,0.3004594467922126,0.08185965892578416,0.34511104438344087,0.11457966322102055
xgboost,extended_geographic,"{""model__colsample_bytree"": 0.8, ""model__learning_rate"": 0.03, ""model__max_depth"": 3, ""model__min_child_weight"": 5, ""model__n_estimators"": 600, ""model__reg_lambda"": 1.0, ""model__subsample"": 0.8, ""sample_weight_mode"": ""none""}",0.33648753583087193,0.09160583667025196,0.4209519559883611,0.0561084755870834,0.40708637436773537,0.021881785914007933,0.38709030961674884,0.16234569165405838,0.40708637436773537,0.021881785914007933,1.060131764555154,0.15352431282783247,0.6408928330813127,0.10731557648234535,0.4403808618390593,0.024215019071849357,0.6331078606193803,0.009460300415104208,0.42514079006383765,0.1744918215479137,0.31089306425013724,0.08250340977229971,0.3511988862283733,0.115445814868951
xgboost,extended_geographic,"{""model__colsample_bytree"": 0.8, ""model__learning_rate"": 0.03, ""model__max_depth"": 3, ""model__min_child_weight"": 1, ""model__n_estimators"": 600, ""model__reg_lambda"": 5.0, ""model__subsample"": 0.8, ""sample_weight_mode"": ""none""}",0.33640889725213274,0.09045059373636545,0.4309401433295486,0.05243533917554803,0.4080017498871619,0.02158224625139794,0.38720300027750687,0.16236525022154177,0.4080017498871619,0.02158224625139794,1.058804935138456,0.1554420562806909,0.6399610190084514,0.10855209007641732,0.4407185905310646,0.024474095770172698,0.6332739151294784,0.008769267284079549,0.4274642175332465,0.17353845464407539,0.31622389471601736,0.08428568801063874,0.35548890242782016,0.11668348621934588
xgboost,airport_aware,"{""model__colsample_bytree"": 1.0, ""model__learning_rate"": 0.03, ""model__max_depth"": 3, ""model__min_child_weight"": 1, ""model__n_estimators"": 600, ""model__reg_lambda"": 5.0, ""model__subsample"": 0.8, ""sample_weight_mode"": ""none""}",0.3357245163973923,0.09293327144091258,0.43521931225808164,0.07549244174268337,0.40600277512191224,0.024717107449213894,0.3865960576964699,0.16386989372299782,0.40600277512191224,0.024717107449213894,1.0593828748961656,0.15446959552517098,0.6402650365295097,0.1080298622844666,0.43957375807264737,0.0245088088147701,0.6324735259816187,0.009967300611789586,0.429741448757288,0.17657948688138572,0.3072594181758153,0.08605174616730339,0.35028417423782937,0.11757615039381013
xgboost,extended_geographic,"{""model__colsample_bytree"": 0.8, ""model__learning_rate"": 0.03, ""model__max_depth"": 3, ""model__min_child_weight"": 5, ""model__n_estimators"": 600, ""model__reg_lambda"": 5.0, ""model__subsample"": 0.8, ""sample_weight_mode"": ""none""}",0.3353330140095417,0.08986478950233447,0.44310156245140153,0.05783704455928881,0.40669252415222445,0.020291526408432608,0.38598031990033765,0.16155779331188488,0.40669252415222445,0.020291526408432608,1.0593281532308887,0.1549037561955957,0.6403785559561717,0.10817695182136425,0.44064653770035067,0.024565692864511667,0.6331949155861172,0.009477758772919969,0.4246928303525005,0.17362134189598138,0.3122111388255474,0.08020226398559002,0.35171584388901317,0.11432837902386932
xgboost,airport_aware,"{""model__colsample_bytree"": 0.8, ""model__learning_rate"": 0.08, ""model__max_depth"": 3, ""model__min_child_weight"": 1, ""model__n_estimators"": 300, ""model__reg_lambda"": 5.0, ""model__subsample"": 1.0, ""sample_weight_mode"": ""none""}",0.3351859100309961,0.09280204598006249,0.44303045624754944,0.07094628490070368,0.4035621091590974,0.024928138186273475,0.38649377053720896,0.16051325009630302,0.4035621091590974,0.024928138186273475,1.0628539074738195,0.15436635557132705,0.6421739733920842,0.10723942349522392,0.4361645534925963,0.023239889638398174,0.6300317763838656,0.007795156278888199,0.4211428343984148,0.1740234605911332,0.29441413568977204,0.08353661893465582,0.3390933760906504,0.11478004795933058
xgboost,airport_aware,"{""model__colsample_bytree"": 0.8, ""model__learning_rate"": 0.03, ""model__max_depth"": 3, ""model__min_child_weight"": 1, ""model__n_estimators"": 600, ""model__reg_lambda"": 5.0, ""model__subsample"": 0.8, ""sample_weight_mode"": ""none""}",0.33508527634114416,0.08965034390493301,0.4489152440397273,0.08135075742252963,0.40632335516558465,0.020515371930930015,0.3857670206741984,0.16242201840625928,0.40632335516558465,0.020515371930930015,1.0596458459455451,0.15447870960657925,0.6403962747556948,0.10797129073936414,0.4394259438219521,0.024544629524663842,0.6324593461634077,0.009954814561468567,0.42961013064525727,0.17346279697943554,0.30528136644007453,0.08131935464265731,0.34913030504817827,0.11344838895110317
xgboost,airport_aware,"{""model__colsample_bytree"": 1.0, ""model__learning_rate"": 0.08, ""model__max_depth"": 3, ""model__min_child_weight"": 1, ""model__n_estimators"": 300, ""model__reg_lambda"": 1.0, ""model__subsample"": 1.0, ""sample_weight_mode"": ""none""}",0.334983839259319,0.09332251562892842,0.42826326024571976,0.04685320898483772,0.4022466802114768,0.025808167635632633,0.3869058556387309,0.15928058150287572,0.4022466802114768,0.025808167635632633,1.0649025773418224,0.15319361258647185,0.6431713528235118,0.10679170042269405,0.43507400408964525,0.022502225816485016,0.6294129275937919,0.007548228283566296,0.422670708127436,0.17761310246325232,0.29459334931646736,0.08251808206896269,0.3404074476548742,0.11685882299179044
xgboost,airport_aware,"{""model__colsample_bytree"": 1.0, ""model__learning_rate"": 0.03, ""model__max_depth"": 3, ""model__min_child_weight"": 5, ""model__n_estimators"": 600, ""model__reg_lambda"": 5.0, ""model__subsample"": 0.8, ""sample_weight_mode"": ""none""}",0.3347898590688626,0.0907131355049374,0.4485902636798869,0.07101081226665196,0.40600881137929135,0.02210233594415962,0.38596327956358906,0.16192979057261614,0.40600881137929135,0.02210233594415962,1.0598235091970445,0.15418259580255012,0.6406920790997875,0.10773629116415748,0.4391590331443753,0.02521388781416924,0.6325714095103002,0.010835955127616492,0.4288980606486298,0.17608445802653563,0.30466033375526785,0.08553443755583182,0.34810524391362974,0.11693525516343004
xgboost,airport_aware,"{""model__colsample_bytree"": 0.8, ""model__learning_rate"": 0.08, ""model__max_depth"": 3, ""model__min_child_weight"": 5, ""model__n_estimators"": 300, ""model__reg_lambda"": 5.0, ""model__subsample"": 1.0, ""sample_weight_mode"": ""none""}",0.33446211810410714,0.08867156403590032,0.4531535165224766,0.06215062394373391,0.4037743216778777,0.02130646940957705,0.3861801294667567,0.15777301674678587,0.4037743216778777,0.02130646940957705,1.0619870974674437,0.15412918610120258,0.6416088727193654,0.10701831689068678,0.436971410470074,0.024810065437749752,0.6313218952158461,0.009098476363479525,0.4254649558690297,0.1719930471709917,0.2952555797046543,0.08095549515851277,0.34138900906109254,0.11199702548206869
xgboost,airport_aware,"{""model__colsample_bytree"": 0.8, ""model__learning_rate"": 0.03, ""model__max_depth"": 3, ""model__min_child_weight"": 5, ""model__n_estimators"": 600, ""model__reg_lambda"": 5.0, ""model__subsample"": 0.8, ""sample_weight_mode"": ""none""}",0.3340622262979243,0.08918386590862788,0.44915602766401286,0.07452758119148709,0.4060044261170973,0.019363704598915427,0.38482218792263734,0.16218986705541275,0.4060044261170973,0.019363704598915427,1.0598142909680992,0.15397328784571368,0.6405785203190805,0.10753390763342952,0.43943978747167767,0.025263769991295815,0.6324503134639176,0.010509794560868776,0.4278873842368437,0.1724063214771085,0.3056665897996021,0.07763021126794789,0.34853089304099116,0.11179247418614517
xgboost,extended_geographic,"{""model__colsample_bytree"": 1.0, ""model__learning_rate"": 0.03, ""model__max_depth"": 3, ""model__min_child_weight"": 5, ""model__n_estimators"": 600, ""model__reg_lambda"": 1.0, ""model__subsample"": 1.0, ""sample_weight_mode"": ""none""}",0.3340454015742579,0.09011116804508731,0.43653932865523115,0.060764252116157845,0.4045552485557504,0.020725701251090235,0.38403080119022076,0.1611745902553928,0.4045552485557504,0.020725701251090235,1.0631711811604236,0.15603488274000255,0.6423678337564211,0.10823055797764067,0.4361077854777561,0.025281652612259013,0.629496083144512,0.008657823352874659,0.42528000305710484,0.1686413800803042,0.2988461470438435,0.07669848087021408,0.3426740690995156,0.10771301856606845
xgboost,extended_geographic,"{""model__colsample_bytree"": 0.8, ""model__learning_rate"": 0.03, ""model__max_depth"": 3, ""model__min_child_weight"": 1, ""model__n_estimators"": 600, ""model__reg_lambda"": 5.0, ""model__subsample"": 1.0, ""sample_weight_mode"": ""none""}",0.33392938634795094,0.09084030089625472,0.4620315700480944,0.08406504862316394,0.4050990745184452,0.021684724792061464,0.38523656405487006,0.16243496858633583,0.4050990745184452,0.021684724792061464,1.0604058656734594,0.15566343926641832,0.6405176106919852,0.10839410175710913,0.4382460274900331,0.0241995974116165,0.6314191073134574,0.007677958316863497,0.42465360801632546,0.1719865920984898,0.301645384849766,0.08046196635841968,0.3455163644784317,0.11389558082224484
xgboost,extended_geographic,"{""model__colsample_bytree"": 0.8, ""model__learning_rate"": 0.03, ""model__max_depth"": 3, ""model__min_child_weight"": 1, ""model__n_estimators"": 600, ""model__reg_lambda"": 1.0, ""model__subsample"": 1.0, ""sample_weight_mode"": ""none""}",0.3338400463375481,0.0888186613163652,0.4342143334000719,0.03709764590095251,0.4043369398944339,0.020156220870129575,0.385248054237713,0.15967935637966318,0.4043369398944339,0.020156220870129575,1.0617579888628814,0.15507833238837498,0.6413461020109643,0.10789763675124564,0.43738626699753047,0.023676926183004664,0.6307010475674601,0.006876278761100771,0.4249580862960903,0.17128566597985667,0.3006122649811087,0.07701004515944511,0.3444174096211866,0.11061865492496638
xgboost,airport_aware,"{""model__colsample_bytree"": 0.8, ""model__learning_rate"": 0.03, ""model__max_depth"": 3, ""model__min_child_weight"": 5, ""model__n_estimators"": 600, ""model__reg_lambda"": 1.0, ""model__subsample"": 1.0, ""sample_weight_mode"": ""none""}",0.33331857502186224,0.09223287815179271,0.4535321184269286,0.0608214914107951,0.4034489688224928,0.022784049981192538,0.3847592969285783,0.16360092900869433,0.4034489688224928,0.022784049981192538,1.06162399183353,0.1554250513009525,0.6411877452356792,0.10769939084926726,0.43728111374081813,0.024977395850798067,0.6309745836418438,0.009727072912050928,0.43529217992676106,0.1779238922632654,0.2874909021920243,0.07674642131875363,0.33940175420622726,0.11155784442856964
xgboost,extended_geographic,"{""model__colsample_bytree"": 1.0, ""model__learning_rate"": 0.03, ""model__max_depth"": 3, ""model__min_child_weight"": 1, ""model__n_estimators"": 600, ""model__reg_lambda"": 1.0, ""model__subsample"": 1.0, ""sample_weight_mode"": ""none""}",0.3332556104193246,0.08871557080431229,0.4384632166047925,0.05992844296414108,0.4026842703915672,0.021552814623518584,0.3858709210518515,0.15767759495493627,0.4026842703915672,0.021552814623518584,1.062097683903956,0.1556085232531467,0.6416960525384271,0.10816204166096201,0.4367513271985457,0.02399403213498574,0.6298308121066025,0.007595244485800181,0.421435041513379,0.17281696577962702,0.2949682739616183,0.07605282064978659,0.3390500230385697,0.10953210602000979
xgboost,extended_geographic,"{""model__colsample_bytree"": 0.8, ""model__learning_rate"": 0.03, ""model__max_depth"": 3, ""model__min_child_weight"": 5, ""model__n_estimators"": 600, ""model__reg_lambda"": 1.0, ""model__subsample"": 1.0, ""sample_weight_mode"": ""none""}",0.3332433923484007,0.09029374989219154,0.4359956735689708,0.05801667915102396,0.40426481816071735,0.02113548534311806,0.383797909725884,0.16070530241516032,0.40426481816071735,0.02113548534311806,1.0621902439429483,0.15543820969019823,0.6418665812933078,0.10800927148027308,0.4371767051672478,0.024717846271770948,0.6308468158268775,0.008602168628840843,0.4198288667853783,0.1706324468462571,0.29949612572789797,0.08186260664506194,0.3419303686241154,0.11369990570603869
xgboost,extended_geographic,"{""model__colsample_bytree"": 0.8, ""model__learning_rate"": 0.03, ""model__max_depth"": 3, ""model__min_child_weight"": 5, ""model__n_estimators"": 600, ""model__reg_lambda"": 5.0, ""model__subsample"": 1.0, ""sample_weight_mode"": ""none""}",0.33300600470522485,0.09006963316971585,0.43208056061838385,0.056466686447736995,0.4045381765972664,0.019609094804772208,0.383575386409588,0.16187122005236185,0.4045381765972664,0.019609094804772208,1.0610138858851272,0.15585158797842577,0.6410967621013581,0.10813301847950199,0.4381799659931936,0.02601156754064937,0.6314303096279136,0.008966777583180593,0.4245136333842655,0.17053584846478148,0.29817223762314543,0.07914563088597554,0.3430180701838305,0.11134969599337233
xgboost,extended_geographic,"{""model__colsample_bytree"": 1.0, ""model__learning_rate"": 0.03, ""model__max_depth"": 3, ""model__min_child_weight"": 5, ""model__n_estimators"": 600, ""model__reg_lambda"": 5.0, ""model__subsample"": 1.0, ""sample_weight_mode"": ""none""}",0.3324607216597427,0.08919242678113928,0.43209148357584526,0.06431751906021514,0.40375700158446765,0.021101092857280096,0.3830884691222127,0.16147541453306627,0.40375700158446765,0.021101092857280096,1.0617424113283276,0.15610944370261615,0.6416109714344171,0.1083556049387408,0.4362931256312986,0.025429012262327765,0.6300899649927793,0.008984662135388255,0.42701052790822136,0.16712129378283241,0.2988742376078218,0.07696238712062009,0.34375067273603405,0.10787258342276361
xgboost,extended_geographic,"{""model__colsample_bytree"": 1.0, ""model__learning_rate"": 0.03, ""model__max_depth"": 3, ""model__min_child_weight"": 1, ""model__n_estimators"": 600, ""model__reg_lambda"": 5.0, ""model__subsample"": 1.0, ""sample_weight_mode"": ""none""}",0.3323842381328189,0.0901820095404753,0.43844134153562464,0.0583092920096213,0.4034053095037068,0.0238401166538892,0.38443382300566126,0.1607718245599081,0.4034053095037068,0.0238401166538892,1.0615326509564675,0.15575110178850574,0.6413471190146327,0.10842389084203154,0.43637382622341947,0.02411027074232226,0.6301582001380307,0.008203647829014829,0.4248992585379455,0.17084282660766795,0.29803940399507667,0.08148641391199002,0.3428183732820986,0.11309114020066707
xgboost,airport_aware,"{""model__colsample_bytree"": 0.8, ""model__learning_rate"": 0.03, ""model__max_depth"": 3, ""model__min_child_weight"": 5, ""model__n_estimators"": 600, ""model__reg_lambda"": 5.0, ""model__subsample"": 1.0, ""sample_weight_mode"": ""none""}",0.3312260377746084,0.08847411449036868,0.47162546450501397,0.08163864151539488,0.40237223947109546,0.019907472759992013,0.3830584985567481,0.1602037142151249,0.40237223947109546,0.019907472759992013,1.0608573690064305,0.15545247512950622,0.6408345632661114,0.10791662672802574,0.4369880289674076,0.025255444599160484,0.6309438709501177,0.008929132476622944,0.43166070537714296,0.1728911953942365,0.2819244619260303,0.07349796055528424,0.3337255798702364,0.10634113408828791
xgboost,airport_aware,"{""model__colsample_bytree"": 1.0, ""model__learning_rate"": 0.03, ""model__max_depth"": 3, ""model__min_child_weight"": 5, ""model__n_estimators"": 600, ""model__reg_lambda"": 1.0, ""model__subsample"": 1.0, ""sample_weight_mode"": ""none""}",0.33121628878915294,0.09069118333969156,0.4351611816015916,0.0675031902844837,0.4018282191777473,0.022431719842723248,0.38200893888898263,0.1622040042279457,0.4018282191777473,0.022431719842723248,1.061774479372183,0.15506412315245022,0.641435662784841,0.10774303022414172,0.4371916024001955,0.02501531091751652,0.6309536385998634,0.009969178054542975,0.4267934493721932,0.16991012186831794,0.28534115625882783,0.07832203348521034,0.3346013505520117,0.10885349575168662
xgboost,airport_aware,"{""model__colsample_bytree"": 1.0, ""model__learning_rate"": 0.03, ""model__max_depth"": 3, ""model__min_child_weight"": 5, ""model__n_estimators"": 600, ""model__reg_lambda"": 5.0, ""model__subsample"": 1.0, ""sample_weight_mode"": ""none""}",0.33085801140244897,0.09179242569620373,0.4584567463568379,0.08962971632334008,0.4019608284701042,0.02247274919765801,0.3821338000036828,0.16413123510130959,0.4019608284701042,0.02247274919765801,1.0614284619998355,0.15495275742848746,0.641265575772975,0.10759868796451581,0.4361546998595009,0.024940129046504327,0.6304956932417282,0.009706811825023236,0.4322103119667321,0.17508912915759406,0.28331297569559055,0.0803923061386501,0.3355792665569337,0.11219650567103927
xgboost,airport_aware,"{""model__colsample_bytree"": 1.0, ""model__learning_rate"": 0.03, ""model__max_depth"": 3, ""model__min_child_weight"": 1, ""model__n_estimators"": 600, ""model__reg_lambda"": 5.0, ""model__subsample"": 1.0, ""sample_weight_mode"": ""none""}",0.3308388183967063,0.09242640288286061,0.461279183253272,0.09182088229526025,0.401288712302364,0.02424085068447936,0.3834314686701607,0.1626759770072424,0.401288712302364,0.02424085068447936,1.0613610062126344,0.15524398919960167,0.6410558910837619,0.10802385059145657,0.43544449036417865,0.024157400153677993,0.6295402540543455,0.00902600801288747,0.42513799703361493,0.1760162661691793,0.28036002144738764,0.08080838961257202,0.331047428457014,0.11252072631602737
xgboost,airport_aware,"{""model__colsample_bytree"": 1.0, ""model__learning_rate"": 0.03, ""model__max_depth"": 3, ""model__min_child_weight"": 1, ""model__n_estimators"": 600, ""model__reg_lambda"": 1.0, ""model__subsample"": 1.0, ""sample_weight_mode"": ""none""}",0.33009376294748827,0.08969305999825988,0.435598494680843,0.049793873022773744,0.39929104061225673,0.022413415723542596,0.38292056804576713,0.15776527386981318,0.39929104061225673,0.022413415723542596,1.0629146659881574,0.15452301583497172,0.641950373938704,0.10735643641651349,0.43499006939080315,0.023842984543593588,0.6293338731773612,0.00811233536115546,0.41928505013041517,0.17249337501261724,0.2785715963852457,0.07595740482013796,0.3275716464930061,0.10794030290826317
xgboost,airport_aware,"{""model__colsample_bytree"": 0.8, ""model__learning_rate"": 0.03, ""model__max_depth"": 3, ""model__min_child_weight"": 1, ""model__n_estimators"": 600, ""model__reg_lambda"": 1.0, ""model__subsample"": 1.0, ""sample_weight_mode"": ""none""}",0.3294799454121532,0.08954362267516981,0.4348475179026915,0.06293666272676847,0.39930670147720054,0.022152898297201046,0.38197586127921873,0.15942417731910566,0.39930670147720054,0.022152898297201046,1.0619807943775306,0.15455887754332948,0.6413289097355339,0.10733556339610444,0.43535810453634466,0.023180917679246477,0.6303524966385605,0.007632651661227976,0.42288134063664806,0.17235885482245197,0.28105021254672935,0.0730280172081973,0.3306661629991457,0.10698429443562872
xgboost,airport_aware,"{""model__colsample_bytree"": 0.8, ""model__learning_rate"": 0.03, ""model__max_depth"": 3, ""model__min_child_weight"": 1, ""model__n_estimators"": 600, ""model__reg_lambda"": 5.0, ""model__subsample"": 1.0, ""sample_weight_mode"": ""none""}",0.3280805917263679,0.09027499075862724,0.4371638210593073,0.06585383337749498,0.3998349261242011,0.022598674654738984,0.38180698126728607,0.16131683240501812,0.3998349261242011,0.022598674654738984,1.0608916190716544,0.15517786167297243,0.6408126864496358,0.10791703941210719,0.4360805583622593,0.023955942679641955,0.6299651424292085,0.008398764397773073,0.4262749100088614,0.17800588350177812,0.2779282565755624,0.07663889211716718,0.3297278827108998,0.11130020852503168
xgboost,extended_geographic,"{""model__colsample_bytree"": 1.0, ""model__learning_rate"": 0.03, ""model__max_depth"": 3, ""model__min_child_weight"": 1, ""model__n_estimators"": 300, ""model__reg_lambda"": 1.0, ""model__subsample"": 0.8, ""sample_weight_mode"": ""none""}",0.32604348851096265,0.08780200213808483,0.4498916223481048,0.07243230392178975,0.39941816259058704,0.020495882876448306,0.3788502947158825,0.1612853721495179,0.39941816259058704,0.020495882876448306,1.058810642565536,0.15583794561207212,0.6394403163081612,0.10837409075364898,0.43813881777042846,0.024138725485650485,0.6310947661999782,0.008348825085333782,0.4345326802592539,0.17417103136678197,0.2749519978541704,0.07442693827281878,0.3292029398746423,0.1050784283892076
xgboost,extended_geographic,"{""model__colsample_bytree"": 1.0, ""model__learning_rate"": 0.03, ""model__max_depth"": 3, ""model__min_child_weight"": 5, ""model__n_estimators"": 300, ""model__reg_lambda"": 1.0, ""model__subsample"": 0.8, ""sample_weight_mode"": ""none""}",0.3233729165063535,0.08669144922325579,0.4299097152286156,0.07960440870321492,0.3977875193023993,0.01964404569506901,0.37573588766651395,0.16235871388897372,0.3977875193023993,0.01964404569506901,1.0591451925017163,0.15589224755240247,0.6396909285151077,0.10845813065221321,0.4384462749671248,0.025233054802011393,0.6312775087689355,0.00965329395222098,0.4342855380703764,0.1720586994728921,0.27195095296086524,0.07067735329102424,0.3267914607632566,0.10269961154304899
xgboost,extended_geographic,"{""model__colsample_bytree"": 0.8, ""model__learning_rate"": 0.03, ""model__max_depth"": 3, ""model__min_child_weight"": 1, ""model__n_estimators"": 300, ""model__reg_lambda"": 1.0, ""model__subsample"": 0.8, ""sample_weight_mode"": ""none""}",0.32302134963812246,0.08777393321240572,0.44611234523706356,0.07682689213170633,0.3970375472942226,0.020034037662956607,0.37657492175970864,0.1614291886398036,0.3970375472942226,0.020034037662956607,1.0593487358345601,0.15563094607785635,0.6398122689019057,0.10827686140670943,0.43770781659686586,0.023738136394710826,0.6309035661578551,0.008031548832385979,0.4308321046983853,0.1780536540950514,0.26772242925041134,0.07312481846155836,0.3231309931905157,0.10623233269705162
xgboost,extended_geographic,"{""model__colsample_bytree"": 0.8, ""model__learning_rate"": 0.03, ""model__max_depth"": 3, ""model__min_child_weight"": 5, ""model__n_estimators"": 300, ""model__reg_lambda"": 1.0, ""model__subsample"": 0.8, ""sample_weight_mode"": ""none""}",0.32286649064884637,0.08845630059909505,0.46800586549929557,0.10579507238962896,0.39723926096568646,0.020405018604494854,0.3759844111473799,0.16306145137846437,0.39723926096568646,0.020405018604494854,1.05909078841917,0.15561707806453204,0.6396704360444166,0.10834234238364357,0.43825030918992774,0.025206859014843916,0.631423365396396,0.009124933436418394,0.4308760971236241,0.17852542115562817,0.2687662339318385,0.07514578411291967,0.3236556413672688,0.10720434617414316
xgboost,airport_aware,"{""model__colsample_bytree"": 1.0, ""model__learning_rate"": 0.03, ""model__max_depth"": 3, ""model__min_child_weight"": 1, ""model__n_estimators"": 300, ""model__reg_lambda"": 1.0, ""model__subsample"": 0.8, ""sample_weight_mode"": ""none""}",0.32285260698614215,0.08906287783145898,0.4437160023126527,0.06950779301626604,0.3963856618291667,0.02109944491555134,0.3767265436159994,0.1622722903658285,0.3963856618291667,0.02109944491555134,1.0601164999566282,0.1558041673015569,0.6400982782762864,0.10806651174894272,0.43685492910441787,0.025099789350721904,0.6298090589904295,0.009712385772781154,0.4318626304553678,0.17734277083881503,0.2601427066531179,0.07194068094310795,0.3179726891132167,0.10471334099495277
xgboost,extended_geographic,"{""model__colsample_bytree"": 1.0, ""model__learning_rate"": 0.03, ""model__max_depth"": 3, ""model__min_child_weight"": 1, ""model__n_estimators"": 300, ""model__reg_lambda"": 5.0, ""model__subsample"": 0.8, ""sample_weight_mode"": ""none""}",0.32277279240228574,0.08783275872598956,0.4189683556750098,0.08438999932322845,0.398574333702217,0.021650326906757174,0.3772987123115919,0.16442633435766382,0.398574333702217,0.021650326906757174,1.0588300692075088,0.1572683354320957,0.6393810893020601,0.10939818640374667,0.4381169591681543,0.024944815485870922,0.6311104034267021,0.008698617372544851,0.435191939531739,0.17677801969311283,0.2760447898160773,0.07596260784598458,0.3307229417761589,0.10807255044834838
xgboost,extended_geographic,"{""model__colsample_bytree"": 0.8, ""model__learning_rate"": 0.03, ""model__max_depth"": 3, ""model__min_child_weight"": 1, ""model__n_estimators"": 300, ""model__reg_lambda"": 1.0, ""model__subsample"": 1.0, ""sample_weight_mode"": ""none""}",0.3225232098112454,0.08501579983038415,0.43777701734528807,0.08263882210820049,0.39692062037917175,0.01691446760564606,0.3764289260629816,0.1603340690819775,0.39692062037917175,0.01691446760564606,1.060145788783068,0.15638472739520143,0.6401439836937243,0.10865983256647331,0.43687533427717923,0.02435793242038866,0.6303551443696143,0.006984791422492453,0.43051141216484884,0.17153511625876533,0.265760259192631,0.06466108571348679,0.3217199487692284,0.09913679429766029
xgboost,extended_geographic,"{""model__colsample_bytree"": 1.0, ""model__learning_rate"": 0.03, ""model__max_depth"": 3, ""model__min_child_weight"": 5, ""model__n_estimators"": 300, ""model__reg_lambda"": 5.0, ""model__subsample"": 0.8, ""sample_weight_mode"": ""none""}",0.32245567060895103,0.08768576171924167,0.3879274447918134,0.09876484696985181,0.39779622573194523,0.021242172928292752,0.37621822549344375,0.16389234901637895,0.39779622573194523,0.021242172928292752,1.0591525300028484,0.15699420328059246,0.6396488160368173,0.1092609309928643,0.43791046365002984,0.025132625392375586,0.6309461862872434,0.008945367507897106,0.43866701572571876,0.179027314408674,0.2748892347963106,0.07563859826770614,0.3306546352306482,0.10800730415036944
xgboost,extended_geographic,"{""model__colsample_bytree"": 0.8, ""model__learning_rate"": 0.03, ""model__max_depth"": 3, ""model__min_child_weight"": 1, ""model__n_estimators"": 300, ""model__reg_lambda"": 5.0, ""model__subsample"": 0.8, ""sample_weight_mode"": ""none""}",0.3219620477792061,0.08756428535677055,0.42450153735876206,0.09827973323435248,0.3980169496737593,0.019879522708433402,0.3762663644805479,0.16441836334089072,0.3980169496737593,0.019879522708433402,1.0590571719122193,0.15705825929538375,0.6395318106545778,0.10926170726445873,0.4378047459327684,0.025111933142488396,0.6309820375796101,0.008432165648742993,0.43409862901593066,0.17951051291974068,0.27171596898061473,0.07248280564758616,0.32673725577605495,0.10677482452819728
xgboost,extended_geographic,"{""model__colsample_bytree"": 1.0, ""model__learning_rate"": 0.03, ""model__max_depth"": 3, ""model__min_child_weight"": 5, ""model__n_estimators"": 300, ""model__reg_lambda"": 1.0, ""model__subsample"": 1.0, ""sample_weight_mode"": ""none""}",0.32119632933227427,0.08500385350601825,0.4460881449874832,0.07564840021578695,0.3960164062707177,0.018993173960140955,0.3751881565264423,0.16090517386753575,0.3960164062707177,0.018993173960140955,1.0609386731394816,0.15655123197052329,0.6407556211543473,0.1087148185084218,0.4353973618834558,0.02551452440478051,0.6290511394188253,0.00888523448429494,0.43580310523939597,0.1735582474048356,0.26218236890192004,0.06622463752325695,0.3199775498307176,0.09980907033340095
xgboost,extended_geographic,"{""model__colsample_bytree"": 1.0, ""model__learning_rate"": 0.03, ""model__max_depth"": 3, ""model__min_child_weight"": 1, ""model__n_estimators"": 300, ""model__reg_lambda"": 1.0, ""model__subsample"": 1.0, ""sample_weight_mode"": ""none""}",0.3207320790351901,0.08437009166363874,0.4210027904895507,0.06435518734294478,0.3946359263527664,0.020072946699093017,0.37632063357562734,0.15704903746634746,0.3946359263527664,0.020072946699093017,1.060566255703517,0.15623549270541082,0.6405134417112726,0.10858276569393914,0.4355329047674482,0.02331248056860888,0.6292850636121858,0.007683825058526673,0.43051581710701675,0.176329920774335,0.2599827659070936,0.07144400334687243,0.31676170792294794,0.10386497253069277
xgboost,extended_geographic,"{""model__colsample_bytree"": 0.8, ""model__learning_rate"": 0.03, ""model__max_depth"": 3, ""model__min_child_weight"": 5, ""model__n_estimators"": 300, ""model__reg_lambda"": 5.0, ""model__subsample"": 0.8, ""sample_weight_mode"": ""none""}",0.32068517887723763,0.0870452015393601,0.38627983279888334,0.09917465010790845,0.3964768868855697,0.01987248938703044,0.37475005782214915,0.1633277573191589,0.3964768868855697,0.01987248938703044,1.059217407379256,0.15660188162575472,0.639629954743541,0.10902937538375874,0.4376425484397119,0.024964000523348864,0.6309330362603603,0.008618047114332703,0.4330994339618416,0.17806397582846453,0.26982931149393685,0.0737833485324871,0.32565590439837766,0.1068009494247679
xgboost,airport_aware,"{""model__colsample_bytree"": 1.0, ""model__learning_rate"": 0.03, ""model__max_depth"": 3, ""model__min_child_weight"": 5, ""model__n_estimators"": 300, ""model__reg_lambda"": 5.0, ""model__subsample"": 0.8, ""sample_weight_mode"": ""none""}",0.32037638695336235,0.08652654488252862,0.40420339179582065,0.08481797862311656,0.39650615588327287,0.018563572662775318,0.374850702804445,0.16401270243378074,0.39650615588327287,0.018563572662775318,1.0596874396352116,0.1568399938505014,0.6398660868630144,0.10913072328294533,0.43723836492522583,0.02550133620981192,0.6303618785360852,0.010401534945005926,0.4356708672280276,0.17569657952444334,0.2628014346946812,0.06729826756257871,0.3207298228119376,0.10107277145052013
xgboost,extended_geographic,"{""model__colsample_bytree"": 0.8, ""model__learning_rate"": 0.03, ""model__max_depth"": 3, ""model__min_child_weight"": 5, ""model__n_estimators"": 300, ""model__reg_lambda"": 1.0, ""model__subsample"": 1.0, ""sample_weight_mode"": ""none""}",0.3203512244012024,0.08602783725536642,0.47223351767214927,0.13266118238348373,0.39530438733764967,0.01793248487572056,0.3740648339546179,0.1618236782419075,0.39530438733764967,0.01793248487572056,1.0608012192265839,0.15574680983679973,0.6407064439623505,0.10821006967833591,0.43629262016684633,0.02418576420671094,0.6297474938928197,0.007687333779702858,0.4284271971572358,0.17292188397943184,0.2607598230282858,0.06678861909643524,0.3169333662676093,0.09990203170546047
xgboost,airport_aware,"{""model__colsample_bytree"": 0.8, ""model__learning_rate"": 0.03, ""model__max_depth"": 3, ""model__min_child_weight"": 1, ""model__n_estimators"": 300, ""model__reg_lambda"": 1.0, ""model__subsample"": 0.8, ""sample_weight_mode"": ""none""}",0.31942369528088965,0.08496113755019793,0.44094058997098307,0.08153003852619124,0.3942709304361501,0.017862914344681735,0.3740400762031069,0.1607695155662235,0.3942709304361501,0.017862914344681735,1.0599992117328958,0.156605382759367,0.6399242841826337,0.1086752873290756,0.43689164292662613,0.025012707541300597,0.6301646511799156,0.00970999369896152,0.4285043225976283,0.1729857965338121,0.257334564353243,0.06378077736493253,0.3146270404382364,0.0993376242972027
xgboost,airport_aware,"{""model__colsample_bytree"": 1.0, ""model__learning_rate"": 0.03, ""model__max_depth"": 3, ""model__min_child_weight"": 5, ""model__n_estimators"": 300, ""model__reg_lambda"": 1.0, ""model__subsample"": 0.8, ""sample_weight_mode"": ""none""}",0.3191466950243079,0.08562388091174718,0.4276752439509707,0.10429302456280311,0.3939958740732771,0.019343251722690497,0.3732453844942999,0.16122959301977743,0.3939958740732771,0.019343251722690497,1.0599021951079883,0.15560580920334702,0.6400548187852875,0.10814236067982282,0.43724055733344847,0.025848374293267334,0.6306237572074256,0.01106671331331573,0.4288930184715877,0.17293382175815397,0.25791596806810213,0.0703150876079414,0.31509039848812365,0.10160969287688507
xgboost,airport_aware,"{""model__colsample_bytree"": 1.0, ""model__learning_rate"": 0.03, ""model__max_depth"": 3, ""model__min_child_weight"": 1, ""model__n_estimators"": 300, ""model__reg_lambda"": 5.0, ""model__subsample"": 0.8, ""sample_weight_mode"": ""none""}",0.3190546227220824,0.08690201668903726,0.4039571303826383,0.08645013356994524,0.3953562369449573,0.01956028384371306,0.3743252303775978,0.16424852088876796,0.3953562369449573,0.01956028384371306,1.0593721129880291,0.15697752600217368,0.639645600918517,0.10918561431343872,0.4372715352008732,0.0249166837826422,0.6305279309099929,0.009849536056970351,0.4318623877403744,0.17649829782770185,0.261428587781683,0.06885400562381766,0.3187787234079554,0.10281031849670207
xgboost,extended_geographic,"{""model__colsample_bytree"": 0.8, ""model__learning_rate"": 0.03, ""model__max_depth"": 3, ""model__min_child_weight"": 5, ""model__n_estimators"": 300, ""model__reg_lambda"": 5.0, ""model__subsample"": 1.0, ""sample_weight_mode"": ""none""}",0.3190326439118586,0.08612298673319035,0.400064115034702,0.10609074706780336,0.39469700509335454,0.018086746207456313,0.3732191804566117,0.1629671237967148,0.39469700509335454,0.018086746207456313,1.0606495833150045,0.15681393781662578,0.6404418004824789,0.10883571980800617,0.43599714903243464,0.025819822723284525,0.6295367574002904,0.007828679595869928,0.43018073949781266,0.17552675009745772,0.26210191375704134,0.0678441128298082,0.31915058225698434,0.10192607365379451
xgboost,airport_aware,"{""model__colsample_bytree"": 0.8, ""model__learning_rate"": 0.03, ""model__max_depth"": 3, ""model__min_child_weight"": 1, ""model__n_estimators"": 300, ""model__reg_lambda"": 5.0, ""model__subsample"": 0.8, ""sample_weight_mode"": ""none""}",0.31871538607665106,0.0844682285880573,0.3881124710047887,0.07949949749234625,0.39557963498280885,0.01608685987593427,0.373784342145849,0.16297840661158128,0.39557963498280885,0.01608685987593427,1.0597856613890408,0.15749850627622597,0.6398178938965428,0.1093456287002134,0.43713321447425635,0.025665038465903758,0.6304328793944516,0.010217219215701422,0.4306255088046898,0.17307046100093684,0.25938214603196796,0.0611941122980176,0.3166738331454996,0.09748288798327728
xgboost,extended_geographic,"{""model__colsample_bytree"": 0.8, ""model__learning_rate"": 0.03, ""model__max_depth"": 3, ""model__min_child_weight"": 1, ""model__n_estimators"": 300, ""model__reg_lambda"": 5.0, ""model__subsample"": 1.0, ""sample_weight_mode"": ""none""}",0.3182329287451414,0.08417513161642753,0.3962233609239576,0.10770486933563726,0.39493649280313453,0.017265716462991826,0.37341778031325656,0.16297660992806667,0.39493649280313453,0.017265716462991826,1.0598418964906895,0.1566321850916906,0.6399535435832316,0.1088832193745701,0.4370928652902151,0.02509601192695347,0.6303727151971852,0.007599650489612443,0.4319554449830094,0.17284375874549374,0.26340637065606537,0.062504445522768,0.3202935623066474,0.09834774199912485
xgboost,airport_aware,"{""model__colsample_bytree"": 1.0, ""model__learning_rate"": 0.03, ""model__max_depth"": 3, ""model__min_child_weight"": 1, ""model__n_estimators"": 300, ""model__reg_lambda"": 1.0, ""model__subsample"": 1.0, ""sample_weight_mode"": ""none""}",0.31801275660042005,0.08368557969840545,0.51876436417802,0.14654119280493283,0.3924554943684117,0.019030660139004663,0.3737583480695023,0.1573548421095685,0.3924554943684117,0.019030660139004663,1.0612451690873017,0.1565979004252558,0.6407677009113883,0.10842289222990395,0.43400700444218865,0.023986163745985473,0.6285925509879707,0.007937831090726676,0.43048475267748465,0.17352097622386978,0.24879971350543117,0.06629096907439547,0.3086224403540431,0.09785037463503654
xgboost,airport_aware,"{""model__colsample_bytree"": 0.8, ""model__learning_rate"": 0.03, ""model__max_depth"": 3, ""model__min_child_weight"": 5, ""model__n_estimators"": 300, ""model__reg_lambda"": 1.0, ""model__subsample"": 0.8, ""sample_weight_mode"": ""none""}",0.31793145537390194,0.08373377258610244,0.41728585857338507,0.10535572285875097,0.39363619042040005,0.015879403920148104,0.37185728977047516,0.16138417875540806,0.39363619042040005,0.015879403920148104,1.0602148979467352,0.1562259135662221,0.6401156592253154,0.1084583833990758,0.437169083927296,0.02542158109399557,0.6304764234073897,0.01101665156915718,0.42796355708454603,0.1693505550759551,0.25332340382636936,0.05912486750373399,0.3111389189899864,0.09414744356964158
xgboost,extended_geographic,"{""model__colsample_bytree"": 1.0, ""model__learning_rate"": 0.03, ""model__max_depth"": 3, ""model__min_child_weight"": 1, ""model__n_estimators"": 300, ""model__reg_lambda"": 5.0, ""model__subsample"": 1.0, ""sample_weight_mode"": ""none""}",0.3177756134435104,0.08616264324095957,0.404817402397219,0.0752164792903173,0.3940881198620773,0.02055672321330689,0.3739001098431981,0.16257538615244793,0.3940881198620773,0.02055672321330689,1.0604694433070283,0.15653094049916902,0.6403915099133068,0.10877747542870986,0.4352599876256441,0.024649983834158225,0.6290181955892493,0.008138729453204586,0.42996947575891625,0.17601598515935543,0.2573568999503536,0.07127553749413999,0.3152649994395593,0.10468780688009174
xgboost,extended_geographic,"{""model__colsample_bytree"": 1.0, ""model__learning_rate"": 0.03, ""model__max_depth"": 3, ""model__min_child_weight"": 5, ""model__n_estimators"": 300, ""model__reg_lambda"": 5.0, ""model__subsample"": 1.0, ""sample_weight_mode"": ""none""}",0.31714056945969216,0.08477252058756488,0.453523987740536,0.14557509040011113,0.393555381946813,0.01993991199388077,0.37308867125608686,0.1614687943647906,0.393555381946813,0.01993991199388077,1.0609011592329127,0.15724616754755216,0.6406423937071427,0.10905747239446298,0.4353126335385463,0.02479302487070713,0.628797315177509,0.008700085515964026,0.43363160776071397,0.17549659879261084,0.2594968593241642,0.07112468953017721,0.31845610787451517,0.10421021992963549
xgboost,airport_aware,"{""model__colsample_bytree"": 0.8, ""model__learning_rate"": 0.03, ""model__max_depth"": 3, ""model__min_child_weight"": 5, ""model__n_estimators"": 300, ""model__reg_lambda"": 1.0, ""model__subsample"": 1.0, ""sample_weight_mode"": ""none""}",0.3171245902176725,0.08661543206881876,0.4665634123139779,0.14859376900085094,0.39271097335608707,0.01897352976714707,0.37244139033229856,0.16226206523059147,0.39271097335608707,0.01897352976714707,1.060958129683686,0.15713975575900566,0.6405136672982489,0.10870238352693709,0.4353971899472636,0.026019441839490853,0.6294725567856982,0.008816581301854247,0.4345570143129268,0.17996595435132112,0.24597763894518887,0.06785002692748296,0.308134078024287,0.10208815007213248
xgboost,airport_aware,"{""model__colsample_bytree"": 1.0, ""model__learning_rate"": 0.03, ""model__max_depth"": 3, ""model__min_child_weight"": 5, ""model__n_estimators"": 300, ""model__reg_lambda"": 1.0, ""model__subsample"": 1.0, ""sample_weight_mode"": ""none""}",0.31684424977255415,0.08506450083964745,0.46239490029203595,0.1574312447296208,0.3924118411860359,0.018226228704043324,0.371671162154351,0.1621359938427842,0.3924118411860359,0.018226228704043324,1.0612132749585375,0.15715944727212347,0.6407072649923017,0.10879597945608357,0.4347784536037372,0.02490775868316509,0.629061826785622,0.009096348539585467,0.4324711090291424,0.1724802313688072,0.24922104662144254,0.06467532271207416,0.3100900635830933,0.09728089886274027
xgboost,airport_aware,"{""model__colsample_bytree"": 0.8, ""model__learning_rate"": 0.03, ""model__max_depth"": 3, ""model__min_child_weight"": 1, ""model__n_estimators"": 300, ""model__reg_lambda"": 1.0, ""model__subsample"": 1.0, ""sample_weight_mode"": ""none""}",0.31571753555895204,0.08217927311484488,0.47466599758517436,0.11064109770511062,0.39138006682934445,0.016624236107833274,0.3719660728003918,0.1571018642349153,0.39138006682934445,0.016624236107833274,1.0610635029284192,0.15631372685760483,0.6406099544718193,0.10837000961175937,0.43409309001508045,0.024085690186598424,0.6291319412511349,0.007262009214016691,0.4260086610977414,0.17301122962137178,0.24461073357228638,0.06146140944213224,0.30438062051590276,0.09645146710446727
xgboost,airport_aware,"{""model__colsample_bytree"": 0.8, ""model__learning_rate"": 0.03, ""model__max_depth"": 3, ""model__min_child_weight"": 5, ""model__n_estimators"": 300, ""model__reg_lambda"": 5.0, ""model__subsample"": 0.8, ""sample_weight_mode"": ""none""}",0.3156595759692475,0.08292150892801241,0.3743505273525193,0.08009536720075223,0.3927955497530189,0.016754447922533156,0.3714265247750243,0.16111743230908726,0.3927955497530189,0.016754447922533156,1.0600181009773224,0.15697848070130677,0.6400090297408596,0.10907038141581056,0.43674064365639753,0.025788065604701902,0.6300013068267523,0.010389199231231142,0.4274946606612321,0.17338754352290292,0.2544042019477205,0.06213951358565585,0.31195280721187135,0.097198249650457
xgboost,airport_aware,"{""model__colsample_bytree"": 1.0, ""model__learning_rate"": 0.03, ""model__max_depth"": 3, ""model__min_child_weight"": 5, ""model__n_estimators"": 300, ""model__reg_lambda"": 5.0, ""model__subsample"": 1.0, ""sample_weight_mode"": ""none""}",0.3143383651690694,0.08254985716853311,0.43949005509696254,0.1804103014166718,0.391202763480959,0.017005102672537943,0.36978577682,0.16103647299882815,0.391202763480959,0.017005102672537943,1.0614415448356278,0.15716101494665027,0.6408715831591263,0.10874629611578797,0.4340641862339571,0.0248846953685362,0.6283695373690643,0.009488334891818656,0.43206799647256505,0.17096910395801176,0.24774780282085307,0.06132054458738209,0.308440819297782,0.09465949506004295
xgboost,airport_aware,"{""model__colsample_bytree"": 1.0, ""model__learning_rate"": 0.03, ""model__max_depth"": 3, ""model__min_child_weight"": 1, ""model__n_estimators"": 300, ""model__reg_lambda"": 5.0, ""model__subsample"": 1.0, ""sample_weight_mode"": ""none""}",0.3140025021298209,0.08370450138551644,0.4343702075405977,0.18136593506838775,0.3911118181670815,0.017152343038736795,0.3699262870234209,0.16201933132340468,0.3911118181670815,0.017152343038736795,1.0611857453267095,0.1570536566131654,0.6406986274061299,0.10884951186210202,0.43385928898485765,0.024605058404440466,0.6283878373911284,0.009174541650231207,0.4254732768099136,0.16931321854831763,0.24502567133162248,0.061400058293653165,0.3050838419117108,0.09502450834397337
xgboost,airport_aware,"{""model__colsample_bytree"": 0.8, ""model__learning_rate"": 0.03, ""model__max_depth"": 3, ""model__min_child_weight"": 1, ""model__n_estimators"": 300, ""model__reg_lambda"": 5.0, ""model__subsample"": 1.0, ""sample_weight_mode"": ""none""}",0.3125957722795105,0.0834680135686405,0.43727858731553537,0.15622568505788667,0.39049383100714224,0.0175762482475339,0.3695582278595628,0.16141403136732724,0.39049383100714224,0.0175762482475339,1.0607009785524033,0.15699394692578977,0.6404032133633534,0.10887641975206477,0.4348141236521208,0.02506226684657069,0.6289600523721215,0.008463879240060966,0.42633507822217565,0.1722771074558919,0.2399824566702448,0.062245360010821156,0.3009978219856365,0.09565645162848856
xgboost,airport_aware,"{""model__colsample_bytree"": 0.8, ""model__learning_rate"": 0.03, ""model__max_depth"": 3, ""model__min_child_weight"": 5, ""model__n_estimators"": 300, ""model__reg_lambda"": 5.0, ""model__subsample"": 1.0, ""sample_weight_mode"": ""none""}",0.3123417166551067,0.08323857303188582,0.44883550434435737,0.1662862328934547,0.38926298606766896,0.018138305153991993,0.368843650801247,0.16066693323391637,0.38926298606766896,0.018138305153991993,1.061231230976293,0.15743780610129007,0.640686141196823,0.1089327440107624,0.43437969857747244,0.025675858899254254,0.6290610504206906,0.008334211863764424,0.42834758136936707,0.17391141118623624,0.24050274941124505,0.0619955044462242,0.30192893811617,0.09593377413501514
